extraction_id,document_id,application_id,field_name,extracted_value,page,extraction_confidence
APP-000001-DOC-01-EX-01,APP-000001-DOC-01,APP-000001,application_id,APP-000001,1,0.98
APP-000001-DOC-01-EX-02,APP-000001-DOC-01,APP-000001,loan_purpose,purchase,1,0.98
APP-000001-DOC-01-EX-03,APP-000001-DOC-01,APP-000001,requested_loan_amount,320000.00,1,0.98
APP-000001-DOC-01-EX-04,APP-000001-DOC-01,APP-000001,occupancy_type,primary_residence,1,0.98
APP-000001-DOC-01-EX-05,APP-000001-DOC-01,APP-000001,declared_monthly_income,8325.00,1,0.98
APP-000001-DOC-02-EX-01,APP-000001-DOC-02,APP-000001,identity_verification_status,VERIFIED,1,0.98
APP-000001-DOC-02-EX-02,APP-000001-DOC-02,APP-000001,verified_name,Emeka Pemberton,1,0.98
APP-000001-DOC-02-EX-03,APP-000001-DOC-02,APP-000001,verified_date_of_birth,1977-02-06,1,0.98
APP-000001-DOC-03-EX-01,APP-000001-DOC-03,APP-000001,score_1,733,1,0.98
APP-000001-DOC-03-EX-02,APP-000001-DOC-03,APP-000001,score_2,742,1,0.98
APP-000001-DOC-03-EX-03,APP-000001-DOC-03,APP-000001,score_3,750,1,0.98
APP-000001-DOC-03-EX-04,APP-000001-DOC-03,APP-000001,report_date,2026-07-22,1,0.98
APP-000001-DOC-03-EX-05,APP-000001-DOC-03,APP-000001,recent_inquiries_90d,1,1,0.98
APP-000001-DOC-04-EX-01,APP-000001-DOC-04,APP-000001,employer_name,Sable Ridge Software,1,0.98
APP-000001-DOC-04-EX-02,APP-000001-DOC-04,APP-000001,pay_period_end,2026-08-01,1,0.98
APP-000001-DOC-04-EX-03,APP-000001-DOC-04,APP-000001,gross_per_period,3842.31,1,0.98
APP-000001-DOC-04-EX-04,APP-000001-DOC-04,APP-000001,ytd_gross,57634.65,1,0.98
APP-000001-DOC-04-EX-05,APP-000001-DOC-04,APP-000001,pay_frequency,bi_weekly,1,0.98
APP-000001-DOC-05-EX-01,APP-000001-DOC-05,APP-000001,tax_year,2025,1,0.98
APP-000001-DOC-05-EX-02,APP-000001-DOC-05,APP-000001,employer_name,Sable Ridge Software,1,0.98
APP-000001-DOC-05-EX-03,APP-000001-DOC-05,APP-000001,annual_wages,96403.50,1,0.98
APP-000001-DOC-06-EX-01,APP-000001-DOC-06,APP-000001,employer_name,Sable Ridge Software,1,0.98
APP-000001-DOC-06-EX-02,APP-000001-DOC-06,APP-000001,employment_start_date,2022-02-12,1,0.98
APP-000001-DOC-06-EX-03,APP-000001-DOC-06,APP-000001,employment_status,Current,1,0.98
APP-000001-DOC-06-EX-04,APP-000001-DOC-06,APP-000001,position,Systems Analyst,1,0.98
APP-000001-DOC-07-EX-01,APP-000001-DOC-07,APP-000001,institution,Cascade Mutual Credit Union,1,0.98
APP-000001-DOC-07-EX-02,APP-000001-DOC-07,APP-000001,account_masked,******0001,1,0.98
APP-000001-DOC-07-EX-03,APP-000001-DOC-07,APP-000001,closing_balance,31138.25,1,0.98
APP-000001-DOC-07-EX-04,APP-000001-DOC-07,APP-000001,statement_period_end,2026-08-03,1,0.98
APP-000001-DOC-08-EX-01,APP-000001-DOC-08,APP-000001,institution,Cascade Mutual Credit Union,1,0.98
APP-000001-DOC-08-EX-02,APP-000001-DOC-08,APP-000001,account_masked,******0002,1,0.98
APP-000001-DOC-08-EX-03,APP-000001-DOC-08,APP-000001,closing_balance,57828.19,1,0.98
APP-000001-DOC-08-EX-04,APP-000001-DOC-08,APP-000001,statement_period_end,2026-08-03,1,0.98
APP-000001-DOC-09-EX-01,APP-000001-DOC-09,APP-000001,verified_balance,7544.66,1,0.98
APP-000001-DOC-09-EX-02,APP-000001-DOC-09,APP-000001,asset_type,brokerage,1,0.98
APP-000001-DOC-10-EX-01,APP-000001-DOC-10,APP-000001,verified_balance,8047.63,1,0.98
APP-000001-DOC-10-EX-02,APP-000001-DOC-10,APP-000001,asset_type,retirement,1,0.98
APP-000001-DOC-11-EX-01,APP-000001-DOC-11,APP-000001,purchase_price,400000.00,1,0.98
APP-000001-DOC-11-EX-02,APP-000001-DOC-11,APP-000001,contract_date,2026-07-17,1,0.98
APP-000001-DOC-11-EX-03,APP-000001-DOC-11,APP-000001,earnest_money,4000.00,1,0.98
APP-000001-DOC-11-EX-04,APP-000001-DOC-11,APP-000001,seller_credits,8000.00,1,0.98
APP-000001-DOC-12-EX-01,APP-000001-DOC-12,APP-000001,appraised_value,408000.00,1,0.98
APP-000001-DOC-12-EX-02,APP-000001-DOC-12,APP-000001,effective_date,2026-07-19,1,0.98
APP-000001-DOC-12-EX-03,APP-000001-DOC-12,APP-000001,condition_rating,C3,1,0.98
APP-000001-DOC-13-EX-01,APP-000001-DOC-13,APP-000001,lien_position,1,1,0.98
APP-000001-DOC-13-EX-02,APP-000001-DOC-13,APP-000001,exception_count,1,1,0.98
APP-000001-DOC-14-EX-01,APP-000001-DOC-14,APP-000001,coverage_amount,320000.00,1,0.98
APP-000001-DOC-14-EX-02,APP-000001-DOC-14,APP-000001,annual_premium,1400.04,1,0.98
APP-000001-DOC-14-EX-03,APP-000001-DOC-14,APP-000001,effective_date,2026-09-02,1,0.98
APP-000002-DOC-01-EX-01,APP-000002-DOC-01,APP-000002,application_id,APP-000002,1,0.98
APP-000002-DOC-01-EX-02,APP-000002-DOC-01,APP-000002,loan_purpose,purchase,1,0.98
APP-000002-DOC-01-EX-03,APP-000002-DOC-01,APP-000002,requested_loan_amount,328000.00,1,0.98
APP-000002-DOC-01-EX-04,APP-000002-DOC-01,APP-000002,occupancy_type,primary_residence,1,0.98
APP-000002-DOC-01-EX-05,APP-000002-DOC-01,APP-000002,declared_monthly_income,9466.67,1,0.98
APP-000002-DOC-02-EX-01,APP-000002-DOC-02,APP-000002,identity_verification_status,VERIFIED,1,0.98
APP-000002-DOC-02-EX-02,APP-000002-DOC-02,APP-000002,verified_name,Priya Lindqvist,1,0.98
APP-000002-DOC-02-EX-03,APP-000002-DOC-02,APP-000002,verified_date_of_birth,1963-12-14,1,0.98
APP-000002-DOC-03-EX-01,APP-000002-DOC-03,APP-000002,score_1,728,1,0.98
APP-000002-DOC-03-EX-02,APP-000002-DOC-03,APP-000002,score_2,742,1,0.98
APP-000002-DOC-03-EX-03,APP-000002-DOC-03,APP-000002,score_3,750,1,0.98
APP-000002-DOC-03-EX-04,APP-000002-DOC-03,APP-000002,report_date,2026-07-22,1,0.98
APP-000002-DOC-03-EX-05,APP-000002-DOC-03,APP-000002,recent_inquiries_90d,1,1,0.98
APP-000002-DOC-04-EX-01,APP-000002-DOC-04,APP-000002,employer_name,Aldermill Retail Group,1,0.98
APP-000002-DOC-04-EX-02,APP-000002-DOC-04,APP-000002,pay_period_end,2026-08-01,1,0.98
APP-000002-DOC-04-EX-03,APP-000002-DOC-04,APP-000002,gross_per_period,4369.23,1,0.98
APP-000002-DOC-04-EX-04,APP-000002-DOC-04,APP-000002,ytd_gross,65538.45,1,0.98
APP-000002-DOC-04-EX-05,APP-000002-DOC-04,APP-000002,pay_frequency,bi_weekly,1,0.98
APP-000002-DOC-05-EX-01,APP-000002-DOC-05,APP-000002,tax_year,2025,1,0.98
APP-000002-DOC-05-EX-02,APP-000002-DOC-05,APP-000002,employer_name,Aldermill Retail Group,1,0.98
APP-000002-DOC-05-EX-03,APP-000002-DOC-05,APP-000002,annual_wages,109624.04,1,0.98
APP-000002-DOC-06-EX-01,APP-000002-DOC-06,APP-000002,employer_name,Aldermill Retail Group,1,0.98
APP-000002-DOC-06-EX-02,APP-000002-DOC-06,APP-000002,employment_start_date,2022-02-12,1,0.98
APP-000002-DOC-06-EX-03,APP-000002-DOC-06,APP-000002,employment_status,Current,1,0.98
APP-000002-DOC-06-EX-04,APP-000002-DOC-06,APP-000002,position,Store Manager,1,0.98
APP-000002-DOC-07-EX-01,APP-000002-DOC-07,APP-000002,institution,Sablefield Trust,1,0.98
APP-000002-DOC-07-EX-02,APP-000002-DOC-07,APP-000002,account_masked,******0005,1,0.98
APP-000002-DOC-07-EX-03,APP-000002-DOC-07,APP-000002,closing_balance,32751.78,1,0.98
APP-000002-DOC-07-EX-04,APP-000002-DOC-07,APP-000002,statement_period_end,2026-08-03,1,0.98
APP-000002-DOC-08-EX-01,APP-000002-DOC-08,APP-000002,institution,Sablefield Trust,1,0.98
APP-000002-DOC-08-EX-02,APP-000002-DOC-08,APP-000002,account_masked,******0006,1,0.98
APP-000002-DOC-08-EX-03,APP-000002-DOC-08,APP-000002,closing_balance,60824.73,1,0.98
APP-000002-DOC-08-EX-04,APP-000002-DOC-08,APP-000002,statement_period_end,2026-08-03,1,0.98
APP-000002-DOC-09-EX-01,APP-000002-DOC-09,APP-000002,verified_balance,3669.86,1,0.98
APP-000002-DOC-09-EX-02,APP-000002-DOC-09,APP-000002,asset_type,brokerage,1,0.98
APP-000002-DOC-10-EX-01,APP-000002-DOC-10,APP-000002,verified_balance,3914.52,1,0.98
APP-000002-DOC-10-EX-02,APP-000002-DOC-10,APP-000002,asset_type,retirement,1,0.98
APP-000002-DOC-11-EX-01,APP-000002-DOC-11,APP-000002,purchase_price,410000.00,1,0.98
APP-000002-DOC-11-EX-02,APP-000002-DOC-11,APP-000002,contract_date,2026-07-17,1,0.98
APP-000002-DOC-11-EX-03,APP-000002-DOC-11,APP-000002,earnest_money,4100.00,1,0.98
APP-000002-DOC-11-EX-04,APP-000002-DOC-11,APP-000002,seller_credits,0,1,0.98
APP-000002-DOC-12-EX-01,APP-000002-DOC-12,APP-000002,appraised_value,418200.00,1,0.98
APP-000002-DOC-12-EX-02,APP-000002-DOC-12,APP-000002,effective_date,2026-07-19,1,0.98
APP-000002-DOC-12-EX-03,APP-000002-DOC-12,APP-000002,condition_rating,C3,1,0.98
APP-000002-DOC-13-EX-01,APP-000002-DOC-13,APP-000002,lien_position,1,1,0.98
APP-000002-DOC-13-EX-02,APP-000002-DOC-13,APP-000002,exception_count,1,1,0.98
APP-000002-DOC-14-EX-01,APP-000002-DOC-14,APP-000002,coverage_amount,328000.00,1,0.98
APP-000002-DOC-14-EX-02,APP-000002-DOC-14,APP-000002,annual_premium,1434.96,1,0.98
APP-000002-DOC-14-EX-03,APP-000002-DOC-14,APP-000002,effective_date,2026-09-02,1,0.98
APP-000003-DOC-01-EX-01,APP-000003-DOC-01,APP-000003,application_id,APP-000003,1,0.98
APP-000003-DOC-01-EX-02,APP-000003-DOC-01,APP-000003,loan_purpose,purchase,1,0.98
APP-000003-DOC-01-EX-03,APP-000003-DOC-01,APP-000003,requested_loan_amount,432000.00,1,0.98
APP-000003-DOC-01-EX-04,APP-000003-DOC-01,APP-000003,occupancy_type,primary_residence,1,0.98
APP-000003-DOC-01-EX-05,APP-000003-DOC-01,APP-000003,declared_monthly_income,11241.67,1,0.98
APP-000003-DOC-02-EX-01,APP-000003-DOC-02,APP-000003,identity_verification_status,VERIFIED,1,0.98
APP-000003-DOC-02-EX-02,APP-000003-DOC-02,APP-000003,verified_name,Ingrid Vasquez,1,0.98
APP-000003-DOC-02-EX-03,APP-000003-DOC-02,APP-000003,verified_date_of_birth,1973-07-19,1,0.98
APP-000003-DOC-03-EX-01,APP-000003-DOC-03,APP-000003,score_1,587,1,0.98
APP-000003-DOC-03-EX-02,APP-000003-DOC-03,APP-000003,score_2,598,1,0.98
APP-000003-DOC-03-EX-03,APP-000003-DOC-03,APP-000003,score_3,608,1,0.98
APP-000003-DOC-03-EX-04,APP-000003-DOC-03,APP-000003,report_date,2026-07-22,1,0.98
APP-000003-DOC-03-EX-05,APP-000003-DOC-03,APP-000003,recent_inquiries_90d,1,1,0.98
APP-000003-DOC-04-EX-01,APP-000003-DOC-04,APP-000003,employer_name,Pinewater Utilities District,1,0.98
APP-000003-DOC-04-EX-02,APP-000003-DOC-04,APP-000003,pay_period_end,2026-08-01,1,0.98
APP-000003-DOC-04-EX-03,APP-000003-DOC-04,APP-000003,gross_per_period,5188.46,1,0.98
APP-000003-DOC-04-EX-04,APP-000003-DOC-04,APP-000003,ytd_gross,77826.90,1,0.98
APP-000003-DOC-04-EX-05,APP-000003-DOC-04,APP-000003,pay_frequency,bi_weekly,1,0.98
APP-000003-DOC-05-EX-01,APP-000003-DOC-05,APP-000003,tax_year,2025,1,0.98
APP-000003-DOC-05-EX-02,APP-000003-DOC-05,APP-000003,employer_name,Pinewater Utilities District,1,0.98
APP-000003-DOC-05-EX-03,APP-000003-DOC-05,APP-000003,annual_wages,130178.54,1,0.98
APP-000003-DOC-06-EX-01,APP-000003-DOC-06,APP-000003,employer_name,Pinewater Utilities District,1,0.98
APP-000003-DOC-06-EX-02,APP-000003-DOC-06,APP-000003,employment_start_date,2022-02-12,1,0.98
APP-000003-DOC-06-EX-03,APP-000003-DOC-06,APP-000003,employment_status,Current,1,0.98
APP-000003-DOC-06-EX-04,APP-000003-DOC-06,APP-000003,position,Grid Technician,1,0.98
APP-000003-DOC-07-EX-01,APP-000003-DOC-07,APP-000003,institution,Cascade Mutual Credit Union,1,0.98
APP-000003-DOC-07-EX-02,APP-000003-DOC-07,APP-000003,account_masked,******0009,1,0.98
APP-000003-DOC-07-EX-03,APP-000003-DOC-07,APP-000003,closing_balance,40555.19,1,0.98
APP-000003-DOC-07-EX-04,APP-000003-DOC-07,APP-000003,statement_period_end,2026-08-03,1,0.98
APP-000003-DOC-08-EX-01,APP-000003-DOC-08,APP-000003,institution,Cascade Mutual Credit Union,1,0.98
APP-000003-DOC-08-EX-02,APP-000003-DOC-08,APP-000003,account_masked,******0010,1,0.98
APP-000003-DOC-08-EX-03,APP-000003-DOC-08,APP-000003,closing_balance,75316.79,1,0.98
APP-000003-DOC-08-EX-04,APP-000003-DOC-08,APP-000003,statement_period_end,2026-08-03,1,0.98
APP-000003-DOC-09-EX-01,APP-000003-DOC-09,APP-000003,verified_balance,8148.23,1,0.98
APP-000003-DOC-09-EX-02,APP-000003-DOC-09,APP-000003,asset_type,brokerage,1,0.98
APP-000003-DOC-10-EX-01,APP-000003-DOC-10,APP-000003,verified_balance,8691.43,1,0.98
APP-000003-DOC-10-EX-02,APP-000003-DOC-10,APP-000003,asset_type,retirement,1,0.98
APP-000003-DOC-11-EX-01,APP-000003-DOC-11,APP-000003,purchase_price,540000.00,1,0.98
APP-000003-DOC-11-EX-02,APP-000003-DOC-11,APP-000003,contract_date,2026-07-17,1,0.98
APP-000003-DOC-11-EX-03,APP-000003-DOC-11,APP-000003,earnest_money,5400.00,1,0.98
APP-000003-DOC-11-EX-04,APP-000003-DOC-11,APP-000003,seller_credits,10800.00,1,0.98
APP-000003-DOC-12-EX-01,APP-000003-DOC-12,APP-000003,appraised_value,550800.00,1,0.98
APP-000003-DOC-12-EX-02,APP-000003-DOC-12,APP-000003,effective_date,2026-07-19,1,0.98
APP-000003-DOC-12-EX-03,APP-000003-DOC-12,APP-000003,condition_rating,C3,1,0.98
APP-000003-DOC-13-EX-01,APP-000003-DOC-13,APP-000003,lien_position,1,1,0.98
APP-000003-DOC-13-EX-02,APP-000003-DOC-13,APP-000003,exception_count,1,1,0.98
APP-000003-DOC-14-EX-01,APP-000003-DOC-14,APP-000003,coverage_amount,432000.00,1,0.98
APP-000003-DOC-14-EX-02,APP-000003-DOC-14,APP-000003,annual_premium,1890.00,1,0.98
APP-000003-DOC-14-EX-03,APP-000003-DOC-14,APP-000003,effective_date,2026-09-02,1,0.98
APP-000004-DOC-01-EX-01,APP-000004-DOC-01,APP-000004,application_id,APP-000004,1,0.98
APP-000004-DOC-01-EX-02,APP-000004-DOC-01,APP-000004,loan_purpose,purchase,1,0.98
APP-000004-DOC-01-EX-03,APP-000004-DOC-01,APP-000004,requested_loan_amount,304000.00,1,0.98
APP-000004-DOC-01-EX-04,APP-000004-DOC-01,APP-000004,occupancy_type,primary_residence,1,0.98
APP-000004-DOC-01-EX-05,APP-000004-DOC-01,APP-000004,declared_monthly_income,7900.00,1,0.98
APP-000004-DOC-02-EX-01,APP-000004-DOC-02,APP-000004,identity_verification_status,VERIFIED,1,0.98
APP-000004-DOC-02-EX-02,APP-000004-DOC-02,APP-000004,verified_name,Bianca Kirilenko,1,0.98
APP-000004-DOC-02-EX-03,APP-000004-DOC-02,APP-000004,verified_date_of_birth,1976-12-12,1,0.98
APP-000004-DOC-03-EX-01,APP-000004-DOC-03,APP-000004,score_1,734,1,0.98
APP-000004-DOC-03-EX-02,APP-000004-DOC-03,APP-000004,score_2,742,1,0.98
APP-000004-DOC-03-EX-03,APP-000004-DOC-03,APP-000004,score_3,746,1,0.98
APP-000004-DOC-03-EX-04,APP-000004-DOC-03,APP-000004,report_date,2026-07-22,1,0.98
APP-000004-DOC-03-EX-05,APP-000004-DOC-03,APP-000004,recent_inquiries_90d,1,1,0.98
APP-000004-DOC-04-EX-01,APP-000004-DOC-04,APP-000004,employer_name,Meridian Civic Health,1,0.98
APP-000004-DOC-04-EX-02,APP-000004-DOC-04,APP-000004,pay_period_end,2026-08-01,1,0.98
APP-000004-DOC-04-EX-03,APP-000004-DOC-04,APP-000004,gross_per_period,3646.15,1,0.98
APP-000004-DOC-04-EX-04,APP-000004-DOC-04,APP-000004,ytd_gross,54692.25,1,0.98
APP-000004-DOC-04-EX-05,APP-000004-DOC-04,APP-000004,pay_frequency,bi_weekly,1,0.98
APP-000004-DOC-05-EX-01,APP-000004-DOC-05,APP-000004,tax_year,2025,1,0.98
APP-000004-DOC-05-EX-02,APP-000004-DOC-05,APP-000004,employer_name,Meridian Civic Health,1,0.98
APP-000004-DOC-05-EX-03,APP-000004-DOC-05,APP-000004,annual_wages,91482.00,1,0.98
APP-000004-DOC-06-EX-01,APP-000004-DOC-06,APP-000004,employer_name,Meridian Civic Health,1,0.98
APP-000004-DOC-06-EX-02,APP-000004-DOC-06,APP-000004,employment_start_date,2022-02-12,1,0.98
APP-000004-DOC-06-EX-03,APP-000004-DOC-06,APP-000004,employment_status,Current,1,0.98
APP-000004-DOC-06-EX-04,APP-000004-DOC-06,APP-000004,position,Clinical Technologist,1,0.98
APP-000004-DOC-07-EX-01,APP-000004-DOC-07,APP-000004,institution,Cascade Mutual Credit Union,1,0.98
APP-000004-DOC-07-EX-02,APP-000004-DOC-07,APP-000004,account_masked,******0013,1,0.98
APP-000004-DOC-07-EX-03,APP-000004-DOC-07,APP-000004,closing_balance,26646.81,1,0.98
APP-000004-DOC-07-EX-04,APP-000004-DOC-07,APP-000004,statement_period_end,2026-08-03,1,0.98
APP-000004-DOC-08-EX-01,APP-000004-DOC-08,APP-000004,institution,Cascade Mutual Credit Union,1,0.98
APP-000004-DOC-08-EX-02,APP-000004-DOC-08,APP-000004,account_masked,******0014,1,0.98
APP-000004-DOC-08-EX-03,APP-000004-DOC-08,APP-000004,closing_balance,49486.94,1,0.98
APP-000004-DOC-08-EX-04,APP-000004-DOC-08,APP-000004,statement_period_end,2026-08-03,1,0.98
APP-000004-DOC-09-EX-01,APP-000004-DOC-09,APP-000004,verified_balance,2221.48,1,0.98
APP-000004-DOC-09-EX-02,APP-000004-DOC-09,APP-000004,asset_type,brokerage,1,0.98
APP-000004-DOC-10-EX-01,APP-000004-DOC-10,APP-000004,verified_balance,2369.57,1,0.98
APP-000004-DOC-10-EX-02,APP-000004-DOC-10,APP-000004,asset_type,retirement,1,0.98
APP-000004-DOC-11-EX-01,APP-000004-DOC-11,APP-000004,purchase_price,380000.00,1,0.98
APP-000004-DOC-11-EX-02,APP-000004-DOC-11,APP-000004,contract_date,2026-07-17,1,0.98
APP-000004-DOC-11-EX-03,APP-000004-DOC-11,APP-000004,earnest_money,3800.00,1,0.98
APP-000004-DOC-11-EX-04,APP-000004-DOC-11,APP-000004,seller_credits,7600.00,1,0.98
APP-000004-DOC-12-EX-01,APP-000004-DOC-12,APP-000004,appraised_value,387600.00,1,0.98
APP-000004-DOC-12-EX-02,APP-000004-DOC-12,APP-000004,effective_date,2026-07-19,1,0.98
APP-000004-DOC-12-EX-03,APP-000004-DOC-12,APP-000004,condition_rating,C3,1,0.98
APP-000004-DOC-13-EX-01,APP-000004-DOC-13,APP-000004,lien_position,1,1,0.98
APP-000004-DOC-13-EX-02,APP-000004-DOC-13,APP-000004,exception_count,1,1,0.98
APP-000004-DOC-14-EX-01,APP-000004-DOC-14,APP-000004,coverage_amount,304000.00,1,0.98
APP-000004-DOC-14-EX-02,APP-000004-DOC-14,APP-000004,annual_premium,1329.96,1,0.98
APP-000004-DOC-14-EX-03,APP-000004-DOC-14,APP-000004,effective_date,2026-09-02,1,0.98
APP-000005-DOC-01-EX-01,APP-000005-DOC-01,APP-000005,application_id,APP-000005,1,0.98
APP-000005-DOC-01-EX-02,APP-000005-DOC-01,APP-000005,loan_purpose,purchase,1,0.98
APP-000005-DOC-01-EX-03,APP-000005-DOC-01,APP-000005,requested_loan_amount,485000.00,1,0.98
APP-000005-DOC-01-EX-04,APP-000005-DOC-01,APP-000005,occupancy_type,primary_residence,1,0.98
APP-000005-DOC-01-EX-05,APP-000005-DOC-01,APP-000005,declared_monthly_income,13341.67,1,0.98
APP-000005-DOC-02-EX-01,APP-000005-DOC-02,APP-000005,identity_verification_status,VERIFIED,1,0.98
APP-000005-DOC-02-EX-02,APP-000005-DOC-02,APP-000005,verified_name,Talia Okafor,1,0.98
APP-000005-DOC-02-EX-03,APP-000005-DOC-02,APP-000005,verified_date_of_birth,1960-02-11,1,0.98
APP-000005-DOC-03-EX-01,APP-000005-DOC-03,APP-000005,score_1,683,1,0.98
APP-000005-DOC-03-EX-02,APP-000005-DOC-03,APP-000005,score_2,688,1,0.98
APP-000005-DOC-03-EX-03,APP-000005-DOC-03,APP-000005,score_3,695,1,0.98
APP-000005-DOC-03-EX-04,APP-000005-DOC-03,APP-000005,report_date,2026-07-22,1,0.98
APP-000005-DOC-03-EX-05,APP-000005-DOC-03,APP-000005,recent_inquiries_90d,1,1,0.98
APP-000005-DOC-04-EX-01,APP-000005-DOC-04,APP-000005,employer_name,Orchard Point Hospitality,1,0.98
APP-000005-DOC-04-EX-02,APP-000005-DOC-04,APP-000005,pay_period_end,2026-08-01,1,0.98
APP-000005-DOC-04-EX-03,APP-000005-DOC-04,APP-000005,gross_per_period,3571.46,1,0.98
APP-000005-DOC-04-EX-04,APP-000005-DOC-04,APP-000005,ytd_gross,53571.90,1,0.98
APP-000005-DOC-04-EX-05,APP-000005-DOC-04,APP-000005,pay_frequency,bi_weekly,1,0.98
APP-000005-DOC-05-EX-01,APP-000005-DOC-05,APP-000005,tax_year,2025,1,0.98
APP-000005-DOC-05-EX-02,APP-000005-DOC-05,APP-000005,employer_name,Orchard Point Hospitality,1,0.98
APP-000005-DOC-05-EX-03,APP-000005-DOC-05,APP-000005,annual_wages,89608.01,1,0.98
APP-000005-DOC-06-EX-01,APP-000005-DOC-06,APP-000005,employer_name,Orchard Point Hospitality,1,0.98
APP-000005-DOC-06-EX-02,APP-000005-DOC-06,APP-000005,employment_start_date,2022-02-12,1,0.98
APP-000005-DOC-06-EX-03,APP-000005-DOC-06,APP-000005,employment_status,Current,1,0.98
APP-000005-DOC-06-EX-04,APP-000005-DOC-06,APP-000005,position,Events Director,1,0.98
APP-000005-DOC-07-EX-01,APP-000005-DOC-07,APP-000005,employer_name,Harborline Logistics,1,0.98
APP-000005-DOC-07-EX-02,APP-000005-DOC-07,APP-000005,pay_period_end,2026-08-01,1,0.98
APP-000005-DOC-07-EX-03,APP-000005-DOC-07,APP-000005,gross_per_period,2586.23,1,0.98
APP-000005-DOC-07-EX-04,APP-000005-DOC-07,APP-000005,ytd_gross,38793.45,1,0.98
APP-000005-DOC-07-EX-05,APP-000005-DOC-07,APP-000005,pay_frequency,bi_weekly,1,0.98
APP-000005-DOC-08-EX-01,APP-000005-DOC-08,APP-000005,tax_year,2025,1,0.98
APP-000005-DOC-08-EX-02,APP-000005-DOC-08,APP-000005,employer_name,Harborline Logistics,1,0.98
APP-000005-DOC-08-EX-03,APP-000005-DOC-08,APP-000005,annual_wages,64888.53,1,0.98
APP-000005-DOC-09-EX-01,APP-000005-DOC-09,APP-000005,employer_name,Harborline Logistics,1,0.98
APP-000005-DOC-09-EX-02,APP-000005-DOC-09,APP-000005,employment_start_date,2022-09-12,1,0.98
APP-000005-DOC-09-EX-03,APP-000005-DOC-09,APP-000005,employment_status,Current,1,0.98
APP-000005-DOC-09-EX-04,APP-000005-DOC-09,APP-000005,position,Warehouse Planner,1,0.98
APP-000005-DOC-10-EX-01,APP-000005-DOC-10,APP-000005,institution,Cascade Mutual Credit Union,1,0.98
APP-000005-DOC-10-EX-02,APP-000005-DOC-10,APP-000005,account_masked,******0017,1,0.98
APP-000005-DOC-10-EX-03,APP-000005-DOC-10,APP-000005,closing_balance,10054.70,1,0.98
APP-000005-DOC-10-EX-04,APP-000005-DOC-10,APP-000005,statement_period_end,2026-08-03,1,0.98
APP-000005-DOC-11-EX-01,APP-000005-DOC-11,APP-000005,institution,Cascade Mutual Credit Union,1,0.98
APP-000005-DOC-11-EX-02,APP-000005-DOC-11,APP-000005,account_masked,******0018,1,0.98
APP-000005-DOC-11-EX-03,APP-000005-DOC-11,APP-000005,closing_balance,18673.01,1,0.98
APP-000005-DOC-11-EX-04,APP-000005-DOC-11,APP-000005,statement_period_end,2026-08-03,1,0.98
APP-000005-DOC-12-EX-01,APP-000005-DOC-12,APP-000005,verified_balance,4835.56,1,0.98
APP-000005-DOC-12-EX-02,APP-000005-DOC-12,APP-000005,asset_type,brokerage,1,0.98
APP-000005-DOC-13-EX-01,APP-000005-DOC-13,APP-000005,verified_balance,5157.93,1,0.98
APP-000005-DOC-13-EX-02,APP-000005-DOC-13,APP-000005,asset_type,retirement,1,0.98
APP-000005-DOC-14-EX-01,APP-000005-DOC-14,APP-000005,purchase_price,500000.00,1,0.98
APP-000005-DOC-14-EX-02,APP-000005-DOC-14,APP-000005,contract_date,2026-07-17,1,0.98
APP-000005-DOC-14-EX-03,APP-000005-DOC-14,APP-000005,earnest_money,5000.00,1,0.98
APP-000005-DOC-14-EX-04,APP-000005-DOC-14,APP-000005,seller_credits,0,1,0.98
APP-000005-DOC-15-EX-01,APP-000005-DOC-15,APP-000005,appraised_value,510000.00,1,0.98
APP-000005-DOC-15-EX-02,APP-000005-DOC-15,APP-000005,effective_date,2026-07-19,1,0.98
APP-000005-DOC-15-EX-03,APP-000005-DOC-15,APP-000005,condition_rating,C3,1,0.98
APP-000005-DOC-16-EX-01,APP-000005-DOC-16,APP-000005,lien_position,1,1,0.98
APP-000005-DOC-16-EX-02,APP-000005-DOC-16,APP-000005,exception_count,1,1,0.98
APP-000005-DOC-17-EX-01,APP-000005-DOC-17,APP-000005,coverage_amount,485000.00,1,0.98
APP-000005-DOC-17-EX-02,APP-000005-DOC-17,APP-000005,annual_premium,1749.96,1,0.98
APP-000005-DOC-17-EX-03,APP-000005-DOC-17,APP-000005,effective_date,2026-09-02,1,0.98
APP-000006-DOC-01-EX-01,APP-000006-DOC-01,APP-000006,application_id,APP-000006,1,0.98
APP-000006-DOC-01-EX-02,APP-000006-DOC-01,APP-000006,loan_purpose,purchase,1,0.98
APP-000006-DOC-01-EX-03,APP-000006-DOC-01,APP-000006,requested_loan_amount,312000.00,1,0.98
APP-000006-DOC-01-EX-04,APP-000006-DOC-01,APP-000006,occupancy_type,primary_residence,1,0.98
APP-000006-DOC-01-EX-05,APP-000006-DOC-01,APP-000006,declared_monthly_income,9025.00,1,0.98
APP-000006-DOC-02-EX-01,APP-000006-DOC-02,APP-000006,identity_verification_status,VERIFIED,1,0.98
APP-000006-DOC-02-EX-02,APP-000006-DOC-02,APP-000006,verified_name,Emeka Underhill,1,0.98
APP-000006-DOC-02-EX-03,APP-000006-DOC-02,APP-000006,verified_date_of_birth,1999-10-20,1,0.98
APP-000006-DOC-03-EX-01,APP-000006-DOC-03,APP-000006,score_1,735,1,0.98
APP-000006-DOC-03-EX-02,APP-000006-DOC-03,APP-000006,score_2,742,1,0.98
APP-000006-DOC-03-EX-03,APP-000006-DOC-03,APP-000006,score_3,753,1,0.98
APP-000006-DOC-03-EX-04,APP-000006-DOC-03,APP-000006,report_date,2026-07-22,1,0.98
APP-000006-DOC-03-EX-05,APP-000006-DOC-03,APP-000006,recent_inquiries_90d,1,1,0.98
APP-000006-DOC-04-EX-01,APP-000006-DOC-04,APP-000006,employer_name,Pinewater Utilities District,1,0.98
APP-000006-DOC-04-EX-02,APP-000006-DOC-04,APP-000006,pay_period_end,2026-08-01,1,0.98
APP-000006-DOC-04-EX-03,APP-000006-DOC-04,APP-000006,gross_per_period,4165.38,1,0.98
APP-000006-DOC-04-EX-04,APP-000006-DOC-04,APP-000006,ytd_gross,62480.70,1,0.98
APP-000006-DOC-04-EX-05,APP-000006-DOC-04,APP-000006,pay_frequency,bi_weekly,1,0.98
APP-000006-DOC-05-EX-01,APP-000006-DOC-05,APP-000006,tax_year,2025,1,0.98
APP-000006-DOC-05-EX-02,APP-000006-DOC-05,APP-000006,employer_name,Pinewater Utilities District,1,0.98
APP-000006-DOC-05-EX-03,APP-000006-DOC-05,APP-000006,annual_wages,104509.50,1,0.98
APP-000006-DOC-06-EX-01,APP-000006-DOC-06,APP-000006,employer_name,Pinewater Utilities District,1,0.98
APP-000006-DOC-06-EX-02,APP-000006-DOC-06,APP-000006,employment_start_date,2022-02-12,1,0.98
APP-000006-DOC-06-EX-03,APP-000006-DOC-06,APP-000006,employment_status,Current,1,0.98
APP-000006-DOC-06-EX-04,APP-000006-DOC-06,APP-000006,position,Grid Technician,1,0.98
APP-000006-DOC-07-EX-01,APP-000006-DOC-07,APP-000006,institution,Cascade Mutual Credit Union,1,0.98
APP-000006-DOC-07-EX-02,APP-000006-DOC-07,APP-000006,account_masked,******0021,1,0.98
APP-000006-DOC-07-EX-03,APP-000006-DOC-07,APP-000006,closing_balance,20772.78,1,0.98
APP-000006-DOC-07-EX-04,APP-000006-DOC-07,APP-000006,statement_period_end,2026-08-03,1,0.98
APP-000006-DOC-08-EX-01,APP-000006-DOC-08,APP-000006,institution,Cascade Mutual Credit Union,1,0.98
APP-000006-DOC-08-EX-02,APP-000006-DOC-08,APP-000006,account_masked,******0022,1,0.98
APP-000006-DOC-08-EX-03,APP-000006-DOC-08,APP-000006,closing_balance,38578.02,1,0.98
APP-000006-DOC-08-EX-04,APP-000006-DOC-08,APP-000006,statement_period_end,2026-08-03,1,0.98
APP-000006-DOC-09-EX-01,APP-000006-DOC-09,APP-000006,purchase_price,390000.00,1,0.98
APP-000006-DOC-09-EX-02,APP-000006-DOC-09,APP-000006,contract_date,2026-07-17,1,0.98
APP-000006-DOC-09-EX-03,APP-000006-DOC-09,APP-000006,earnest_money,3900.00,1,0.98
APP-000006-DOC-09-EX-04,APP-000006-DOC-09,APP-000006,seller_credits,0,1,0.98
APP-000006-DOC-10-EX-01,APP-000006-DOC-10,APP-000006,appraised_value,397800.00,1,0.98
APP-000006-DOC-10-EX-02,APP-000006-DOC-10,APP-000006,effective_date,2026-07-19,1,0.98
APP-000006-DOC-10-EX-03,APP-000006-DOC-10,APP-000006,condition_rating,C3,1,0.98
APP-000006-DOC-11-EX-01,APP-000006-DOC-11,APP-000006,lien_position,1,1,0.98
APP-000006-DOC-11-EX-02,APP-000006-DOC-11,APP-000006,exception_count,1,1,0.98
APP-000006-DOC-12-EX-01,APP-000006-DOC-12,APP-000006,coverage_amount,312000.00,1,0.98
APP-000006-DOC-12-EX-02,APP-000006-DOC-12,APP-000006,annual_premium,1365.00,1,0.98
APP-000006-DOC-12-EX-03,APP-000006-DOC-12,APP-000006,effective_date,2026-09-02,1,0.98
APP-000007-DOC-01-EX-01,APP-000007-DOC-01,APP-000007,application_id,APP-000007,1,0.98
APP-000007-DOC-01-EX-02,APP-000007-DOC-01,APP-000007,loan_purpose,purchase,1,0.98
APP-000007-DOC-01-EX-03,APP-000007-DOC-01,APP-000007,requested_loan_amount,399000.00,1,0.98
APP-000007-DOC-01-EX-04,APP-000007-DOC-01,APP-000007,occupancy_type,primary_residence,1,0.98
APP-000007-DOC-01-EX-05,APP-000007-DOC-01,APP-000007,declared_monthly_income,11125.00,1,0.98
APP-000007-DOC-02-EX-01,APP-000007-DOC-02,APP-000007,identity_verification_status,VERIFIED,1,0.98
APP-000007-DOC-02-EX-02,APP-000007-DOC-02,APP-000007,verified_name,Marcus Delacroix,1,0.98
APP-000007-DOC-02-EX-03,APP-000007-DOC-02,APP-000007,verified_date_of_birth,1967-01-10,1,0.98
APP-000007-DOC-03-EX-01,APP-000007-DOC-03,APP-000007,score_1,702,1,0.98
APP-000007-DOC-03-EX-02,APP-000007-DOC-03,APP-000007,score_2,706,1,0.98
APP-000007-DOC-03-EX-03,APP-000007-DOC-03,APP-000007,score_3,711,1,0.98
APP-000007-DOC-03-EX-04,APP-000007-DOC-03,APP-000007,report_date,2026-07-22,1,0.98
APP-000007-DOC-03-EX-05,APP-000007-DOC-03,APP-000007,recent_inquiries_90d,1,1,0.98
APP-000007-DOC-04-EX-01,APP-000007-DOC-04,APP-000007,employer_name,Cartwright & Vale Advisory,1,0.98
APP-000007-DOC-04-EX-02,APP-000007-DOC-04,APP-000007,pay_period_end,2026-08-01,1,0.98
APP-000007-DOC-04-EX-03,APP-000007-DOC-04,APP-000007,gross_per_period,5134.62,1,0.98
APP-000007-DOC-04-EX-04,APP-000007-DOC-04,APP-000007,ytd_gross,77019.30,1,0.98
APP-000007-DOC-04-EX-05,APP-000007-DOC-04,APP-000007,pay_frequency,bi_weekly,1,0.98
APP-000007-DOC-05-EX-01,APP-000007-DOC-05,APP-000007,tax_year,2025,1,0.98
APP-000007-DOC-05-EX-02,APP-000007-DOC-05,APP-000007,employer_name,Cartwright & Vale Advisory,1,0.98
APP-000007-DOC-05-EX-03,APP-000007-DOC-05,APP-000007,annual_wages,128827.50,1,0.98
APP-000007-DOC-06-EX-01,APP-000007-DOC-06,APP-000007,employer_name,Cartwright & Vale Advisory,1,0.98
APP-000007-DOC-06-EX-02,APP-000007-DOC-06,APP-000007,employment_start_date,2022-02-12,1,0.98
APP-000007-DOC-06-EX-03,APP-000007-DOC-06,APP-000007,employment_status,Current,1,0.98
APP-000007-DOC-06-EX-04,APP-000007-DOC-06,APP-000007,position,Analyst,1,0.98
APP-000007-DOC-07-EX-01,APP-000007-DOC-07,APP-000007,institution,Harbor Point Savings,1,0.98
APP-000007-DOC-07-EX-02,APP-000007-DOC-07,APP-000007,account_masked,******0023,1,0.98
APP-000007-DOC-07-EX-03,APP-000007-DOC-07,APP-000007,closing_balance,10147.40,1,0.98
APP-000007-DOC-07-EX-04,APP-000007-DOC-07,APP-000007,statement_period_end,2026-08-03,1,0.98
APP-000007-DOC-08-EX-01,APP-000007-DOC-08,APP-000007,institution,Harbor Point Savings,1,0.98
APP-000007-DOC-08-EX-02,APP-000007-DOC-08,APP-000007,account_masked,******0024,1,0.98
APP-000007-DOC-08-EX-03,APP-000007-DOC-08,APP-000007,closing_balance,18845.17,1,0.98
APP-000007-DOC-08-EX-04,APP-000007-DOC-08,APP-000007,statement_period_end,2026-08-03,1,0.98
APP-000007-DOC-09-EX-01,APP-000007-DOC-09,APP-000007,purchase_price,420000.00,1,0.98
APP-000007-DOC-09-EX-02,APP-000007-DOC-09,APP-000007,contract_date,2026-07-17,1,0.98
APP-000007-DOC-09-EX-03,APP-000007-DOC-09,APP-000007,earnest_money,4200.00,1,0.98
APP-000007-DOC-09-EX-04,APP-000007-DOC-09,APP-000007,seller_credits,0,1,0.98
APP-000007-DOC-10-EX-01,APP-000007-DOC-10,APP-000007,appraised_value,428400.00,1,0.98
APP-000007-DOC-10-EX-02,APP-000007-DOC-10,APP-000007,effective_date,2026-07-19,1,0.98
APP-000007-DOC-10-EX-03,APP-000007-DOC-10,APP-000007,condition_rating,C3,1,0.98
APP-000007-DOC-11-EX-01,APP-000007-DOC-11,APP-000007,lien_position,1,1,0.98
APP-000007-DOC-11-EX-02,APP-000007-DOC-11,APP-000007,exception_count,1,1,0.98
APP-000007-DOC-12-EX-01,APP-000007-DOC-12,APP-000007,coverage_amount,399000.00,1,0.98
APP-000007-DOC-12-EX-02,APP-000007-DOC-12,APP-000007,annual_premium,1470.00,1,0.98
APP-000007-DOC-12-EX-03,APP-000007-DOC-12,APP-000007,effective_date,2026-09-02,1,0.98
APP-000007-DOC-13-EX-01,APP-000007-DOC-13,APP-000007,applicant_statement,provided,1,0.98
APP-000007-DOC-14-EX-01,APP-000007-DOC-14,APP-000007,open_condition_count,1,1,0.98
APP-000008-DOC-01-EX-01,APP-000008-DOC-01,APP-000008,application_id,APP-000008,1,0.98
APP-000008-DOC-01-EX-02,APP-000008-DOC-01,APP-000008,loan_purpose,purchase,1,0.98
APP-000008-DOC-01-EX-03,APP-000008-DOC-01,APP-000008,requested_loan_amount,352000.00,1,0.98
APP-000008-DOC-01-EX-04,APP-000008-DOC-01,APP-000008,occupancy_type,primary_residence,1,0.98
APP-000008-DOC-01-EX-05,APP-000008-DOC-01,APP-000008,declared_monthly_income,9400.00,1,0.98
APP-000008-DOC-02-EX-01,APP-000008-DOC-02,APP-000008,identity_verification_status,VERIFIED,1,0.98
APP-000008-DOC-02-EX-02,APP-000008-DOC-02,APP-000008,verified_name,Camille Ivanova,1,0.98
APP-000008-DOC-02-EX-03,APP-000008-DOC-02,APP-000008,verified_date_of_birth,1962-01-11,1,0.98
APP-000008-DOC-03-EX-01,APP-000008-DOC-03,APP-000008,score_1,738,1,0.98
APP-000008-DOC-03-EX-02,APP-000008-DOC-03,APP-000008,score_2,742,1,0.98
APP-000008-DOC-03-EX-03,APP-000008-DOC-03,APP-000008,score_3,745,1,0.98
APP-000008-DOC-03-EX-04,APP-000008-DOC-03,APP-000008,report_date,2026-07-22,1,0.98
APP-000008-DOC-03-EX-05,APP-000008-DOC-03,APP-000008,recent_inquiries_90d,1,1,0.98
APP-000008-DOC-04-EX-01,APP-000008-DOC-04,APP-000008,employer_name,Meridian Civic Health,1,0.98
APP-000008-DOC-04-EX-02,APP-000008-DOC-04,APP-000008,pay_period_end,2026-08-01,1,0.98
APP-000008-DOC-04-EX-03,APP-000008-DOC-04,APP-000008,gross_per_period,4338.46,1,0.98
APP-000008-DOC-04-EX-04,APP-000008-DOC-04,APP-000008,ytd_gross,65076.90,1,0.98
APP-000008-DOC-04-EX-05,APP-000008-DOC-04,APP-000008,pay_frequency,bi_weekly,1,0.98
APP-000008-DOC-05-EX-01,APP-000008-DOC-05,APP-000008,tax_year,2025,1,0.98
APP-000008-DOC-05-EX-02,APP-000008-DOC-05,APP-000008,employer_name,Meridian Civic Health,1,0.98
APP-000008-DOC-05-EX-03,APP-000008-DOC-05,APP-000008,annual_wages,108852.00,1,0.98
APP-000008-DOC-06-EX-01,APP-000008-DOC-06,APP-000008,employer_name,Meridian Civic Health,1,0.98
APP-000008-DOC-06-EX-02,APP-000008-DOC-06,APP-000008,employment_start_date,2025-09-12,1,0.98
APP-000008-DOC-06-EX-03,APP-000008-DOC-06,APP-000008,employment_status,Current,1,0.98
APP-000008-DOC-06-EX-04,APP-000008-DOC-06,APP-000008,position,Clinical Technologist,1,0.98
APP-000008-DOC-07-EX-01,APP-000008-DOC-07,APP-000008,institution,Sablefield Trust,1,0.98
APP-000008-DOC-07-EX-02,APP-000008-DOC-07,APP-000008,account_masked,******0025,1,0.98
APP-000008-DOC-07-EX-03,APP-000008-DOC-07,APP-000008,closing_balance,33345.30,1,0.98
APP-000008-DOC-07-EX-04,APP-000008-DOC-07,APP-000008,statement_period_end,2026-08-03,1,0.98
APP-000008-DOC-08-EX-01,APP-000008-DOC-08,APP-000008,institution,Sablefield Trust,1,0.98
APP-000008-DOC-08-EX-02,APP-000008-DOC-08,APP-000008,account_masked,******0026,1,0.98
APP-000008-DOC-08-EX-03,APP-000008-DOC-08,APP-000008,closing_balance,61926.99,1,0.98
APP-000008-DOC-08-EX-04,APP-000008-DOC-08,APP-000008,statement_period_end,2026-08-03,1,0.98
APP-000008-DOC-09-EX-01,APP-000008-DOC-09,APP-000008,verified_balance,6813.45,1,0.98
APP-000008-DOC-09-EX-02,APP-000008-DOC-09,APP-000008,asset_type,brokerage,1,0.98
APP-000008-DOC-10-EX-01,APP-000008-DOC-10,APP-000008,verified_balance,7267.68,1,0.98
APP-000008-DOC-10-EX-02,APP-000008-DOC-10,APP-000008,asset_type,retirement,1,0.98
APP-000008-DOC-11-EX-01,APP-000008-DOC-11,APP-000008,purchase_price,440000.00,1,0.98
APP-000008-DOC-11-EX-02,APP-000008-DOC-11,APP-000008,contract_date,2026-07-17,1,0.98
APP-000008-DOC-11-EX-03,APP-000008-DOC-11,APP-000008,earnest_money,4400.00,1,0.98
APP-000008-DOC-11-EX-04,APP-000008-DOC-11,APP-000008,seller_credits,8800.00,1,0.98
APP-000008-DOC-12-EX-01,APP-000008-DOC-12,APP-000008,appraised_value,448800.00,1,0.98
APP-000008-DOC-12-EX-02,APP-000008-DOC-12,APP-000008,effective_date,2026-07-19,1,0.98
APP-000008-DOC-12-EX-03,APP-000008-DOC-12,APP-000008,condition_rating,C3,1,0.98
APP-000008-DOC-13-EX-01,APP-000008-DOC-13,APP-000008,lien_position,1,1,0.98
APP-000008-DOC-13-EX-02,APP-000008-DOC-13,APP-000008,exception_count,1,1,0.98
APP-000008-DOC-14-EX-01,APP-000008-DOC-14,APP-000008,coverage_amount,352000.00,1,0.98
APP-000008-DOC-14-EX-02,APP-000008-DOC-14,APP-000008,annual_premium,1539.96,1,0.98
APP-000008-DOC-14-EX-03,APP-000008-DOC-14,APP-000008,effective_date,2026-09-02,1,0.98
APP-000009-DOC-01-EX-01,APP-000009-DOC-01,APP-000009,application_id,APP-000009,1,0.98
APP-000009-DOC-01-EX-02,APP-000009-DOC-01,APP-000009,loan_purpose,purchase,1,0.98
APP-000009-DOC-01-EX-03,APP-000009-DOC-01,APP-000009,requested_loan_amount,320000.00,1,0.98
APP-000009-DOC-01-EX-04,APP-000009-DOC-01,APP-000009,occupancy_type,primary_residence,1,0.98
APP-000009-DOC-01-EX-05,APP-000009-DOC-01,APP-000009,declared_monthly_income,9091.67,1,0.98
APP-000009-DOC-02-EX-01,APP-000009-DOC-02,APP-000009,identity_verification_status,VERIFIED,1,0.98
APP-000009-DOC-02-EX-02,APP-000009-DOC-02,APP-000009,verified_name,Everett Mbeki,1,0.98
APP-000009-DOC-02-EX-03,APP-000009-DOC-02,APP-000009,verified_date_of_birth,1990-10-20,1,0.98
APP-000009-DOC-03-EX-01,APP-000009-DOC-03,APP-000009,score_1,735,1,0.98
APP-000009-DOC-03-EX-02,APP-000009-DOC-03,APP-000009,score_2,742,1,0.98
APP-000009-DOC-03-EX-03,APP-000009-DOC-03,APP-000009,score_3,745,1,0.98
APP-000009-DOC-03-EX-04,APP-000009-DOC-03,APP-000009,report_date,2026-07-22,1,0.98
APP-000009-DOC-03-EX-05,APP-000009-DOC-03,APP-000009,recent_inquiries_90d,1,1,0.98
APP-000009-DOC-04-EX-01,APP-000009-DOC-04,APP-000009,employer_name,Cartwright & Vale Advisory,1,0.98
APP-000009-DOC-04-EX-02,APP-000009-DOC-04,APP-000009,pay_period_end,2026-08-01,1,0.98
APP-000009-DOC-04-EX-03,APP-000009-DOC-04,APP-000009,gross_per_period,4196.16,1,0.98
APP-000009-DOC-04-EX-04,APP-000009-DOC-04,APP-000009,ytd_gross,62942.40,1,0.98
APP-000009-DOC-04-EX-05,APP-000009-DOC-04,APP-000009,pay_frequency,bi_weekly,1,0.98
APP-000009-DOC-05-EX-01,APP-000009-DOC-05,APP-000009,tax_year,2025,1,0.98
APP-000009-DOC-05-EX-02,APP-000009-DOC-05,APP-000009,employer_name,Cartwright & Vale Advisory,1,0.98
APP-000009-DOC-05-EX-03,APP-000009-DOC-05,APP-000009,annual_wages,105281.54,1,0.98
APP-000009-DOC-06-EX-01,APP-000009-DOC-06,APP-000009,employer_name,Cartwright & Vale Advisory,1,0.98
APP-000009-DOC-06-EX-02,APP-000009-DOC-06,APP-000009,employment_start_date,2026-04-12,1,0.98
APP-000009-DOC-06-EX-03,APP-000009-DOC-06,APP-000009,employment_status,Current,1,0.98
APP-000009-DOC-06-EX-04,APP-000009-DOC-06,APP-000009,position,Account Director,1,0.98
APP-000009-DOC-07-EX-01,APP-000009-DOC-07,APP-000009,institution,Harbor Point Savings,1,0.98
APP-000009-DOC-07-EX-02,APP-000009-DOC-07,APP-000009,account_masked,******0029,1,0.98
APP-000009-DOC-07-EX-03,APP-000009-DOC-07,APP-000009,closing_balance,33587.20,1,0.98
APP-000009-DOC-07-EX-04,APP-000009-DOC-07,APP-000009,statement_period_end,2026-08-03,1,0.98
APP-000009-DOC-08-EX-01,APP-000009-DOC-08,APP-000009,institution,Harbor Point Savings,1,0.98
APP-000009-DOC-08-EX-02,APP-000009-DOC-08,APP-000009,account_masked,******0030,1,0.98
APP-000009-DOC-08-EX-03,APP-000009-DOC-08,APP-000009,closing_balance,62376.24,1,0.98
APP-000009-DOC-08-EX-04,APP-000009-DOC-08,APP-000009,statement_period_end,2026-08-03,1,0.98
APP-000009-DOC-09-EX-01,APP-000009-DOC-09,APP-000009,verified_balance,6594.08,1,0.98
APP-000009-DOC-09-EX-02,APP-000009-DOC-09,APP-000009,asset_type,brokerage,1,0.98
APP-000009-DOC-10-EX-01,APP-000009-DOC-10,APP-000009,verified_balance,7033.68,1,0.98
APP-000009-DOC-10-EX-02,APP-000009-DOC-10,APP-000009,asset_type,retirement,1,0.98
APP-000009-DOC-11-EX-01,APP-000009-DOC-11,APP-000009,purchase_price,400000.00,1,0.98
APP-000009-DOC-11-EX-02,APP-000009-DOC-11,APP-000009,contract_date,2026-07-17,1,0.98
APP-000009-DOC-11-EX-03,APP-000009-DOC-11,APP-000009,earnest_money,4000.00,1,0.98
APP-000009-DOC-11-EX-04,APP-000009-DOC-11,APP-000009,seller_credits,0,1,0.98
APP-000009-DOC-12-EX-01,APP-000009-DOC-12,APP-000009,appraised_value,408000.00,1,0.98
APP-000009-DOC-12-EX-02,APP-000009-DOC-12,APP-000009,effective_date,2026-07-19,1,0.98
APP-000009-DOC-12-EX-03,APP-000009-DOC-12,APP-000009,condition_rating,C3,1,0.98
APP-000009-DOC-13-EX-01,APP-000009-DOC-13,APP-000009,lien_position,1,1,0.98
APP-000009-DOC-13-EX-02,APP-000009-DOC-13,APP-000009,exception_count,1,1,0.98
APP-000009-DOC-14-EX-01,APP-000009-DOC-14,APP-000009,coverage_amount,320000.00,1,0.98
APP-000009-DOC-14-EX-02,APP-000009-DOC-14,APP-000009,annual_premium,1400.04,1,0.98
APP-000009-DOC-14-EX-03,APP-000009-DOC-14,APP-000009,effective_date,2026-09-02,1,0.98
APP-000010-DOC-01-EX-01,APP-000010-DOC-01,APP-000010,application_id,APP-000010,1,0.98
APP-000010-DOC-01-EX-02,APP-000010-DOC-01,APP-000010,loan_purpose,purchase,1,0.98
APP-000010-DOC-01-EX-03,APP-000010-DOC-01,APP-000010,requested_loan_amount,312000.00,1,0.98
APP-000010-DOC-01-EX-04,APP-000010-DOC-01,APP-000010,occupancy_type,primary_residence,1,0.98
APP-000010-DOC-01-EX-05,APP-000010-DOC-01,APP-000010,declared_monthly_income,8875.00,1,0.98
APP-000010-DOC-02-EX-01,APP-000010-DOC-02,APP-000010,identity_verification_status,VERIFIED,1,0.98
APP-000010-DOC-02-EX-02,APP-000010-DOC-02,APP-000010,verified_name,Talia Moreau,1,0.98
APP-000010-DOC-02-EX-03,APP-000010-DOC-02,APP-000010,verified_date_of_birth,1989-05-19,1,0.98
APP-000010-DOC-03-EX-01,APP-000010-DOC-03,APP-000010,score_1,700,1,0.98
APP-000010-DOC-03-EX-02,APP-000010-DOC-03,APP-000010,score_2,712,1,0.98
APP-000010-DOC-03-EX-03,APP-000010-DOC-03,APP-000010,score_3,717,1,0.98
APP-000010-DOC-03-EX-04,APP-000010-DOC-03,APP-000010,report_date,2026-07-22,1,0.98
APP-000010-DOC-03-EX-05,APP-000010-DOC-03,APP-000010,recent_inquiries_90d,1,1,0.98
APP-000010-DOC-04-EX-01,APP-000010-DOC-04,APP-000010,employer_name,Orchard Point Hospitality,1,0.98
APP-000010-DOC-04-EX-02,APP-000010-DOC-04,APP-000010,pay_period_end,2026-08-01,1,0.98
APP-000010-DOC-04-EX-03,APP-000010-DOC-04,APP-000010,gross_per_period,4096.15,1,0.98
APP-000010-DOC-04-EX-04,APP-000010-DOC-04,APP-000010,ytd_gross,61442.25,1,0.98
APP-000010-DOC-04-EX-05,APP-000010-DOC-04,APP-000010,pay_frequency,bi_weekly,1,0.98
APP-000010-DOC-05-EX-01,APP-000010-DOC-05,APP-000010,tax_year,2025,1,0.98
APP-000010-DOC-05-EX-02,APP-000010-DOC-05,APP-000010,employer_name,Orchard Point Hospitality,1,0.98
APP-000010-DOC-05-EX-03,APP-000010-DOC-05,APP-000010,annual_wages,102772.50,1,0.98
APP-000010-DOC-06-EX-01,APP-000010-DOC-06,APP-000010,employer_name,Orchard Point Hospitality,1,0.98
APP-000010-DOC-06-EX-02,APP-000010-DOC-06,APP-000010,employment_start_date,2022-02-12,1,0.98
APP-000010-DOC-06-EX-03,APP-000010-DOC-06,APP-000010,employment_status,Current,1,0.98
APP-000010-DOC-06-EX-04,APP-000010-DOC-06,APP-000010,position,Operations Manager,1,0.98
APP-000010-DOC-07-EX-01,APP-000010-DOC-07,APP-000010,institution,Northwind Community Bank,1,0.98
APP-000010-DOC-07-EX-02,APP-000010-DOC-07,APP-000010,account_masked,******0033,1,0.98
APP-000010-DOC-07-EX-03,APP-000010-DOC-07,APP-000010,closing_balance,28555.09,1,0.98
APP-000010-DOC-07-EX-04,APP-000010-DOC-07,APP-000010,statement_period_end,2026-08-03,1,0.98
APP-000010-DOC-08-EX-01,APP-000010-DOC-08,APP-000010,institution,Northwind Community Bank,1,0.98
APP-000010-DOC-08-EX-02,APP-000010-DOC-08,APP-000010,account_masked,******0034,1,0.98
APP-000010-DOC-08-EX-03,APP-000010-DOC-08,APP-000010,closing_balance,53030.88,1,0.98
APP-000010-DOC-08-EX-04,APP-000010-DOC-08,APP-000010,statement_period_end,2026-08-03,1,0.98
APP-000010-DOC-09-EX-01,APP-000010-DOC-09,APP-000010,verified_balance,4023.33,1,0.98
APP-000010-DOC-09-EX-02,APP-000010-DOC-09,APP-000010,asset_type,brokerage,1,0.98
APP-000010-DOC-10-EX-01,APP-000010-DOC-10,APP-000010,verified_balance,4291.55,1,0.98
APP-000010-DOC-10-EX-02,APP-000010-DOC-10,APP-000010,asset_type,retirement,1,0.98
APP-000010-DOC-11-EX-01,APP-000010-DOC-11,APP-000010,purchase_price,390000.00,1,0.98
APP-000010-DOC-11-EX-02,APP-000010-DOC-11,APP-000010,contract_date,2026-07-17,1,0.98
APP-000010-DOC-11-EX-03,APP-000010-DOC-11,APP-000010,earnest_money,3900.00,1,0.98
APP-000010-DOC-11-EX-04,APP-000010-DOC-11,APP-000010,seller_credits,7800.00,1,0.98
APP-000010-DOC-12-EX-01,APP-000010-DOC-12,APP-000010,appraised_value,397800.00,1,0.98
APP-000010-DOC-12-EX-02,APP-000010-DOC-12,APP-000010,effective_date,2026-07-19,1,0.98
APP-000010-DOC-12-EX-03,APP-000010-DOC-12,APP-000010,condition_rating,C3,1,0.98
APP-000010-DOC-13-EX-01,APP-000010-DOC-13,APP-000010,lien_position,1,1,0.98
APP-000010-DOC-13-EX-02,APP-000010-DOC-13,APP-000010,exception_count,1,1,0.98
APP-000010-DOC-14-EX-01,APP-000010-DOC-14,APP-000010,coverage_amount,312000.00,1,0.98
APP-000010-DOC-14-EX-02,APP-000010-DOC-14,APP-000010,annual_premium,1365.00,1,0.98
APP-000010-DOC-14-EX-03,APP-000010-DOC-14,APP-000010,effective_date,2026-09-02,1,0.98
APP-000011-DOC-01-EX-01,APP-000011-DOC-01,APP-000011,application_id,APP-000011,1,0.98
APP-000011-DOC-01-EX-02,APP-000011-DOC-01,APP-000011,loan_purpose,purchase,1,0.98
APP-000011-DOC-01-EX-03,APP-000011-DOC-01,APP-000011,requested_loan_amount,336000.00,1,0.98
APP-000011-DOC-01-EX-04,APP-000011-DOC-01,APP-000011,occupancy_type,primary_residence,1,0.98
APP-000011-DOC-01-EX-05,APP-000011-DOC-01,APP-000011,declared_monthly_income,8525.00,1,0.98
APP-000011-DOC-02-EX-01,APP-000011-DOC-02,APP-000011,identity_verification_status,VERIFIED,1,0.98
APP-000011-DOC-02-EX-02,APP-000011-DOC-02,APP-000011,verified_name,Malik Sorensen,1,0.98
APP-000011-DOC-02-EX-03,APP-000011-DOC-02,APP-000011,verified_date_of_birth,1980-07-24,1,0.98
APP-000011-DOC-03-EX-01,APP-000011-DOC-03,APP-000011,score_1,730,1,0.98
APP-000011-DOC-03-EX-02,APP-000011-DOC-03,APP-000011,score_2,742,1,0.98
APP-000011-DOC-03-EX-03,APP-000011-DOC-03,APP-000011,score_3,747,1,0.98
APP-000011-DOC-03-EX-04,APP-000011-DOC-03,APP-000011,report_date,2026-07-22,1,0.98
APP-000011-DOC-03-EX-05,APP-000011-DOC-03,APP-000011,recent_inquiries_90d,1,1,0.98
APP-000011-DOC-04-EX-01,APP-000011-DOC-04,APP-000011,gross_receipts,347820.00,1,0.98
APP-000011-DOC-04-EX-02,APP-000011-DOC-04,APP-000011,net_profit,102300.00,1,0.98
APP-000011-DOC-04-EX-03,APP-000011-DOC-04,APP-000011,depreciation_addback,18414.00,1,0.98
APP-000011-DOC-04-EX-04,APP-000011-DOC-04,APP-000011,owner_cash_flow,102300.00,1,0.98
APP-000011-DOC-05-EX-01,APP-000011-DOC-05,APP-000011,tax_year,2025,1,0.98
APP-000011-DOC-05-EX-02,APP-000011-DOC-05,APP-000011,business_net_profit,96162.00,1,0.98
APP-000011-DOC-06-EX-01,APP-000011-DOC-06,APP-000011,institution,Northwind Community Bank,1,0.98
APP-000011-DOC-06-EX-02,APP-000011-DOC-06,APP-000011,account_masked,******0037,1,0.98
APP-000011-DOC-06-EX-03,APP-000011-DOC-06,APP-000011,closing_balance,34939.50,1,0.98
APP-000011-DOC-06-EX-04,APP-000011-DOC-06,APP-000011,statement_period_end,2026-08-03,1,0.98
APP-000011-DOC-07-EX-01,APP-000011-DOC-07,APP-000011,institution,Northwind Community Bank,1,0.98
APP-000011-DOC-07-EX-02,APP-000011-DOC-07,APP-000011,account_masked,******0038,1,0.98
APP-000011-DOC-07-EX-03,APP-000011-DOC-07,APP-000011,closing_balance,64887.65,1,0.98
APP-000011-DOC-07-EX-04,APP-000011-DOC-07,APP-000011,statement_period_end,2026-08-03,1,0.98
APP-000011-DOC-08-EX-01,APP-000011-DOC-08,APP-000011,verified_balance,6952.50,1,0.98
APP-000011-DOC-08-EX-02,APP-000011-DOC-08,APP-000011,asset_type,brokerage,1,0.98
APP-000011-DOC-09-EX-01,APP-000011-DOC-09,APP-000011,verified_balance,7416.00,1,0.98
APP-000011-DOC-09-EX-02,APP-000011-DOC-09,APP-000011,asset_type,retirement,1,0.98
APP-000011-DOC-10-EX-01,APP-000011-DOC-10,APP-000011,purchase_price,420000.00,1,0.98
APP-000011-DOC-10-EX-02,APP-000011-DOC-10,APP-000011,contract_date,2026-07-17,1,0.98
APP-000011-DOC-10-EX-03,APP-000011-DOC-10,APP-000011,earnest_money,4200.00,1,0.98
APP-000011-DOC-10-EX-04,APP-000011-DOC-10,APP-000011,seller_credits,0,1,0.98
APP-000011-DOC-11-EX-01,APP-000011-DOC-11,APP-000011,appraised_value,428400.00,1,0.98
APP-000011-DOC-11-EX-02,APP-000011-DOC-11,APP-000011,effective_date,2026-07-19,1,0.98
APP-000011-DOC-11-EX-03,APP-000011-DOC-11,APP-000011,condition_rating,C3,1,0.98
APP-000011-DOC-12-EX-01,APP-000011-DOC-12,APP-000011,lien_position,1,1,0.98
APP-000011-DOC-12-EX-02,APP-000011-DOC-12,APP-000011,exception_count,1,1,0.98
APP-000011-DOC-13-EX-01,APP-000011-DOC-13,APP-000011,coverage_amount,336000.00,1,0.98
APP-000011-DOC-13-EX-02,APP-000011-DOC-13,APP-000011,annual_premium,1470.00,1,0.98
APP-000011-DOC-13-EX-03,APP-000011-DOC-13,APP-000011,effective_date,2026-09-02,1,0.98
APP-000012-DOC-01-EX-01,APP-000012-DOC-01,APP-000012,application_id,APP-000012,1,0.98
APP-000012-DOC-01-EX-02,APP-000012-DOC-01,APP-000012,loan_purpose,purchase,1,0.98
APP-000012-DOC-01-EX-03,APP-000012-DOC-01,APP-000012,requested_loan_amount,384000.00,1,0.98
APP-000012-DOC-01-EX-04,APP-000012-DOC-01,APP-000012,occupancy_type,primary_residence,1,0.98
APP-000012-DOC-01-EX-05,APP-000012-DOC-01,APP-000012,declared_monthly_income,10325.00,1,0.98
APP-000012-DOC-02-EX-01,APP-000012-DOC-02,APP-000012,identity_verification_status,VERIFIED,1,0.98
APP-000012-DOC-02-EX-02,APP-000012-DOC-02,APP-000012,verified_name,Malik Kirilenko,1,0.98
APP-000012-DOC-02-EX-03,APP-000012-DOC-02,APP-000012,verified_date_of_birth,1989-02-19,1,0.98
APP-000012-DOC-03-EX-01,APP-000012-DOC-03,APP-000012,score_1,728,1,0.98
APP-000012-DOC-03-EX-02,APP-000012-DOC-03,APP-000012,score_2,742,1,0.98
APP-000012-DOC-03-EX-03,APP-000012-DOC-03,APP-000012,score_3,752,1,0.98
APP-000012-DOC-03-EX-04,APP-000012-DOC-03,APP-000012,report_date,2026-08-14,1,0.98
APP-000012-DOC-03-EX-05,APP-000012-DOC-03,APP-000012,recent_inquiries_90d,1,1,0.98
APP-000012-DOC-04-EX-01,APP-000012-DOC-04,APP-000012,employer_name,Pinewater Utilities District,1,0.98
APP-000012-DOC-04-EX-02,APP-000012-DOC-04,APP-000012,pay_period_end,2026-08-24,1,0.98
APP-000012-DOC-04-EX-03,APP-000012-DOC-04,APP-000012,gross_per_period,3665.68,1,0.98
APP-000012-DOC-04-EX-04,APP-000012-DOC-04,APP-000012,ytd_gross,58650.88,1,0.98
APP-000012-DOC-04-EX-05,APP-000012-DOC-04,APP-000012,pay_frequency,bi_weekly,1,0.98
APP-000012-DOC-05-EX-01,APP-000012-DOC-05,APP-000012,tax_year,2025,1,0.98
APP-000012-DOC-05-EX-02,APP-000012-DOC-05,APP-000012,employer_name,Pinewater Utilities District,1,0.98
APP-000012-DOC-05-EX-03,APP-000012-DOC-05,APP-000012,annual_wages,91971.95,1,0.98
APP-000012-DOC-06-EX-01,APP-000012-DOC-06,APP-000012,employer_name,Pinewater Utilities District,1,0.98
APP-000012-DOC-06-EX-02,APP-000012-DOC-06,APP-000012,employment_start_date,2022-03-04,1,0.98
APP-000012-DOC-06-EX-03,APP-000012-DOC-06,APP-000012,employment_status,Current,1,0.98
APP-000012-DOC-06-EX-04,APP-000012-DOC-06,APP-000012,position,Field Supervisor,1,0.98
APP-000012-DOC-07-EX-01,APP-000012-DOC-07,APP-000012,institution,Harbor Point Savings,1,0.98
APP-000012-DOC-07-EX-02,APP-000012-DOC-07,APP-000012,account_masked,******0041,1,0.98
APP-000012-DOC-07-EX-03,APP-000012-DOC-07,APP-000012,closing_balance,39729.65,1,0.98
APP-000012-DOC-07-EX-04,APP-000012-DOC-07,APP-000012,statement_period_end,2026-08-26,1,0.98
APP-000012-DOC-08-EX-01,APP-000012-DOC-08,APP-000012,institution,Harbor Point Savings,1,0.98
APP-000012-DOC-08-EX-02,APP-000012-DOC-08,APP-000012,account_masked,******0042,1,0.98
APP-000012-DOC-08-EX-03,APP-000012-DOC-08,APP-000012,closing_balance,73783.63,1,0.98
APP-000012-DOC-08-EX-04,APP-000012-DOC-08,APP-000012,statement_period_end,2026-08-26,1,0.98
APP-000012-DOC-09-EX-01,APP-000012-DOC-09,APP-000012,verified_balance,7482.88,1,0.98
APP-000012-DOC-09-EX-02,APP-000012-DOC-09,APP-000012,asset_type,brokerage,1,0.98
APP-000012-DOC-10-EX-01,APP-000012-DOC-10,APP-000012,verified_balance,7981.73,1,0.98
APP-000012-DOC-10-EX-02,APP-000012-DOC-10,APP-000012,asset_type,retirement,1,0.98
APP-000012-DOC-11-EX-01,APP-000012-DOC-11,APP-000012,purchase_price,480000.00,1,0.98
APP-000012-DOC-11-EX-02,APP-000012-DOC-11,APP-000012,contract_date,2026-08-09,1,0.98
APP-000012-DOC-11-EX-03,APP-000012-DOC-11,APP-000012,earnest_money,4800.00,1,0.98
APP-000012-DOC-11-EX-04,APP-000012-DOC-11,APP-000012,seller_credits,0,1,0.98
APP-000012-DOC-12-EX-01,APP-000012-DOC-12,APP-000012,appraised_value,489600.00,1,0.98
APP-000012-DOC-12-EX-02,APP-000012-DOC-12,APP-000012,effective_date,2026-08-11,1,0.98
APP-000012-DOC-12-EX-03,APP-000012-DOC-12,APP-000012,condition_rating,C3,1,0.98
APP-000012-DOC-13-EX-01,APP-000012-DOC-13,APP-000012,lien_position,1,1,0.98
APP-000012-DOC-13-EX-02,APP-000012-DOC-13,APP-000012,exception_count,1,1,0.98
APP-000012-DOC-14-EX-01,APP-000012-DOC-14,APP-000012,coverage_amount,384000.00,1,0.98
APP-000012-DOC-14-EX-02,APP-000012-DOC-14,APP-000012,annual_premium,1680.00,1,0.98
APP-000012-DOC-14-EX-03,APP-000012-DOC-14,APP-000012,effective_date,2026-09-25,1,0.98
APP-000013-DOC-01-EX-01,APP-000013-DOC-01,APP-000013,application_id,APP-000013,1,0.98
APP-000013-DOC-01-EX-02,APP-000013-DOC-01,APP-000013,loan_purpose,purchase,1,0.98
APP-000013-DOC-01-EX-03,APP-000013-DOC-01,APP-000013,requested_loan_amount,424000.00,1,0.98
APP-000013-DOC-01-EX-04,APP-000013-DOC-01,APP-000013,occupancy_type,primary_residence,1,0.98
APP-000013-DOC-01-EX-05,APP-000013-DOC-01,APP-000013,declared_monthly_income,11275.00,1,0.98
APP-000013-DOC-02-EX-01,APP-000013-DOC-02,APP-000013,identity_verification_status,VERIFIED,1,0.98
APP-000013-DOC-02-EX-02,APP-000013-DOC-02,APP-000013,verified_name,Victor Lindqvist,1,0.98
APP-000013-DOC-02-EX-03,APP-000013-DOC-02,APP-000013,verified_date_of_birth,1964-08-28,1,0.98
APP-000013-DOC-03-EX-01,APP-000013-DOC-03,APP-000013,score_1,728,1,0.98
APP-000013-DOC-03-EX-02,APP-000013-DOC-03,APP-000013,score_2,742,1,0.98
APP-000013-DOC-03-EX-03,APP-000013-DOC-03,APP-000013,score_3,750,1,0.98
APP-000013-DOC-03-EX-04,APP-000013-DOC-03,APP-000013,report_date,2026-07-22,1,0.98
APP-000013-DOC-03-EX-05,APP-000013-DOC-03,APP-000013,recent_inquiries_90d,1,1,0.98
APP-000013-DOC-04-EX-01,APP-000013-DOC-04,APP-000013,employer_name,Sable Ridge Software,1,0.98
APP-000013-DOC-04-EX-02,APP-000013-DOC-04,APP-000013,pay_period_end,2026-08-01,1,0.98
APP-000013-DOC-04-EX-03,APP-000013-DOC-04,APP-000013,gross_per_period,2557.82,1,0.98
APP-000013-DOC-04-EX-04,APP-000013-DOC-04,APP-000013,ytd_gross,38367.30,1,0.98
APP-000013-DOC-04-EX-05,APP-000013-DOC-04,APP-000013,pay_frequency,bi_weekly,1,0.98
APP-000013-DOC-05-EX-01,APP-000013-DOC-05,APP-000013,tax_year,2025,1,0.98
APP-000013-DOC-05-EX-02,APP-000013-DOC-05,APP-000013,employer_name,Sable Ridge Software,1,0.98
APP-000013-DOC-05-EX-03,APP-000013-DOC-05,APP-000013,annual_wages,64175.78,1,0.98
APP-000013-DOC-06-EX-01,APP-000013-DOC-06,APP-000013,employer_name,Sable Ridge Software,1,0.98
APP-000013-DOC-06-EX-02,APP-000013-DOC-06,APP-000013,employment_start_date,2022-02-12,1,0.98
APP-000013-DOC-06-EX-03,APP-000013-DOC-06,APP-000013,employment_status,Current,1,0.98
APP-000013-DOC-06-EX-04,APP-000013-DOC-06,APP-000013,position,Systems Analyst,1,0.98
APP-000013-DOC-07-EX-01,APP-000013-DOC-07,APP-000013,employer_name,Latchford Construction,1,0.98
APP-000013-DOC-07-EX-02,APP-000013-DOC-07,APP-000013,pay_period_end,2026-08-01,1,0.98
APP-000013-DOC-07-EX-03,APP-000013-DOC-07,APP-000013,gross_per_period,1852.21,1,0.98
APP-000013-DOC-07-EX-04,APP-000013-DOC-07,APP-000013,ytd_gross,27783.15,1,0.98
APP-000013-DOC-07-EX-05,APP-000013-DOC-07,APP-000013,pay_frequency,bi_weekly,1,0.98
APP-000013-DOC-08-EX-01,APP-000013-DOC-08,APP-000013,tax_year,2025,1,0.98
APP-000013-DOC-08-EX-02,APP-000013-DOC-08,APP-000013,employer_name,Latchford Construction,1,0.98
APP-000013-DOC-08-EX-03,APP-000013-DOC-08,APP-000013,annual_wages,46472.05,1,0.98
APP-000013-DOC-09-EX-01,APP-000013-DOC-09,APP-000013,employer_name,Latchford Construction,1,0.98
APP-000013-DOC-09-EX-02,APP-000013-DOC-09,APP-000013,employment_start_date,2022-09-12,1,0.98
APP-000013-DOC-09-EX-03,APP-000013-DOC-09,APP-000013,employment_status,Current,1,0.98
APP-000013-DOC-09-EX-04,APP-000013-DOC-09,APP-000013,position,Estimator,1,0.98
APP-000013-DOC-10-EX-01,APP-000013-DOC-10,APP-000013,institution,Cascade Mutual Credit Union,1,0.98
APP-000013-DOC-10-EX-02,APP-000013-DOC-10,APP-000013,account_masked,******0045,1,0.98
APP-000013-DOC-10-EX-03,APP-000013-DOC-10,APP-000013,closing_balance,42450.37,1,0.98
APP-000013-DOC-10-EX-04,APP-000013-DOC-10,APP-000013,statement_period_end,2026-08-03,1,0.98
APP-000013-DOC-11-EX-01,APP-000013-DOC-11,APP-000013,institution,Cascade Mutual Credit Union,1,0.98
APP-000013-DOC-11-EX-02,APP-000013-DOC-11,APP-000013,account_masked,******0046,1,0.98
APP-000013-DOC-11-EX-03,APP-000013-DOC-11,APP-000013,closing_balance,78836.41,1,0.98
APP-000013-DOC-11-EX-04,APP-000013-DOC-11,APP-000013,statement_period_end,2026-08-03,1,0.98
APP-000013-DOC-12-EX-01,APP-000013-DOC-12,APP-000013,verified_balance,6130.49,1,0.98
APP-000013-DOC-12-EX-02,APP-000013-DOC-12,APP-000013,asset_type,brokerage,1,0.98
APP-000013-DOC-13-EX-01,APP-000013-DOC-13,APP-000013,verified_balance,6539.18,1,0.98
APP-000013-DOC-13-EX-02,APP-000013-DOC-13,APP-000013,asset_type,retirement,1,0.98
APP-000013-DOC-14-EX-01,APP-000013-DOC-14,APP-000013,purchase_price,530000.00,1,0.98
APP-000013-DOC-14-EX-02,APP-000013-DOC-14,APP-000013,contract_date,2026-07-17,1,0.98
APP-000013-DOC-14-EX-03,APP-000013-DOC-14,APP-000013,earnest_money,5300.00,1,0.98
APP-000013-DOC-14-EX-04,APP-000013-DOC-14,APP-000013,seller_credits,0,1,0.98
APP-000013-DOC-15-EX-01,APP-000013-DOC-15,APP-000013,appraised_value,540600.00,1,0.98
APP-000013-DOC-15-EX-02,APP-000013-DOC-15,APP-000013,effective_date,2026-07-19,1,0.98
APP-000013-DOC-15-EX-03,APP-000013-DOC-15,APP-000013,condition_rating,C3,1,0.98
APP-000013-DOC-16-EX-01,APP-000013-DOC-16,APP-000013,lien_position,1,1,0.98
APP-000013-DOC-16-EX-02,APP-000013-DOC-16,APP-000013,exception_count,1,1,0.98
APP-000013-DOC-17-EX-01,APP-000013-DOC-17,APP-000013,coverage_amount,424000.00,1,0.98
APP-000013-DOC-17-EX-02,APP-000013-DOC-17,APP-000013,annual_premium,1854.96,1,0.98
APP-000013-DOC-17-EX-03,APP-000013-DOC-17,APP-000013,effective_date,2026-09-02,1,0.98
APP-000013-DOC-18-EX-01,APP-000013-DOC-18,APP-000013,monthly_rent,3611.83,1,0.98
APP-000013-DOC-18-EX-02,APP-000013-DOC-18,APP-000013,lease_term_months,12,1,0.98
APP-000014-DOC-01-EX-01,APP-000014-DOC-01,APP-000014,application_id,APP-000014,1,0.98
APP-000014-DOC-01-EX-02,APP-000014-DOC-01,APP-000014,loan_purpose,purchase,1,0.98
APP-000014-DOC-01-EX-03,APP-000014-DOC-01,APP-000014,requested_loan_amount,304000.00,1,0.98
APP-000014-DOC-01-EX-04,APP-000014-DOC-01,APP-000014,occupancy_type,primary_residence,1,0.98
APP-000014-DOC-01-EX-05,APP-000014-DOC-01,APP-000014,declared_monthly_income,7700.00,1,0.98
APP-000014-DOC-02-EX-01,APP-000014-DOC-02,APP-000014,identity_verification_status,VERIFIED,1,0.98
APP-000014-DOC-02-EX-02,APP-000014-DOC-02,APP-000014,verified_name,Talia Thornbury,1,0.98
APP-000014-DOC-02-EX-03,APP-000014-DOC-02,APP-000014,verified_date_of_birth,1990-11-18,1,0.98
APP-000014-DOC-03-EX-01,APP-000014-DOC-03,APP-000014,score_1,738,1,0.98
APP-000014-DOC-03-EX-02,APP-000014-DOC-03,APP-000014,score_2,742,1,0.98
APP-000014-DOC-03-EX-03,APP-000014-DOC-03,APP-000014,score_3,752,1,0.98
APP-000014-DOC-03-EX-04,APP-000014-DOC-03,APP-000014,report_date,2026-07-22,1,0.98
APP-000014-DOC-03-EX-05,APP-000014-DOC-03,APP-000014,recent_inquiries_90d,1,1,0.98
APP-000014-DOC-04-EX-01,APP-000014-DOC-04,APP-000014,employer_name,Grayson Municipal Authority,1,0.98
APP-000014-DOC-04-EX-02,APP-000014-DOC-04,APP-000014,pay_period_end,2026-08-01,1,0.98
APP-000014-DOC-04-EX-03,APP-000014-DOC-04,APP-000014,gross_per_period,4038.46,1,0.98
APP-000014-DOC-04-EX-04,APP-000014-DOC-04,APP-000014,ytd_gross,60576.90,1,0.98
APP-000014-DOC-04-EX-05,APP-000014-DOC-04,APP-000014,pay_frequency,bi_weekly,1,0.98
APP-000014-DOC-05-EX-01,APP-000014-DOC-05,APP-000014,tax_year,2025,1,0.98
APP-000014-DOC-05-EX-02,APP-000014-DOC-05,APP-000014,employer_name,Grayson Municipal Authority,1,0.98
APP-000014-DOC-05-EX-03,APP-000014-DOC-05,APP-000014,annual_wages,101325.00,1,0.98
APP-000014-DOC-06-EX-01,APP-000014-DOC-06,APP-000014,employer_name,Grayson Municipal Authority,1,0.98
APP-000014-DOC-06-EX-02,APP-000014-DOC-06,APP-000014,employment_start_date,2022-02-12,1,0.98
APP-000014-DOC-06-EX-03,APP-000014-DOC-06,APP-000014,employment_status,Current,1,0.98
APP-000014-DOC-06-EX-04,APP-000014-DOC-06,APP-000014,position,Records Administrator,1,0.98
APP-000014-DOC-07-EX-01,APP-000014-DOC-07,APP-000014,institution,Harbor Point Savings,1,0.98
APP-000014-DOC-07-EX-02,APP-000014-DOC-07,APP-000014,account_masked,******0049,1,0.98
APP-000014-DOC-07-EX-03,APP-000014-DOC-07,APP-000014,closing_balance,30098.01,1,0.98
APP-000014-DOC-07-EX-04,APP-000014-DOC-07,APP-000014,statement_period_end,2026-08-03,1,0.98
APP-000014-DOC-08-EX-01,APP-000014-DOC-08,APP-000014,institution,Harbor Point Savings,1,0.98
APP-000014-DOC-08-EX-02,APP-000014-DOC-08,APP-000014,account_masked,******0050,1,0.98
APP-000014-DOC-08-EX-03,APP-000014-DOC-08,APP-000014,closing_balance,55896.29,1,0.98
APP-000014-DOC-08-EX-04,APP-000014-DOC-08,APP-000014,statement_period_end,2026-08-03,1,0.98
APP-000014-DOC-09-EX-01,APP-000014-DOC-09,APP-000014,verified_balance,3608.44,1,0.98
APP-000014-DOC-09-EX-02,APP-000014-DOC-09,APP-000014,asset_type,brokerage,1,0.98
APP-000014-DOC-10-EX-01,APP-000014-DOC-10,APP-000014,verified_balance,3849.00,1,0.98
APP-000014-DOC-10-EX-02,APP-000014-DOC-10,APP-000014,asset_type,retirement,1,0.98
APP-000014-DOC-11-EX-01,APP-000014-DOC-11,APP-000014,purchase_price,380000.00,1,0.98
APP-000014-DOC-11-EX-02,APP-000014-DOC-11,APP-000014,contract_date,2026-07-17,1,0.98
APP-000014-DOC-11-EX-03,APP-000014-DOC-11,APP-000014,earnest_money,3800.00,1,0.98
APP-000014-DOC-11-EX-04,APP-000014-DOC-11,APP-000014,seller_credits,0,1,0.98
APP-000014-DOC-12-EX-01,APP-000014-DOC-12,APP-000014,appraised_value,387600.00,1,0.98
APP-000014-DOC-12-EX-02,APP-000014-DOC-12,APP-000014,effective_date,2026-07-19,1,0.98
APP-000014-DOC-12-EX-03,APP-000014-DOC-12,APP-000014,condition_rating,C3,1,0.98
APP-000014-DOC-13-EX-01,APP-000014-DOC-13,APP-000014,lien_position,1,1,0.98
APP-000014-DOC-13-EX-02,APP-000014-DOC-13,APP-000014,exception_count,1,1,0.98
APP-000014-DOC-14-EX-01,APP-000014-DOC-14,APP-000014,coverage_amount,304000.00,1,0.98
APP-000014-DOC-14-EX-02,APP-000014-DOC-14,APP-000014,annual_premium,1329.96,1,0.98
APP-000014-DOC-14-EX-03,APP-000014-DOC-14,APP-000014,effective_date,2026-09-02,1,0.98
APP-000014-DOC-15-EX-01,APP-000014-DOC-15,APP-000014,monthly_rent,2205.00,1,0.98
APP-000014-DOC-15-EX-02,APP-000014-DOC-15,APP-000014,lease_term_months,12,1,0.98
APP-000015-DOC-01-EX-01,APP-000015-DOC-01,APP-000015,application_id,APP-000015,1,0.98
APP-000015-DOC-01-EX-02,APP-000015-DOC-01,APP-000015,loan_purpose,purchase,1,0.98
APP-000015-DOC-01-EX-03,APP-000015-DOC-01,APP-000015,requested_loan_amount,384000.00,1,0.98
APP-000015-DOC-01-EX-04,APP-000015-DOC-01,APP-000015,occupancy_type,primary_residence,1,0.98
APP-000015-DOC-01-EX-05,APP-000015-DOC-01,APP-000015,declared_monthly_income,10925.00,1,0.98
APP-000015-DOC-02-EX-01,APP-000015-DOC-02,APP-000015,identity_verification_status,VERIFIED,1,0.98
APP-000015-DOC-02-EX-02,APP-000015-DOC-02,APP-000015,verified_name,Rosa Marchetti,1,0.98
APP-000015-DOC-02-EX-03,APP-000015-DOC-02,APP-000015,verified_date_of_birth,1970-08-12,1,0.98
APP-000015-DOC-03-EX-01,APP-000015-DOC-03,APP-000015,score_1,734,1,0.98
APP-000015-DOC-03-EX-02,APP-000015-DOC-03,APP-000015,score_2,742,1,0.98
APP-000015-DOC-03-EX-03,APP-000015-DOC-03,APP-000015,score_3,749,1,0.98
APP-000015-DOC-03-EX-04,APP-000015-DOC-03,APP-000015,report_date,2026-07-22,1,0.98
APP-000015-DOC-03-EX-05,APP-000015-DOC-03,APP-000015,recent_inquiries_90d,1,1,0.98
APP-000015-DOC-04-EX-01,APP-000015-DOC-04,APP-000015,employer_name,Thornhill Insurance Brokers,1,0.98
APP-000015-DOC-04-EX-02,APP-000015-DOC-04,APP-000015,pay_period_end,2026-08-01,1,0.98
APP-000015-DOC-04-EX-03,APP-000015-DOC-04,APP-000015,gross_per_period,2397.16,1,0.98
APP-000015-DOC-04-EX-04,APP-000015-DOC-04,APP-000015,ytd_gross,35957.40,1,0.98
APP-000015-DOC-04-EX-05,APP-000015-DOC-04,APP-000015,pay_frequency,bi_weekly,1,0.98
APP-000015-DOC-05-EX-01,APP-000015-DOC-05,APP-000015,tax_year,2025,1,0.98
APP-000015-DOC-05-EX-02,APP-000015-DOC-05,APP-000015,employer_name,Thornhill Insurance Brokers,1,0.98
APP-000015-DOC-05-EX-03,APP-000015-DOC-05,APP-000015,annual_wages,60144.78,1,0.98
APP-000015-DOC-06-EX-01,APP-000015-DOC-06,APP-000015,employer_name,Thornhill Insurance Brokers,1,0.98
APP-000015-DOC-06-EX-02,APP-000015-DOC-06,APP-000015,employment_start_date,2022-02-12,1,0.98
APP-000015-DOC-06-EX-03,APP-000015-DOC-06,APP-000015,employment_status,Current,1,0.98
APP-000015-DOC-06-EX-04,APP-000015-DOC-06,APP-000015,position,Claims Adjuster,1,0.98
APP-000015-DOC-07-EX-01,APP-000015-DOC-07,APP-000015,employer_name,Verity Loom Textiles,1,0.98
APP-000015-DOC-07-EX-02,APP-000015-DOC-07,APP-000015,pay_period_end,2026-08-01,1,0.98
APP-000015-DOC-07-EX-03,APP-000015-DOC-07,APP-000015,gross_per_period,1735.88,1,0.98
APP-000015-DOC-07-EX-04,APP-000015-DOC-07,APP-000015,ytd_gross,26038.20,1,0.98
APP-000015-DOC-07-EX-05,APP-000015-DOC-07,APP-000015,pay_frequency,bi_weekly,1,0.98
APP-000015-DOC-08-EX-01,APP-000015-DOC-08,APP-000015,tax_year,2025,1,0.98
APP-000015-DOC-08-EX-02,APP-000015-DOC-08,APP-000015,employer_name,Verity Loom Textiles,1,0.98
APP-000015-DOC-08-EX-03,APP-000015-DOC-08,APP-000015,annual_wages,43553.19,1,0.98
APP-000015-DOC-09-EX-01,APP-000015-DOC-09,APP-000015,employer_name,Verity Loom Textiles,1,0.98
APP-000015-DOC-09-EX-02,APP-000015-DOC-09,APP-000015,employment_start_date,2022-09-12,1,0.98
APP-000015-DOC-09-EX-03,APP-000015-DOC-09,APP-000015,employment_status,Current,1,0.98
APP-000015-DOC-09-EX-04,APP-000015-DOC-09,APP-000015,position,Quality Engineer,1,0.98
APP-000015-DOC-10-EX-01,APP-000015-DOC-10,APP-000015,institution,Northwind Community Bank,1,0.98
APP-000015-DOC-10-EX-02,APP-000015-DOC-10,APP-000015,account_masked,******0053,1,0.98
APP-000015-DOC-10-EX-03,APP-000015-DOC-10,APP-000015,closing_balance,39575.43,1,0.98
APP-000015-DOC-10-EX-04,APP-000015-DOC-10,APP-000015,statement_period_end,2026-08-03,1,0.98
APP-000015-DOC-11-EX-01,APP-000015-DOC-11,APP-000015,institution,Northwind Community Bank,1,0.98
APP-000015-DOC-11-EX-02,APP-000015-DOC-11,APP-000015,account_masked,******0054,1,0.98
APP-000015-DOC-11-EX-03,APP-000015-DOC-11,APP-000015,closing_balance,73497.22,1,0.98
APP-000015-DOC-11-EX-04,APP-000015-DOC-11,APP-000015,statement_period_end,2026-08-03,1,0.98
APP-000015-DOC-12-EX-01,APP-000015-DOC-12,APP-000015,verified_balance,6932.51,1,0.98
APP-000015-DOC-12-EX-02,APP-000015-DOC-12,APP-000015,asset_type,brokerage,1,0.98
APP-000015-DOC-13-EX-01,APP-000015-DOC-13,APP-000015,verified_balance,7394.68,1,0.98
APP-000015-DOC-13-EX-02,APP-000015-DOC-13,APP-000015,asset_type,retirement,1,0.98
APP-000015-DOC-14-EX-01,APP-000015-DOC-14,APP-000015,purchase_price,480000.00,1,0.98
APP-000015-DOC-14-EX-02,APP-000015-DOC-14,APP-000015,contract_date,2026-07-17,1,0.98
APP-000015-DOC-14-EX-03,APP-000015-DOC-14,APP-000015,earnest_money,4800.00,1,0.98
APP-000015-DOC-14-EX-04,APP-000015-DOC-14,APP-000015,seller_credits,0,1,0.98
APP-000015-DOC-15-EX-01,APP-000015-DOC-15,APP-000015,appraised_value,489600.00,1,0.98
APP-000015-DOC-15-EX-02,APP-000015-DOC-15,APP-000015,effective_date,2026-07-19,1,0.98
APP-000015-DOC-15-EX-03,APP-000015-DOC-15,APP-000015,condition_rating,C3,1,0.98
APP-000015-DOC-16-EX-01,APP-000015-DOC-16,APP-000015,lien_position,1,1,0.98
APP-000015-DOC-16-EX-02,APP-000015-DOC-16,APP-000015,exception_count,1,1,0.98
APP-000015-DOC-17-EX-01,APP-000015-DOC-17,APP-000015,coverage_amount,384000.00,1,0.98
APP-000015-DOC-17-EX-02,APP-000015-DOC-17,APP-000015,annual_premium,1680.00,1,0.98
APP-000015-DOC-17-EX-03,APP-000015-DOC-17,APP-000015,effective_date,2026-09-02,1,0.98
APP-000016-DOC-01-EX-01,APP-000016-DOC-01,APP-000016,application_id,APP-000016,1,0.98
APP-000016-DOC-01-EX-02,APP-000016-DOC-01,APP-000016,loan_purpose,purchase,1,0.98
APP-000016-DOC-01-EX-03,APP-000016-DOC-01,APP-000016,requested_loan_amount,424000.00,1,0.98
APP-000016-DOC-01-EX-04,APP-000016-DOC-01,APP-000016,occupancy_type,primary_residence,1,0.98
APP-000016-DOC-01-EX-05,APP-000016-DOC-01,APP-000016,declared_monthly_income,10925.00,1,0.98
APP-000016-DOC-02-EX-01,APP-000016-DOC-02,APP-000016,identity_verification_status,VERIFIED,1,0.98
APP-000016-DOC-02-EX-02,APP-000016-DOC-02,APP-000016,verified_name,Emeka Vasquez,1,0.98
APP-000016-DOC-02-EX-03,APP-000016-DOC-02,APP-000016,verified_date_of_birth,1988-10-27,1,0.98
APP-000016-DOC-03-EX-01,APP-000016-DOC-03,APP-000016,score_1,732,1,0.98
APP-000016-DOC-03-EX-02,APP-000016-DOC-03,APP-000016,score_2,742,1,0.98
APP-000016-DOC-03-EX-03,APP-000016-DOC-03,APP-000016,score_3,746,1,0.98
APP-000016-DOC-03-EX-04,APP-000016-DOC-03,APP-000016,report_date,2026-07-22,1,0.98
APP-000016-DOC-03-EX-05,APP-000016-DOC-03,APP-000016,recent_inquiries_90d,1,1,0.98
APP-000016-DOC-04-EX-01,APP-000016-DOC-04,APP-000016,employer_name,Thornhill Insurance Brokers,1,0.98
APP-000016-DOC-04-EX-02,APP-000016-DOC-04,APP-000016,pay_period_end,2026-08-01,1,0.98
APP-000016-DOC-04-EX-03,APP-000016-DOC-04,APP-000016,gross_per_period,5042.31,1,0.98
APP-000016-DOC-04-EX-04,APP-000016-DOC-04,APP-000016,ytd_gross,75634.65,1,0.98
APP-000016-DOC-04-EX-05,APP-000016-DOC-04,APP-000016,pay_frequency,bi_weekly,1,0.98
APP-000016-DOC-05-EX-01,APP-000016-DOC-05,APP-000016,tax_year,2025,1,0.98
APP-000016-DOC-05-EX-02,APP-000016-DOC-05,APP-000016,employer_name,Thornhill Insurance Brokers,1,0.98
APP-000016-DOC-05-EX-03,APP-000016-DOC-05,APP-000016,annual_wages,126511.50,1,0.98
APP-000016-DOC-06-EX-01,APP-000016-DOC-06,APP-000016,employer_name,Thornhill Insurance Brokers,1,0.98
APP-000016-DOC-06-EX-02,APP-000016-DOC-06,APP-000016,employment_start_date,2026-08-12,1,0.98
APP-000016-DOC-06-EX-03,APP-000016-DOC-06,APP-000016,employment_status,Current,1,0.98
APP-000016-DOC-06-EX-04,APP-000016-DOC-06,APP-000016,position,Broker,1,0.98
APP-000016-DOC-07-EX-01,APP-000016-DOC-07,APP-000016,institution,Sablefield Trust,1,0.98
APP-000016-DOC-07-EX-02,APP-000016-DOC-07,APP-000016,account_masked,******0057,1,0.98
APP-000016-DOC-07-EX-03,APP-000016-DOC-07,APP-000016,closing_balance,42175.44,1,0.98
APP-000016-DOC-07-EX-04,APP-000016-DOC-07,APP-000016,statement_period_end,2026-08-03,1,0.98
APP-000016-DOC-08-EX-01,APP-000016-DOC-08,APP-000016,institution,Sablefield Trust,1,0.98
APP-000016-DOC-08-EX-02,APP-000016-DOC-08,APP-000016,account_masked,******0058,1,0.98
APP-000016-DOC-08-EX-03,APP-000016-DOC-08,APP-000016,closing_balance,78325.83,1,0.98
APP-000016-DOC-08-EX-04,APP-000016-DOC-08,APP-000016,statement_period_end,2026-08-03,1,0.98
APP-000016-DOC-09-EX-01,APP-000016-DOC-09,APP-000016,verified_balance,11880.04,1,0.98
APP-000016-DOC-09-EX-02,APP-000016-DOC-09,APP-000016,asset_type,brokerage,1,0.98
APP-000016-DOC-10-EX-01,APP-000016-DOC-10,APP-000016,verified_balance,12672.03,1,0.98
APP-000016-DOC-10-EX-02,APP-000016-DOC-10,APP-000016,asset_type,retirement,1,0.98
APP-000016-DOC-11-EX-01,APP-000016-DOC-11,APP-000016,purchase_price,530000.00,1,0.98
APP-000016-DOC-11-EX-02,APP-000016-DOC-11,APP-000016,contract_date,2026-07-17,1,0.98
APP-000016-DOC-11-EX-03,APP-000016-DOC-11,APP-000016,earnest_money,5300.00,1,0.98
APP-000016-DOC-11-EX-04,APP-000016-DOC-11,APP-000016,seller_credits,10600.00,1,0.98
APP-000016-DOC-12-EX-01,APP-000016-DOC-12,APP-000016,appraised_value,540600.00,1,0.98
APP-000016-DOC-12-EX-02,APP-000016-DOC-12,APP-000016,effective_date,2026-07-19,1,0.98
APP-000016-DOC-12-EX-03,APP-000016-DOC-12,APP-000016,condition_rating,C3,1,0.98
APP-000016-DOC-13-EX-01,APP-000016-DOC-13,APP-000016,lien_position,1,1,0.98
APP-000016-DOC-13-EX-02,APP-000016-DOC-13,APP-000016,exception_count,1,1,0.98
APP-000016-DOC-14-EX-01,APP-000016-DOC-14,APP-000016,coverage_amount,424000.00,1,0.98
APP-000016-DOC-14-EX-02,APP-000016-DOC-14,APP-000016,annual_premium,1854.96,1,0.98
APP-000016-DOC-14-EX-03,APP-000016-DOC-14,APP-000016,effective_date,2026-09-02,1,0.98
APP-000016-DOC-15-EX-01,APP-000016-DOC-15,APP-000016,applicant_statement,provided,1,0.98
APP-000016-DOC-16-EX-01,APP-000016-DOC-16,APP-000016,open_condition_count,1,1,0.98
APP-000017-DOC-01-EX-01,APP-000017-DOC-01,APP-000017,application_id,APP-000017,1,0.98
APP-000017-DOC-01-EX-02,APP-000017-DOC-01,APP-000017,loan_purpose,purchase,1,0.98
APP-000017-DOC-01-EX-03,APP-000017-DOC-01,APP-000017,requested_loan_amount,986400.00,1,0.98
APP-000017-DOC-01-EX-04,APP-000017-DOC-01,APP-000017,occupancy_type,primary_residence,1,0.98
APP-000017-DOC-01-EX-05,APP-000017-DOC-01,APP-000017,declared_monthly_income,29275.00,1,0.98
APP-000017-DOC-02-EX-01,APP-000017-DOC-02,APP-000017,identity_verification_status,VERIFIED,1,0.98
APP-000017-DOC-02-EX-02,APP-000017-DOC-02,APP-000017,verified_name,Ruth Lindstrom,1,0.98
APP-000017-DOC-02-EX-03,APP-000017-DOC-02,APP-000017,verified_date_of_birth,1989-02-10,1,0.98
APP-000017-DOC-03-EX-01,APP-000017-DOC-03,APP-000017,score_1,763,1,0.98
APP-000017-DOC-03-EX-02,APP-000017-DOC-03,APP-000017,score_2,768,1,0.98
APP-000017-DOC-03-EX-03,APP-000017-DOC-03,APP-000017,score_3,778,1,0.98
APP-000017-DOC-03-EX-04,APP-000017-DOC-03,APP-000017,report_date,2026-07-22,1,0.98
APP-000017-DOC-03-EX-05,APP-000017-DOC-03,APP-000017,recent_inquiries_90d,1,1,0.98
APP-000017-DOC-04-EX-01,APP-000017-DOC-04,APP-000017,employer_name,Sable Ridge Software,1,0.98
APP-000017-DOC-04-EX-02,APP-000017-DOC-04,APP-000017,pay_period_end,2026-08-01,1,0.98
APP-000017-DOC-04-EX-03,APP-000017-DOC-04,APP-000017,gross_per_period,13511.54,1,0.98
APP-000017-DOC-04-EX-04,APP-000017-DOC-04,APP-000017,ytd_gross,202673.10,1,0.98
APP-000017-DOC-04-EX-05,APP-000017-DOC-04,APP-000017,pay_frequency,bi_weekly,1,0.98
APP-000017-DOC-05-EX-01,APP-000017-DOC-05,APP-000017,tax_year,2025,1,0.98
APP-000017-DOC-05-EX-02,APP-000017-DOC-05,APP-000017,employer_name,Sable Ridge Software,1,0.98
APP-000017-DOC-05-EX-03,APP-000017-DOC-05,APP-000017,annual_wages,339004.50,1,0.98
APP-000017-DOC-06-EX-01,APP-000017-DOC-06,APP-000017,employer_name,Sable Ridge Software,1,0.98
APP-000017-DOC-06-EX-02,APP-000017-DOC-06,APP-000017,employment_start_date,2022-02-12,1,0.98
APP-000017-DOC-06-EX-03,APP-000017-DOC-06,APP-000017,employment_status,Current,1,0.98
APP-000017-DOC-06-EX-04,APP-000017-DOC-06,APP-000017,position,Systems Analyst,1,0.98
APP-000017-DOC-07-EX-01,APP-000017-DOC-07,APP-000017,institution,Sablefield Trust,1,0.98
APP-000017-DOC-07-EX-02,APP-000017-DOC-07,APP-000017,account_masked,******0061,1,0.98
APP-000017-DOC-07-EX-03,APP-000017-DOC-07,APP-000017,closing_balance,147519.39,1,0.98
APP-000017-DOC-07-EX-04,APP-000017-DOC-07,APP-000017,statement_period_end,2026-08-03,1,0.98
APP-000017-DOC-08-EX-01,APP-000017-DOC-08,APP-000017,institution,Sablefield Trust,1,0.98
APP-000017-DOC-08-EX-02,APP-000017-DOC-08,APP-000017,account_masked,******0062,1,0.98
APP-000017-DOC-08-EX-03,APP-000017-DOC-08,APP-000017,closing_balance,273964.58,1,0.98
APP-000017-DOC-08-EX-04,APP-000017-DOC-08,APP-000017,statement_period_end,2026-08-03,1,0.98
APP-000017-DOC-09-EX-01,APP-000017-DOC-09,APP-000017,verified_balance,31837.84,1,0.98
APP-000017-DOC-09-EX-02,APP-000017-DOC-09,APP-000017,asset_type,brokerage,1,0.98
APP-000017-DOC-10-EX-01,APP-000017-DOC-10,APP-000017,verified_balance,33960.37,1,0.98
APP-000017-DOC-10-EX-02,APP-000017-DOC-10,APP-000017,asset_type,retirement,1,0.98
APP-000017-DOC-11-EX-01,APP-000017-DOC-11,APP-000017,purchase_price,1370000.00,1,0.98
APP-000017-DOC-11-EX-02,APP-000017-DOC-11,APP-000017,contract_date,2026-07-17,1,0.98
APP-000017-DOC-11-EX-03,APP-000017-DOC-11,APP-000017,earnest_money,13700.00,1,0.98
APP-000017-DOC-11-EX-04,APP-000017-DOC-11,APP-000017,seller_credits,27400.00,1,0.98
APP-000017-DOC-12-EX-01,APP-000017-DOC-12,APP-000017,appraised_value,1397400.00,1,0.98
APP-000017-DOC-12-EX-02,APP-000017-DOC-12,APP-000017,effective_date,2026-07-19,1,0.98
APP-000017-DOC-12-EX-03,APP-000017-DOC-12,APP-000017,condition_rating,C3,1,0.98
APP-000017-DOC-13-EX-01,APP-000017-DOC-13,APP-000017,lien_position,1,1,0.98
APP-000017-DOC-13-EX-02,APP-000017-DOC-13,APP-000017,exception_count,1,1,0.98
APP-000017-DOC-14-EX-01,APP-000017-DOC-14,APP-000017,coverage_amount,986400.00,1,0.98
APP-000017-DOC-14-EX-02,APP-000017-DOC-14,APP-000017,annual_premium,4794.96,1,0.98
APP-000017-DOC-14-EX-03,APP-000017-DOC-14,APP-000017,effective_date,2026-09-02,1,0.98
APP-000018-DOC-01-EX-01,APP-000018-DOC-01,APP-000018,application_id,APP-000018,1,0.98
APP-000018-DOC-01-EX-02,APP-000018-DOC-01,APP-000018,loan_purpose,purchase,1,0.98
APP-000018-DOC-01-EX-03,APP-000018-DOC-01,APP-000018,requested_loan_amount,1645000.00,1,0.98
APP-000018-DOC-01-EX-04,APP-000018-DOC-01,APP-000018,occupancy_type,primary_residence,1,0.98
APP-000018-DOC-01-EX-05,APP-000018-DOC-01,APP-000018,declared_monthly_income,44991.67,1,0.98
APP-000018-DOC-02-EX-01,APP-000018-DOC-02,APP-000018,identity_verification_status,VERIFIED,1,0.98
APP-000018-DOC-02-EX-02,APP-000018-DOC-02,APP-000018,verified_name,Isaac Quintero,1,0.98
APP-000018-DOC-02-EX-03,APP-000018-DOC-02,APP-000018,verified_date_of_birth,1974-08-26,1,0.98
APP-000018-DOC-03-EX-01,APP-000018-DOC-03,APP-000018,score_1,780,1,0.98
APP-000018-DOC-03-EX-02,APP-000018-DOC-03,APP-000018,score_2,784,1,0.98
APP-000018-DOC-03-EX-03,APP-000018-DOC-03,APP-000018,score_3,791,1,0.98
APP-000018-DOC-03-EX-04,APP-000018-DOC-03,APP-000018,report_date,2026-08-14,1,0.98
APP-000018-DOC-03-EX-05,APP-000018-DOC-03,APP-000018,recent_inquiries_90d,1,1,0.98
APP-000018-DOC-04-EX-01,APP-000018-DOC-04,APP-000018,employer_name,Northgate Public Schools,1,0.98
APP-000018-DOC-04-EX-02,APP-000018-DOC-04,APP-000018,pay_period_end,2026-08-24,1,0.98
APP-000018-DOC-04-EX-03,APP-000018-DOC-04,APP-000018,gross_per_period,20765.39,1,0.98
APP-000018-DOC-04-EX-04,APP-000018-DOC-04,APP-000018,ytd_gross,332246.24,1,0.98
APP-000018-DOC-04-EX-05,APP-000018-DOC-04,APP-000018,pay_frequency,bi_weekly,1,0.98
APP-000018-DOC-05-EX-01,APP-000018-DOC-05,APP-000018,tax_year,2025,1,0.98
APP-000018-DOC-05-EX-02,APP-000018-DOC-05,APP-000018,employer_name,Northgate Public Schools,1,0.98
APP-000018-DOC-05-EX-03,APP-000018-DOC-05,APP-000018,annual_wages,521003.54,1,0.98
APP-000018-DOC-06-EX-01,APP-000018-DOC-06,APP-000018,employer_name,Northgate Public Schools,1,0.98
APP-000018-DOC-06-EX-02,APP-000018-DOC-06,APP-000018,employment_start_date,2022-03-04,1,0.98
APP-000018-DOC-06-EX-03,APP-000018-DOC-06,APP-000018,employment_status,Current,1,0.98
APP-000018-DOC-06-EX-04,APP-000018-DOC-06,APP-000018,position,Classroom Teacher,1,0.98
APP-000018-DOC-07-EX-01,APP-000018-DOC-07,APP-000018,institution,Sablefield Trust,1,0.98
APP-000018-DOC-07-EX-02,APP-000018-DOC-07,APP-000018,account_masked,******0065,1,0.98
APP-000018-DOC-07-EX-03,APP-000018-DOC-07,APP-000018,closing_balance,285477.14,1,0.98
APP-000018-DOC-07-EX-04,APP-000018-DOC-07,APP-000018,statement_period_end,2026-08-26,1,0.98
APP-000018-DOC-08-EX-01,APP-000018-DOC-08,APP-000018,institution,Sablefield Trust,1,0.98
APP-000018-DOC-08-EX-02,APP-000018-DOC-08,APP-000018,account_masked,******0066,1,0.98
APP-000018-DOC-08-EX-03,APP-000018-DOC-08,APP-000018,closing_balance,530171.84,1,0.98
APP-000018-DOC-08-EX-04,APP-000018-DOC-08,APP-000018,statement_period_end,2026-08-26,1,0.98
APP-000018-DOC-09-EX-01,APP-000018-DOC-09,APP-000018,verified_balance,57082.43,1,0.98
APP-000018-DOC-09-EX-02,APP-000018-DOC-09,APP-000018,asset_type,brokerage,1,0.98
APP-000018-DOC-10-EX-01,APP-000018-DOC-10,APP-000018,verified_balance,60887.92,1,0.98
APP-000018-DOC-10-EX-02,APP-000018-DOC-10,APP-000018,asset_type,retirement,1,0.98
APP-000018-DOC-11-EX-01,APP-000018-DOC-11,APP-000018,purchase_price,2350000.00,1,0.98
APP-000018-DOC-11-EX-02,APP-000018-DOC-11,APP-000018,contract_date,2026-08-09,1,0.98
APP-000018-DOC-11-EX-03,APP-000018-DOC-11,APP-000018,earnest_money,23500.00,1,0.98
APP-000018-DOC-11-EX-04,APP-000018-DOC-11,APP-000018,seller_credits,0,1,0.98
APP-000018-DOC-12-EX-01,APP-000018-DOC-12,APP-000018,appraised_value,2397000.00,1,0.98
APP-000018-DOC-12-EX-02,APP-000018-DOC-12,APP-000018,effective_date,2026-08-11,1,0.98
APP-000018-DOC-12-EX-03,APP-000018-DOC-12,APP-000018,condition_rating,C3,1,0.98
APP-000018-DOC-13-EX-01,APP-000018-DOC-13,APP-000018,lien_position,1,1,0.98
APP-000018-DOC-13-EX-02,APP-000018-DOC-13,APP-000018,exception_count,1,1,0.98
APP-000018-DOC-14-EX-01,APP-000018-DOC-14,APP-000018,coverage_amount,1645000.00,1,0.98
APP-000018-DOC-14-EX-02,APP-000018-DOC-14,APP-000018,annual_premium,8225.04,1,0.98
APP-000018-DOC-14-EX-03,APP-000018-DOC-14,APP-000018,effective_date,2026-09-25,1,0.98
APP-000019-DOC-01-EX-01,APP-000019-DOC-01,APP-000019,application_id,APP-000019,1,0.98
APP-000019-DOC-01-EX-02,APP-000019-DOC-01,APP-000019,loan_purpose,purchase,1,0.98
APP-000019-DOC-01-EX-03,APP-000019-DOC-01,APP-000019,requested_loan_amount,193000.00,1,0.98
APP-000019-DOC-01-EX-04,APP-000019-DOC-01,APP-000019,occupancy_type,primary_residence,1,0.98
APP-000019-DOC-01-EX-05,APP-000019-DOC-01,APP-000019,declared_monthly_income,5275.00,1,0.98
APP-000019-DOC-02-EX-01,APP-000019-DOC-02,APP-000019,identity_verification_status,VERIFIED,1,0.98
APP-000019-DOC-02-EX-02,APP-000019-DOC-02,APP-000019,verified_name,Winona Underhill,1,0.98
APP-000019-DOC-02-EX-03,APP-000019-DOC-02,APP-000019,verified_date_of_birth,1976-08-28,1,0.98
APP-000019-DOC-03-EX-01,APP-000019-DOC-03,APP-000019,score_1,633,1,0.98
APP-000019-DOC-03-EX-02,APP-000019-DOC-03,APP-000019,score_2,642,1,0.98
APP-000019-DOC-03-EX-03,APP-000019-DOC-03,APP-000019,score_3,654,1,0.98
APP-000019-DOC-03-EX-04,APP-000019-DOC-03,APP-000019,report_date,2026-07-22,1,0.98
APP-000019-DOC-03-EX-05,APP-000019-DOC-03,APP-000019,recent_inquiries_90d,1,1,0.98
APP-000019-DOC-04-EX-01,APP-000019-DOC-04,APP-000019,employer_name,Harborline Logistics,1,0.98
APP-000019-DOC-04-EX-02,APP-000019-DOC-04,APP-000019,pay_period_end,2026-08-01,1,0.98
APP-000019-DOC-04-EX-03,APP-000019-DOC-04,APP-000019,gross_per_period,1412.08,1,0.98
APP-000019-DOC-04-EX-04,APP-000019-DOC-04,APP-000019,ytd_gross,21181.20,1,0.98
APP-000019-DOC-04-EX-05,APP-000019-DOC-04,APP-000019,pay_frequency,bi_weekly,1,0.98
APP-000019-DOC-05-EX-01,APP-000019-DOC-05,APP-000019,tax_year,2025,1,0.98
APP-000019-DOC-05-EX-02,APP-000019-DOC-05,APP-000019,employer_name,Harborline Logistics,1,0.98
APP-000019-DOC-05-EX-03,APP-000019-DOC-05,APP-000019,annual_wages,35429.01,1,0.98
APP-000019-DOC-06-EX-01,APP-000019-DOC-06,APP-000019,employer_name,Harborline Logistics,1,0.98
APP-000019-DOC-06-EX-02,APP-000019-DOC-06,APP-000019,employment_start_date,2022-02-12,1,0.98
APP-000019-DOC-06-EX-03,APP-000019-DOC-06,APP-000019,employment_status,Current,1,0.98
APP-000019-DOC-06-EX-04,APP-000019-DOC-06,APP-000019,position,Warehouse Planner,1,0.98
APP-000019-DOC-07-EX-01,APP-000019-DOC-07,APP-000019,employer_name,Grayson Municipal Authority,1,0.98
APP-000019-DOC-07-EX-02,APP-000019-DOC-07,APP-000019,pay_period_end,2026-08-01,1,0.98
APP-000019-DOC-07-EX-03,APP-000019-DOC-07,APP-000019,gross_per_period,1022.54,1,0.98
APP-000019-DOC-07-EX-04,APP-000019-DOC-07,APP-000019,ytd_gross,15338.10,1,0.98
APP-000019-DOC-07-EX-05,APP-000019-DOC-07,APP-000019,pay_frequency,bi_weekly,1,0.98
APP-000019-DOC-08-EX-01,APP-000019-DOC-08,APP-000019,tax_year,2025,1,0.98
APP-000019-DOC-08-EX-02,APP-000019-DOC-08,APP-000019,employer_name,Grayson Municipal Authority,1,0.98
APP-000019-DOC-08-EX-03,APP-000019-DOC-08,APP-000019,annual_wages,25655.49,1,0.98
APP-000019-DOC-09-EX-01,APP-000019-DOC-09,APP-000019,employer_name,Grayson Municipal Authority,1,0.98
APP-000019-DOC-09-EX-02,APP-000019-DOC-09,APP-000019,employment_start_date,2022-09-12,1,0.98
APP-000019-DOC-09-EX-03,APP-000019-DOC-09,APP-000019,employment_status,Current,1,0.98
APP-000019-DOC-09-EX-04,APP-000019-DOC-09,APP-000019,position,Inspector,1,0.98
APP-000019-DOC-10-EX-01,APP-000019-DOC-10,APP-000019,institution,Northwind Community Bank,1,0.98
APP-000019-DOC-10-EX-02,APP-000019-DOC-10,APP-000019,account_masked,******0069,1,0.98
APP-000019-DOC-10-EX-03,APP-000019-DOC-10,APP-000019,closing_balance,4497.04,1,0.98
APP-000019-DOC-10-EX-04,APP-000019-DOC-10,APP-000019,statement_period_end,2026-08-03,1,0.98
APP-000019-DOC-11-EX-01,APP-000019-DOC-11,APP-000019,institution,Northwind Community Bank,1,0.98
APP-000019-DOC-11-EX-02,APP-000019-DOC-11,APP-000019,account_masked,******0070,1,0.98
APP-000019-DOC-11-EX-03,APP-000019-DOC-11,APP-000019,closing_balance,8351.65,1,0.98
APP-000019-DOC-11-EX-04,APP-000019-DOC-11,APP-000019,statement_period_end,2026-08-03,1,0.98
APP-000019-DOC-12-EX-01,APP-000019-DOC-12,APP-000019,verified_balance,1435.01,1,0.98
APP-000019-DOC-12-EX-02,APP-000019-DOC-12,APP-000019,asset_type,brokerage,1,0.98
APP-000019-DOC-13-EX-01,APP-000019-DOC-13,APP-000019,verified_balance,1530.68,1,0.98
APP-000019-DOC-13-EX-02,APP-000019-DOC-13,APP-000019,asset_type,retirement,1,0.98
APP-000019-DOC-14-EX-01,APP-000019-DOC-14,APP-000019,purchase_price,200000.00,1,0.98
APP-000019-DOC-14-EX-02,APP-000019-DOC-14,APP-000019,contract_date,2026-07-17,1,0.98
APP-000019-DOC-14-EX-03,APP-000019-DOC-14,APP-000019,earnest_money,2000.00,1,0.98
APP-000019-DOC-14-EX-04,APP-000019-DOC-14,APP-000019,seller_credits,0,1,0.98
APP-000019-DOC-15-EX-01,APP-000019-DOC-15,APP-000019,appraised_value,204000.00,1,0.98
APP-000019-DOC-15-EX-02,APP-000019-DOC-15,APP-000019,effective_date,2026-07-19,1,0.98
APP-000019-DOC-15-EX-03,APP-000019-DOC-15,APP-000019,condition_rating,C3,1,0.98
APP-000019-DOC-16-EX-01,APP-000019-DOC-16,APP-000019,lien_position,1,1,0.98
APP-000019-DOC-16-EX-02,APP-000019-DOC-16,APP-000019,exception_count,1,1,0.98
APP-000019-DOC-17-EX-01,APP-000019-DOC-17,APP-000019,coverage_amount,193000.00,1,0.98
APP-000019-DOC-17-EX-02,APP-000019-DOC-17,APP-000019,annual_premium,699.96,1,0.98
APP-000019-DOC-17-EX-03,APP-000019-DOC-17,APP-000019,effective_date,2026-09-02,1,0.98
APP-000020-DOC-01-EX-01,APP-000020-DOC-01,APP-000020,application_id,APP-000020,1,0.98
APP-000020-DOC-01-EX-02,APP-000020-DOC-01,APP-000020,loan_purpose,purchase,1,0.98
APP-000020-DOC-01-EX-03,APP-000020-DOC-01,APP-000020,requested_loan_amount,180000.00,1,0.98
APP-000020-DOC-01-EX-04,APP-000020-DOC-01,APP-000020,occupancy_type,primary_residence,1,0.98
APP-000020-DOC-01-EX-05,APP-000020-DOC-01,APP-000020,declared_monthly_income,3100.00,1,0.98
APP-000020-DOC-02-EX-01,APP-000020-DOC-02,APP-000020,identity_verification_status,VERIFIED,1,0.98
APP-000020-DOC-02-EX-02,APP-000020-DOC-02,APP-000020,verified_name,Winona Nakagawa,1,0.98
APP-000020-DOC-02-EX-03,APP-000020-DOC-02,APP-000020,verified_date_of_birth,1980-10-18,1,0.98
APP-000020-DOC-03-EX-01,APP-000020-DOC-03,APP-000020,score_1,692,1,0.98
APP-000020-DOC-03-EX-02,APP-000020-DOC-03,APP-000020,score_2,698,1,0.98
APP-000020-DOC-03-EX-03,APP-000020-DOC-03,APP-000020,score_3,710,1,0.98
APP-000020-DOC-03-EX-04,APP-000020-DOC-03,APP-000020,report_date,2026-07-22,1,0.98
APP-000020-DOC-03-EX-05,APP-000020-DOC-03,APP-000020,recent_inquiries_90d,1,1,0.98
APP-000020-DOC-04-EX-01,APP-000020-DOC-04,APP-000020,employer_name,Pinewater Utilities District,1,0.98
APP-000020-DOC-04-EX-02,APP-000020-DOC-04,APP-000020,pay_period_end,2026-08-01,1,0.98
APP-000020-DOC-04-EX-03,APP-000020-DOC-04,APP-000020,gross_per_period,1430.77,1,0.98
APP-000020-DOC-04-EX-04,APP-000020-DOC-04,APP-000020,ytd_gross,21461.55,1,0.98
APP-000020-DOC-04-EX-05,APP-000020-DOC-04,APP-000020,pay_frequency,bi_weekly,1,0.98
APP-000020-DOC-05-EX-01,APP-000020-DOC-05,APP-000020,tax_year,2025,1,0.98
APP-000020-DOC-05-EX-02,APP-000020-DOC-05,APP-000020,employer_name,Pinewater Utilities District,1,0.98
APP-000020-DOC-05-EX-03,APP-000020-DOC-05,APP-000020,annual_wages,35898.00,1,0.98
APP-000020-DOC-06-EX-01,APP-000020-DOC-06,APP-000020,employer_name,Pinewater Utilities District,1,0.98
APP-000020-DOC-06-EX-02,APP-000020-DOC-06,APP-000020,employment_start_date,2022-02-12,1,0.98
APP-000020-DOC-06-EX-03,APP-000020-DOC-06,APP-000020,employment_status,Current,1,0.98
APP-000020-DOC-06-EX-04,APP-000020-DOC-06,APP-000020,position,Compliance Officer,1,0.98
APP-000020-DOC-07-EX-01,APP-000020-DOC-07,APP-000020,institution,Cascade Mutual Credit Union,1,0.98
APP-000020-DOC-07-EX-02,APP-000020-DOC-07,APP-000020,account_masked,******0073,1,0.98
APP-000020-DOC-07-EX-03,APP-000020-DOC-07,APP-000020,closing_balance,2557.21,1,0.98
APP-000020-DOC-07-EX-04,APP-000020-DOC-07,APP-000020,statement_period_end,2026-08-03,1,0.98
APP-000020-DOC-08-EX-01,APP-000020-DOC-08,APP-000020,institution,Cascade Mutual Credit Union,1,0.98
APP-000020-DOC-08-EX-02,APP-000020-DOC-08,APP-000020,account_masked,******0074,1,0.98
APP-000020-DOC-08-EX-03,APP-000020-DOC-08,APP-000020,closing_balance,4749.11,1,0.98
APP-000020-DOC-08-EX-04,APP-000020-DOC-08,APP-000020,statement_period_end,2026-08-03,1,0.98
APP-000020-DOC-09-EX-01,APP-000020-DOC-09,APP-000020,verified_balance,1935.14,1,0.98
APP-000020-DOC-09-EX-02,APP-000020-DOC-09,APP-000020,asset_type,brokerage,1,0.98
APP-000020-DOC-10-EX-01,APP-000020-DOC-10,APP-000020,verified_balance,2064.15,1,0.98
APP-000020-DOC-10-EX-02,APP-000020-DOC-10,APP-000020,asset_type,retirement,1,0.98
APP-000020-DOC-11-EX-01,APP-000020-DOC-11,APP-000020,purchase_price,180000.00,1,0.98
APP-000020-DOC-11-EX-02,APP-000020-DOC-11,APP-000020,contract_date,2026-07-17,1,0.98
APP-000020-DOC-11-EX-03,APP-000020-DOC-11,APP-000020,earnest_money,1800.00,1,0.98
APP-000020-DOC-11-EX-04,APP-000020-DOC-11,APP-000020,seller_credits,0,1,0.98
APP-000020-DOC-12-EX-01,APP-000020-DOC-12,APP-000020,appraised_value,183600.00,1,0.98
APP-000020-DOC-12-EX-02,APP-000020-DOC-12,APP-000020,effective_date,2026-07-19,1,0.98
APP-000020-DOC-12-EX-03,APP-000020-DOC-12,APP-000020,condition_rating,C3,1,0.98
APP-000020-DOC-13-EX-01,APP-000020-DOC-13,APP-000020,lien_position,1,1,0.98
APP-000020-DOC-13-EX-02,APP-000020-DOC-13,APP-000020,exception_count,1,1,0.98
APP-000020-DOC-14-EX-01,APP-000020-DOC-14,APP-000020,coverage_amount,180000.00,1,0.98
APP-000020-DOC-14-EX-02,APP-000020-DOC-14,APP-000020,annual_premium,630.00,1,0.98
APP-000020-DOC-14-EX-03,APP-000020-DOC-14,APP-000020,effective_date,2026-09-02,1,0.98
APP-000021-DOC-01-EX-01,APP-000021-DOC-01,APP-000021,application_id,APP-000021,1,0.98
APP-000021-DOC-01-EX-02,APP-000021-DOC-01,APP-000021,loan_purpose,purchase,1,0.98
APP-000021-DOC-01-EX-03,APP-000021-DOC-01,APP-000021,requested_loan_amount,210000.00,1,0.98
APP-000021-DOC-01-EX-04,APP-000021-DOC-01,APP-000021,occupancy_type,primary_residence,1,0.98
APP-000021-DOC-01-EX-05,APP-000021-DOC-01,APP-000021,declared_monthly_income,5791.67,1,0.98
APP-000021-DOC-02-EX-01,APP-000021-DOC-02,APP-000021,identity_verification_status,VERIFIED,1,0.98
APP-000021-DOC-02-EX-02,APP-000021-DOC-02,APP-000021,verified_name,Rashid Ivanova,1,0.98
APP-000021-DOC-02-EX-03,APP-000021-DOC-02,APP-000021,verified_date_of_birth,1998-01-05,1,0.98
APP-000021-DOC-03-EX-01,APP-000021-DOC-03,APP-000021,score_1,690,1,0.98
APP-000021-DOC-03-EX-02,APP-000021-DOC-03,APP-000021,score_2,704,1,0.98
APP-000021-DOC-03-EX-03,APP-000021-DOC-03,APP-000021,score_3,712,1,0.98
APP-000021-DOC-03-EX-04,APP-000021-DOC-03,APP-000021,report_date,2026-07-22,1,0.98
APP-000021-DOC-03-EX-05,APP-000021-DOC-03,APP-000021,recent_inquiries_90d,1,1,0.98
APP-000021-DOC-04-EX-01,APP-000021-DOC-04,APP-000021,employer_name,Thornhill Insurance Brokers,1,0.98
APP-000021-DOC-04-EX-02,APP-000021-DOC-04,APP-000021,pay_period_end,2026-08-01,1,0.98
APP-000021-DOC-04-EX-03,APP-000021-DOC-04,APP-000021,gross_per_period,2673.08,1,0.98
APP-000021-DOC-04-EX-04,APP-000021-DOC-04,APP-000021,ytd_gross,40096.20,1,0.98
APP-000021-DOC-04-EX-05,APP-000021-DOC-04,APP-000021,pay_frequency,bi_weekly,1,0.98
APP-000021-DOC-05-EX-01,APP-000021-DOC-05,APP-000021,tax_year,2025,1,0.98
APP-000021-DOC-05-EX-02,APP-000021-DOC-05,APP-000021,employer_name,Thornhill Insurance Brokers,1,0.98
APP-000021-DOC-05-EX-03,APP-000021-DOC-05,APP-000021,annual_wages,67067.54,1,0.98
APP-000021-DOC-06-EX-01,APP-000021-DOC-06,APP-000021,employer_name,Thornhill Insurance Brokers,1,0.98
APP-000021-DOC-06-EX-02,APP-000021-DOC-06,APP-000021,employment_start_date,2022-02-12,1,0.98
APP-000021-DOC-06-EX-03,APP-000021-DOC-06,APP-000021,employment_status,Current,1,0.98
APP-000021-DOC-06-EX-04,APP-000021-DOC-06,APP-000021,position,Broker,1,0.98
APP-000021-DOC-07-EX-01,APP-000021-DOC-07,APP-000021,institution,Sablefield Trust,1,0.98
APP-000021-DOC-07-EX-02,APP-000021-DOC-07,APP-000021,account_masked,******0077,1,0.98
APP-000021-DOC-07-EX-03,APP-000021-DOC-07,APP-000021,closing_balance,2477.85,1,0.98
APP-000021-DOC-07-EX-04,APP-000021-DOC-07,APP-000021,statement_period_end,2026-08-03,1,0.98
APP-000021-DOC-08-EX-01,APP-000021-DOC-08,APP-000021,institution,Sablefield Trust,1,0.98
APP-000021-DOC-08-EX-02,APP-000021-DOC-08,APP-000021,account_masked,******0078,1,0.98
APP-000021-DOC-08-EX-03,APP-000021-DOC-08,APP-000021,closing_balance,4601.72,1,0.98
APP-000021-DOC-08-EX-04,APP-000021-DOC-08,APP-000021,statement_period_end,2026-08-03,1,0.98
APP-000021-DOC-09-EX-01,APP-000021-DOC-09,APP-000021,verified_balance,2026.53,1,0.98
APP-000021-DOC-09-EX-02,APP-000021-DOC-09,APP-000021,asset_type,brokerage,1,0.98
APP-000021-DOC-10-EX-01,APP-000021-DOC-10,APP-000021,verified_balance,2161.63,1,0.98
APP-000021-DOC-10-EX-02,APP-000021-DOC-10,APP-000021,asset_type,retirement,1,0.98
APP-000021-DOC-11-EX-01,APP-000021-DOC-11,APP-000021,purchase_price,210000.00,1,0.98
APP-000021-DOC-11-EX-02,APP-000021-DOC-11,APP-000021,contract_date,2026-07-17,1,0.98
APP-000021-DOC-11-EX-03,APP-000021-DOC-11,APP-000021,earnest_money,2100.00,1,0.98
APP-000021-DOC-11-EX-04,APP-000021-DOC-11,APP-000021,seller_credits,0,1,0.98
APP-000021-DOC-12-EX-01,APP-000021-DOC-12,APP-000021,appraised_value,214200.00,1,0.98
APP-000021-DOC-12-EX-02,APP-000021-DOC-12,APP-000021,effective_date,2026-07-19,1,0.98
APP-000021-DOC-12-EX-03,APP-000021-DOC-12,APP-000021,condition_rating,C3,1,0.98
APP-000021-DOC-13-EX-01,APP-000021-DOC-13,APP-000021,lien_position,1,1,0.98
APP-000021-DOC-13-EX-02,APP-000021-DOC-13,APP-000021,exception_count,1,1,0.98
APP-000021-DOC-14-EX-01,APP-000021-DOC-14,APP-000021,coverage_amount,210000.00,1,0.98
APP-000021-DOC-14-EX-02,APP-000021-DOC-14,APP-000021,annual_premium,735.00,1,0.98
APP-000021-DOC-14-EX-03,APP-000021-DOC-14,APP-000021,effective_date,2026-09-02,1,0.98
APP-000022-DOC-01-EX-01,APP-000022-DOC-01,APP-000022,application_id,APP-000022,1,0.98
APP-000022-DOC-01-EX-02,APP-000022-DOC-01,APP-000022,loan_purpose,rate_term_refinance,1,0.98
APP-000022-DOC-01-EX-03,APP-000022-DOC-01,APP-000022,requested_loan_amount,381888.00,1,0.98
APP-000022-DOC-01-EX-04,APP-000022-DOC-01,APP-000022,occupancy_type,primary_residence,1,0.98
APP-000022-DOC-01-EX-05,APP-000022-DOC-01,APP-000022,declared_monthly_income,11491.67,1,0.98
APP-000022-DOC-02-EX-01,APP-000022-DOC-02,APP-000022,identity_verification_status,VERIFIED,1,0.98
APP-000022-DOC-02-EX-02,APP-000022-DOC-02,APP-000022,verified_name,Silas Kirilenko,1,0.98
APP-000022-DOC-02-EX-03,APP-000022-DOC-02,APP-000022,verified_date_of_birth,2002-11-28,1,0.98
APP-000022-DOC-03-EX-01,APP-000022-DOC-03,APP-000022,score_1,733,1,0.98
APP-000022-DOC-03-EX-02,APP-000022-DOC-03,APP-000022,score_2,742,1,0.98
APP-000022-DOC-03-EX-03,APP-000022-DOC-03,APP-000022,score_3,747,1,0.98
APP-000022-DOC-03-EX-04,APP-000022-DOC-03,APP-000022,report_date,2026-07-22,1,0.98
APP-000022-DOC-03-EX-05,APP-000022-DOC-03,APP-000022,recent_inquiries_90d,1,1,0.98
APP-000022-DOC-04-EX-01,APP-000022-DOC-04,APP-000022,employer_name,Latchford Construction,1,0.98
APP-000022-DOC-04-EX-02,APP-000022-DOC-04,APP-000022,pay_period_end,2026-08-01,1,0.98
APP-000022-DOC-04-EX-03,APP-000022-DOC-04,APP-000022,gross_per_period,3076.23,1,0.98
APP-000022-DOC-04-EX-04,APP-000022-DOC-04,APP-000022,ytd_gross,46143.45,1,0.98
APP-000022-DOC-04-EX-05,APP-000022-DOC-04,APP-000022,pay_frequency,bi_weekly,1,0.98
APP-000022-DOC-05-EX-01,APP-000022-DOC-05,APP-000022,tax_year,2025,1,0.98
APP-000022-DOC-05-EX-02,APP-000022-DOC-05,APP-000022,employer_name,Latchford Construction,1,0.98
APP-000022-DOC-05-EX-03,APP-000022-DOC-05,APP-000022,annual_wages,77182.67,1,0.98
APP-000022-DOC-06-EX-01,APP-000022-DOC-06,APP-000022,employer_name,Latchford Construction,1,0.98
APP-000022-DOC-06-EX-02,APP-000022-DOC-06,APP-000022,employment_start_date,2022-02-12,1,0.98
APP-000022-DOC-06-EX-03,APP-000022-DOC-06,APP-000022,employment_status,Current,1,0.98
APP-000022-DOC-06-EX-04,APP-000022-DOC-06,APP-000022,position,Site Supervisor,1,0.98
APP-000022-DOC-07-EX-01,APP-000022-DOC-07,APP-000022,employer_name,Kestrel Freight Services,1,0.98
APP-000022-DOC-07-EX-02,APP-000022-DOC-07,APP-000022,pay_period_end,2026-08-01,1,0.98
APP-000022-DOC-07-EX-03,APP-000022-DOC-07,APP-000022,gross_per_period,2227.62,1,0.98
APP-000022-DOC-07-EX-04,APP-000022-DOC-07,APP-000022,ytd_gross,33414.30,1,0.98
APP-000022-DOC-07-EX-05,APP-000022-DOC-07,APP-000022,pay_frequency,bi_weekly,1,0.98
APP-000022-DOC-08-EX-01,APP-000022-DOC-08,APP-000022,tax_year,2025,1,0.98
APP-000022-DOC-08-EX-02,APP-000022-DOC-08,APP-000022,employer_name,Kestrel Freight Services,1,0.98
APP-000022-DOC-08-EX-03,APP-000022-DOC-08,APP-000022,annual_wages,55890.87,1,0.98
APP-000022-DOC-09-EX-01,APP-000022-DOC-09,APP-000022,employer_name,Kestrel Freight Services,1,0.98
APP-000022-DOC-09-EX-02,APP-000022-DOC-09,APP-000022,employment_start_date,2022-09-12,1,0.98
APP-000022-DOC-09-EX-03,APP-000022-DOC-09,APP-000022,employment_status,Current,1,0.98
APP-000022-DOC-09-EX-04,APP-000022-DOC-09,APP-000022,position,Logistics Planner,1,0.98
APP-000022-DOC-10-EX-01,APP-000022-DOC-10,APP-000022,institution,Harbor Point Savings,1,0.98
APP-000022-DOC-10-EX-02,APP-000022-DOC-10,APP-000022,account_masked,******0081,1,0.98
APP-000022-DOC-10-EX-03,APP-000022-DOC-10,APP-000022,closing_balance,7408.37,1,0.98
APP-000022-DOC-10-EX-04,APP-000022-DOC-10,APP-000022,statement_period_end,2026-08-03,1,0.98
APP-000022-DOC-11-EX-01,APP-000022-DOC-11,APP-000022,institution,Harbor Point Savings,1,0.98
APP-000022-DOC-11-EX-02,APP-000022-DOC-11,APP-000022,account_masked,******0082,1,0.98
APP-000022-DOC-11-EX-03,APP-000022-DOC-11,APP-000022,closing_balance,13758.39,1,0.98
APP-000022-DOC-11-EX-04,APP-000022-DOC-11,APP-000022,statement_period_end,2026-08-03,1,0.98
APP-000022-DOC-12-EX-01,APP-000022-DOC-12,APP-000022,verified_balance,6249.14,1,0.98
APP-000022-DOC-12-EX-02,APP-000022-DOC-12,APP-000022,asset_type,brokerage,1,0.98
APP-000022-DOC-13-EX-01,APP-000022-DOC-13,APP-000022,verified_balance,6665.73,1,0.98
APP-000022-DOC-13-EX-02,APP-000022-DOC-13,APP-000022,asset_type,retirement,1,0.98
APP-000022-DOC-14-EX-01,APP-000022-DOC-14,APP-000022,payoff_amount,313148.16,1,0.98
APP-000022-DOC-14-EX-02,APP-000022-DOC-14,APP-000022,ownership_months,46,1,0.98
APP-000022-DOC-15-EX-01,APP-000022-DOC-15,APP-000022,appraised_value,489600.00,1,0.98
APP-000022-DOC-15-EX-02,APP-000022-DOC-15,APP-000022,effective_date,2026-07-19,1,0.98
APP-000022-DOC-15-EX-03,APP-000022-DOC-15,APP-000022,condition_rating,C3,1,0.98
APP-000022-DOC-16-EX-01,APP-000022-DOC-16,APP-000022,lien_position,1,1,0.98
APP-000022-DOC-16-EX-02,APP-000022-DOC-16,APP-000022,exception_count,1,1,0.98
APP-000022-DOC-17-EX-01,APP-000022-DOC-17,APP-000022,coverage_amount,381888.00,1,0.98
APP-000022-DOC-17-EX-02,APP-000022-DOC-17,APP-000022,annual_premium,1713.60,1,0.98
APP-000022-DOC-17-EX-03,APP-000022-DOC-17,APP-000022,effective_date,2026-09-02,1,0.98
APP-000023-DOC-01-EX-01,APP-000023-DOC-01,APP-000023,application_id,APP-000023,1,0.98
APP-000023-DOC-01-EX-02,APP-000023-DOC-01,APP-000023,loan_purpose,cash_out_refinance,1,0.98
APP-000023-DOC-01-EX-03,APP-000023-DOC-01,APP-000023,requested_loan_amount,332112.00,1,0.98
APP-000023-DOC-01-EX-04,APP-000023-DOC-01,APP-000023,occupancy_type,primary_residence,1,0.98
APP-000023-DOC-01-EX-05,APP-000023-DOC-01,APP-000023,declared_monthly_income,8950.00,1,0.98
APP-000023-DOC-02-EX-01,APP-000023-DOC-02,APP-000023,identity_verification_status,VERIFIED,1,0.98
APP-000023-DOC-02-EX-02,APP-000023-DOC-02,APP-000023,verified_name,Caleb Fairbanks,1,0.98
APP-000023-DOC-02-EX-03,APP-000023-DOC-02,APP-000023,verified_date_of_birth,1982-08-01,1,0.98
APP-000023-DOC-03-EX-01,APP-000023-DOC-03,APP-000023,score_1,711,1,0.98
APP-000023-DOC-03-EX-02,APP-000023-DOC-03,APP-000023,score_2,724,1,0.98
APP-000023-DOC-03-EX-03,APP-000023-DOC-03,APP-000023,score_3,729,1,0.98
APP-000023-DOC-03-EX-04,APP-000023-DOC-03,APP-000023,report_date,2026-07-22,1,0.98
APP-000023-DOC-03-EX-05,APP-000023-DOC-03,APP-000023,recent_inquiries_90d,1,1,0.98
APP-000023-DOC-04-EX-01,APP-000023-DOC-04,APP-000023,employer_name,Thornhill Insurance Brokers,1,0.98
APP-000023-DOC-04-EX-02,APP-000023-DOC-04,APP-000023,pay_period_end,2026-08-01,1,0.98
APP-000023-DOC-04-EX-03,APP-000023-DOC-04,APP-000023,gross_per_period,2395.85,1,0.98
APP-000023-DOC-04-EX-04,APP-000023-DOC-04,APP-000023,ytd_gross,35937.75,1,0.98
APP-000023-DOC-04-EX-05,APP-000023-DOC-04,APP-000023,pay_frequency,bi_weekly,1,0.98
APP-000023-DOC-05-EX-01,APP-000023-DOC-05,APP-000023,tax_year,2025,1,0.98
APP-000023-DOC-05-EX-02,APP-000023-DOC-05,APP-000023,employer_name,Thornhill Insurance Brokers,1,0.98
APP-000023-DOC-05-EX-03,APP-000023-DOC-05,APP-000023,annual_wages,60111.78,1,0.98
APP-000023-DOC-06-EX-01,APP-000023-DOC-06,APP-000023,employer_name,Thornhill Insurance Brokers,1,0.98
APP-000023-DOC-06-EX-02,APP-000023-DOC-06,APP-000023,employment_start_date,2022-02-12,1,0.98
APP-000023-DOC-06-EX-03,APP-000023-DOC-06,APP-000023,employment_status,Current,1,0.98
APP-000023-DOC-06-EX-04,APP-000023-DOC-06,APP-000023,position,Underwriting Assistant,1,0.98
APP-000023-DOC-07-EX-01,APP-000023-DOC-07,APP-000023,employer_name,Orchard Point Hospitality,1,0.98
APP-000023-DOC-07-EX-02,APP-000023-DOC-07,APP-000023,pay_period_end,2026-08-01,1,0.98
APP-000023-DOC-07-EX-03,APP-000023-DOC-07,APP-000023,gross_per_period,1734.92,1,0.98
APP-000023-DOC-07-EX-04,APP-000023-DOC-07,APP-000023,ytd_gross,26023.80,1,0.98
APP-000023-DOC-07-EX-05,APP-000023-DOC-07,APP-000023,pay_frequency,bi_weekly,1,0.98
APP-000023-DOC-08-EX-01,APP-000023-DOC-08,APP-000023,tax_year,2025,1,0.98
APP-000023-DOC-08-EX-02,APP-000023-DOC-08,APP-000023,employer_name,Orchard Point Hospitality,1,0.98
APP-000023-DOC-08-EX-03,APP-000023-DOC-08,APP-000023,annual_wages,43529.22,1,0.98
APP-000023-DOC-09-EX-01,APP-000023-DOC-09,APP-000023,employer_name,Orchard Point Hospitality,1,0.98
APP-000023-DOC-09-EX-02,APP-000023-DOC-09,APP-000023,employment_start_date,2022-09-12,1,0.98
APP-000023-DOC-09-EX-03,APP-000023-DOC-09,APP-000023,employment_status,Current,1,0.98
APP-000023-DOC-09-EX-04,APP-000023-DOC-09,APP-000023,position,Front Office Manager,1,0.98
APP-000023-DOC-10-EX-01,APP-000023-DOC-10,APP-000023,institution,Cascade Mutual Credit Union,1,0.98
APP-000023-DOC-10-EX-02,APP-000023-DOC-10,APP-000023,account_masked,******0085,1,0.98
APP-000023-DOC-10-EX-03,APP-000023-DOC-10,APP-000023,closing_balance,3997.53,1,0.98
APP-000023-DOC-10-EX-04,APP-000023-DOC-10,APP-000023,statement_period_end,2026-08-03,1,0.98
APP-000023-DOC-11-EX-01,APP-000023-DOC-11,APP-000023,institution,Cascade Mutual Credit Union,1,0.98
APP-000023-DOC-11-EX-02,APP-000023-DOC-11,APP-000023,account_masked,******0086,1,0.98
APP-000023-DOC-11-EX-03,APP-000023-DOC-11,APP-000023,closing_balance,7423.99,1,0.98
APP-000023-DOC-11-EX-04,APP-000023-DOC-11,APP-000023,statement_period_end,2026-08-03,1,0.98
APP-000023-DOC-12-EX-01,APP-000023-DOC-12,APP-000023,verified_balance,6489.50,1,0.98
APP-000023-DOC-12-EX-02,APP-000023-DOC-12,APP-000023,asset_type,brokerage,1,0.98
APP-000023-DOC-13-EX-01,APP-000023-DOC-13,APP-000023,verified_balance,6922.13,1,0.98
APP-000023-DOC-13-EX-02,APP-000023-DOC-13,APP-000023,asset_type,retirement,1,0.98
APP-000023-DOC-14-EX-01,APP-000023-DOC-14,APP-000023,payoff_amount,272331.84,1,0.98
APP-000023-DOC-14-EX-02,APP-000023-DOC-14,APP-000023,ownership_months,38,1,0.98
APP-000023-DOC-15-EX-01,APP-000023-DOC-15,APP-000023,appraised_value,448800.00,1,0.98
APP-000023-DOC-15-EX-02,APP-000023-DOC-15,APP-000023,effective_date,2026-07-19,1,0.98
APP-000023-DOC-15-EX-03,APP-000023-DOC-15,APP-000023,condition_rating,C3,1,0.98
APP-000023-DOC-16-EX-01,APP-000023-DOC-16,APP-000023,lien_position,1,1,0.98
APP-000023-DOC-16-EX-02,APP-000023-DOC-16,APP-000023,exception_count,1,1,0.98
APP-000023-DOC-17-EX-01,APP-000023-DOC-17,APP-000023,coverage_amount,332112.00,1,0.98
APP-000023-DOC-17-EX-02,APP-000023-DOC-17,APP-000023,annual_premium,1570.80,1,0.98
APP-000023-DOC-17-EX-03,APP-000023-DOC-17,APP-000023,effective_date,2026-09-02,1,0.98
APP-000024-DOC-01-EX-01,APP-000024-DOC-01,APP-000024,application_id,APP-000024,1,0.98
APP-000024-DOC-01-EX-02,APP-000024-DOC-01,APP-000024,loan_purpose,cash_out_refinance,1,0.98
APP-000024-DOC-01-EX-03,APP-000024-DOC-01,APP-000024,requested_loan_amount,349860.00,1,0.98
APP-000024-DOC-01-EX-04,APP-000024-DOC-01,APP-000024,occupancy_type,primary_residence,1,0.98
APP-000024-DOC-01-EX-05,APP-000024-DOC-01,APP-000024,declared_monthly_income,10258.33,1,0.98
APP-000024-DOC-02-EX-01,APP-000024-DOC-02,APP-000024,identity_verification_status,VERIFIED,1,0.98
APP-000024-DOC-02-EX-02,APP-000024-DOC-02,APP-000024,verified_name,Rosa Guerrero,1,0.98
APP-000024-DOC-02-EX-03,APP-000024-DOC-02,APP-000024,verified_date_of_birth,1969-01-24,1,0.98
APP-000024-DOC-03-EX-01,APP-000024-DOC-03,APP-000024,score_1,732,1,0.98
APP-000024-DOC-03-EX-02,APP-000024-DOC-03,APP-000024,score_2,736,1,0.98
APP-000024-DOC-03-EX-03,APP-000024-DOC-03,APP-000024,score_3,739,1,0.98
APP-000024-DOC-03-EX-04,APP-000024-DOC-03,APP-000024,report_date,2026-07-22,1,0.98
APP-000024-DOC-03-EX-05,APP-000024-DOC-03,APP-000024,recent_inquiries_90d,1,1,0.98
APP-000024-DOC-04-EX-01,APP-000024-DOC-04,APP-000024,employer_name,Fenwick Structural Engineering,1,0.98
APP-000024-DOC-04-EX-02,APP-000024-DOC-04,APP-000024,pay_period_end,2026-08-01,1,0.98
APP-000024-DOC-04-EX-03,APP-000024-DOC-04,APP-000024,gross_per_period,4734.61,1,0.98
APP-000024-DOC-04-EX-04,APP-000024-DOC-04,APP-000024,ytd_gross,71019.15,1,0.98
APP-000024-DOC-04-EX-05,APP-000024-DOC-04,APP-000024,pay_frequency,bi_weekly,1,0.98
APP-000024-DOC-05-EX-01,APP-000024-DOC-05,APP-000024,tax_year,2025,1,0.98
APP-000024-DOC-05-EX-02,APP-000024-DOC-05,APP-000024,employer_name,Fenwick Structural Engineering,1,0.98
APP-000024-DOC-05-EX-03,APP-000024-DOC-05,APP-000024,annual_wages,118791.46,1,0.98
APP-000024-DOC-06-EX-01,APP-000024-DOC-06,APP-000024,employer_name,Fenwick Structural Engineering,1,0.98
APP-000024-DOC-06-EX-02,APP-000024-DOC-06,APP-000024,employment_start_date,2022-02-12,1,0.98
APP-000024-DOC-06-EX-03,APP-000024-DOC-06,APP-000024,employment_status,Current,1,0.98
APP-000024-DOC-06-EX-04,APP-000024-DOC-06,APP-000024,position,Structural Engineer,1,0.98
APP-000024-DOC-07-EX-01,APP-000024-DOC-07,APP-000024,institution,Sablefield Trust,1,0.98
APP-000024-DOC-07-EX-02,APP-000024-DOC-07,APP-000024,account_masked,******0089,1,0.98
APP-000024-DOC-07-EX-03,APP-000024-DOC-07,APP-000024,closing_balance,5153.94,1,0.98
APP-000024-DOC-07-EX-04,APP-000024-DOC-07,APP-000024,statement_period_end,2026-08-03,1,0.98
APP-000024-DOC-08-EX-01,APP-000024-DOC-08,APP-000024,institution,Sablefield Trust,1,0.98
APP-000024-DOC-08-EX-02,APP-000024-DOC-08,APP-000024,account_masked,******0090,1,0.98
APP-000024-DOC-08-EX-03,APP-000024-DOC-08,APP-000024,closing_balance,9571.61,1,0.98
APP-000024-DOC-08-EX-04,APP-000024-DOC-08,APP-000024,statement_period_end,2026-08-03,1,0.98
APP-000024-DOC-09-EX-01,APP-000024-DOC-09,APP-000024,verified_balance,8366.80,1,0.98
APP-000024-DOC-09-EX-02,APP-000024-DOC-09,APP-000024,asset_type,brokerage,1,0.98
APP-000024-DOC-10-EX-01,APP-000024-DOC-10,APP-000024,verified_balance,8924.58,1,0.98
APP-000024-DOC-10-EX-02,APP-000024-DOC-10,APP-000024,asset_type,retirement,1,0.98
APP-000024-DOC-11-EX-01,APP-000024-DOC-11,APP-000024,payoff_amount,286885.20,1,0.98
APP-000024-DOC-11-EX-02,APP-000024-DOC-11,APP-000024,ownership_months,4,1,0.98
APP-000024-DOC-12-EX-01,APP-000024-DOC-12,APP-000024,appraised_value,499800.00,1,0.98
APP-000024-DOC-12-EX-02,APP-000024-DOC-12,APP-000024,effective_date,2026-07-19,1,0.98
APP-000024-DOC-12-EX-03,APP-000024-DOC-12,APP-000024,condition_rating,C3,1,0.98
APP-000024-DOC-13-EX-01,APP-000024-DOC-13,APP-000024,lien_position,1,1,0.98
APP-000024-DOC-13-EX-02,APP-000024-DOC-13,APP-000024,exception_count,1,1,0.98
APP-000024-DOC-14-EX-01,APP-000024-DOC-14,APP-000024,coverage_amount,349860.00,1,0.98
APP-000024-DOC-14-EX-02,APP-000024-DOC-14,APP-000024,annual_premium,1749.36,1,0.98
APP-000024-DOC-14-EX-03,APP-000024-DOC-14,APP-000024,effective_date,2026-09-02,1,0.98
APP-000025-DOC-01-EX-01,APP-000025-DOC-01,APP-000025,application_id,APP-000025,1,0.98
APP-000025-DOC-01-EX-02,APP-000025-DOC-01,APP-000025,loan_purpose,purchase,1,0.98
APP-000025-DOC-01-EX-03,APP-000025-DOC-01,APP-000025,requested_loan_amount,348500.00,1,0.98
APP-000025-DOC-01-EX-04,APP-000025-DOC-01,APP-000025,occupancy_type,second_home,1,0.98
APP-000025-DOC-01-EX-05,APP-000025-DOC-01,APP-000025,declared_monthly_income,9533.33,1,0.98
APP-000025-DOC-02-EX-01,APP-000025-DOC-02,APP-000025,identity_verification_status,VERIFIED,1,0.98
APP-000025-DOC-02-EX-02,APP-000025-DOC-02,APP-000025,verified_name,Ruth Lindstrom,1,0.98
APP-000025-DOC-02-EX-03,APP-000025-DOC-02,APP-000025,verified_date_of_birth,1979-08-15,1,0.98
APP-000025-DOC-03-EX-01,APP-000025-DOC-03,APP-000025,score_1,750,1,0.98
APP-000025-DOC-03-EX-02,APP-000025-DOC-03,APP-000025,score_2,756,1,0.98
APP-000025-DOC-03-EX-03,APP-000025-DOC-03,APP-000025,score_3,765,1,0.98
APP-000025-DOC-03-EX-04,APP-000025-DOC-03,APP-000025,report_date,2026-07-22,1,0.98
APP-000025-DOC-03-EX-05,APP-000025-DOC-03,APP-000025,recent_inquiries_90d,1,1,0.98
APP-000025-DOC-04-EX-01,APP-000025-DOC-04,APP-000025,employer_name,Pinewater Utilities District,1,0.98
APP-000025-DOC-04-EX-02,APP-000025-DOC-04,APP-000025,pay_period_end,2026-08-01,1,0.98
APP-000025-DOC-04-EX-03,APP-000025-DOC-04,APP-000025,gross_per_period,4400.00,1,0.98
APP-000025-DOC-04-EX-04,APP-000025-DOC-04,APP-000025,ytd_gross,66000.00,1,0.98
APP-000025-DOC-04-EX-05,APP-000025-DOC-04,APP-000025,pay_frequency,bi_weekly,1,0.98
APP-000025-DOC-05-EX-01,APP-000025-DOC-05,APP-000025,tax_year,2025,1,0.98
APP-000025-DOC-05-EX-02,APP-000025-DOC-05,APP-000025,employer_name,Pinewater Utilities District,1,0.98
APP-000025-DOC-05-EX-03,APP-000025-DOC-05,APP-000025,annual_wages,110395.96,1,0.98
APP-000025-DOC-06-EX-01,APP-000025-DOC-06,APP-000025,employer_name,Pinewater Utilities District,1,0.98
APP-000025-DOC-06-EX-02,APP-000025-DOC-06,APP-000025,employment_start_date,2022-02-12,1,0.98
APP-000025-DOC-06-EX-03,APP-000025-DOC-06,APP-000025,employment_status,Current,1,0.98
APP-000025-DOC-06-EX-04,APP-000025-DOC-06,APP-000025,position,Compliance Officer,1,0.98
APP-000025-DOC-07-EX-01,APP-000025-DOC-07,APP-000025,institution,Harbor Point Savings,1,0.98
APP-000025-DOC-07-EX-02,APP-000025-DOC-07,APP-000025,account_masked,******0093,1,0.98
APP-000025-DOC-07-EX-03,APP-000025-DOC-07,APP-000025,closing_balance,17451.81,1,0.98
APP-000025-DOC-07-EX-04,APP-000025-DOC-07,APP-000025,statement_period_end,2026-08-03,1,0.98
APP-000025-DOC-08-EX-01,APP-000025-DOC-08,APP-000025,institution,Harbor Point Savings,1,0.98
APP-000025-DOC-08-EX-02,APP-000025-DOC-08,APP-000025,account_masked,******0094,1,0.98
APP-000025-DOC-08-EX-03,APP-000025-DOC-08,APP-000025,closing_balance,32410.49,1,0.98
APP-000025-DOC-08-EX-04,APP-000025-DOC-08,APP-000025,statement_period_end,2026-08-03,1,0.98
APP-000025-DOC-09-EX-01,APP-000025-DOC-09,APP-000025,verified_balance,5182.68,1,0.98
APP-000025-DOC-09-EX-02,APP-000025-DOC-09,APP-000025,asset_type,brokerage,1,0.98
APP-000025-DOC-10-EX-01,APP-000025-DOC-10,APP-000025,verified_balance,5528.18,1,0.98
APP-000025-DOC-10-EX-02,APP-000025-DOC-10,APP-000025,asset_type,retirement,1,0.98
APP-000025-DOC-11-EX-01,APP-000025-DOC-11,APP-000025,gift_amount,25000.00,1,0.98
APP-000025-DOC-11-EX-02,APP-000025-DOC-11,APP-000025,donor_relationship,parent,1,0.98
APP-000025-DOC-11-EX-03,APP-000025-DOC-11,APP-000025,no_repayment_statement,true,1,0.98
APP-000025-DOC-12-EX-01,APP-000025-DOC-12,APP-000025,purchase_price,410000.00,1,0.98
APP-000025-DOC-12-EX-02,APP-000025-DOC-12,APP-000025,contract_date,2026-07-17,1,0.98
APP-000025-DOC-12-EX-03,APP-000025-DOC-12,APP-000025,earnest_money,4100.00,1,0.98
APP-000025-DOC-12-EX-04,APP-000025-DOC-12,APP-000025,seller_credits,0,1,0.98
APP-000025-DOC-13-EX-01,APP-000025-DOC-13,APP-000025,appraised_value,418200.00,1,0.98
APP-000025-DOC-13-EX-02,APP-000025-DOC-13,APP-000025,effective_date,2026-07-19,1,0.98
APP-000025-DOC-13-EX-03,APP-000025-DOC-13,APP-000025,condition_rating,C3,1,0.98
APP-000025-DOC-14-EX-01,APP-000025-DOC-14,APP-000025,lien_position,1,1,0.98
APP-000025-DOC-14-EX-02,APP-000025-DOC-14,APP-000025,exception_count,1,1,0.98
APP-000025-DOC-15-EX-01,APP-000025-DOC-15,APP-000025,coverage_amount,348500.00,1,0.98
APP-000025-DOC-15-EX-02,APP-000025-DOC-15,APP-000025,annual_premium,1434.96,1,0.98
APP-000025-DOC-15-EX-03,APP-000025-DOC-15,APP-000025,effective_date,2026-09-02,1,0.98
APP-000026-DOC-01-EX-01,APP-000026-DOC-01,APP-000026,application_id,APP-000026,1,0.98
APP-000026-DOC-01-EX-02,APP-000026-DOC-01,APP-000026,loan_purpose,purchase,1,0.98
APP-000026-DOC-01-EX-03,APP-000026-DOC-01,APP-000026,requested_loan_amount,312000.00,1,0.98
APP-000026-DOC-01-EX-04,APP-000026-DOC-01,APP-000026,occupancy_type,investment,1,0.98
APP-000026-DOC-01-EX-05,APP-000026-DOC-01,APP-000026,declared_monthly_income,9325.00,1,0.98
APP-000026-DOC-02-EX-01,APP-000026-DOC-02,APP-000026,identity_verification_status,VERIFIED,1,0.98
APP-000026-DOC-02-EX-02,APP-000026-DOC-02,APP-000026,verified_name,Delia Nakamura,1,0.98
APP-000026-DOC-02-EX-03,APP-000026-DOC-02,APP-000026,verified_date_of_birth,1980-09-20,1,0.98
APP-000026-DOC-03-EX-01,APP-000026-DOC-03,APP-000026,score_1,749,1,0.98
APP-000026-DOC-03-EX-02,APP-000026-DOC-03,APP-000026,score_2,762,1,0.98
APP-000026-DOC-03-EX-03,APP-000026-DOC-03,APP-000026,score_3,768,1,0.98
APP-000026-DOC-03-EX-04,APP-000026-DOC-03,APP-000026,report_date,2026-07-22,1,0.98
APP-000026-DOC-03-EX-05,APP-000026-DOC-03,APP-000026,recent_inquiries_90d,1,1,0.98
APP-000026-DOC-04-EX-01,APP-000026-DOC-04,APP-000026,employer_name,Kestrel Freight Services,1,0.98
APP-000026-DOC-04-EX-02,APP-000026-DOC-04,APP-000026,pay_period_end,2026-08-01,1,0.98
APP-000026-DOC-04-EX-03,APP-000026-DOC-04,APP-000026,gross_per_period,4303.85,1,0.98
APP-000026-DOC-04-EX-04,APP-000026-DOC-04,APP-000026,ytd_gross,64557.75,1,0.98
APP-000026-DOC-04-EX-05,APP-000026-DOC-04,APP-000026,pay_frequency,bi_weekly,1,0.98
APP-000026-DOC-05-EX-01,APP-000026-DOC-05,APP-000026,tax_year,2025,1,0.98
APP-000026-DOC-05-EX-02,APP-000026-DOC-05,APP-000026,employer_name,Kestrel Freight Services,1,0.98
APP-000026-DOC-05-EX-03,APP-000026-DOC-05,APP-000026,annual_wages,107983.50,1,0.98
APP-000026-DOC-06-EX-01,APP-000026-DOC-06,APP-000026,employer_name,Kestrel Freight Services,1,0.98
APP-000026-DOC-06-EX-02,APP-000026-DOC-06,APP-000026,employment_start_date,2022-02-12,1,0.98
APP-000026-DOC-06-EX-03,APP-000026-DOC-06,APP-000026,employment_status,Current,1,0.98
APP-000026-DOC-06-EX-04,APP-000026-DOC-06,APP-000026,position,Dispatch Lead,1,0.98
APP-000026-DOC-07-EX-01,APP-000026-DOC-07,APP-000026,institution,Sablefield Trust,1,0.98
APP-000026-DOC-07-EX-02,APP-000026-DOC-07,APP-000026,account_masked,******0098,1,0.98
APP-000026-DOC-07-EX-03,APP-000026-DOC-07,APP-000026,closing_balance,22608.81,1,0.98
APP-000026-DOC-07-EX-04,APP-000026-DOC-07,APP-000026,statement_period_end,2026-08-03,1,0.98
APP-000026-DOC-08-EX-01,APP-000026-DOC-08,APP-000026,institution,Sablefield Trust,1,0.98
APP-000026-DOC-08-EX-02,APP-000026-DOC-08,APP-000026,account_masked,******0099,1,0.98
APP-000026-DOC-08-EX-03,APP-000026-DOC-08,APP-000026,closing_balance,41987.79,1,0.98
APP-000026-DOC-08-EX-04,APP-000026-DOC-08,APP-000026,statement_period_end,2026-08-03,1,0.98
APP-000026-DOC-09-EX-01,APP-000026-DOC-09,APP-000026,verified_balance,6762.33,1,0.98
APP-000026-DOC-09-EX-02,APP-000026-DOC-09,APP-000026,asset_type,brokerage,1,0.98
APP-000026-DOC-10-EX-01,APP-000026-DOC-10,APP-000026,verified_balance,7213.15,1,0.98
APP-000026-DOC-10-EX-02,APP-000026-DOC-10,APP-000026,asset_type,retirement,1,0.98
APP-000026-DOC-11-EX-01,APP-000026-DOC-11,APP-000026,gift_amount,30000.00,1,0.98
APP-000026-DOC-11-EX-02,APP-000026-DOC-11,APP-000026,donor_relationship,parent,1,0.98
APP-000026-DOC-11-EX-03,APP-000026-DOC-11,APP-000026,no_repayment_statement,true,1,0.98
APP-000026-DOC-12-EX-01,APP-000026-DOC-12,APP-000026,purchase_price,390000.00,1,0.98
APP-000026-DOC-12-EX-02,APP-000026-DOC-12,APP-000026,contract_date,2026-07-17,1,0.98
APP-000026-DOC-12-EX-03,APP-000026-DOC-12,APP-000026,earnest_money,3900.00,1,0.98
APP-000026-DOC-12-EX-04,APP-000026-DOC-12,APP-000026,seller_credits,0,1,0.98
APP-000026-DOC-13-EX-01,APP-000026-DOC-13,APP-000026,appraised_value,397800.00,1,0.98
APP-000026-DOC-13-EX-02,APP-000026-DOC-13,APP-000026,effective_date,2026-07-19,1,0.98
APP-000026-DOC-13-EX-03,APP-000026-DOC-13,APP-000026,condition_rating,C3,1,0.98
APP-000026-DOC-14-EX-01,APP-000026-DOC-14,APP-000026,lien_position,1,1,0.98
APP-000026-DOC-14-EX-02,APP-000026-DOC-14,APP-000026,exception_count,1,1,0.98
APP-000026-DOC-15-EX-01,APP-000026-DOC-15,APP-000026,coverage_amount,312000.00,1,0.98
APP-000026-DOC-15-EX-02,APP-000026-DOC-15,APP-000026,annual_premium,1365.00,1,0.98
APP-000026-DOC-15-EX-03,APP-000026-DOC-15,APP-000026,effective_date,2026-09-02,1,0.98
APP-000026-DOC-16-EX-01,APP-000026-DOC-16,APP-000026,applicant_statement,provided,1,0.98
APP-000026-DOC-17-EX-01,APP-000026-DOC-17,APP-000026,open_condition_count,1,1,0.98
APP-000027-DOC-01-EX-01,APP-000027-DOC-01,APP-000027,application_id,APP-000027,1,0.98
APP-000027-DOC-01-EX-02,APP-000027-DOC-01,APP-000027,loan_purpose,purchase,1,0.98
APP-000027-DOC-01-EX-03,APP-000027-DOC-01,APP-000027,requested_loan_amount,384000.00,1,0.98
APP-000027-DOC-01-EX-04,APP-000027-DOC-01,APP-000027,occupancy_type,primary_residence,1,0.98
APP-000027-DOC-01-EX-05,APP-000027-DOC-01,APP-000027,declared_monthly_income,10208.33,1,0.98
APP-000027-DOC-02-EX-01,APP-000027-DOC-02,APP-000027,identity_verification_status,VERIFIED,1,0.98
APP-000027-DOC-02-EX-02,APP-000027-DOC-02,APP-000027,verified_name,Ruth Blackwood,1,0.98
APP-000027-DOC-02-EX-03,APP-000027-DOC-02,APP-000027,verified_date_of_birth,1984-12-19,1,0.98
APP-000027-DOC-03-EX-01,APP-000027-DOC-03,APP-000027,score_1,683,1,0.98
APP-000027-DOC-03-EX-02,APP-000027-DOC-03,APP-000027,score_2,688,1,0.98
APP-000027-DOC-03-EX-03,APP-000027-DOC-03,APP-000027,score_3,692,1,0.98
APP-000027-DOC-03-EX-04,APP-000027-DOC-03,APP-000027,report_date,2026-07-22,1,0.98
APP-000027-DOC-03-EX-05,APP-000027-DOC-03,APP-000027,recent_inquiries_90d,1,1,0.98
APP-000027-DOC-04-EX-01,APP-000027-DOC-04,APP-000027,employer_name,Fenwick Structural Engineering,1,0.98
APP-000027-DOC-04-EX-02,APP-000027-DOC-04,APP-000027,pay_period_end,2026-08-01,1,0.98
APP-000027-DOC-04-EX-03,APP-000027-DOC-04,APP-000027,gross_per_period,2732.69,1,0.98
APP-000027-DOC-04-EX-04,APP-000027-DOC-04,APP-000027,ytd_gross,40990.35,1,0.98
APP-000027-DOC-04-EX-05,APP-000027-DOC-04,APP-000027,pay_frequency,bi_weekly,1,0.98
APP-000027-DOC-05-EX-01,APP-000027-DOC-05,APP-000027,tax_year,2025,1,0.98
APP-000027-DOC-05-EX-02,APP-000027-DOC-05,APP-000027,employer_name,Fenwick Structural Engineering,1,0.98
APP-000027-DOC-05-EX-03,APP-000027-DOC-05,APP-000027,annual_wages,68563.21,1,0.98
APP-000027-DOC-06-EX-01,APP-000027-DOC-06,APP-000027,employer_name,Fenwick Structural Engineering,1,0.98
APP-000027-DOC-06-EX-02,APP-000027-DOC-06,APP-000027,employment_start_date,2022-02-12,1,0.98
APP-000027-DOC-06-EX-03,APP-000027-DOC-06,APP-000027,employment_status,Current,1,0.98
APP-000027-DOC-06-EX-04,APP-000027-DOC-06,APP-000027,position,Structural Engineer,1,0.98
APP-000027-DOC-07-EX-01,APP-000027-DOC-07,APP-000027,employer_name,Latchford Construction,1,0.98
APP-000027-DOC-07-EX-02,APP-000027-DOC-07,APP-000027,pay_period_end,2026-08-01,1,0.98
APP-000027-DOC-07-EX-03,APP-000027-DOC-07,APP-000027,gross_per_period,1978.85,1,0.98
APP-000027-DOC-07-EX-04,APP-000027-DOC-07,APP-000027,ytd_gross,29682.75,1,0.98
APP-000027-DOC-07-EX-05,APP-000027-DOC-07,APP-000027,pay_frequency,bi_weekly,1,0.98
APP-000027-DOC-08-EX-01,APP-000027-DOC-08,APP-000027,tax_year,2025,1,0.98
APP-000027-DOC-08-EX-02,APP-000027-DOC-08,APP-000027,employer_name,Latchford Construction,1,0.98
APP-000027-DOC-08-EX-03,APP-000027-DOC-08,APP-000027,annual_wages,49649.25,1,0.98
APP-000027-DOC-09-EX-01,APP-000027-DOC-09,APP-000027,employer_name,Latchford Construction,1,0.98
APP-000027-DOC-09-EX-02,APP-000027-DOC-09,APP-000027,employment_start_date,2022-09-12,1,0.98
APP-000027-DOC-09-EX-03,APP-000027-DOC-09,APP-000027,employment_status,Current,1,0.98
APP-000027-DOC-09-EX-04,APP-000027-DOC-09,APP-000027,position,Project Coordinator,1,0.98
APP-000027-DOC-10-EX-01,APP-000027-DOC-10,APP-000027,institution,Cascade Mutual Credit Union,1,0.98
APP-000027-DOC-10-EX-02,APP-000027-DOC-10,APP-000027,account_masked,******0103,1,0.98
APP-000027-DOC-10-EX-03,APP-000027-DOC-10,APP-000027,closing_balance,37936.70,1,0.98
APP-000027-DOC-10-EX-04,APP-000027-DOC-10,APP-000027,statement_period_end,2026-08-03,1,0.98
APP-000027-DOC-11-EX-01,APP-000027-DOC-11,APP-000027,institution,Cascade Mutual Credit Union,1,0.98
APP-000027-DOC-11-EX-02,APP-000027-DOC-11,APP-000027,account_masked,******0104,1,0.98
APP-000027-DOC-11-EX-03,APP-000027-DOC-11,APP-000027,closing_balance,70453.88,1,0.98
APP-000027-DOC-11-EX-04,APP-000027-DOC-11,APP-000027,statement_period_end,2026-08-03,1,0.98
APP-000027-DOC-12-EX-01,APP-000027-DOC-12,APP-000027,verified_balance,4626.80,1,0.98
APP-000027-DOC-12-EX-02,APP-000027-DOC-12,APP-000027,asset_type,brokerage,1,0.98
APP-000027-DOC-13-EX-01,APP-000027-DOC-13,APP-000027,verified_balance,4935.25,1,0.98
APP-000027-DOC-13-EX-02,APP-000027-DOC-13,APP-000027,asset_type,retirement,1,0.98
APP-000027-DOC-14-EX-01,APP-000027-DOC-14,APP-000027,purchase_price,480000.00,1,0.98
APP-000027-DOC-14-EX-02,APP-000027-DOC-14,APP-000027,contract_date,2026-07-17,1,0.98
APP-000027-DOC-14-EX-03,APP-000027-DOC-14,APP-000027,earnest_money,4800.00,1,0.98
APP-000027-DOC-14-EX-04,APP-000027-DOC-14,APP-000027,seller_credits,0,1,0.98
APP-000027-DOC-15-EX-01,APP-000027-DOC-15,APP-000027,appraised_value,489600.00,1,0.98
APP-000027-DOC-15-EX-02,APP-000027-DOC-15,APP-000027,effective_date,2026-07-19,1,0.98
APP-000027-DOC-15-EX-03,APP-000027-DOC-15,APP-000027,condition_rating,C3,1,0.98
APP-000027-DOC-16-EX-01,APP-000027-DOC-16,APP-000027,lien_position,1,1,0.98
APP-000027-DOC-16-EX-02,APP-000027-DOC-16,APP-000027,exception_count,1,1,0.98
APP-000027-DOC-17-EX-01,APP-000027-DOC-17,APP-000027,coverage_amount,384000.00,1,0.98
APP-000027-DOC-17-EX-02,APP-000027-DOC-17,APP-000027,annual_premium,1680.00,1,0.98
APP-000027-DOC-17-EX-03,APP-000027-DOC-17,APP-000027,effective_date,2026-09-02,1,0.98
APP-000028-DOC-01-EX-01,APP-000028-DOC-01,APP-000028,application_id,APP-000028,1,0.98
APP-000028-DOC-01-EX-02,APP-000028-DOC-01,APP-000028,loan_purpose,purchase,1,0.98
APP-000028-DOC-01-EX-03,APP-000028-DOC-01,APP-000028,requested_loan_amount,312000.00,1,0.98
APP-000028-DOC-01-EX-04,APP-000028-DOC-01,APP-000028,occupancy_type,primary_residence,1,0.98
APP-000028-DOC-01-EX-05,APP-000028-DOC-01,APP-000028,declared_monthly_income,8383.33,1,0.98
APP-000028-DOC-02-EX-01,APP-000028-DOC-02,APP-000028,identity_verification_status,VERIFIED,1,0.98
APP-000028-DOC-02-EX-02,APP-000028-DOC-02,APP-000028,verified_name,Mateo Ivanova,1,0.98
APP-000028-DOC-02-EX-03,APP-000028-DOC-02,APP-000028,verified_date_of_birth,1977-02-24,1,0.98
APP-000028-DOC-03-EX-01,APP-000028-DOC-03,APP-000028,score_1,659,1,0.98
APP-000028-DOC-03-EX-02,APP-000028-DOC-03,APP-000028,score_2,664,1,0.98
APP-000028-DOC-03-EX-03,APP-000028-DOC-03,APP-000028,score_3,669,1,0.98
APP-000028-DOC-03-EX-04,APP-000028-DOC-03,APP-000028,report_date,2026-07-22,1,0.98
APP-000028-DOC-03-EX-05,APP-000028-DOC-03,APP-000028,recent_inquiries_90d,1,1,0.98
APP-000028-DOC-04-EX-01,APP-000028-DOC-04,APP-000028,employer_name,Verity Loom Textiles,1,0.98
APP-000028-DOC-04-EX-02,APP-000028-DOC-04,APP-000028,pay_period_end,2026-08-01,1,0.98
APP-000028-DOC-04-EX-03,APP-000028-DOC-04,APP-000028,gross_per_period,3869.23,1,0.98
APP-000028-DOC-04-EX-04,APP-000028-DOC-04,APP-000028,ytd_gross,58038.45,1,0.98
APP-000028-DOC-04-EX-05,APP-000028-DOC-04,APP-000028,pay_frequency,bi_weekly,1,0.98
APP-000028-DOC-05-EX-01,APP-000028-DOC-05,APP-000028,tax_year,2025,1,0.98
APP-000028-DOC-05-EX-02,APP-000028-DOC-05,APP-000028,employer_name,Verity Loom Textiles,1,0.98
APP-000028-DOC-05-EX-03,APP-000028-DOC-05,APP-000028,annual_wages,97078.96,1,0.98
APP-000028-DOC-06-EX-01,APP-000028-DOC-06,APP-000028,employer_name,Verity Loom Textiles,1,0.98
APP-000028-DOC-06-EX-02,APP-000028-DOC-06,APP-000028,employment_start_date,2022-02-12,1,0.98
APP-000028-DOC-06-EX-03,APP-000028-DOC-06,APP-000028,employment_status,Current,1,0.98
APP-000028-DOC-06-EX-04,APP-000028-DOC-06,APP-000028,position,Quality Engineer,1,0.98
APP-000028-DOC-07-EX-01,APP-000028-DOC-07,APP-000028,institution,Northwind Community Bank,1,0.98
APP-000028-DOC-07-EX-02,APP-000028-DOC-07,APP-000028,account_masked,******0107,1,0.98
APP-000028-DOC-07-EX-03,APP-000028-DOC-07,APP-000028,closing_balance,30529.16,1,0.98
APP-000028-DOC-07-EX-04,APP-000028-DOC-07,APP-000028,statement_period_end,2026-08-03,1,0.98
APP-000028-DOC-08-EX-01,APP-000028-DOC-08,APP-000028,institution,Northwind Community Bank,1,0.98
APP-000028-DOC-08-EX-02,APP-000028-DOC-08,APP-000028,account_masked,******0108,1,0.98
APP-000028-DOC-08-EX-03,APP-000028-DOC-08,APP-000028,closing_balance,56697.00,1,0.98
APP-000028-DOC-08-EX-04,APP-000028-DOC-08,APP-000028,statement_period_end,2026-08-03,1,0.98
APP-000028-DOC-09-EX-01,APP-000028-DOC-09,APP-000028,verified_balance,3039.91,1,0.98
APP-000028-DOC-09-EX-02,APP-000028-DOC-09,APP-000028,asset_type,brokerage,1,0.98
APP-000028-DOC-10-EX-01,APP-000028-DOC-10,APP-000028,verified_balance,3242.57,1,0.98
APP-000028-DOC-10-EX-02,APP-000028-DOC-10,APP-000028,asset_type,retirement,1,0.98
APP-000028-DOC-11-EX-01,APP-000028-DOC-11,APP-000028,purchase_price,390000.00,1,0.98
APP-000028-DOC-11-EX-02,APP-000028-DOC-11,APP-000028,contract_date,2026-07-17,1,0.98
APP-000028-DOC-11-EX-03,APP-000028-DOC-11,APP-000028,earnest_money,3900.00,1,0.98
APP-000028-DOC-11-EX-04,APP-000028-DOC-11,APP-000028,seller_credits,0,1,0.98
APP-000028-DOC-12-EX-01,APP-000028-DOC-12,APP-000028,appraised_value,397800.00,1,0.98
APP-000028-DOC-12-EX-02,APP-000028-DOC-12,APP-000028,effective_date,2026-07-19,1,0.98
APP-000028-DOC-12-EX-03,APP-000028-DOC-12,APP-000028,condition_rating,C3,1,0.98
APP-000028-DOC-13-EX-01,APP-000028-DOC-13,APP-000028,lien_position,1,1,0.98
APP-000028-DOC-13-EX-02,APP-000028-DOC-13,APP-000028,exception_count,1,1,0.98
APP-000028-DOC-14-EX-01,APP-000028-DOC-14,APP-000028,coverage_amount,312000.00,1,0.98
APP-000028-DOC-14-EX-02,APP-000028-DOC-14,APP-000028,annual_premium,1365.00,1,0.98
APP-000028-DOC-14-EX-03,APP-000028-DOC-14,APP-000028,effective_date,2026-09-02,1,0.98
APP-000029-DOC-01-EX-01,APP-000029-DOC-01,APP-000029,application_id,APP-000029,1,0.98
APP-000029-DOC-01-EX-02,APP-000029-DOC-01,APP-000029,loan_purpose,purchase,1,0.98
APP-000029-DOC-01-EX-03,APP-000029-DOC-01,APP-000029,requested_loan_amount,440000.00,1,0.98
APP-000029-DOC-01-EX-04,APP-000029-DOC-01,APP-000029,occupancy_type,primary_residence,1,0.98
APP-000029-DOC-01-EX-05,APP-000029-DOC-01,APP-000029,declared_monthly_income,13150.00,1,0.98
APP-000029-DOC-02-EX-01,APP-000029-DOC-02,APP-000029,identity_verification_status,VERIFIED,1,0.98
APP-000029-DOC-02-EX-02,APP-000029-DOC-02,APP-000029,verified_name,Tobias Delacroix,1,0.98
APP-000029-DOC-02-EX-03,APP-000029-DOC-02,APP-000029,verified_date_of_birth,1988-12-05,1,0.98
APP-000029-DOC-03-EX-01,APP-000029-DOC-03,APP-000029,score_1,660,1,0.98
APP-000029-DOC-03-EX-02,APP-000029-DOC-03,APP-000029,score_2,672,1,0.98
APP-000029-DOC-03-EX-03,APP-000029-DOC-03,APP-000029,score_3,682,1,0.98
APP-000029-DOC-03-EX-04,APP-000029-DOC-03,APP-000029,report_date,2026-07-22,1,0.98
APP-000029-DOC-03-EX-05,APP-000029-DOC-03,APP-000029,recent_inquiries_90d,1,1,0.98
APP-000029-DOC-04-EX-01,APP-000029-DOC-04,APP-000029,employer_name,Harborline Logistics,1,0.98
APP-000029-DOC-04-EX-02,APP-000029-DOC-04,APP-000029,pay_period_end,2026-08-01,1,0.98
APP-000029-DOC-04-EX-03,APP-000029-DOC-04,APP-000029,gross_per_period,6069.23,1,0.98
APP-000029-DOC-04-EX-04,APP-000029-DOC-04,APP-000029,ytd_gross,91038.45,1,0.98
APP-000029-DOC-04-EX-05,APP-000029-DOC-04,APP-000029,pay_frequency,bi_weekly,1,0.98
APP-000029-DOC-05-EX-01,APP-000029-DOC-05,APP-000029,tax_year,2025,1,0.98
APP-000029-DOC-05-EX-02,APP-000029-DOC-05,APP-000029,employer_name,Harborline Logistics,1,0.98
APP-000029-DOC-05-EX-03,APP-000029-DOC-05,APP-000029,annual_wages,152277.00,1,0.98
APP-000029-DOC-06-EX-01,APP-000029-DOC-06,APP-000029,employer_name,Harborline Logistics,1,0.98
APP-000029-DOC-06-EX-02,APP-000029-DOC-06,APP-000029,employment_start_date,2022-02-12,1,0.98
APP-000029-DOC-06-EX-03,APP-000029-DOC-06,APP-000029,employment_status,Current,1,0.98
APP-000029-DOC-06-EX-04,APP-000029-DOC-06,APP-000029,position,Operations Supervisor,1,0.98
APP-000029-DOC-07-EX-01,APP-000029-DOC-07,APP-000029,institution,Cascade Mutual Credit Union,1,0.98
APP-000029-DOC-07-EX-02,APP-000029-DOC-07,APP-000029,account_masked,******0111,1,0.98
APP-000029-DOC-07-EX-03,APP-000029-DOC-07,APP-000029,closing_balance,44957.64,1,0.98
APP-000029-DOC-07-EX-04,APP-000029-DOC-07,APP-000029,statement_period_end,2026-08-03,1,0.98
APP-000029-DOC-08-EX-01,APP-000029-DOC-08,APP-000029,institution,Cascade Mutual Credit Union,1,0.98
APP-000029-DOC-08-EX-02,APP-000029-DOC-08,APP-000029,account_masked,******0112,1,0.98
APP-000029-DOC-08-EX-03,APP-000029-DOC-08,APP-000029,closing_balance,83492.75,1,0.98
APP-000029-DOC-08-EX-04,APP-000029-DOC-08,APP-000029,statement_period_end,2026-08-03,1,0.98
APP-000029-DOC-09-EX-01,APP-000029-DOC-09,APP-000029,verified_balance,7152.48,1,0.98
APP-000029-DOC-09-EX-02,APP-000029-DOC-09,APP-000029,asset_type,brokerage,1,0.98
APP-000029-DOC-10-EX-01,APP-000029-DOC-10,APP-000029,verified_balance,7629.30,1,0.98
APP-000029-DOC-10-EX-02,APP-000029-DOC-10,APP-000029,asset_type,retirement,1,0.98
APP-000029-DOC-11-EX-01,APP-000029-DOC-11,APP-000029,purchase_price,550000.00,1,0.98
APP-000029-DOC-11-EX-02,APP-000029-DOC-11,APP-000029,contract_date,2026-07-17,1,0.98
APP-000029-DOC-11-EX-03,APP-000029-DOC-11,APP-000029,earnest_money,5500.00,1,0.98
APP-000029-DOC-11-EX-04,APP-000029-DOC-11,APP-000029,seller_credits,0,1,0.98
APP-000029-DOC-12-EX-01,APP-000029-DOC-12,APP-000029,appraised_value,561000.00,1,0.98
APP-000029-DOC-12-EX-02,APP-000029-DOC-12,APP-000029,effective_date,2026-07-19,1,0.98
APP-000029-DOC-12-EX-03,APP-000029-DOC-12,APP-000029,condition_rating,C3,1,0.98
APP-000029-DOC-13-EX-01,APP-000029-DOC-13,APP-000029,lien_position,1,1,0.98
APP-000029-DOC-13-EX-02,APP-000029-DOC-13,APP-000029,exception_count,1,1,0.98
APP-000029-DOC-14-EX-01,APP-000029-DOC-14,APP-000029,coverage_amount,440000.00,1,0.98
APP-000029-DOC-14-EX-02,APP-000029-DOC-14,APP-000029,annual_premium,1925.04,1,0.98
APP-000029-DOC-14-EX-03,APP-000029-DOC-14,APP-000029,effective_date,2026-09-02,1,0.98
APP-000030-DOC-01-EX-01,APP-000030-DOC-01,APP-000030,application_id,APP-000030,1,0.98
APP-000030-DOC-01-EX-02,APP-000030-DOC-01,APP-000030,loan_purpose,purchase,1,0.98
APP-000030-DOC-01-EX-03,APP-000030-DOC-01,APP-000030,requested_loan_amount,368000.00,1,0.98
APP-000030-DOC-01-EX-04,APP-000030-DOC-01,APP-000030,occupancy_type,primary_residence,1,0.98
APP-000030-DOC-01-EX-05,APP-000030-DOC-01,APP-000030,declared_monthly_income,10641.67,1,0.98
APP-000030-DOC-02-EX-01,APP-000030-DOC-02,APP-000030,identity_verification_status,VERIFIED,1,0.98
APP-000030-DOC-02-EX-02,APP-000030-DOC-02,APP-000030,verified_name,Andre Hargrave,1,0.98
APP-000030-DOC-02-EX-03,APP-000030-DOC-02,APP-000030,verified_date_of_birth,1975-12-20,1,0.98
APP-000030-DOC-03-EX-01,APP-000030-DOC-03,APP-000030,score_1,681,1,0.98
APP-000030-DOC-03-EX-02,APP-000030-DOC-03,APP-000030,score_2,694,1,0.98
APP-000030-DOC-03-EX-03,APP-000030-DOC-03,APP-000030,score_3,703,1,0.98
APP-000030-DOC-03-EX-04,APP-000030-DOC-03,APP-000030,report_date,2026-07-22,1,0.98
APP-000030-DOC-03-EX-05,APP-000030-DOC-03,APP-000030,recent_inquiries_90d,1,1,0.98
APP-000030-DOC-04-EX-01,APP-000030-DOC-04,APP-000030,employer_name,Sable Ridge Software,1,0.98
APP-000030-DOC-04-EX-02,APP-000030-DOC-04,APP-000030,pay_period_end,2026-08-01,1,0.98
APP-000030-DOC-04-EX-03,APP-000030-DOC-04,APP-000030,gross_per_period,4911.54,1,0.98
APP-000030-DOC-04-EX-04,APP-000030-DOC-04,APP-000030,ytd_gross,73673.10,1,0.98
APP-000030-DOC-04-EX-05,APP-000030-DOC-04,APP-000030,pay_frequency,bi_weekly,1,0.98
APP-000030-DOC-05-EX-01,APP-000030-DOC-05,APP-000030,tax_year,2025,1,0.98
APP-000030-DOC-05-EX-02,APP-000030-DOC-05,APP-000030,employer_name,Sable Ridge Software,1,0.98
APP-000030-DOC-05-EX-03,APP-000030-DOC-05,APP-000030,annual_wages,123230.54,1,0.98
APP-000030-DOC-06-EX-01,APP-000030-DOC-06,APP-000030,employer_name,Sable Ridge Software,1,0.98
APP-000030-DOC-06-EX-02,APP-000030-DOC-06,APP-000030,employment_start_date,2022-02-12,1,0.98
APP-000030-DOC-06-EX-03,APP-000030-DOC-06,APP-000030,employment_status,Current,1,0.98
APP-000030-DOC-06-EX-04,APP-000030-DOC-06,APP-000030,position,Software Engineer,1,0.98
APP-000030-DOC-07-EX-01,APP-000030-DOC-07,APP-000030,institution,Harbor Point Savings,1,0.98
APP-000030-DOC-07-EX-02,APP-000030-DOC-07,APP-000030,account_masked,******0115,1,0.98
APP-000030-DOC-07-EX-03,APP-000030-DOC-07,APP-000030,closing_balance,33070.20,1,0.98
APP-000030-DOC-07-EX-04,APP-000030-DOC-07,APP-000030,statement_period_end,2026-08-03,1,0.98
APP-000030-DOC-08-EX-01,APP-000030-DOC-08,APP-000030,institution,Harbor Point Savings,1,0.98
APP-000030-DOC-08-EX-02,APP-000030-DOC-08,APP-000030,account_masked,******0116,1,0.98
APP-000030-DOC-08-EX-03,APP-000030-DOC-08,APP-000030,closing_balance,61416.08,1,0.98
APP-000030-DOC-08-EX-04,APP-000030-DOC-08,APP-000030,statement_period_end,2026-08-03,1,0.98
APP-000030-DOC-09-EX-01,APP-000030-DOC-09,APP-000030,verified_balance,3858.66,1,0.98
APP-000030-DOC-09-EX-02,APP-000030-DOC-09,APP-000030,asset_type,brokerage,1,0.98
APP-000030-DOC-10-EX-01,APP-000030-DOC-10,APP-000030,verified_balance,4115.90,1,0.98
APP-000030-DOC-10-EX-02,APP-000030-DOC-10,APP-000030,asset_type,retirement,1,0.98
APP-000030-DOC-11-EX-01,APP-000030-DOC-11,APP-000030,purchase_price,460000.00,1,0.98
APP-000030-DOC-11-EX-02,APP-000030-DOC-11,APP-000030,contract_date,2026-07-17,1,0.98
APP-000030-DOC-11-EX-03,APP-000030-DOC-11,APP-000030,earnest_money,4600.00,1,0.98
APP-000030-DOC-11-EX-04,APP-000030-DOC-11,APP-000030,seller_credits,9200.00,1,0.98
APP-000030-DOC-12-EX-01,APP-000030-DOC-12,APP-000030,appraised_value,469200.00,1,0.98
APP-000030-DOC-12-EX-02,APP-000030-DOC-12,APP-000030,effective_date,2026-07-19,1,0.98
APP-000030-DOC-12-EX-03,APP-000030-DOC-12,APP-000030,condition_rating,C3,1,0.98
APP-000030-DOC-13-EX-01,APP-000030-DOC-13,APP-000030,lien_position,1,1,0.98
APP-000030-DOC-13-EX-02,APP-000030-DOC-13,APP-000030,exception_count,1,1,0.98
APP-000030-DOC-14-EX-01,APP-000030-DOC-14,APP-000030,coverage_amount,368000.00,1,0.98
APP-000030-DOC-14-EX-02,APP-000030-DOC-14,APP-000030,annual_premium,1610.04,1,0.98
APP-000030-DOC-14-EX-03,APP-000030-DOC-14,APP-000030,effective_date,2026-09-02,1,0.98
APP-000031-DOC-01-EX-01,APP-000031-DOC-01,APP-000031,application_id,APP-000031,1,0.98
APP-000031-DOC-01-EX-02,APP-000031-DOC-01,APP-000031,loan_purpose,purchase,1,0.98
APP-000031-DOC-01-EX-03,APP-000031-DOC-01,APP-000031,requested_loan_amount,424000.00,1,0.98
APP-000031-DOC-01-EX-04,APP-000031-DOC-01,APP-000031,occupancy_type,primary_residence,1,0.98
APP-000031-DOC-01-EX-05,APP-000031-DOC-01,APP-000031,declared_monthly_income,12066.67,1,0.98
APP-000031-DOC-02-EX-01,APP-000031-DOC-02,APP-000031,identity_verification_status,VERIFIED,1,0.98
APP-000031-DOC-02-EX-02,APP-000031-DOC-02,APP-000031,verified_name,Sofia Achterberg,1,0.98
APP-000031-DOC-02-EX-03,APP-000031-DOC-02,APP-000031,verified_date_of_birth,1975-09-06,1,0.98
APP-000031-DOC-03-EX-01,APP-000031-DOC-03,APP-000031,score_1,664,1,0.98
APP-000031-DOC-03-EX-02,APP-000031-DOC-03,APP-000031,score_2,678,1,0.98
APP-000031-DOC-03-EX-03,APP-000031-DOC-03,APP-000031,score_3,690,1,0.98
APP-000031-DOC-03-EX-04,APP-000031-DOC-03,APP-000031,report_date,2026-07-22,1,0.98
APP-000031-DOC-03-EX-05,APP-000031-DOC-03,APP-000031,recent_inquiries_90d,1,1,0.98
APP-000031-DOC-04-EX-01,APP-000031-DOC-04,APP-000031,employer_name,Latchford Construction,1,0.98
APP-000031-DOC-04-EX-02,APP-000031-DOC-04,APP-000031,pay_period_end,2026-08-01,1,0.98
APP-000031-DOC-04-EX-03,APP-000031-DOC-04,APP-000031,gross_per_period,5569.23,1,0.98
APP-000031-DOC-04-EX-04,APP-000031-DOC-04,APP-000031,ytd_gross,83538.45,1,0.98
APP-000031-DOC-04-EX-05,APP-000031-DOC-04,APP-000031,pay_frequency,bi_weekly,1,0.98
APP-000031-DOC-05-EX-01,APP-000031-DOC-05,APP-000031,tax_year,2025,1,0.98
APP-000031-DOC-05-EX-02,APP-000031-DOC-05,APP-000031,employer_name,Latchford Construction,1,0.98
APP-000031-DOC-05-EX-03,APP-000031-DOC-05,APP-000031,annual_wages,139732.04,1,0.98
APP-000031-DOC-06-EX-01,APP-000031-DOC-06,APP-000031,employer_name,Latchford Construction,1,0.98
APP-000031-DOC-06-EX-02,APP-000031-DOC-06,APP-000031,employment_start_date,2022-02-12,1,0.98
APP-000031-DOC-06-EX-03,APP-000031-DOC-06,APP-000031,employment_status,Current,1,0.98
APP-000031-DOC-06-EX-04,APP-000031-DOC-06,APP-000031,position,Estimator,1,0.98
APP-000031-DOC-07-EX-01,APP-000031-DOC-07,APP-000031,institution,Cascade Mutual Credit Union,1,0.98
APP-000031-DOC-07-EX-02,APP-000031-DOC-07,APP-000031,account_masked,******0119,1,0.98
APP-000031-DOC-07-EX-03,APP-000031-DOC-07,APP-000031,closing_balance,37225.97,1,0.98
APP-000031-DOC-07-EX-04,APP-000031-DOC-07,APP-000031,statement_period_end,2026-08-03,1,0.98
APP-000031-DOC-08-EX-01,APP-000031-DOC-08,APP-000031,institution,Cascade Mutual Credit Union,1,0.98
APP-000031-DOC-08-EX-02,APP-000031-DOC-08,APP-000031,account_masked,******0120,1,0.98
APP-000031-DOC-08-EX-03,APP-000031-DOC-08,APP-000031,closing_balance,69133.95,1,0.98
APP-000031-DOC-08-EX-04,APP-000031-DOC-08,APP-000031,statement_period_end,2026-08-03,1,0.98
APP-000031-DOC-09-EX-01,APP-000031-DOC-09,APP-000031,verified_balance,3280.56,1,0.98
APP-000031-DOC-09-EX-02,APP-000031-DOC-09,APP-000031,asset_type,brokerage,1,0.98
APP-000031-DOC-10-EX-01,APP-000031-DOC-10,APP-000031,verified_balance,3499.27,1,0.98
APP-000031-DOC-10-EX-02,APP-000031-DOC-10,APP-000031,asset_type,retirement,1,0.98
APP-000031-DOC-11-EX-01,APP-000031-DOC-11,APP-000031,purchase_price,530000.00,1,0.98
APP-000031-DOC-11-EX-02,APP-000031-DOC-11,APP-000031,contract_date,2026-07-17,1,0.98
APP-000031-DOC-11-EX-03,APP-000031-DOC-11,APP-000031,earnest_money,5300.00,1,0.98
APP-000031-DOC-11-EX-04,APP-000031-DOC-11,APP-000031,seller_credits,10600.00,1,0.98
APP-000031-DOC-12-EX-01,APP-000031-DOC-12,APP-000031,appraised_value,540600.00,1,0.98
APP-000031-DOC-12-EX-02,APP-000031-DOC-12,APP-000031,effective_date,2026-07-19,1,0.98
APP-000031-DOC-12-EX-03,APP-000031-DOC-12,APP-000031,condition_rating,C3,1,0.98
APP-000031-DOC-13-EX-01,APP-000031-DOC-13,APP-000031,lien_position,1,1,0.98
APP-000031-DOC-13-EX-02,APP-000031-DOC-13,APP-000031,exception_count,1,1,0.98
APP-000031-DOC-14-EX-01,APP-000031-DOC-14,APP-000031,coverage_amount,424000.00,1,0.98
APP-000031-DOC-14-EX-02,APP-000031-DOC-14,APP-000031,annual_premium,1854.96,1,0.98
APP-000031-DOC-14-EX-03,APP-000031-DOC-14,APP-000031,effective_date,2026-09-02,1,0.98
APP-000031-DOC-15-EX-01,APP-000031-DOC-15,APP-000031,applicant_statement,provided,1,0.98
APP-000031-DOC-16-EX-01,APP-000031-DOC-16,APP-000031,open_condition_count,1,1,0.98
APP-000032-DOC-01-EX-01,APP-000032-DOC-01,APP-000032,application_id,APP-000032,1,0.98
APP-000032-DOC-01-EX-02,APP-000032-DOC-01,APP-000032,loan_purpose,purchase,1,0.98
APP-000032-DOC-01-EX-03,APP-000032-DOC-01,APP-000032,requested_loan_amount,376000.00,1,0.98
APP-000032-DOC-01-EX-04,APP-000032-DOC-01,APP-000032,occupancy_type,primary_residence,1,0.98
APP-000032-DOC-01-EX-05,APP-000032-DOC-01,APP-000032,declared_monthly_income,10700.00,1,0.98
APP-000032-DOC-02-EX-01,APP-000032-DOC-02,APP-000032,identity_verification_status,VERIFIED,1,0.98
APP-000032-DOC-02-EX-02,APP-000032-DOC-02,APP-000032,verified_name,Theo Osei,1,0.98
APP-000032-DOC-02-EX-03,APP-000032-DOC-02,APP-000032,verified_date_of_birth,1998-04-03,1,0.98
APP-000032-DOC-03-EX-01,APP-000032-DOC-03,APP-000032,score_1,672,1,0.98
APP-000032-DOC-03-EX-02,APP-000032-DOC-03,APP-000032,score_2,682,1,0.98
APP-000032-DOC-03-EX-03,APP-000032-DOC-03,APP-000032,score_3,691,1,0.98
APP-000032-DOC-03-EX-04,APP-000032-DOC-03,APP-000032,report_date,2026-07-22,1,0.98
APP-000032-DOC-03-EX-05,APP-000032-DOC-03,APP-000032,recent_inquiries_90d,1,1,0.98
APP-000032-DOC-04-EX-01,APP-000032-DOC-04,APP-000032,employer_name,Orchard Point Hospitality,1,0.98
APP-000032-DOC-04-EX-02,APP-000032-DOC-04,APP-000032,pay_period_end,2026-08-01,1,0.98
APP-000032-DOC-04-EX-03,APP-000032-DOC-04,APP-000032,gross_per_period,4938.46,1,0.98
APP-000032-DOC-04-EX-04,APP-000032-DOC-04,APP-000032,ytd_gross,74076.90,1,0.98
APP-000032-DOC-04-EX-05,APP-000032-DOC-04,APP-000032,pay_frequency,bi_weekly,1,0.98
APP-000032-DOC-05-EX-01,APP-000032-DOC-05,APP-000032,tax_year,2025,1,0.98
APP-000032-DOC-05-EX-02,APP-000032-DOC-05,APP-000032,employer_name,Orchard Point Hospitality,1,0.98
APP-000032-DOC-05-EX-03,APP-000032-DOC-05,APP-000032,annual_wages,123906.00,1,0.98
APP-000032-DOC-06-EX-01,APP-000032-DOC-06,APP-000032,employer_name,Orchard Point Hospitality,1,0.98
APP-000032-DOC-06-EX-02,APP-000032-DOC-06,APP-000032,employment_start_date,2022-02-12,1,0.98
APP-000032-DOC-06-EX-03,APP-000032-DOC-06,APP-000032,employment_status,Current,1,0.98
APP-000032-DOC-06-EX-04,APP-000032-DOC-06,APP-000032,position,Events Director,1,0.98
APP-000032-DOC-07-EX-01,APP-000032-DOC-07,APP-000032,institution,Northwind Community Bank,1,0.98
APP-000032-DOC-07-EX-02,APP-000032-DOC-07,APP-000032,account_masked,******0123,1,0.98
APP-000032-DOC-07-EX-03,APP-000032-DOC-07,APP-000032,closing_balance,33682.37,1,0.98
APP-000032-DOC-07-EX-04,APP-000032-DOC-07,APP-000032,statement_period_end,2026-08-03,1,0.98
APP-000032-DOC-08-EX-01,APP-000032-DOC-08,APP-000032,institution,Northwind Community Bank,1,0.98
APP-000032-DOC-08-EX-02,APP-000032-DOC-08,APP-000032,account_masked,******0124,1,0.98
APP-000032-DOC-08-EX-03,APP-000032-DOC-08,APP-000032,closing_balance,62552.96,1,0.98
APP-000032-DOC-08-EX-04,APP-000032-DOC-08,APP-000032,statement_period_end,2026-08-03,1,0.98
APP-000032-DOC-09-EX-01,APP-000032-DOC-09,APP-000032,verified_balance,3878.90,1,0.98
APP-000032-DOC-09-EX-02,APP-000032-DOC-09,APP-000032,asset_type,brokerage,1,0.98
APP-000032-DOC-10-EX-01,APP-000032-DOC-10,APP-000032,verified_balance,4137.50,1,0.98
APP-000032-DOC-10-EX-02,APP-000032-DOC-10,APP-000032,asset_type,retirement,1,0.98
APP-000032-DOC-11-EX-01,APP-000032-DOC-11,APP-000032,purchase_price,470000.00,1,0.98
APP-000032-DOC-11-EX-02,APP-000032-DOC-11,APP-000032,contract_date,2026-07-17,1,0.98
APP-000032-DOC-11-EX-03,APP-000032-DOC-11,APP-000032,earnest_money,4700.00,1,0.98
APP-000032-DOC-11-EX-04,APP-000032-DOC-11,APP-000032,seller_credits,9400.00,1,0.98
APP-000032-DOC-12-EX-01,APP-000032-DOC-12,APP-000032,appraised_value,479400.00,1,0.98
APP-000032-DOC-12-EX-02,APP-000032-DOC-12,APP-000032,effective_date,2026-07-19,1,0.98
APP-000032-DOC-12-EX-03,APP-000032-DOC-12,APP-000032,condition_rating,C3,1,0.98
APP-000032-DOC-13-EX-01,APP-000032-DOC-13,APP-000032,lien_position,1,1,0.98
APP-000032-DOC-13-EX-02,APP-000032-DOC-13,APP-000032,exception_count,1,1,0.98
APP-000032-DOC-14-EX-01,APP-000032-DOC-14,APP-000032,coverage_amount,376000.00,1,0.98
APP-000032-DOC-14-EX-02,APP-000032-DOC-14,APP-000032,annual_premium,1644.96,1,0.98
APP-000032-DOC-14-EX-03,APP-000032-DOC-14,APP-000032,effective_date,2026-09-02,1,0.98
APP-000032-DOC-15-EX-01,APP-000032-DOC-15,APP-000032,applicant_statement,provided,1,0.98
APP-000032-DOC-16-EX-01,APP-000032-DOC-16,APP-000032,open_condition_count,1,1,0.98
APP-000033-DOC-01-EX-01,APP-000033-DOC-01,APP-000033,application_id,APP-000033,1,0.98
APP-000033-DOC-01-EX-02,APP-000033-DOC-01,APP-000033,loan_purpose,purchase,1,0.98
APP-000033-DOC-01-EX-03,APP-000033-DOC-01,APP-000033,requested_loan_amount,408000.00,1,0.98
APP-000033-DOC-01-EX-04,APP-000033-DOC-01,APP-000033,occupancy_type,primary_residence,1,0.98
APP-000033-DOC-01-EX-05,APP-000033-DOC-01,APP-000033,declared_monthly_income,10850.00,1,0.98
APP-000033-DOC-02-EX-01,APP-000033-DOC-02,APP-000033,identity_verification_status,VERIFIED,1,0.98
APP-000033-DOC-02-EX-02,APP-000033-DOC-02,APP-000033,verified_name,Winona Lindstrom,1,0.98
APP-000033-DOC-02-EX-03,APP-000033-DOC-02,APP-000033,verified_date_of_birth,1993-10-17,1,0.98
APP-000033-DOC-03-EX-01,APP-000033-DOC-03,APP-000033,score_1,729,1,0.98
APP-000033-DOC-03-EX-02,APP-000033-DOC-03,APP-000033,score_2,742,1,0.98
APP-000033-DOC-03-EX-03,APP-000033-DOC-03,APP-000033,score_3,748,1,0.98
APP-000033-DOC-03-EX-04,APP-000033-DOC-03,APP-000033,report_date,2026-08-14,1,0.98
APP-000033-DOC-03-EX-05,APP-000033-DOC-03,APP-000033,recent_inquiries_90d,5,1,0.98
APP-000033-DOC-04-EX-01,APP-000033-DOC-04,APP-000033,employer_name,Blue Larkspur Manufacturing,1,0.98
APP-000033-DOC-04-EX-02,APP-000033-DOC-04,APP-000033,pay_period_end,2026-08-24,1,0.98
APP-000033-DOC-04-EX-03,APP-000033-DOC-04,APP-000033,gross_per_period,5007.69,1,0.98
APP-000033-DOC-04-EX-04,APP-000033-DOC-04,APP-000033,ytd_gross,80123.04,1,0.98
APP-000033-DOC-04-EX-05,APP-000033-DOC-04,APP-000033,pay_frequency,bi_weekly,1,0.98
APP-000033-DOC-05-EX-01,APP-000033-DOC-05,APP-000033,tax_year,2025,1,0.98
APP-000033-DOC-05-EX-02,APP-000033-DOC-05,APP-000033,employer_name,Blue Larkspur Manufacturing,1,0.98
APP-000033-DOC-05-EX-03,APP-000033-DOC-05,APP-000033,annual_wages,125643.00,1,0.98
APP-000033-DOC-06-EX-01,APP-000033-DOC-06,APP-000033,employer_name,Blue Larkspur Manufacturing,1,0.98
APP-000033-DOC-06-EX-02,APP-000033-DOC-06,APP-000033,employment_start_date,2022-03-04,1,0.98
APP-000033-DOC-06-EX-03,APP-000033-DOC-06,APP-000033,employment_status,Current,1,0.98
APP-000033-DOC-06-EX-04,APP-000033-DOC-06,APP-000033,position,Maintenance Technician,1,0.98
APP-000033-DOC-07-EX-01,APP-000033-DOC-07,APP-000033,institution,Harbor Point Savings,1,0.98
APP-000033-DOC-07-EX-02,APP-000033-DOC-07,APP-000033,account_masked,******0127,1,0.98
APP-000033-DOC-07-EX-03,APP-000033-DOC-07,APP-000033,closing_balance,40872.93,1,0.98
APP-000033-DOC-07-EX-04,APP-000033-DOC-07,APP-000033,statement_period_end,2026-08-26,1,0.98
APP-000033-DOC-08-EX-01,APP-000033-DOC-08,APP-000033,institution,Harbor Point Savings,1,0.98
APP-000033-DOC-08-EX-02,APP-000033-DOC-08,APP-000033,account_masked,******0128,1,0.98
APP-000033-DOC-08-EX-03,APP-000033-DOC-08,APP-000033,closing_balance,75906.86,1,0.98
APP-000033-DOC-08-EX-04,APP-000033-DOC-08,APP-000033,statement_period_end,2026-08-26,1,0.98
APP-000033-DOC-09-EX-01,APP-000033-DOC-09,APP-000033,verified_balance,5899.16,1,0.98
APP-000033-DOC-09-EX-02,APP-000033-DOC-09,APP-000033,asset_type,brokerage,1,0.98
APP-000033-DOC-10-EX-01,APP-000033-DOC-10,APP-000033,verified_balance,6292.43,1,0.98
APP-000033-DOC-10-EX-02,APP-000033-DOC-10,APP-000033,asset_type,retirement,1,0.98
APP-000033-DOC-11-EX-01,APP-000033-DOC-11,APP-000033,purchase_price,510000.00,1,0.98
APP-000033-DOC-11-EX-02,APP-000033-DOC-11,APP-000033,contract_date,2026-08-09,1,0.98
APP-000033-DOC-11-EX-03,APP-000033-DOC-11,APP-000033,earnest_money,5100.00,1,0.98
APP-000033-DOC-11-EX-04,APP-000033-DOC-11,APP-000033,seller_credits,0,1,0.98
APP-000033-DOC-12-EX-01,APP-000033-DOC-12,APP-000033,appraised_value,520200.00,1,0.98
APP-000033-DOC-12-EX-02,APP-000033-DOC-12,APP-000033,effective_date,2026-08-11,1,0.98
APP-000033-DOC-12-EX-03,APP-000033-DOC-12,APP-000033,condition_rating,C3,1,0.98
APP-000033-DOC-13-EX-01,APP-000033-DOC-13,APP-000033,lien_position,1,1,0.98
APP-000033-DOC-13-EX-02,APP-000033-DOC-13,APP-000033,exception_count,1,1,0.98
APP-000033-DOC-14-EX-01,APP-000033-DOC-14,APP-000033,coverage_amount,408000.00,1,0.98
APP-000033-DOC-14-EX-02,APP-000033-DOC-14,APP-000033,annual_premium,1785.00,1,0.98
APP-000033-DOC-14-EX-03,APP-000033-DOC-14,APP-000033,effective_date,2026-09-25,1,0.98
APP-000033-DOC-15-EX-01,APP-000033-DOC-15,APP-000033,applicant_statement,provided,1,0.98
APP-000033-DOC-16-EX-01,APP-000033-DOC-16,APP-000033,open_condition_count,1,1,0.98
APP-000034-DOC-01-EX-01,APP-000034-DOC-01,APP-000034,application_id,APP-000034,1,0.98
APP-000034-DOC-01-EX-02,APP-000034-DOC-01,APP-000034,loan_purpose,purchase,1,0.98
APP-000034-DOC-01-EX-03,APP-000034-DOC-01,APP-000034,requested_loan_amount,304000.00,1,0.98
APP-000034-DOC-01-EX-04,APP-000034-DOC-01,APP-000034,occupancy_type,primary_residence,1,0.98
APP-000034-DOC-01-EX-05,APP-000034-DOC-01,APP-000034,declared_monthly_income,9091.67,1,0.98
APP-000034-DOC-02-EX-01,APP-000034-DOC-02,APP-000034,identity_verification_status,VERIFIED,1,0.98
APP-000034-DOC-02-EX-02,APP-000034-DOC-02,APP-000034,verified_name,Gregor Ferreira,1,0.98
APP-000034-DOC-02-EX-03,APP-000034-DOC-02,APP-000034,verified_date_of_birth,1963-02-06,1,0.98
APP-000034-DOC-03-EX-01,APP-000034-DOC-03,APP-000034,score_1,697,1,0.98
APP-000034-DOC-03-EX-02,APP-000034-DOC-03,APP-000034,score_2,702,1,0.98
APP-000034-DOC-03-EX-03,APP-000034-DOC-03,APP-000034,score_3,711,1,0.98
APP-000034-DOC-03-EX-04,APP-000034-DOC-03,APP-000034,report_date,2026-07-22,1,0.98
APP-000034-DOC-03-EX-05,APP-000034-DOC-03,APP-000034,recent_inquiries_90d,1,1,0.98
APP-000034-DOC-04-EX-01,APP-000034-DOC-04,APP-000034,employer_name,Cartwright & Vale Advisory,1,0.98
APP-000034-DOC-04-EX-02,APP-000034-DOC-04,APP-000034,pay_period_end,2026-08-01,1,0.98
APP-000034-DOC-04-EX-03,APP-000034-DOC-04,APP-000034,gross_per_period,4196.16,1,0.98
APP-000034-DOC-04-EX-04,APP-000034-DOC-04,APP-000034,ytd_gross,62942.40,1,0.98
APP-000034-DOC-04-EX-05,APP-000034-DOC-04,APP-000034,pay_frequency,bi_weekly,1,0.98
APP-000034-DOC-05-EX-01,APP-000034-DOC-05,APP-000034,tax_year,2025,1,0.98
APP-000034-DOC-05-EX-02,APP-000034-DOC-05,APP-000034,employer_name,Cartwright & Vale Advisory,1,0.98
APP-000034-DOC-05-EX-03,APP-000034-DOC-05,APP-000034,annual_wages,105281.54,1,0.98
APP-000034-DOC-06-EX-01,APP-000034-DOC-06,APP-000034,employer_name,Cartwright & Vale Advisory,1,0.98
APP-000034-DOC-06-EX-02,APP-000034-DOC-06,APP-000034,employment_start_date,2022-02-12,1,0.98
APP-000034-DOC-06-EX-03,APP-000034-DOC-06,APP-000034,employment_status,Current,1,0.98
APP-000034-DOC-06-EX-04,APP-000034-DOC-06,APP-000034,position,Senior Consultant,1,0.98
APP-000034-DOC-07-EX-01,APP-000034-DOC-07,APP-000034,institution,Northwind Community Bank,1,0.98
APP-000034-DOC-07-EX-02,APP-000034-DOC-07,APP-000034,account_masked,******0131,1,0.98
APP-000034-DOC-07-EX-03,APP-000034-DOC-07,APP-000034,closing_balance,29109.12,1,0.98
APP-000034-DOC-07-EX-04,APP-000034-DOC-07,APP-000034,statement_period_end,2026-08-03,1,0.98
APP-000034-DOC-08-EX-01,APP-000034-DOC-08,APP-000034,institution,Northwind Community Bank,1,0.98
APP-000034-DOC-08-EX-02,APP-000034-DOC-08,APP-000034,account_masked,******0132,1,0.98
APP-000034-DOC-08-EX-03,APP-000034-DOC-08,APP-000034,closing_balance,54059.78,1,0.98
APP-000034-DOC-08-EX-04,APP-000034-DOC-08,APP-000034,statement_period_end,2026-08-03,1,0.98
APP-000034-DOC-09-EX-01,APP-000034-DOC-09,APP-000034,verified_balance,5765.31,1,0.98
APP-000034-DOC-09-EX-02,APP-000034-DOC-09,APP-000034,asset_type,brokerage,1,0.98
APP-000034-DOC-10-EX-01,APP-000034-DOC-10,APP-000034,verified_balance,6149.67,1,0.98
APP-000034-DOC-10-EX-02,APP-000034-DOC-10,APP-000034,asset_type,retirement,1,0.98
APP-000034-DOC-11-EX-01,APP-000034-DOC-11,APP-000034,purchase_price,380000.00,1,0.98
APP-000034-DOC-11-EX-02,APP-000034-DOC-11,APP-000034,contract_date,2026-07-17,1,0.98
APP-000034-DOC-11-EX-03,APP-000034-DOC-11,APP-000034,earnest_money,3800.00,1,0.98
APP-000034-DOC-11-EX-04,APP-000034-DOC-11,APP-000034,seller_credits,7600.00,1,0.98
APP-000034-DOC-12-EX-01,APP-000034-DOC-12,APP-000034,appraised_value,387600.00,1,0.98
APP-000034-DOC-12-EX-02,APP-000034-DOC-12,APP-000034,effective_date,2026-07-19,1,0.98
APP-000034-DOC-12-EX-03,APP-000034-DOC-12,APP-000034,condition_rating,C3,1,0.98
APP-000034-DOC-13-EX-01,APP-000034-DOC-13,APP-000034,lien_position,1,1,0.98
APP-000034-DOC-13-EX-02,APP-000034-DOC-13,APP-000034,exception_count,1,1,0.98
APP-000034-DOC-14-EX-01,APP-000034-DOC-14,APP-000034,coverage_amount,304000.00,1,0.98
APP-000034-DOC-14-EX-02,APP-000034-DOC-14,APP-000034,annual_premium,1329.96,1,0.98
APP-000034-DOC-14-EX-03,APP-000034-DOC-14,APP-000034,effective_date,2026-09-02,1,0.98
APP-000035-DOC-01-EX-01,APP-000035-DOC-01,APP-000035,application_id,APP-000035,1,0.98
APP-000035-DOC-01-EX-02,APP-000035-DOC-01,APP-000035,loan_purpose,purchase,1,0.98
APP-000035-DOC-01-EX-03,APP-000035-DOC-01,APP-000035,requested_loan_amount,448000.00,1,0.98
APP-000035-DOC-01-EX-04,APP-000035-DOC-01,APP-000035,occupancy_type,primary_residence,1,0.98
APP-000035-DOC-01-EX-05,APP-000035-DOC-01,APP-000035,declared_monthly_income,11641.67,1,0.98
APP-000035-DOC-02-EX-01,APP-000035-DOC-02,APP-000035,identity_verification_status,VERIFIED,1,0.98
APP-000035-DOC-02-EX-02,APP-000035-DOC-02,APP-000035,verified_name,Caleb Thornbury,1,0.98
APP-000035-DOC-02-EX-03,APP-000035-DOC-02,APP-000035,verified_date_of_birth,1961-07-06,1,0.98
APP-000035-DOC-03-EX-01,APP-000035-DOC-03,APP-000035,score_1,730,1,0.98
APP-000035-DOC-03-EX-02,APP-000035-DOC-03,APP-000035,score_2,742,1,0.98
APP-000035-DOC-03-EX-03,APP-000035-DOC-03,APP-000035,score_3,751,1,0.98
APP-000035-DOC-03-EX-04,APP-000035-DOC-03,APP-000035,report_date,2026-07-22,1,0.98
APP-000035-DOC-03-EX-05,APP-000035-DOC-03,APP-000035,recent_inquiries_90d,1,1,0.98
APP-000035-DOC-04-EX-01,APP-000035-DOC-04,APP-000035,employer_name,Orchard Point Hospitality,1,0.98
APP-000035-DOC-04-EX-02,APP-000035-DOC-04,APP-000035,pay_period_end,2026-08-01,1,0.98
APP-000035-DOC-04-EX-03,APP-000035-DOC-04,APP-000035,gross_per_period,5373.08,1,0.98
APP-000035-DOC-04-EX-04,APP-000035-DOC-04,APP-000035,ytd_gross,80596.20,1,0.98
APP-000035-DOC-04-EX-05,APP-000035-DOC-04,APP-000035,pay_frequency,bi_weekly,1,0.98
APP-000035-DOC-05-EX-01,APP-000035-DOC-05,APP-000035,tax_year,2025,1,0.98
APP-000035-DOC-05-EX-02,APP-000035-DOC-05,APP-000035,employer_name,Orchard Point Hospitality,1,0.98
APP-000035-DOC-05-EX-03,APP-000035-DOC-05,APP-000035,annual_wages,134810.54,1,0.98
APP-000035-DOC-06-EX-01,APP-000035-DOC-06,APP-000035,employer_name,Orchard Point Hospitality,1,0.98
APP-000035-DOC-06-EX-02,APP-000035-DOC-06,APP-000035,employment_start_date,2022-02-12,1,0.98
APP-000035-DOC-06-EX-03,APP-000035-DOC-06,APP-000035,employment_status,Current,1,0.98
APP-000035-DOC-06-EX-04,APP-000035-DOC-06,APP-000035,position,Events Director,1,0.98
APP-000035-DOC-07-EX-01,APP-000035-DOC-07,APP-000035,institution,Cascade Mutual Credit Union,1,0.98
APP-000035-DOC-07-EX-02,APP-000035-DOC-07,APP-000035,account_masked,******0135,1,0.98
APP-000035-DOC-07-EX-03,APP-000035-DOC-07,APP-000035,closing_balance,39634.49,1,0.98
APP-000035-DOC-07-EX-04,APP-000035-DOC-07,APP-000035,statement_period_end,2026-08-03,1,0.98
APP-000035-DOC-08-EX-01,APP-000035-DOC-08,APP-000035,institution,Cascade Mutual Credit Union,1,0.98
APP-000035-DOC-08-EX-02,APP-000035-DOC-08,APP-000035,account_masked,******0136,1,0.98
APP-000035-DOC-08-EX-03,APP-000035-DOC-08,APP-000035,closing_balance,73606.91,1,0.98
APP-000035-DOC-08-EX-04,APP-000035-DOC-08,APP-000035,statement_period_end,2026-08-03,1,0.98
APP-000035-DOC-09-EX-01,APP-000035-DOC-09,APP-000035,verified_balance,4365.00,1,0.98
APP-000035-DOC-09-EX-02,APP-000035-DOC-09,APP-000035,asset_type,brokerage,1,0.98
APP-000035-DOC-10-EX-01,APP-000035-DOC-10,APP-000035,verified_balance,4656.00,1,0.98
APP-000035-DOC-10-EX-02,APP-000035-DOC-10,APP-000035,asset_type,retirement,1,0.98
APP-000035-DOC-11-EX-01,APP-000035-DOC-11,APP-000035,purchase_price,560000.00,1,0.98
APP-000035-DOC-11-EX-02,APP-000035-DOC-11,APP-000035,contract_date,2026-07-17,1,0.98
APP-000035-DOC-11-EX-03,APP-000035-DOC-11,APP-000035,earnest_money,5600.00,1,0.98
APP-000035-DOC-11-EX-04,APP-000035-DOC-11,APP-000035,seller_credits,11200.00,1,0.98
APP-000035-DOC-12-EX-01,APP-000035-DOC-12,APP-000035,appraised_value,571200.00,1,0.98
APP-000035-DOC-12-EX-02,APP-000035-DOC-12,APP-000035,effective_date,2026-07-19,1,0.98
APP-000035-DOC-12-EX-03,APP-000035-DOC-12,APP-000035,condition_rating,C3,1,0.98
APP-000035-DOC-13-EX-01,APP-000035-DOC-13,APP-000035,lien_position,1,1,0.98
APP-000035-DOC-13-EX-02,APP-000035-DOC-13,APP-000035,exception_count,1,1,0.98
APP-000035-DOC-14-EX-01,APP-000035-DOC-14,APP-000035,coverage_amount,448000.00,1,0.98
APP-000035-DOC-14-EX-02,APP-000035-DOC-14,APP-000035,annual_premium,1959.96,1,0.98
APP-000035-DOC-14-EX-03,APP-000035-DOC-14,APP-000035,effective_date,2026-09-02,1,0.98
APP-000035-DOC-15-EX-01,APP-000035-DOC-15,APP-000035,applicant_statement,provided,1,0.98
APP-000035-DOC-16-EX-01,APP-000035-DOC-16,APP-000035,open_condition_count,1,1,0.98
APP-000036-DOC-01-EX-01,APP-000036-DOC-01,APP-000036,application_id,APP-000036,1,0.98
APP-000036-DOC-01-EX-02,APP-000036-DOC-01,APP-000036,loan_purpose,purchase,1,0.98
APP-000036-DOC-01-EX-03,APP-000036-DOC-01,APP-000036,requested_loan_amount,376000.00,1,0.98
APP-000036-DOC-01-EX-04,APP-000036-DOC-01,APP-000036,occupancy_type,primary_residence,1,0.98
APP-000036-DOC-01-EX-05,APP-000036-DOC-01,APP-000036,declared_monthly_income,10253.34,1,0.98
APP-000036-DOC-02-EX-01,APP-000036-DOC-02,APP-000036,identity_verification_status,VERIFIED,1,0.98
APP-000036-DOC-02-EX-02,APP-000036-DOC-02,APP-000036,verified_name,Delia Delacroix,1,0.98
APP-000036-DOC-02-EX-03,APP-000036-DOC-02,APP-000036,verified_date_of_birth,1997-03-10,1,0.98
APP-000036-DOC-03-EX-01,APP-000036-DOC-03,APP-000036,score_1,736,1,0.98
APP-000036-DOC-03-EX-02,APP-000036-DOC-03,APP-000036,score_2,742,1,0.98
APP-000036-DOC-03-EX-03,APP-000036-DOC-03,APP-000036,score_3,749,1,0.98
APP-000036-DOC-03-EX-04,APP-000036-DOC-03,APP-000036,report_date,2026-07-22,1,0.98
APP-000036-DOC-03-EX-05,APP-000036-DOC-03,APP-000036,recent_inquiries_90d,1,1,0.98
APP-000036-DOC-04-EX-01,APP-000036-DOC-04,APP-000036,employer_name,Northgate Public Schools,1,0.98
APP-000036-DOC-04-EX-02,APP-000036-DOC-04,APP-000036,pay_period_end,2026-08-01,1,0.98
APP-000036-DOC-04-EX-03,APP-000036-DOC-04,APP-000036,gross_per_period,2636.77,1,0.98
APP-000036-DOC-04-EX-04,APP-000036-DOC-04,APP-000036,ytd_gross,39551.55,1,0.98
APP-000036-DOC-04-EX-05,APP-000036-DOC-04,APP-000036,pay_frequency,bi_weekly,1,0.98
APP-000036-DOC-05-EX-01,APP-000036-DOC-05,APP-000036,tax_year,2025,1,0.98
APP-000036-DOC-05-EX-02,APP-000036-DOC-05,APP-000036,employer_name,Northgate Public Schools,1,0.98
APP-000036-DOC-05-EX-03,APP-000036-DOC-05,APP-000036,annual_wages,66156.54,1,0.98
APP-000036-DOC-06-EX-01,APP-000036-DOC-06,APP-000036,employer_name,Northgate Public Schools,1,0.98
APP-000036-DOC-06-EX-02,APP-000036-DOC-06,APP-000036,employment_start_date,2022-02-12,1,0.98
APP-000036-DOC-06-EX-03,APP-000036-DOC-06,APP-000036,employment_status,Current,1,0.98
APP-000036-DOC-06-EX-04,APP-000036-DOC-06,APP-000036,position,School Counsellor,1,0.98
APP-000036-DOC-07-EX-01,APP-000036-DOC-07,APP-000036,employer_name,Silverbrook Diagnostics,1,0.98
APP-000036-DOC-07-EX-02,APP-000036-DOC-07,APP-000036,pay_period_end,2026-08-01,1,0.98
APP-000036-DOC-07-EX-03,APP-000036-DOC-07,APP-000036,gross_per_period,1909.38,1,0.98
APP-000036-DOC-07-EX-04,APP-000036-DOC-07,APP-000036,ytd_gross,28640.70,1,0.98
APP-000036-DOC-07-EX-05,APP-000036-DOC-07,APP-000036,pay_frequency,bi_weekly,1,0.98
APP-000036-DOC-08-EX-01,APP-000036-DOC-08,APP-000036,tax_year,2025,1,0.98
APP-000036-DOC-08-EX-02,APP-000036-DOC-08,APP-000036,employer_name,Silverbrook Diagnostics,1,0.98
APP-000036-DOC-08-EX-03,APP-000036-DOC-08,APP-000036,annual_wages,47906.46,1,0.98
APP-000036-DOC-09-EX-01,APP-000036-DOC-09,APP-000036,employer_name,Silverbrook Diagnostics,1,0.98
APP-000036-DOC-09-EX-02,APP-000036-DOC-09,APP-000036,employment_start_date,2022-09-12,1,0.98
APP-000036-DOC-09-EX-03,APP-000036-DOC-09,APP-000036,employment_status,Current,1,0.98
APP-000036-DOC-09-EX-04,APP-000036-DOC-09,APP-000036,position,Clinical Technologist,1,0.98
APP-000036-DOC-10-EX-01,APP-000036-DOC-10,APP-000036,institution,Cascade Mutual Credit Union,1,0.98
APP-000036-DOC-10-EX-02,APP-000036-DOC-10,APP-000036,account_masked,******0139,1,0.98
APP-000036-DOC-10-EX-03,APP-000036-DOC-10,APP-000036,closing_balance,37073.13,1,0.98
APP-000036-DOC-10-EX-04,APP-000036-DOC-10,APP-000036,statement_period_end,2026-08-03,1,0.98
APP-000036-DOC-11-EX-01,APP-000036-DOC-11,APP-000036,institution,Cascade Mutual Credit Union,1,0.98
APP-000036-DOC-11-EX-02,APP-000036-DOC-11,APP-000036,account_masked,******0140,1,0.98
APP-000036-DOC-11-EX-03,APP-000036-DOC-11,APP-000036,closing_balance,68850.11,1,0.98
APP-000036-DOC-11-EX-04,APP-000036-DOC-11,APP-000036,statement_period_end,2026-08-03,1,0.98
APP-000036-DOC-12-EX-01,APP-000036-DOC-12,APP-000036,verified_balance,4463.08,1,0.98
APP-000036-DOC-12-EX-02,APP-000036-DOC-12,APP-000036,asset_type,brokerage,1,0.98
APP-000036-DOC-13-EX-01,APP-000036-DOC-13,APP-000036,verified_balance,4760.62,1,0.98
APP-000036-DOC-13-EX-02,APP-000036-DOC-13,APP-000036,asset_type,retirement,1,0.98
APP-000036-DOC-14-EX-01,APP-000036-DOC-14,APP-000036,purchase_price,470000.00,1,0.98
APP-000036-DOC-14-EX-02,APP-000036-DOC-14,APP-000036,contract_date,2026-07-17,1,0.98
APP-000036-DOC-14-EX-03,APP-000036-DOC-14,APP-000036,earnest_money,4700.00,1,0.98
APP-000036-DOC-14-EX-04,APP-000036-DOC-14,APP-000036,seller_credits,0,1,0.98
APP-000036-DOC-15-EX-01,APP-000036-DOC-15,APP-000036,appraised_value,479400.00,1,0.98
APP-000036-DOC-15-EX-02,APP-000036-DOC-15,APP-000036,effective_date,2026-07-19,1,0.98
APP-000036-DOC-15-EX-03,APP-000036-DOC-15,APP-000036,condition_rating,C3,1,0.98
APP-000036-DOC-16-EX-01,APP-000036-DOC-16,APP-000036,lien_position,1,1,0.98
APP-000036-DOC-16-EX-02,APP-000036-DOC-16,APP-000036,exception_count,1,1,0.98
APP-000036-DOC-17-EX-01,APP-000036-DOC-17,APP-000036,coverage_amount,376000.00,1,0.98
APP-000036-DOC-17-EX-02,APP-000036-DOC-17,APP-000036,annual_premium,1644.96,1,0.98
APP-000036-DOC-17-EX-03,APP-000036-DOC-17,APP-000036,effective_date,2026-09-02,1,0.98
APP-000036-DOC-18-EX-01,APP-000036-DOC-18,APP-000036,applicant_statement,provided,1,0.98
APP-000036-DOC-19-EX-01,APP-000036-DOC-19,APP-000036,open_condition_count,1,1,0.98
APP-000037-DOC-01-EX-01,APP-000037-DOC-01,APP-000037,application_id,APP-000037,1,0.98
APP-000037-DOC-01-EX-02,APP-000037-DOC-01,APP-000037,loan_purpose,purchase,1,0.98
APP-000037-DOC-01-EX-03,APP-000037-DOC-01,APP-000037,requested_loan_amount,320000.00,1,0.98
APP-000037-DOC-01-EX-04,APP-000037-DOC-01,APP-000037,occupancy_type,primary_residence,1,0.98
APP-000037-DOC-01-EX-05,APP-000037-DOC-01,APP-000037,declared_monthly_income,8208.33,1,0.98
APP-000037-DOC-02-EX-01,APP-000037-DOC-02,APP-000037,identity_verification_status,VERIFIED,1,0.98
APP-000037-DOC-02-EX-02,APP-000037-DOC-02,APP-000037,verified_name,Winona Underhill,1,0.98
APP-000037-DOC-02-EX-03,APP-000037-DOC-02,APP-000037,verified_date_of_birth,1979-06-16,1,0.98
APP-000037-DOC-03-EX-01,APP-000037-DOC-03,APP-000037,score_1,734,1,0.98
APP-000037-DOC-03-EX-02,APP-000037-DOC-03,APP-000037,score_2,742,1,0.98
APP-000037-DOC-03-EX-03,APP-000037-DOC-03,APP-000037,score_3,746,1,0.98
APP-000037-DOC-03-EX-04,APP-000037-DOC-03,APP-000037,report_date,2026-07-22,1,0.98
APP-000037-DOC-03-EX-05,APP-000037-DOC-03,APP-000037,recent_inquiries_90d,1,1,0.98
APP-000037-DOC-04-EX-01,APP-000037-DOC-04,APP-000037,employer_name,Sable Ridge Software,1,0.98
APP-000037-DOC-04-EX-02,APP-000037-DOC-04,APP-000037,pay_period_end,2026-08-01,1,0.98
APP-000037-DOC-04-EX-03,APP-000037-DOC-04,APP-000037,gross_per_period,3788.46,1,0.98
APP-000037-DOC-04-EX-04,APP-000037-DOC-04,APP-000037,ytd_gross,56826.90,1,0.98
APP-000037-DOC-04-EX-05,APP-000037-DOC-04,APP-000037,pay_frequency,bi_weekly,1,0.98
APP-000037-DOC-05-EX-01,APP-000037-DOC-05,APP-000037,tax_year,2025,1,0.98
APP-000037-DOC-05-EX-02,APP-000037-DOC-05,APP-000037,employer_name,Sable Ridge Software,1,0.98
APP-000037-DOC-05-EX-03,APP-000037-DOC-05,APP-000037,annual_wages,95052.46,1,0.98
APP-000037-DOC-06-EX-01,APP-000037-DOC-06,APP-000037,employer_name,Sable Ridge Software,1,0.98
APP-000037-DOC-06-EX-02,APP-000037-DOC-06,APP-000037,employment_start_date,2024-03-12,1,0.98
APP-000037-DOC-06-EX-03,APP-000037-DOC-06,APP-000037,employment_status,Current,1,0.98
APP-000037-DOC-06-EX-04,APP-000037-DOC-06,APP-000037,position,Product Manager,1,0.98
APP-000037-DOC-07-EX-01,APP-000037-DOC-07,APP-000037,institution,Harbor Point Savings,1,0.98
APP-000037-DOC-07-EX-02,APP-000037-DOC-07,APP-000037,account_masked,******0143,1,0.98
APP-000037-DOC-07-EX-03,APP-000037-DOC-07,APP-000037,closing_balance,32005.76,1,0.98
APP-000037-DOC-07-EX-04,APP-000037-DOC-07,APP-000037,statement_period_end,2026-08-03,1,0.98
APP-000037-DOC-08-EX-01,APP-000037-DOC-08,APP-000037,institution,Harbor Point Savings,1,0.98
APP-000037-DOC-08-EX-02,APP-000037-DOC-08,APP-000037,account_masked,******0144,1,0.98
APP-000037-DOC-08-EX-03,APP-000037-DOC-08,APP-000037,closing_balance,59439.27,1,0.98
APP-000037-DOC-08-EX-04,APP-000037-DOC-08,APP-000037,statement_period_end,2026-08-03,1,0.98
APP-000037-DOC-09-EX-01,APP-000037-DOC-09,APP-000037,verified_balance,4464.30,1,0.98
APP-000037-DOC-09-EX-02,APP-000037-DOC-09,APP-000037,asset_type,brokerage,1,0.98
APP-000037-DOC-10-EX-01,APP-000037-DOC-10,APP-000037,verified_balance,4761.92,1,0.98
APP-000037-DOC-10-EX-02,APP-000037-DOC-10,APP-000037,asset_type,retirement,1,0.98
APP-000037-DOC-11-EX-01,APP-000037-DOC-11,APP-000037,purchase_price,400000.00,1,0.98
APP-000037-DOC-11-EX-02,APP-000037-DOC-11,APP-000037,contract_date,2026-07-17,1,0.98
APP-000037-DOC-11-EX-03,APP-000037-DOC-11,APP-000037,earnest_money,4000.00,1,0.98
APP-000037-DOC-11-EX-04,APP-000037-DOC-11,APP-000037,seller_credits,0,1,0.98
APP-000037-DOC-12-EX-01,APP-000037-DOC-12,APP-000037,appraised_value,408000.00,1,0.98
APP-000037-DOC-12-EX-02,APP-000037-DOC-12,APP-000037,effective_date,2026-07-19,1,0.98
APP-000037-DOC-12-EX-03,APP-000037-DOC-12,APP-000037,condition_rating,C3,1,0.98
APP-000037-DOC-13-EX-01,APP-000037-DOC-13,APP-000037,lien_position,1,1,0.98
APP-000037-DOC-13-EX-02,APP-000037-DOC-13,APP-000037,exception_count,1,1,0.98
APP-000037-DOC-14-EX-01,APP-000037-DOC-14,APP-000037,coverage_amount,320000.00,1,0.98
APP-000037-DOC-14-EX-02,APP-000037-DOC-14,APP-000037,annual_premium,1400.04,1,0.98
APP-000037-DOC-14-EX-03,APP-000037-DOC-14,APP-000037,effective_date,2026-09-02,1,0.98
APP-000037-DOC-15-EX-01,APP-000037-DOC-15,APP-000037,applicant_statement,provided,1,0.98
APP-000037-DOC-16-EX-01,APP-000037-DOC-16,APP-000037,open_condition_count,1,1,0.98
APP-000038-DOC-01-EX-01,APP-000038-DOC-01,APP-000038,application_id,APP-000038,1,0.98
APP-000038-DOC-01-EX-02,APP-000038-DOC-01,APP-000038,loan_purpose,purchase,1,0.98
APP-000038-DOC-01-EX-03,APP-000038-DOC-01,APP-000038,requested_loan_amount,320000.00,1,0.98
APP-000038-DOC-01-EX-04,APP-000038-DOC-01,APP-000038,occupancy_type,primary_residence,1,0.98
APP-000038-DOC-01-EX-05,APP-000038-DOC-01,APP-000038,declared_monthly_income,8383.33,1,0.98
APP-000038-DOC-02-EX-01,APP-000038-DOC-02,APP-000038,identity_verification_status,VERIFIED,1,0.98
APP-000038-DOC-02-EX-02,APP-000038-DOC-02,APP-000038,verified_name,Freya Guerrero,1,0.98
APP-000038-DOC-02-EX-03,APP-000038-DOC-02,APP-000038,verified_date_of_birth,1985-06-06,1,0.98
APP-000038-DOC-03-EX-01,APP-000038-DOC-03,APP-000038,score_1,732,1,0.98
APP-000038-DOC-03-EX-02,APP-000038-DOC-03,APP-000038,score_2,742,1,0.98
APP-000038-DOC-03-EX-03,APP-000038-DOC-03,APP-000038,score_3,746,1,0.98
APP-000038-DOC-03-EX-04,APP-000038-DOC-03,APP-000038,report_date,2026-07-22,1,0.98
APP-000038-DOC-03-EX-05,APP-000038-DOC-03,APP-000038,recent_inquiries_90d,1,1,0.98
APP-000038-DOC-04-EX-01,APP-000038-DOC-04,APP-000038,employer_name,Thornhill Insurance Brokers,1,0.98
APP-000038-DOC-04-EX-02,APP-000038-DOC-04,APP-000038,pay_period_end,2026-08-01,1,0.98
APP-000038-DOC-04-EX-03,APP-000038-DOC-04,APP-000038,gross_per_period,3869.23,1,0.98
APP-000038-DOC-04-EX-04,APP-000038-DOC-04,APP-000038,ytd_gross,63331.56,1,0.98
APP-000038-DOC-04-EX-05,APP-000038-DOC-04,APP-000038,pay_frequency,bi_weekly,1,0.98
APP-000038-DOC-05-EX-01,APP-000038-DOC-05,APP-000038,tax_year,2025,1,0.98
APP-000038-DOC-05-EX-02,APP-000038-DOC-05,APP-000038,employer_name,Thornhill Insurance Brokers,1,0.98
APP-000038-DOC-05-EX-03,APP-000038-DOC-05,APP-000038,annual_wages,97078.96,1,0.98
APP-000038-DOC-06-EX-01,APP-000038-DOC-06,APP-000038,employer_name,Thornhill Insurance Brokers,1,0.98
APP-000038-DOC-06-EX-02,APP-000038-DOC-06,APP-000038,employment_start_date,2022-02-12,1,0.98
APP-000038-DOC-06-EX-03,APP-000038-DOC-06,APP-000038,employment_status,Current,1,0.98
APP-000038-DOC-06-EX-04,APP-000038-DOC-06,APP-000038,position,Broker,1,0.98
APP-000038-DOC-07-EX-01,APP-000038-DOC-07,APP-000038,institution,Sablefield Trust,1,0.98
APP-000038-DOC-07-EX-02,APP-000038-DOC-07,APP-000038,account_masked,******0147,1,0.98
APP-000038-DOC-07-EX-03,APP-000038-DOC-07,APP-000038,closing_balance,31648.05,1,0.98
APP-000038-DOC-07-EX-04,APP-000038-DOC-07,APP-000038,statement_period_end,2026-08-03,1,0.98
APP-000038-DOC-08-EX-01,APP-000038-DOC-08,APP-000038,institution,Sablefield Trust,1,0.98
APP-000038-DOC-08-EX-02,APP-000038-DOC-08,APP-000038,account_masked,******0148,1,0.98
APP-000038-DOC-08-EX-03,APP-000038-DOC-08,APP-000038,closing_balance,58774.95,1,0.98
APP-000038-DOC-08-EX-04,APP-000038-DOC-08,APP-000038,statement_period_end,2026-08-03,1,0.98
APP-000038-DOC-09-EX-01,APP-000038-DOC-09,APP-000038,verified_balance,3798.38,1,0.98
APP-000038-DOC-09-EX-02,APP-000038-DOC-09,APP-000038,asset_type,brokerage,1,0.98
APP-000038-DOC-10-EX-01,APP-000038-DOC-10,APP-000038,verified_balance,4051.60,1,0.98
APP-000038-DOC-10-EX-02,APP-000038-DOC-10,APP-000038,asset_type,retirement,1,0.98
APP-000038-DOC-11-EX-01,APP-000038-DOC-11,APP-000038,purchase_price,400000.00,1,0.98
APP-000038-DOC-11-EX-02,APP-000038-DOC-11,APP-000038,contract_date,2026-07-17,1,0.98
APP-000038-DOC-11-EX-03,APP-000038-DOC-11,APP-000038,earnest_money,4000.00,1,0.98
APP-000038-DOC-11-EX-04,APP-000038-DOC-11,APP-000038,seller_credits,0,1,0.98
APP-000038-DOC-12-EX-01,APP-000038-DOC-12,APP-000038,appraised_value,408000.00,1,0.98
APP-000038-DOC-12-EX-02,APP-000038-DOC-12,APP-000038,effective_date,2026-07-19,1,0.98
APP-000038-DOC-12-EX-03,APP-000038-DOC-12,APP-000038,condition_rating,C3,1,0.98
APP-000038-DOC-13-EX-01,APP-000038-DOC-13,APP-000038,lien_position,1,1,0.98
APP-000038-DOC-13-EX-02,APP-000038-DOC-13,APP-000038,exception_count,1,1,0.98
APP-000038-DOC-14-EX-01,APP-000038-DOC-14,APP-000038,coverage_amount,320000.00,1,0.98
APP-000038-DOC-14-EX-02,APP-000038-DOC-14,APP-000038,annual_premium,1400.04,1,0.98
APP-000038-DOC-14-EX-03,APP-000038-DOC-14,APP-000038,effective_date,2026-09-02,1,0.98
APP-000039-DOC-01-EX-01,APP-000039-DOC-01,APP-000039,application_id,APP-000039,1,0.98
APP-000039-DOC-01-EX-02,APP-000039-DOC-01,APP-000039,loan_purpose,purchase,1,0.98
APP-000039-DOC-01-EX-03,APP-000039-DOC-01,APP-000039,requested_loan_amount,344000.00,1,0.98
APP-000039-DOC-01-EX-04,APP-000039-DOC-01,APP-000039,occupancy_type,primary_residence,1,0.98
APP-000039-DOC-01-EX-05,APP-000039-DOC-01,APP-000039,declared_monthly_income,8725.00,1,0.98
APP-000039-DOC-02-EX-01,APP-000039-DOC-02,APP-000039,identity_verification_status,VERIFIED,1,0.98
APP-000039-DOC-02-EX-02,APP-000039-DOC-02,APP-000039,verified_name,Delia Saldivar,1,0.98
APP-000039-DOC-02-EX-03,APP-000039-DOC-02,APP-000039,verified_date_of_birth,1990-11-26,1,0.98
APP-000039-DOC-03-EX-01,APP-000039-DOC-03,APP-000039,score_1,729,1,0.98
APP-000039-DOC-03-EX-02,APP-000039-DOC-03,APP-000039,score_2,742,1,0.98
APP-000039-DOC-03-EX-03,APP-000039-DOC-03,APP-000039,score_3,750,1,0.98
APP-000039-DOC-03-EX-04,APP-000039-DOC-03,APP-000039,report_date,2026-07-22,1,0.98
APP-000039-DOC-03-EX-05,APP-000039-DOC-03,APP-000039,recent_inquiries_90d,1,1,0.98
APP-000039-DOC-04-EX-01,APP-000039-DOC-04,APP-000039,employer_name,Northgate Public Schools,1,0.98
APP-000039-DOC-04-EX-02,APP-000039-DOC-04,APP-000039,pay_period_end,2026-08-01,1,0.98
APP-000039-DOC-04-EX-03,APP-000039-DOC-04,APP-000039,gross_per_period,4026.92,1,0.98
APP-000039-DOC-04-EX-04,APP-000039-DOC-04,APP-000039,ytd_gross,60403.80,1,0.98
APP-000039-DOC-04-EX-05,APP-000039-DOC-04,APP-000039,pay_frequency,bi_weekly,1,0.98
APP-000039-DOC-05-EX-01,APP-000039-DOC-05,APP-000039,tax_year,2025,1,0.98
APP-000039-DOC-05-EX-02,APP-000039-DOC-05,APP-000039,employer_name,Northgate Public Schools,1,0.98
APP-000039-DOC-05-EX-03,APP-000039-DOC-05,APP-000039,annual_wages,101035.50,1,0.98
APP-000039-DOC-06-EX-01,APP-000039-DOC-06,APP-000039,employer_name,Northgate Public Schools,1,0.98
APP-000039-DOC-06-EX-02,APP-000039-DOC-06,APP-000039,employment_start_date,2022-02-12,1,0.98
APP-000039-DOC-06-EX-03,APP-000039-DOC-06,APP-000039,employment_status,Current,1,0.98
APP-000039-DOC-06-EX-04,APP-000039-DOC-06,APP-000039,position,School Counsellor,1,0.98
APP-000039-DOC-07-EX-01,APP-000039-DOC-07,APP-000039,institution,Northwind Community Bank,1,0.98
APP-000039-DOC-07-EX-02,APP-000039-DOC-07,APP-000039,account_masked,******0151,1,0.98
APP-000039-DOC-07-EX-03,APP-000039-DOC-07,APP-000039,closing_balance,33807.22,1,0.98
APP-000039-DOC-07-EX-04,APP-000039-DOC-07,APP-000039,statement_period_end,2026-08-03,1,0.98
APP-000039-DOC-08-EX-01,APP-000039-DOC-08,APP-000039,institution,Northwind Community Bank,1,0.98
APP-000039-DOC-08-EX-02,APP-000039-DOC-08,APP-000039,account_masked,******0152,1,0.98
APP-000039-DOC-08-EX-03,APP-000039-DOC-08,APP-000039,closing_balance,62784.83,1,0.98
APP-000039-DOC-08-EX-04,APP-000039-DOC-08,APP-000039,statement_period_end,2026-08-03,1,0.98
APP-000039-DOC-09-EX-01,APP-000039-DOC-09,APP-000039,verified_balance,3954.48,1,0.98
APP-000039-DOC-09-EX-02,APP-000039-DOC-09,APP-000039,asset_type,brokerage,1,0.98
APP-000039-DOC-10-EX-01,APP-000039-DOC-10,APP-000039,verified_balance,4218.10,1,0.98
APP-000039-DOC-10-EX-02,APP-000039-DOC-10,APP-000039,asset_type,retirement,1,0.98
APP-000039-DOC-11-EX-01,APP-000039-DOC-11,APP-000039,purchase_price,430000.00,1,0.98
APP-000039-DOC-11-EX-02,APP-000039-DOC-11,APP-000039,contract_date,2026-07-17,1,0.98
APP-000039-DOC-11-EX-03,APP-000039-DOC-11,APP-000039,earnest_money,4300.00,1,0.98
APP-000039-DOC-11-EX-04,APP-000039-DOC-11,APP-000039,seller_credits,0,1,0.98
APP-000039-DOC-12-EX-01,APP-000039-DOC-12,APP-000039,appraised_value,438600.00,1,0.98
APP-000039-DOC-12-EX-02,APP-000039-DOC-12,APP-000039,effective_date,2026-07-19,1,0.98
APP-000039-DOC-12-EX-03,APP-000039-DOC-12,APP-000039,condition_rating,C3,1,0.98
APP-000039-DOC-13-EX-01,APP-000039-DOC-13,APP-000039,lien_position,1,1,0.98
APP-000039-DOC-13-EX-02,APP-000039-DOC-13,APP-000039,exception_count,1,1,0.98
APP-000039-DOC-14-EX-01,APP-000039-DOC-14,APP-000039,coverage_amount,344000.00,1,0.98
APP-000039-DOC-14-EX-02,APP-000039-DOC-14,APP-000039,annual_premium,1505.04,1,0.98
APP-000039-DOC-14-EX-03,APP-000039-DOC-14,APP-000039,effective_date,2026-09-02,1,0.98
APP-000039-DOC-15-EX-01,APP-000039-DOC-15,APP-000039,monthly_rent,2150.00,1,0.98
APP-000039-DOC-15-EX-02,APP-000039-DOC-15,APP-000039,lease_term_months,12,1,0.98
APP-000040-DOC-01-EX-01,APP-000040-DOC-01,APP-000040,application_id,APP-000040,1,0.98
APP-000040-DOC-01-EX-02,APP-000040-DOC-01,APP-000040,loan_purpose,purchase,1,0.98
APP-000040-DOC-01-EX-03,APP-000040-DOC-01,APP-000040,requested_loan_amount,368000.00,1,0.98
APP-000040-DOC-01-EX-04,APP-000040-DOC-01,APP-000040,occupancy_type,primary_residence,1,0.98
APP-000040-DOC-01-EX-05,APP-000040-DOC-01,APP-000040,declared_monthly_income,10458.33,1,0.98
APP-000040-DOC-02-EX-01,APP-000040-DOC-02,APP-000040,identity_verification_status,VERIFIED,1,0.98
APP-000040-DOC-02-EX-02,APP-000040-DOC-02,APP-000040,verified_name,Nadia Delacroix,1,0.98
APP-000040-DOC-02-EX-03,APP-000040-DOC-02,APP-000040,verified_date_of_birth,1968-02-16,1,0.98
APP-000040-DOC-03-EX-01,APP-000040-DOC-03,APP-000040,score_1,728,1,0.98
APP-000040-DOC-03-EX-02,APP-000040-DOC-03,APP-000040,score_2,742,1,0.98
APP-000040-DOC-03-EX-03,APP-000040-DOC-03,APP-000040,score_3,745,1,0.98
APP-000040-DOC-03-EX-04,APP-000040-DOC-03,APP-000040,report_date,2026-07-22,1,0.98
APP-000040-DOC-03-EX-05,APP-000040-DOC-03,APP-000040,recent_inquiries_90d,1,1,0.98
APP-000040-DOC-04-EX-01,APP-000040-DOC-04,APP-000040,employer_name,Pinewater Utilities District,1,0.98
APP-000040-DOC-04-EX-02,APP-000040-DOC-04,APP-000040,pay_period_end,2026-08-01,1,0.98
APP-000040-DOC-04-EX-03,APP-000040-DOC-04,APP-000040,gross_per_period,4826.92,1,0.98
APP-000040-DOC-04-EX-04,APP-000040-DOC-04,APP-000040,ytd_gross,72403.80,1,0.98
APP-000040-DOC-04-EX-05,APP-000040-DOC-04,APP-000040,pay_frequency,bi_weekly,1,0.98
APP-000040-DOC-05-EX-01,APP-000040-DOC-05,APP-000040,tax_year,2025,1,0.98
APP-000040-DOC-05-EX-02,APP-000040-DOC-05,APP-000040,employer_name,Pinewater Utilities District,1,0.98
APP-000040-DOC-05-EX-03,APP-000040-DOC-05,APP-000040,annual_wages,121107.46,1,0.98
APP-000040-DOC-06-EX-01,APP-000040-DOC-06,APP-000040,employer_name,Pinewater Utilities District,1,0.98
APP-000040-DOC-06-EX-02,APP-000040-DOC-06,APP-000040,employment_start_date,2022-02-12,1,0.98
APP-000040-DOC-06-EX-03,APP-000040-DOC-06,APP-000040,employment_status,Current,1,0.98
APP-000040-DOC-06-EX-04,APP-000040-DOC-06,APP-000040,position,Field Supervisor,1,0.98
APP-000040-DOC-07-EX-01,APP-000040-DOC-07,APP-000040,institution,Sablefield Trust,1,0.98
APP-000040-DOC-07-EX-02,APP-000040-DOC-07,APP-000040,account_masked,******0155,1,0.98
APP-000040-DOC-07-EX-03,APP-000040-DOC-07,APP-000040,closing_balance,50555.18,1,0.98
APP-000040-DOC-07-EX-04,APP-000040-DOC-07,APP-000040,statement_period_end,2026-08-03,1,0.98
APP-000040-DOC-08-EX-01,APP-000040-DOC-08,APP-000040,institution,Sablefield Trust,1,0.98
APP-000040-DOC-08-EX-02,APP-000040-DOC-08,APP-000040,account_masked,******0156,1,0.98
APP-000040-DOC-08-EX-03,APP-000040-DOC-08,APP-000040,closing_balance,62812.01,1,0.98
APP-000040-DOC-08-EX-04,APP-000040-DOC-08,APP-000040,statement_period_end,2026-08-03,1,0.98
APP-000040-DOC-09-EX-01,APP-000040-DOC-09,APP-000040,purchase_price,460000.00,1,0.98
APP-000040-DOC-09-EX-02,APP-000040-DOC-09,APP-000040,contract_date,2026-07-17,1,0.98
APP-000040-DOC-09-EX-03,APP-000040-DOC-09,APP-000040,earnest_money,4600.00,1,0.98
APP-000040-DOC-09-EX-04,APP-000040-DOC-09,APP-000040,seller_credits,9200.00,1,0.98
APP-000040-DOC-10-EX-01,APP-000040-DOC-10,APP-000040,appraised_value,469200.00,1,0.98
APP-000040-DOC-10-EX-02,APP-000040-DOC-10,APP-000040,effective_date,2026-07-19,1,0.98
APP-000040-DOC-10-EX-03,APP-000040-DOC-10,APP-000040,condition_rating,C3,1,0.98
APP-000040-DOC-11-EX-01,APP-000040-DOC-11,APP-000040,lien_position,1,1,0.98
APP-000040-DOC-11-EX-02,APP-000040-DOC-11,APP-000040,exception_count,1,1,0.98
APP-000040-DOC-12-EX-01,APP-000040-DOC-12,APP-000040,coverage_amount,368000.00,1,0.98
APP-000040-DOC-12-EX-02,APP-000040-DOC-12,APP-000040,annual_premium,1610.04,1,0.98
APP-000040-DOC-12-EX-03,APP-000040-DOC-12,APP-000040,effective_date,2026-09-02,1,0.98
APP-000040-DOC-13-EX-01,APP-000040-DOC-13,APP-000040,applicant_statement,provided,1,0.98
APP-000040-DOC-14-EX-01,APP-000040-DOC-14,APP-000040,open_condition_count,1,1,0.98
APP-000041-DOC-01-EX-01,APP-000041-DOC-01,APP-000041,application_id,APP-000041,1,0.98
APP-000041-DOC-01-EX-02,APP-000041-DOC-01,APP-000041,loan_purpose,purchase,1,0.98
APP-000041-DOC-01-EX-03,APP-000041-DOC-01,APP-000041,requested_loan_amount,468000.00,1,0.98
APP-000041-DOC-01-EX-04,APP-000041-DOC-01,APP-000041,occupancy_type,primary_residence,1,0.98
APP-000041-DOC-01-EX-05,APP-000041-DOC-01,APP-000041,declared_monthly_income,12675.00,1,0.98
APP-000041-DOC-02-EX-01,APP-000041-DOC-02,APP-000041,identity_verification_status,VERIFIED,1,0.98
APP-000041-DOC-02-EX-02,APP-000041-DOC-02,APP-000041,verified_name,Iris Moreau,1,0.98
APP-000041-DOC-02-EX-03,APP-000041-DOC-02,APP-000041,verified_date_of_birth,1967-07-16,1,0.98
APP-000041-DOC-03-EX-01,APP-000041-DOC-03,APP-000041,score_1,702,1,0.98
APP-000041-DOC-03-EX-02,APP-000041-DOC-03,APP-000041,score_2,716,1,0.98
APP-000041-DOC-03-EX-03,APP-000041-DOC-03,APP-000041,score_3,727,1,0.98
APP-000041-DOC-03-EX-04,APP-000041-DOC-03,APP-000041,report_date,2026-07-22,1,0.98
APP-000041-DOC-03-EX-05,APP-000041-DOC-03,APP-000041,recent_inquiries_90d,1,1,0.98
APP-000041-DOC-04-EX-01,APP-000041-DOC-04,APP-000041,employer_name,Pinewater Utilities District,1,0.98
APP-000041-DOC-04-EX-02,APP-000041-DOC-04,APP-000041,pay_period_end,2026-08-01,1,0.98
APP-000041-DOC-04-EX-03,APP-000041-DOC-04,APP-000041,gross_per_period,5850.00,1,0.98
APP-000041-DOC-04-EX-04,APP-000041-DOC-04,APP-000041,ytd_gross,87750.00,1,0.98
APP-000041-DOC-04-EX-05,APP-000041-DOC-04,APP-000041,pay_frequency,bi_weekly,1,0.98
APP-000041-DOC-05-EX-01,APP-000041-DOC-05,APP-000041,tax_year,2025,1,0.98
APP-000041-DOC-05-EX-02,APP-000041-DOC-05,APP-000041,employer_name,Pinewater Utilities District,1,0.98
APP-000041-DOC-05-EX-03,APP-000041-DOC-05,APP-000041,annual_wages,146776.50,1,0.98
APP-000041-DOC-06-EX-01,APP-000041-DOC-06,APP-000041,employer_name,Pinewater Utilities District,1,0.98
APP-000041-DOC-06-EX-02,APP-000041-DOC-06,APP-000041,employment_start_date,2022-02-12,1,0.98
APP-000041-DOC-06-EX-03,APP-000041-DOC-06,APP-000041,employment_status,Current,1,0.98
APP-000041-DOC-06-EX-04,APP-000041-DOC-06,APP-000041,position,Field Supervisor,1,0.98
APP-000041-DOC-07-EX-01,APP-000041-DOC-07,APP-000041,institution,Cascade Mutual Credit Union,1,0.98
APP-000041-DOC-07-EX-02,APP-000041-DOC-07,APP-000041,account_masked,******0157,1,0.98
APP-000041-DOC-07-EX-03,APP-000041-DOC-07,APP-000041,closing_balance,3883.39,1,0.98
APP-000041-DOC-07-EX-04,APP-000041-DOC-07,APP-000041,statement_period_end,2026-08-03,1,0.98
APP-000041-DOC-08-EX-01,APP-000041-DOC-08,APP-000041,institution,Cascade Mutual Credit Union,1,0.98
APP-000041-DOC-08-EX-02,APP-000041-DOC-08,APP-000041,account_masked,******0158,1,0.98
APP-000041-DOC-08-EX-03,APP-000041-DOC-08,APP-000041,closing_balance,7212.01,1,0.98
APP-000041-DOC-08-EX-04,APP-000041-DOC-08,APP-000041,statement_period_end,2026-08-03,1,0.98
APP-000041-DOC-09-EX-01,APP-000041-DOC-09,APP-000041,verified_balance,3445.50,1,0.98
APP-000041-DOC-09-EX-02,APP-000041-DOC-09,APP-000041,asset_type,brokerage,1,0.98
APP-000041-DOC-10-EX-01,APP-000041-DOC-10,APP-000041,verified_balance,3675.20,1,0.98
APP-000041-DOC-10-EX-02,APP-000041-DOC-10,APP-000041,asset_type,retirement,1,0.98
APP-000041-DOC-11-EX-01,APP-000041-DOC-11,APP-000041,gift_amount,52000.00,1,0.98
APP-000041-DOC-11-EX-02,APP-000041-DOC-11,APP-000041,donor_relationship,parent,1,0.98
APP-000041-DOC-11-EX-03,APP-000041-DOC-11,APP-000041,no_repayment_statement,true,1,0.98
APP-000041-DOC-12-EX-01,APP-000041-DOC-12,APP-000041,purchase_price,520000.00,1,0.98
APP-000041-DOC-12-EX-02,APP-000041-DOC-12,APP-000041,contract_date,2026-07-17,1,0.98
APP-000041-DOC-12-EX-03,APP-000041-DOC-12,APP-000041,earnest_money,5200.00,1,0.98
APP-000041-DOC-12-EX-04,APP-000041-DOC-12,APP-000041,seller_credits,0,1,0.98
APP-000041-DOC-13-EX-01,APP-000041-DOC-13,APP-000041,appraised_value,530400.00,1,0.98
APP-000041-DOC-13-EX-02,APP-000041-DOC-13,APP-000041,effective_date,2026-07-19,1,0.98
APP-000041-DOC-13-EX-03,APP-000041-DOC-13,APP-000041,condition_rating,C3,1,0.98
APP-000041-DOC-14-EX-01,APP-000041-DOC-14,APP-000041,lien_position,1,1,0.98
APP-000041-DOC-14-EX-02,APP-000041-DOC-14,APP-000041,exception_count,1,1,0.98
APP-000041-DOC-15-EX-01,APP-000041-DOC-15,APP-000041,coverage_amount,468000.00,1,0.98
APP-000041-DOC-15-EX-02,APP-000041-DOC-15,APP-000041,annual_premium,1820.04,1,0.98
APP-000041-DOC-15-EX-03,APP-000041-DOC-15,APP-000041,effective_date,2026-09-02,1,0.98
APP-000042-DOC-01-EX-01,APP-000042-DOC-01,APP-000042,application_id,APP-000042,1,0.98
APP-000042-DOC-01-EX-02,APP-000042-DOC-01,APP-000042,loan_purpose,purchase,1,0.98
APP-000042-DOC-01-EX-03,APP-000042-DOC-01,APP-000042,requested_loan_amount,450000.00,1,0.98
APP-000042-DOC-01-EX-04,APP-000042-DOC-01,APP-000042,occupancy_type,primary_residence,1,0.98
APP-000042-DOC-01-EX-05,APP-000042-DOC-01,APP-000042,declared_monthly_income,12533.33,1,0.98
APP-000042-DOC-02-EX-01,APP-000042-DOC-02,APP-000042,identity_verification_status,VERIFIED,1,0.98
APP-000042-DOC-02-EX-02,APP-000042-DOC-02,APP-000042,verified_name,Malik Guerrero,1,0.98
APP-000042-DOC-02-EX-03,APP-000042-DOC-02,APP-000042,verified_date_of_birth,1992-11-18,1,0.98
APP-000042-DOC-03-EX-01,APP-000042-DOC-03,APP-000042,score_1,730,1,0.98
APP-000042-DOC-03-EX-02,APP-000042-DOC-03,APP-000042,score_2,742,1,0.98
APP-000042-DOC-03-EX-03,APP-000042-DOC-03,APP-000042,score_3,751,1,0.98
APP-000042-DOC-03-EX-04,APP-000042-DOC-03,APP-000042,report_date,2026-07-22,1,0.98
APP-000042-DOC-03-EX-05,APP-000042-DOC-03,APP-000042,recent_inquiries_90d,1,1,0.98
APP-000042-DOC-04-EX-01,APP-000042-DOC-04,APP-000042,employer_name,Pinewater Utilities District,1,0.98
APP-000042-DOC-04-EX-02,APP-000042-DOC-04,APP-000042,pay_period_end,2026-08-01,1,0.98
APP-000042-DOC-04-EX-03,APP-000042-DOC-04,APP-000042,gross_per_period,5784.61,1,0.98
APP-000042-DOC-04-EX-04,APP-000042-DOC-04,APP-000042,ytd_gross,86769.15,1,0.98
APP-000042-DOC-04-EX-05,APP-000042-DOC-04,APP-000042,pay_frequency,bi_weekly,1,0.98
APP-000042-DOC-05-EX-01,APP-000042-DOC-05,APP-000042,tax_year,2025,1,0.98
APP-000042-DOC-05-EX-02,APP-000042-DOC-05,APP-000042,employer_name,Pinewater Utilities District,1,0.98
APP-000042-DOC-05-EX-03,APP-000042-DOC-05,APP-000042,annual_wages,145135.96,1,0.98
APP-000042-DOC-06-EX-01,APP-000042-DOC-06,APP-000042,employer_name,Pinewater Utilities District,1,0.98
APP-000042-DOC-06-EX-02,APP-000042-DOC-06,APP-000042,employment_start_date,2022-02-12,1,0.98
APP-000042-DOC-06-EX-03,APP-000042-DOC-06,APP-000042,employment_status,Current,1,0.98
APP-000042-DOC-06-EX-04,APP-000042-DOC-06,APP-000042,position,Grid Technician,1,0.98
APP-000042-DOC-07-EX-01,APP-000042-DOC-07,APP-000042,institution,Sablefield Trust,1,0.98
APP-000042-DOC-07-EX-02,APP-000042-DOC-07,APP-000042,account_masked,******0162,1,0.98
APP-000042-DOC-07-EX-03,APP-000042-DOC-07,APP-000042,closing_balance,4621.68,1,0.98
APP-000042-DOC-07-EX-04,APP-000042-DOC-07,APP-000042,statement_period_end,2026-08-03,1,0.98
APP-000042-DOC-08-EX-01,APP-000042-DOC-08,APP-000042,institution,Sablefield Trust,1,0.98
APP-000042-DOC-08-EX-02,APP-000042-DOC-08,APP-000042,account_masked,******0163,1,0.98
APP-000042-DOC-08-EX-03,APP-000042-DOC-08,APP-000042,closing_balance,8583.12,1,0.98
APP-000042-DOC-08-EX-04,APP-000042-DOC-08,APP-000042,statement_period_end,2026-08-03,1,0.98
APP-000042-DOC-09-EX-01,APP-000042-DOC-09,APP-000042,verified_balance,3406.73,1,0.98
APP-000042-DOC-09-EX-02,APP-000042-DOC-09,APP-000042,asset_type,brokerage,1,0.98
APP-000042-DOC-10-EX-01,APP-000042-DOC-10,APP-000042,verified_balance,3633.83,1,0.98
APP-000042-DOC-10-EX-02,APP-000042-DOC-10,APP-000042,asset_type,retirement,1,0.98
APP-000042-DOC-11-EX-01,APP-000042-DOC-11,APP-000042,purchase_price,500000.00,1,0.98
APP-000042-DOC-11-EX-02,APP-000042-DOC-11,APP-000042,contract_date,2026-07-17,1,0.98
APP-000042-DOC-11-EX-03,APP-000042-DOC-11,APP-000042,earnest_money,5000.00,1,0.98
APP-000042-DOC-11-EX-04,APP-000042-DOC-11,APP-000042,seller_credits,0,1,0.98
APP-000042-DOC-12-EX-01,APP-000042-DOC-12,APP-000042,appraised_value,510000.00,1,0.98
APP-000042-DOC-12-EX-02,APP-000042-DOC-12,APP-000042,effective_date,2026-07-19,1,0.98
APP-000042-DOC-12-EX-03,APP-000042-DOC-12,APP-000042,condition_rating,C3,1,0.98
APP-000042-DOC-13-EX-01,APP-000042-DOC-13,APP-000042,lien_position,1,1,0.98
APP-000042-DOC-13-EX-02,APP-000042-DOC-13,APP-000042,exception_count,1,1,0.98
APP-000042-DOC-14-EX-01,APP-000042-DOC-14,APP-000042,coverage_amount,450000.00,1,0.98
APP-000042-DOC-14-EX-02,APP-000042-DOC-14,APP-000042,annual_premium,1749.96,1,0.98
APP-000042-DOC-14-EX-03,APP-000042-DOC-14,APP-000042,effective_date,2026-09-02,1,0.98
APP-000042-DOC-15-EX-01,APP-000042-DOC-15,APP-000042,applicant_statement,provided,1,0.98
APP-000042-DOC-16-EX-01,APP-000042-DOC-16,APP-000042,open_condition_count,2,1,0.98
APP-000043-DOC-01-EX-01,APP-000043-DOC-01,APP-000043,application_id,APP-000043,1,0.98
APP-000043-DOC-01-EX-02,APP-000043-DOC-01,APP-000043,loan_purpose,purchase,1,0.98
APP-000043-DOC-01-EX-03,APP-000043-DOC-01,APP-000043,requested_loan_amount,336000.00,1,0.98
APP-000043-DOC-01-EX-04,APP-000043-DOC-01,APP-000043,occupancy_type,primary_residence,1,0.98
APP-000043-DOC-01-EX-05,APP-000043-DOC-01,APP-000043,declared_monthly_income,10041.67,1,0.98
APP-000043-DOC-02-EX-01,APP-000043-DOC-02,APP-000043,identity_verification_status,VERIFIED,1,0.98
APP-000043-DOC-02-EX-02,APP-000043-DOC-02,APP-000043,verified_name,Niall Nakamura,1,0.98
APP-000043-DOC-02-EX-03,APP-000043-DOC-02,APP-000043,verified_date_of_birth,1963-01-09,1,0.98
APP-000043-DOC-03-EX-01,APP-000043-DOC-03,APP-000043,score_1,733,1,0.98
APP-000043-DOC-03-EX-02,APP-000043-DOC-03,APP-000043,score_2,742,1,0.98
APP-000043-DOC-03-EX-03,APP-000043-DOC-03,APP-000043,score_3,753,1,0.98
APP-000043-DOC-03-EX-04,APP-000043-DOC-03,APP-000043,report_date,2026-07-22,1,0.98
APP-000043-DOC-03-EX-05,APP-000043-DOC-03,APP-000043,recent_inquiries_90d,1,1,0.98
APP-000043-DOC-04-EX-01,APP-000043-DOC-04,APP-000043,employer_name,Sable Ridge Software,1,0.98
APP-000043-DOC-04-EX-02,APP-000043-DOC-04,APP-000043,pay_period_end,2026-08-01,1,0.98
APP-000043-DOC-04-EX-03,APP-000043-DOC-04,APP-000043,gross_per_period,4634.62,1,0.98
APP-000043-DOC-04-EX-04,APP-000043-DOC-04,APP-000043,ytd_gross,69519.30,1,0.91
APP-000043-DOC-04-EX-05,APP-000043-DOC-04,APP-000043,pay_frequency,bi_weekly,1,0.98
APP-000043-DOC-05-EX-01,APP-000043-DOC-05,APP-000043,tax_year,2025,1,0.98
APP-000043-DOC-05-EX-02,APP-000043-DOC-05,APP-000043,employer_name,Sable Ridge Software,1,0.98
APP-000043-DOC-05-EX-03,APP-000043-DOC-05,APP-000043,annual_wages,116282.54,1,0.98
APP-000043-DOC-06-EX-01,APP-000043-DOC-06,APP-000043,employer_name,Sable Ridge Software,1,0.98
APP-000043-DOC-06-EX-02,APP-000043-DOC-06,APP-000043,employment_start_date,2022-02-12,1,0.98
APP-000043-DOC-06-EX-03,APP-000043-DOC-06,APP-000043,employment_status,Current,1,0.98
APP-000043-DOC-06-EX-04,APP-000043-DOC-06,APP-000043,position,Systems Analyst,1,0.98
APP-000043-DOC-07-EX-01,APP-000043-DOC-07,APP-000043,institution,Sablefield Trust,1,0.98
APP-000043-DOC-07-EX-02,APP-000043-DOC-07,APP-000043,account_masked,******0167,1,0.98
APP-000043-DOC-07-EX-03,APP-000043-DOC-07,APP-000043,closing_balance,33362.82,1,0.98
APP-000043-DOC-07-EX-04,APP-000043-DOC-07,APP-000043,statement_period_end,2026-08-03,1,0.98
APP-000043-DOC-08-EX-01,APP-000043-DOC-08,APP-000043,institution,Sablefield Trust,1,0.98
APP-000043-DOC-08-EX-02,APP-000043-DOC-08,APP-000043,account_masked,******0168,1,0.98
APP-000043-DOC-08-EX-03,APP-000043-DOC-08,APP-000043,closing_balance,61959.53,1,0.98
APP-000043-DOC-08-EX-04,APP-000043-DOC-08,APP-000043,statement_period_end,2026-08-03,1,0.98
APP-000043-DOC-09-EX-01,APP-000043-DOC-09,APP-000043,verified_balance,3641.25,1,0.98
APP-000043-DOC-09-EX-02,APP-000043-DOC-09,APP-000043,asset_type,brokerage,1,0.98
APP-000043-DOC-10-EX-01,APP-000043-DOC-10,APP-000043,verified_balance,3884.00,1,0.98
APP-000043-DOC-10-EX-02,APP-000043-DOC-10,APP-000043,asset_type,retirement,1,0.98
APP-000043-DOC-11-EX-01,APP-000043-DOC-11,APP-000043,purchase_price,420000.00,1,0.98
APP-000043-DOC-11-EX-02,APP-000043-DOC-11,APP-000043,contract_date,2026-07-17,1,0.98
APP-000043-DOC-11-EX-03,APP-000043-DOC-11,APP-000043,earnest_money,4200.00,1,0.98
APP-000043-DOC-11-EX-04,APP-000043-DOC-11,APP-000043,seller_credits,0,1,0.98
APP-000043-DOC-12-EX-01,APP-000043-DOC-12,APP-000043,appraised_value,428400.00,1,0.98
APP-000043-DOC-12-EX-02,APP-000043-DOC-12,APP-000043,effective_date,2026-07-19,1,0.98
APP-000043-DOC-12-EX-03,APP-000043-DOC-12,APP-000043,condition_rating,C3,1,0.98
APP-000043-DOC-13-EX-01,APP-000043-DOC-13,APP-000043,lien_position,1,1,0.98
APP-000043-DOC-13-EX-02,APP-000043-DOC-13,APP-000043,exception_count,1,1,0.98
APP-000043-DOC-14-EX-01,APP-000043-DOC-14,APP-000043,coverage_amount,336000.00,1,0.98
APP-000043-DOC-14-EX-02,APP-000043-DOC-14,APP-000043,annual_premium,1470.00,1,0.98
APP-000043-DOC-14-EX-03,APP-000043-DOC-14,APP-000043,effective_date,2026-09-02,1,0.98
APP-000044-DOC-01-EX-01,APP-000044-DOC-01,APP-000044,application_id,APP-000044,1,0.98
APP-000044-DOC-01-EX-02,APP-000044-DOC-01,APP-000044,loan_purpose,purchase,1,0.98
APP-000044-DOC-01-EX-03,APP-000044-DOC-01,APP-000044,requested_loan_amount,424000.00,1,0.98
APP-000044-DOC-01-EX-04,APP-000044-DOC-01,APP-000044,occupancy_type,primary_residence,1,0.98
APP-000044-DOC-01-EX-05,APP-000044-DOC-01,APP-000044,declared_monthly_income,12158.33,1,0.98
APP-000044-DOC-02-EX-01,APP-000044-DOC-02,APP-000044,identity_verification_status,REFERRED,1,0.98
APP-000044-DOC-02-EX-02,APP-000044-DOC-02,APP-000044,verified_name,Mateo Blackwood,1,0.98
APP-000044-DOC-02-EX-03,APP-000044-DOC-02,APP-000044,verified_date_of_birth,1962-06-06,1,0.98
APP-000044-DOC-03-EX-01,APP-000044-DOC-03,APP-000044,score_1,764,1,0.98
APP-000044-DOC-03-EX-02,APP-000044-DOC-03,APP-000044,score_2,768,1,0.98
APP-000044-DOC-03-EX-03,APP-000044-DOC-03,APP-000044,score_3,774,1,0.98
APP-000044-DOC-03-EX-04,APP-000044-DOC-03,APP-000044,report_date,2026-07-22,1,0.98
APP-000044-DOC-03-EX-05,APP-000044-DOC-03,APP-000044,recent_inquiries_90d,1,1,0.98
APP-000044-DOC-04-EX-01,APP-000044-DOC-04,APP-000044,employer_name,Blue Larkspur Manufacturing,1,0.98
APP-000044-DOC-04-EX-02,APP-000044-DOC-04,APP-000044,pay_period_end,2026-08-01,1,0.98
APP-000044-DOC-04-EX-03,APP-000044-DOC-04,APP-000044,gross_per_period,5611.54,1,0.98
APP-000044-DOC-04-EX-04,APP-000044-DOC-04,APP-000044,ytd_gross,84173.10,1,0.98
APP-000044-DOC-04-EX-05,APP-000044-DOC-04,APP-000044,pay_frequency,bi_weekly,1,0.98
APP-000044-DOC-05-EX-01,APP-000044-DOC-05,APP-000044,tax_year,2025,1,0.98
APP-000044-DOC-05-EX-02,APP-000044-DOC-05,APP-000044,employer_name,Blue Larkspur Manufacturing,1,0.98
APP-000044-DOC-05-EX-03,APP-000044-DOC-05,APP-000044,annual_wages,140793.46,1,0.98
APP-000044-DOC-06-EX-01,APP-000044-DOC-06,APP-000044,employer_name,Blue Larkspur Manufacturing,1,0.98
APP-000044-DOC-06-EX-02,APP-000044-DOC-06,APP-000044,employment_start_date,2022-02-12,1,0.98
APP-000044-DOC-06-EX-03,APP-000044-DOC-06,APP-000044,employment_status,Current,1,0.98
APP-000044-DOC-06-EX-04,APP-000044-DOC-06,APP-000044,position,Production Lead,1,0.98
APP-000044-DOC-07-EX-01,APP-000044-DOC-07,APP-000044,institution,Harbor Point Savings,1,0.98
APP-000044-DOC-07-EX-02,APP-000044-DOC-07,APP-000044,account_masked,******0171,1,0.98
APP-000044-DOC-07-EX-03,APP-000044-DOC-07,APP-000044,closing_balance,43825.17,1,0.98
APP-000044-DOC-07-EX-04,APP-000044-DOC-07,APP-000044,statement_period_end,2026-08-03,1,0.98
APP-000044-DOC-08-EX-01,APP-000044-DOC-08,APP-000044,institution,Harbor Point Savings,1,0.98
APP-000044-DOC-08-EX-02,APP-000044-DOC-08,APP-000044,account_masked,******0172,1,0.98
APP-000044-DOC-08-EX-03,APP-000044-DOC-08,APP-000044,closing_balance,81389.59,1,0.98
APP-000044-DOC-08-EX-04,APP-000044-DOC-08,APP-000044,statement_period_end,2026-08-03,1,0.98
APP-000044-DOC-09-EX-01,APP-000044-DOC-09,APP-000044,verified_balance,14362.43,1,0.98
APP-000044-DOC-09-EX-02,APP-000044-DOC-09,APP-000044,asset_type,brokerage,1,0.98
APP-000044-DOC-10-EX-01,APP-000044-DOC-10,APP-000044,verified_balance,15319.92,1,0.98
APP-000044-DOC-10-EX-02,APP-000044-DOC-10,APP-000044,asset_type,retirement,1,0.98
APP-000044-DOC-11-EX-01,APP-000044-DOC-11,APP-000044,purchase_price,530000.00,1,0.98
APP-000044-DOC-11-EX-02,APP-000044-DOC-11,APP-000044,contract_date,2026-07-17,1,0.98
APP-000044-DOC-11-EX-03,APP-000044-DOC-11,APP-000044,earnest_money,5300.00,1,0.98
APP-000044-DOC-11-EX-04,APP-000044-DOC-11,APP-000044,seller_credits,10600.00,1,0.98
APP-000044-DOC-12-EX-01,APP-000044-DOC-12,APP-000044,appraised_value,540600.00,1,0.98
APP-000044-DOC-12-EX-02,APP-000044-DOC-12,APP-000044,effective_date,2026-07-19,1,0.98
APP-000044-DOC-12-EX-03,APP-000044-DOC-12,APP-000044,condition_rating,C3,1,0.98
APP-000044-DOC-13-EX-01,APP-000044-DOC-13,APP-000044,lien_position,1,1,0.98
APP-000044-DOC-13-EX-02,APP-000044-DOC-13,APP-000044,exception_count,1,1,0.98
APP-000044-DOC-14-EX-01,APP-000044-DOC-14,APP-000044,coverage_amount,424000.00,1,0.98
APP-000044-DOC-14-EX-02,APP-000044-DOC-14,APP-000044,annual_premium,1854.96,1,0.98
APP-000044-DOC-14-EX-03,APP-000044-DOC-14,APP-000044,effective_date,2026-09-02,1,0.98
APP-000045-DOC-01-EX-01,APP-000045-DOC-01,APP-000045,application_id,APP-000045,1,0.98
APP-000045-DOC-01-EX-02,APP-000045-DOC-01,APP-000045,loan_purpose,purchase,1,0.98
APP-000045-DOC-01-EX-03,APP-000045-DOC-01,APP-000045,requested_loan_amount,312000.00,1,0.98
APP-000045-DOC-01-EX-04,APP-000045-DOC-01,APP-000045,occupancy_type,primary_residence,1,0.98
APP-000045-DOC-01-EX-05,APP-000045-DOC-01,APP-000045,declared_monthly_income,7916.67,1,0.98
APP-000045-DOC-02-EX-01,APP-000045-DOC-02,APP-000045,identity_verification_status,VERIFIED,1,0.98
APP-000045-DOC-02-EX-02,APP-000045-DOC-02,APP-000045,verified_name,Salma Guerrero,1,0.98
APP-000045-DOC-02-EX-03,APP-000045-DOC-02,APP-000045,verified_date_of_birth,1979-03-18,1,0.98
APP-000045-DOC-03-EX-01,APP-000045-DOC-03,APP-000045,score_1,738,1,0.98
APP-000045-DOC-03-EX-02,APP-000045-DOC-03,APP-000045,score_2,742,1,0.98
APP-000045-DOC-03-EX-03,APP-000045-DOC-03,APP-000045,score_3,752,1,0.98
APP-000045-DOC-03-EX-04,APP-000045-DOC-03,APP-000045,report_date,2026-07-22,1,0.98
APP-000045-DOC-03-EX-05,APP-000045-DOC-03,APP-000045,recent_inquiries_90d,1,1,0.98
APP-000045-DOC-04-EX-01,APP-000045-DOC-04,APP-000045,employer_name,Grayson Municipal Authority,1,0.98
APP-000045-DOC-04-EX-02,APP-000045-DOC-04,APP-000045,pay_period_end,2026-08-01,1,0.98
APP-000045-DOC-04-EX-03,APP-000045-DOC-04,APP-000045,gross_per_period,2119.23,1,0.98
APP-000045-DOC-04-EX-04,APP-000045-DOC-04,APP-000045,ytd_gross,31788.45,1,0.98
APP-000045-DOC-04-EX-05,APP-000045-DOC-04,APP-000045,pay_frequency,bi_weekly,1,0.98
APP-000045-DOC-05-EX-01,APP-000045-DOC-05,APP-000045,employer_name,Kestrel Freight Services,1,0.98
APP-000045-DOC-05-EX-02,APP-000045-DOC-05,APP-000045,pay_period_end,2026-08-01,1,0.98
APP-000045-DOC-05-EX-03,APP-000045-DOC-05,APP-000045,gross_per_period,1534.62,1,0.98
APP-000045-DOC-05-EX-04,APP-000045-DOC-05,APP-000045,ytd_gross,23019.30,1,0.98
APP-000045-DOC-05-EX-05,APP-000045-DOC-05,APP-000045,pay_frequency,bi_weekly,1,0.98
APP-000045-DOC-06-EX-01,APP-000045-DOC-06,APP-000045,verified_balance,4303.94,1,0.98
APP-000045-DOC-06-EX-02,APP-000045-DOC-06,APP-000045,asset_type,brokerage,1,0.98
APP-000045-DOC-07-EX-01,APP-000045-DOC-07,APP-000045,verified_balance,4590.87,1,0.98
APP-000045-DOC-07-EX-02,APP-000045-DOC-07,APP-000045,asset_type,retirement,1,0.98
APP-000045-DOC-08-EX-01,APP-000045-DOC-08,APP-000045,purchase_price,390000.00,1,0.98
APP-000045-DOC-08-EX-02,APP-000045-DOC-08,APP-000045,contract_date,2026-07-17,1,0.98
APP-000045-DOC-08-EX-03,APP-000045-DOC-08,APP-000045,earnest_money,3900.00,1,0.98
APP-000045-DOC-08-EX-04,APP-000045-DOC-08,APP-000045,seller_credits,7800.00,1,0.98
APP-000045-DOC-09-EX-01,APP-000045-DOC-09,APP-000045,appraised_value,397800.00,1,0.98
APP-000045-DOC-09-EX-02,APP-000045-DOC-09,APP-000045,effective_date,2026-07-19,1,0.98
APP-000045-DOC-09-EX-03,APP-000045-DOC-09,APP-000045,condition_rating,C3,1,0.98
APP-000045-DOC-10-EX-01,APP-000045-DOC-10,APP-000045,lien_position,1,1,0.98
APP-000045-DOC-10-EX-02,APP-000045-DOC-10,APP-000045,exception_count,1,1,0.98
APP-000045-DOC-11-EX-01,APP-000045-DOC-11,APP-000045,coverage_amount,312000.00,1,0.98
APP-000045-DOC-11-EX-02,APP-000045-DOC-11,APP-000045,annual_premium,1365.00,1,0.98
APP-000045-DOC-11-EX-03,APP-000045-DOC-11,APP-000045,effective_date,2026-09-02,1,0.98
APP-000045-DOC-12-EX-01,APP-000045-DOC-12,APP-000045,applicant_statement,provided,1,0.98
APP-000045-DOC-13-EX-01,APP-000045-DOC-13,APP-000045,open_condition_count,3,1,0.98
APP-000046-DOC-01-EX-01,APP-000046-DOC-01,APP-000046,application_id,APP-000046,1,0.98
APP-000046-DOC-01-EX-02,APP-000046-DOC-01,APP-000046,loan_purpose,purchase,1,0.98
APP-000046-DOC-01-EX-03,APP-000046-DOC-01,APP-000046,requested_loan_amount,392000.00,1,0.98
APP-000046-DOC-01-EX-04,APP-000046-DOC-01,APP-000046,occupancy_type,primary_residence,1,0.98
APP-000046-DOC-01-EX-05,APP-000046-DOC-01,APP-000046,declared_monthly_income,11716.67,1,0.98
APP-000046-DOC-02-EX-01,APP-000046-DOC-02,APP-000046,identity_verification_status,VERIFIED,1,0.98
APP-000046-DOC-02-EX-02,APP-000046-DOC-02,APP-000046,verified_name,Emeka Ferreira,1,0.98
APP-000046-DOC-02-EX-03,APP-000046-DOC-02,APP-000046,verified_date_of_birth,1975-02-02,1,0.98
APP-000046-DOC-03-EX-01,APP-000046-DOC-03,APP-000046,score_1,730,1,0.98
APP-000046-DOC-03-EX-02,APP-000046-DOC-03,APP-000046,score_2,742,1,0.98
APP-000046-DOC-03-EX-03,APP-000046-DOC-03,APP-000046,score_3,746,1,0.98
APP-000046-DOC-03-EX-04,APP-000046-DOC-03,APP-000046,report_date,2026-07-22,1,0.98
APP-000046-DOC-03-EX-05,APP-000046-DOC-03,APP-000046,recent_inquiries_90d,1,1,0.98
APP-000046-DOC-04-EX-01,APP-000046-DOC-04,APP-000046,employer_name,Silverbrook Diagnostics,1,0.98
APP-000046-DOC-04-EX-02,APP-000046-DOC-04,APP-000046,pay_period_end,2026-06-09,1,0.98
APP-000046-DOC-04-EX-03,APP-000046-DOC-04,APP-000046,gross_per_period,5407.69,1,0.98
APP-000046-DOC-04-EX-04,APP-000046-DOC-04,APP-000046,ytd_gross,59484.59,1,0.98
APP-000046-DOC-04-EX-05,APP-000046-DOC-04,APP-000046,pay_frequency,bi_weekly,1,0.98
APP-000046-DOC-05-EX-01,APP-000046-DOC-05,APP-000046,tax_year,2025,1,0.98
APP-000046-DOC-05-EX-02,APP-000046-DOC-05,APP-000046,employer_name,Silverbrook Diagnostics,1,0.98
APP-000046-DOC-05-EX-03,APP-000046-DOC-05,APP-000046,annual_wages,135679.04,1,0.98
APP-000046-DOC-06-EX-01,APP-000046-DOC-06,APP-000046,employer_name,Silverbrook Diagnostics,1,0.98
APP-000046-DOC-06-EX-02,APP-000046-DOC-06,APP-000046,employment_start_date,2022-02-12,1,0.98
APP-000046-DOC-06-EX-03,APP-000046-DOC-06,APP-000046,employment_status,Current,1,0.98
APP-000046-DOC-06-EX-04,APP-000046-DOC-06,APP-000046,position,Registered Nurse,1,0.98
APP-000046-DOC-07-EX-01,APP-000046-DOC-07,APP-000046,institution,Sablefield Trust,1,0.98
APP-000046-DOC-07-EX-02,APP-000046-DOC-07,APP-000046,account_masked,******0179,1,0.98
APP-000046-DOC-07-EX-03,APP-000046-DOC-07,APP-000046,closing_balance,40778.01,1,0.98
APP-000046-DOC-07-EX-04,APP-000046-DOC-07,APP-000046,statement_period_end,2026-05-29,1,0.98
APP-000046-DOC-08-EX-01,APP-000046-DOC-08,APP-000046,institution,Sablefield Trust,1,0.98
APP-000046-DOC-08-EX-02,APP-000046-DOC-08,APP-000046,account_masked,******0180,1,0.98
APP-000046-DOC-08-EX-03,APP-000046-DOC-08,APP-000046,closing_balance,75730.58,1,0.98
APP-000046-DOC-08-EX-04,APP-000046-DOC-08,APP-000046,statement_period_end,2026-05-29,1,0.98
APP-000046-DOC-09-EX-01,APP-000046-DOC-09,APP-000046,verified_balance,7434.23,1,0.98
APP-000046-DOC-09-EX-02,APP-000046-DOC-09,APP-000046,asset_type,brokerage,1,0.98
APP-000046-DOC-10-EX-01,APP-000046-DOC-10,APP-000046,verified_balance,7929.83,1,0.98
APP-000046-DOC-10-EX-02,APP-000046-DOC-10,APP-000046,asset_type,retirement,1,0.98
APP-000046-DOC-11-EX-01,APP-000046-DOC-11,APP-000046,purchase_price,490000.00,1,0.98
APP-000046-DOC-11-EX-02,APP-000046-DOC-11,APP-000046,contract_date,2026-07-17,1,0.98
APP-000046-DOC-11-EX-03,APP-000046-DOC-11,APP-000046,earnest_money,4900.00,1,0.98
APP-000046-DOC-11-EX-04,APP-000046-DOC-11,APP-000046,seller_credits,0,1,0.98
APP-000046-DOC-12-EX-01,APP-000046-DOC-12,APP-000046,appraised_value,499800.00,1,0.98
APP-000046-DOC-12-EX-02,APP-000046-DOC-12,APP-000046,effective_date,2026-07-19,1,0.98
APP-000046-DOC-12-EX-03,APP-000046-DOC-12,APP-000046,condition_rating,C3,1,0.98
APP-000046-DOC-13-EX-01,APP-000046-DOC-13,APP-000046,lien_position,1,1,0.98
APP-000046-DOC-13-EX-02,APP-000046-DOC-13,APP-000046,exception_count,1,1,0.98
APP-000046-DOC-14-EX-01,APP-000046-DOC-14,APP-000046,coverage_amount,392000.00,1,0.98
APP-000046-DOC-14-EX-02,APP-000046-DOC-14,APP-000046,annual_premium,1715.04,1,0.98
APP-000046-DOC-14-EX-03,APP-000046-DOC-14,APP-000046,effective_date,2026-09-02,1,0.98
APP-000046-DOC-15-EX-01,APP-000046-DOC-15,APP-000046,applicant_statement,provided,1,0.98
APP-000046-DOC-16-EX-01,APP-000046-DOC-16,APP-000046,open_condition_count,2,1,0.98
APP-000047-DOC-01-EX-01,APP-000047-DOC-01,APP-000047,application_id,APP-000047,1,0.98
APP-000047-DOC-01-EX-02,APP-000047-DOC-01,APP-000047,loan_purpose,purchase,1,0.98
APP-000047-DOC-01-EX-03,APP-000047-DOC-01,APP-000047,requested_loan_amount,416000.00,1,0.98
APP-000047-DOC-01-EX-04,APP-000047-DOC-01,APP-000047,occupancy_type,primary_residence,1,0.98
APP-000047-DOC-01-EX-05,APP-000047-DOC-01,APP-000047,declared_monthly_income,11000.00,1,0.98
APP-000047-DOC-02-EX-01,APP-000047-DOC-02,APP-000047,identity_verification_status,VERIFIED,1,0.98
APP-000047-DOC-02-EX-02,APP-000047-DOC-02,APP-000047,verified_name,Rosa Hollingsworth,1,0.98
APP-000047-DOC-02-EX-03,APP-000047-DOC-02,APP-000047,verified_date_of_birth,1977-08-21,1,0.98
APP-000047-DOC-03-EX-01,APP-000047-DOC-03,APP-000047,score_1,731,1,0.98
APP-000047-DOC-03-EX-02,APP-000047-DOC-03,APP-000047,score_2,742,1,0.98
APP-000047-DOC-03-EX-03,APP-000047-DOC-03,APP-000047,score_3,750,1,0.98
APP-000047-DOC-03-EX-04,APP-000047-DOC-03,APP-000047,report_date,2026-08-14,1,0.98
APP-000047-DOC-03-EX-05,APP-000047-DOC-03,APP-000047,recent_inquiries_90d,4,1,0.98
APP-000047-DOC-04-EX-01,APP-000047-DOC-04,APP-000047,employer_name,Verity Loom Textiles,1,0.98
APP-000047-DOC-04-EX-02,APP-000047-DOC-04,APP-000047,pay_period_end,2026-08-24,1,0.98
APP-000047-DOC-04-EX-03,APP-000047-DOC-04,APP-000047,gross_per_period,2944.62,1,0.98
APP-000047-DOC-04-EX-04,APP-000047-DOC-04,APP-000047,ytd_gross,47113.92,1,0.98
APP-000047-DOC-04-EX-05,APP-000047-DOC-04,APP-000047,pay_frequency,bi_weekly,1,0.98
APP-000047-DOC-05-EX-01,APP-000047-DOC-05,APP-000047,tax_year,2025,1,0.98
APP-000047-DOC-05-EX-02,APP-000047-DOC-05,APP-000047,employer_name,Verity Loom Textiles,1,0.98
APP-000047-DOC-05-EX-03,APP-000047-DOC-05,APP-000047,annual_wages,73880.40,1,0.98
APP-000047-DOC-06-EX-01,APP-000047-DOC-06,APP-000047,employer_name,Verity Loom Textiles,1,0.98
APP-000047-DOC-06-EX-02,APP-000047-DOC-06,APP-000047,employment_start_date,2022-03-04,1,0.98
APP-000047-DOC-06-EX-03,APP-000047-DOC-06,APP-000047,employment_status,Current,1,0.98
APP-000047-DOC-06-EX-04,APP-000047-DOC-06,APP-000047,position,Quality Engineer,1,0.98
APP-000047-DOC-07-EX-01,APP-000047-DOC-07,APP-000047,employer_name,Kestrel Freight Services,1,0.98
APP-000047-DOC-07-EX-02,APP-000047-DOC-07,APP-000047,pay_period_end,2026-08-24,1,0.98
APP-000047-DOC-07-EX-03,APP-000047-DOC-07,APP-000047,gross_per_period,2132.31,1,0.98
APP-000047-DOC-07-EX-04,APP-000047-DOC-07,APP-000047,ytd_gross,34116.96,1,0.98
APP-000047-DOC-07-EX-05,APP-000047-DOC-07,APP-000047,pay_frequency,bi_weekly,1,0.98
APP-000047-DOC-08-EX-01,APP-000047-DOC-08,APP-000047,tax_year,2025,1,0.98
APP-000047-DOC-08-EX-02,APP-000047-DOC-08,APP-000047,employer_name,Kestrel Freight Services,1,0.98
APP-000047-DOC-08-EX-03,APP-000047-DOC-08,APP-000047,annual_wages,53499.60,1,0.98
APP-000047-DOC-09-EX-01,APP-000047-DOC-09,APP-000047,employer_name,Kestrel Freight Services,1,0.98
APP-000047-DOC-09-EX-02,APP-000047-DOC-09,APP-000047,employment_start_date,2022-10-04,1,0.98
APP-000047-DOC-09-EX-03,APP-000047-DOC-09,APP-000047,employment_status,Current,1,0.98
APP-000047-DOC-09-EX-04,APP-000047-DOC-09,APP-000047,position,Dispatch Lead,1,0.98
APP-000047-DOC-10-EX-01,APP-000047-DOC-10,APP-000047,institution,Sablefield Trust,1,0.98
APP-000047-DOC-10-EX-02,APP-000047-DOC-10,APP-000047,account_masked,******0183,1,0.98
APP-000047-DOC-10-EX-03,APP-000047-DOC-10,APP-000047,closing_balance,42797.20,1,0.98
APP-000047-DOC-10-EX-04,APP-000047-DOC-10,APP-000047,statement_period_end,2026-08-26,1,0.98
APP-000047-DOC-11-EX-01,APP-000047-DOC-11,APP-000047,institution,Sablefield Trust,1,0.98
APP-000047-DOC-11-EX-02,APP-000047-DOC-11,APP-000047,account_masked,******0184,1,0.98
APP-000047-DOC-11-EX-03,APP-000047-DOC-11,APP-000047,closing_balance,79480.52,1,0.98
APP-000047-DOC-11-EX-04,APP-000047-DOC-11,APP-000047,statement_period_end,2026-08-26,1,0.98
APP-000047-DOC-12-EX-01,APP-000047-DOC-12,APP-000047,verified_balance,7976.43,1,0.98
APP-000047-DOC-12-EX-02,APP-000047-DOC-12,APP-000047,asset_type,brokerage,1,0.98
APP-000047-DOC-13-EX-01,APP-000047-DOC-13,APP-000047,verified_balance,8508.18,1,0.98
APP-000047-DOC-13-EX-02,APP-000047-DOC-13,APP-000047,asset_type,retirement,1,0.98
APP-000047-DOC-14-EX-01,APP-000047-DOC-14,APP-000047,purchase_price,520000.00,1,0.98
APP-000047-DOC-14-EX-02,APP-000047-DOC-14,APP-000047,contract_date,2026-08-09,1,0.98
APP-000047-DOC-14-EX-03,APP-000047-DOC-14,APP-000047,earnest_money,5200.00,1,0.98
APP-000047-DOC-14-EX-04,APP-000047-DOC-14,APP-000047,seller_credits,0,1,0.98
APP-000047-DOC-15-EX-01,APP-000047-DOC-15,APP-000047,appraised_value,530400.00,1,0.98
APP-000047-DOC-15-EX-02,APP-000047-DOC-15,APP-000047,effective_date,2026-08-11,1,0.98
APP-000047-DOC-15-EX-03,APP-000047-DOC-15,APP-000047,condition_rating,C3,1,0.98
APP-000047-DOC-16-EX-01,APP-000047-DOC-16,APP-000047,lien_position,1,1,0.98
APP-000047-DOC-16-EX-02,APP-000047-DOC-16,APP-000047,exception_count,1,1,0.98
APP-000047-DOC-17-EX-01,APP-000047-DOC-17,APP-000047,coverage_amount,416000.00,1,0.98
APP-000047-DOC-17-EX-02,APP-000047-DOC-17,APP-000047,annual_premium,1820.04,1,0.98
APP-000047-DOC-17-EX-03,APP-000047-DOC-17,APP-000047,effective_date,2026-09-25,1,0.98
APP-000047-DOC-18-EX-01,APP-000047-DOC-18,APP-000047,flood_zone,AE,1,0.98
APP-000047-DOC-18-EX-02,APP-000047-DOC-18,APP-000047,coverage_amount,416000.00,1,0.98
APP-000047-DOC-19-EX-01,APP-000047-DOC-19,APP-000047,applicant_statement,provided,1,0.98
APP-000047-DOC-20-EX-01,APP-000047-DOC-20,APP-000047,open_condition_count,1,1,0.98
APP-000048-DOC-01-EX-01,APP-000048-DOC-01,APP-000048,application_id,APP-000048,1,0.98
APP-000048-DOC-01-EX-02,APP-000048-DOC-01,APP-000048,loan_purpose,purchase,1,0.98
APP-000048-DOC-01-EX-03,APP-000048-DOC-01,APP-000048,requested_loan_amount,432000.00,1,0.98
APP-000048-DOC-01-EX-04,APP-000048-DOC-01,APP-000048,occupancy_type,primary_residence,1,0.98
APP-000048-DOC-01-EX-05,APP-000048-DOC-01,APP-000048,declared_monthly_income,13516.67,1,0.98
APP-000048-DOC-02-EX-01,APP-000048-DOC-02,APP-000048,identity_verification_status,VERIFIED,1,0.98
APP-000048-DOC-02-EX-02,APP-000048-DOC-02,APP-000048,verified_name,Noor Pemberton,1,0.98
APP-000048-DOC-02-EX-03,APP-000048-DOC-02,APP-000048,verified_date_of_birth,1972-10-09,1,0.98
APP-000048-DOC-03-EX-01,APP-000048-DOC-03,APP-000048,score_1,736,1,0.98
APP-000048-DOC-03-EX-02,APP-000048-DOC-03,APP-000048,score_2,742,1,0.98
APP-000048-DOC-03-EX-03,APP-000048-DOC-03,APP-000048,score_3,750,1,0.98
APP-000048-DOC-03-EX-04,APP-000048-DOC-03,APP-000048,report_date,2026-07-22,1,0.98
APP-000048-DOC-03-EX-05,APP-000048-DOC-03,APP-000048,recent_inquiries_90d,1,1,0.98
APP-000048-DOC-04-EX-01,APP-000048-DOC-04,APP-000048,employer_name,Grayson Municipal Authority,1,0.98
APP-000048-DOC-04-EX-02,APP-000048-DOC-04,APP-000048,pay_period_end,2026-08-01,1,0.98
APP-000048-DOC-04-EX-03,APP-000048-DOC-04,APP-000048,gross_per_period,6238.46,1,0.98
APP-000048-DOC-04-EX-04,APP-000048-DOC-04,APP-000048,ytd_gross,93576.90,1,0.98
APP-000048-DOC-04-EX-05,APP-000048-DOC-04,APP-000048,pay_frequency,bi_weekly,1,0.98
APP-000048-DOC-05-EX-01,APP-000048-DOC-05,APP-000048,tax_year,2025,1,0.98
APP-000048-DOC-05-EX-02,APP-000048-DOC-05,APP-000048,employer_name,Grayson Municipal Authority,1,0.98
APP-000048-DOC-05-EX-03,APP-000048-DOC-05,APP-000048,annual_wages,156523.04,1,0.98
APP-000048-DOC-06-EX-01,APP-000048-DOC-06,APP-000048,employer_name,Grayson Municipal Authority,1,0.98
APP-000048-DOC-06-EX-02,APP-000048-DOC-06,APP-000048,employment_start_date,2022-02-12,1,0.98
APP-000048-DOC-06-EX-03,APP-000048-DOC-06,APP-000048,employment_status,Current,1,0.98
APP-000048-DOC-06-EX-04,APP-000048-DOC-06,APP-000048,position,Records Administrator,1,0.98
APP-000048-DOC-07-EX-01,APP-000048-DOC-07,APP-000048,institution,Northwind Community Bank,1,0.98
APP-000048-DOC-07-EX-02,APP-000048-DOC-07,APP-000048,account_masked,******0187,1,0.98
APP-000048-DOC-07-EX-03,APP-000048-DOC-07,APP-000048,closing_balance,43727.52,1,0.98
APP-000048-DOC-07-EX-04,APP-000048-DOC-07,APP-000048,statement_period_end,2026-08-03,1,0.98
APP-000048-DOC-08-EX-01,APP-000048-DOC-08,APP-000048,institution,Northwind Community Bank,1,0.98
APP-000048-DOC-08-EX-02,APP-000048-DOC-08,APP-000048,account_masked,******0188,1,0.98
APP-000048-DOC-08-EX-03,APP-000048-DOC-08,APP-000048,closing_balance,81208.25,1,0.98
APP-000048-DOC-08-EX-04,APP-000048-DOC-08,APP-000048,statement_period_end,2026-08-03,1,0.98
APP-000048-DOC-09-EX-01,APP-000048-DOC-09,APP-000048,verified_balance,6126.24,1,0.98
APP-000048-DOC-09-EX-02,APP-000048-DOC-09,APP-000048,asset_type,brokerage,1,0.98
APP-000048-DOC-10-EX-01,APP-000048-DOC-10,APP-000048,verified_balance,6534.65,1,0.98
APP-000048-DOC-10-EX-02,APP-000048-DOC-10,APP-000048,asset_type,retirement,1,0.98
APP-000048-DOC-11-EX-01,APP-000048-DOC-11,APP-000048,purchase_price,540000.00,1,0.98
APP-000048-DOC-11-EX-02,APP-000048-DOC-11,APP-000048,contract_date,2026-07-17,1,0.98
APP-000048-DOC-11-EX-03,APP-000048-DOC-11,APP-000048,earnest_money,5400.00,1,0.98
APP-000048-DOC-11-EX-04,APP-000048-DOC-11,APP-000048,seller_credits,0,1,0.98
APP-000048-DOC-12-EX-01,APP-000048-DOC-12,APP-000048,appraised_value,550800.00,1,0.98
APP-000048-DOC-12-EX-02,APP-000048-DOC-12,APP-000048,effective_date,2026-07-19,1,0.98
APP-000048-DOC-12-EX-03,APP-000048-DOC-12,APP-000048,condition_rating,C3,1,0.98
APP-000048-DOC-13-EX-01,APP-000048-DOC-13,APP-000048,lien_position,1,1,0.98
APP-000048-DOC-13-EX-02,APP-000048-DOC-13,APP-000048,exception_count,1,1,0.98
APP-000048-DOC-14-EX-01,APP-000048-DOC-14,APP-000048,coverage_amount,432000.00,1,0.98
APP-000048-DOC-14-EX-02,APP-000048-DOC-14,APP-000048,annual_premium,1890.00,1,0.98
APP-000048-DOC-14-EX-03,APP-000048-DOC-14,APP-000048,effective_date,2026-09-02,1,0.98
APP-000048-DOC-15-EX-01,APP-000048-DOC-15,APP-000048,applicant_statement,provided,1,0.98
APP-000048-DOC-16-EX-01,APP-000048-DOC-16,APP-000048,open_condition_count,2,1,0.98
APP-000049-DOC-01-EX-01,APP-000049-DOC-01,APP-000049,application_id,APP-000049,1,0.98
APP-000049-DOC-01-EX-02,APP-000049-DOC-01,APP-000049,loan_purpose,purchase,1,0.98
APP-000049-DOC-01-EX-03,APP-000049-DOC-01,APP-000049,requested_loan_amount,312000.00,1,0.98
APP-000049-DOC-01-EX-04,APP-000049-DOC-01,APP-000049,occupancy_type,primary_residence,1,0.98
APP-000049-DOC-01-EX-05,APP-000049-DOC-01,APP-000049,declared_monthly_income,9658.33,1,0.98
APP-000049-DOC-02-EX-01,APP-000049-DOC-02,APP-000049,identity_verification_status,VERIFIED,1,0.98
APP-000049-DOC-02-EX-02,APP-000049-DOC-02,APP-000049,verified_name,Marcus Brennerman,1,0.98
APP-000049-DOC-02-EX-03,APP-000049-DOC-02,APP-000049,verified_date_of_birth,2000-05-16,1,0.98
APP-000049-DOC-03-EX-01,APP-000049-DOC-03,APP-000049,score_1,766,1,0.98
APP-000049-DOC-03-EX-02,APP-000049-DOC-03,APP-000049,score_2,772,1,0.98
APP-000049-DOC-03-EX-03,APP-000049-DOC-03,APP-000049,score_3,783,1,0.98
APP-000049-DOC-03-EX-04,APP-000049-DOC-03,APP-000049,report_date,2026-07-22,1,0.98
APP-000049-DOC-03-EX-05,APP-000049-DOC-03,APP-000049,recent_inquiries_90d,1,1,0.98
APP-000049-DOC-04-EX-01,APP-000049-DOC-04,APP-000049,employer_name,Harborline Logistics,1,0.98
APP-000049-DOC-04-EX-02,APP-000049-DOC-04,APP-000049,pay_period_end,2026-08-01,1,0.98
APP-000049-DOC-04-EX-03,APP-000049-DOC-04,APP-000049,gross_per_period,4457.69,1,0.98
APP-000049-DOC-04-EX-04,APP-000049-DOC-04,APP-000049,ytd_gross,66865.35,1,0.98
APP-000049-DOC-04-EX-05,APP-000049-DOC-04,APP-000049,pay_frequency,bi_weekly,1,0.98
APP-000049-DOC-05-EX-01,APP-000049-DOC-05,APP-000049,tax_year,2025,1,0.98
APP-000049-DOC-05-EX-02,APP-000049-DOC-05,APP-000049,employer_name,Harborline Logistics,1,0.98
APP-000049-DOC-05-EX-03,APP-000049-DOC-05,APP-000049,annual_wages,111843.46,1,0.98
APP-000049-DOC-06-EX-01,APP-000049-DOC-06,APP-000049,employer_name,Harborline Logistics,1,0.98
APP-000049-DOC-06-EX-02,APP-000049-DOC-06,APP-000049,employment_start_date,2022-02-12,1,0.98
APP-000049-DOC-06-EX-03,APP-000049-DOC-06,APP-000049,employment_status,Current,1,0.98
APP-000049-DOC-06-EX-04,APP-000049-DOC-06,APP-000049,position,Fleet Coordinator,1,0.98
APP-000049-DOC-07-EX-01,APP-000049-DOC-07,APP-000049,institution,Cascade Mutual Credit Union,1,0.98
APP-000049-DOC-07-EX-02,APP-000049-DOC-07,APP-000049,account_masked,******0191,1,0.98
APP-000049-DOC-07-EX-03,APP-000049-DOC-07,APP-000049,closing_balance,34670.91,1,0.98
APP-000049-DOC-07-EX-04,APP-000049-DOC-07,APP-000049,statement_period_end,2026-08-03,1,0.98
APP-000049-DOC-08-EX-01,APP-000049-DOC-08,APP-000049,institution,Cascade Mutual Credit Union,1,0.98
APP-000049-DOC-08-EX-02,APP-000049-DOC-08,APP-000049,account_masked,******0192,1,0.98
APP-000049-DOC-08-EX-03,APP-000049-DOC-08,APP-000049,closing_balance,64388.82,1,0.98
APP-000049-DOC-08-EX-04,APP-000049-DOC-08,APP-000049,statement_period_end,2026-08-03,1,0.98
APP-000049-DOC-09-EX-01,APP-000049-DOC-09,APP-000049,verified_balance,9298.20,1,0.98
APP-000049-DOC-09-EX-02,APP-000049-DOC-09,APP-000049,asset_type,brokerage,1,0.98
APP-000049-DOC-10-EX-01,APP-000049-DOC-10,APP-000049,verified_balance,9918.08,1,0.98
APP-000049-DOC-10-EX-02,APP-000049-DOC-10,APP-000049,asset_type,retirement,1,0.98
APP-000049-DOC-11-EX-01,APP-000049-DOC-11,APP-000049,purchase_price,390000.00,1,0.98
APP-000049-DOC-11-EX-02,APP-000049-DOC-11,APP-000049,contract_date,2026-07-17,1,0.98
APP-000049-DOC-11-EX-03,APP-000049-DOC-11,APP-000049,earnest_money,3900.00,1,0.98
APP-000049-DOC-11-EX-04,APP-000049-DOC-11,APP-000049,seller_credits,0,1,0.98
APP-000049-DOC-12-EX-01,APP-000049-DOC-12,APP-000049,appraised_value,397800.00,1,0.98
APP-000049-DOC-12-EX-02,APP-000049-DOC-12,APP-000049,effective_date,2026-07-19,1,0.98
APP-000049-DOC-12-EX-03,APP-000049-DOC-12,APP-000049,condition_rating,C3,1,0.98
APP-000049-DOC-13-EX-01,APP-000049-DOC-13,APP-000049,lien_position,1,1,0.98
APP-000049-DOC-13-EX-02,APP-000049-DOC-13,APP-000049,exception_count,2,1,0.98
APP-000049-DOC-14-EX-01,APP-000049-DOC-14,APP-000049,coverage_amount,312000.00,1,0.98
APP-000049-DOC-14-EX-02,APP-000049-DOC-14,APP-000049,annual_premium,1365.00,1,0.98
APP-000049-DOC-14-EX-03,APP-000049-DOC-14,APP-000049,effective_date,2026-09-02,1,0.98
APP-000049-DOC-15-EX-01,APP-000049-DOC-15,APP-000049,applicant_statement,provided,1,0.98
APP-000049-DOC-16-EX-01,APP-000049-DOC-16,APP-000049,open_condition_count,1,1,0.98
APP-000050-DOC-01-EX-01,APP-000050-DOC-01,APP-000050,application_id,APP-000050,1,0.98
APP-000050-DOC-01-EX-02,APP-000050-DOC-01,APP-000050,loan_purpose,purchase,1,0.98
APP-000050-DOC-01-EX-03,APP-000050-DOC-01,APP-000050,requested_loan_amount,431460.00,1,0.98
APP-000050-DOC-01-EX-04,APP-000050-DOC-01,APP-000050,occupancy_type,primary_residence,1,0.98
APP-000050-DOC-01-EX-05,APP-000050-DOC-01,APP-000050,declared_monthly_income,12800.00,1,0.98
APP-000050-DOC-02-EX-01,APP-000050-DOC-02,APP-000050,identity_verification_status,VERIFIED,1,0.98
APP-000050-DOC-02-EX-02,APP-000050-DOC-02,APP-000050,verified_name,Emeka Hargrave,1,0.98
APP-000050-DOC-02-EX-03,APP-000050-DOC-02,APP-000050,verified_date_of_birth,1968-03-13,1,0.98
APP-000050-DOC-03-EX-01,APP-000050-DOC-03,APP-000050,score_1,736,1,0.98
APP-000050-DOC-03-EX-02,APP-000050-DOC-03,APP-000050,score_2,742,1,0.98
APP-000050-DOC-03-EX-03,APP-000050-DOC-03,APP-000050,score_3,753,1,0.98
APP-000050-DOC-03-EX-04,APP-000050-DOC-03,APP-000050,report_date,2026-07-22,1,0.98
APP-000050-DOC-03-EX-05,APP-000050-DOC-03,APP-000050,recent_inquiries_90d,1,1,0.98
APP-000050-DOC-04-EX-01,APP-000050-DOC-04,APP-000050,employer_name,Blue Larkspur Manufacturing,1,0.98
APP-000050-DOC-04-EX-02,APP-000050-DOC-04,APP-000050,pay_period_end,2026-08-01,1,0.98
APP-000050-DOC-04-EX-03,APP-000050-DOC-04,APP-000050,gross_per_period,3426.46,1,0.98
APP-000050-DOC-04-EX-04,APP-000050-DOC-04,APP-000050,ytd_gross,51396.90,1,0.98
APP-000050-DOC-04-EX-05,APP-000050-DOC-04,APP-000050,pay_frequency,bi_weekly,1,0.98
APP-000050-DOC-05-EX-01,APP-000050-DOC-05,APP-000050,tax_year,2025,1,0.98
APP-000050-DOC-05-EX-02,APP-000050-DOC-05,APP-000050,employer_name,Blue Larkspur Manufacturing,1,0.98
APP-000050-DOC-05-EX-03,APP-000050-DOC-05,APP-000050,annual_wages,85969.92,1,0.98
APP-000050-DOC-06-EX-01,APP-000050-DOC-06,APP-000050,employer_name,Blue Larkspur Manufacturing,1,0.98
APP-000050-DOC-06-EX-02,APP-000050-DOC-06,APP-000050,employment_start_date,2022-02-12,1,0.98
APP-000050-DOC-06-EX-03,APP-000050-DOC-06,APP-000050,employment_status,Current,1,0.98
APP-000050-DOC-06-EX-04,APP-000050-DOC-06,APP-000050,position,Production Lead,1,0.98
APP-000050-DOC-07-EX-01,APP-000050-DOC-07,APP-000050,employer_name,Fenwick Structural Engineering,1,0.98
APP-000050-DOC-07-EX-02,APP-000050-DOC-07,APP-000050,pay_period_end,2026-08-01,1,0.98
APP-000050-DOC-07-EX-03,APP-000050-DOC-07,APP-000050,gross_per_period,2481.23,1,0.98
APP-000050-DOC-07-EX-04,APP-000050-DOC-07,APP-000050,ytd_gross,37218.45,1,0.98
APP-000050-DOC-07-EX-05,APP-000050-DOC-07,APP-000050,pay_frequency,bi_weekly,1,0.98
APP-000050-DOC-08-EX-01,APP-000050-DOC-08,APP-000050,tax_year,2025,1,0.98
APP-000050-DOC-08-EX-02,APP-000050-DOC-08,APP-000050,employer_name,Fenwick Structural Engineering,1,0.98
APP-000050-DOC-08-EX-03,APP-000050-DOC-08,APP-000050,annual_wages,62254.08,1,0.98
APP-000050-DOC-09-EX-01,APP-000050-DOC-09,APP-000050,employer_name,Fenwick Structural Engineering,1,0.98
APP-000050-DOC-09-EX-02,APP-000050-DOC-09,APP-000050,employment_start_date,2022-09-12,1,0.98
APP-000050-DOC-09-EX-03,APP-000050-DOC-09,APP-000050,employment_status,Current,1,0.98
APP-000050-DOC-09-EX-04,APP-000050-DOC-09,APP-000050,position,Structural Engineer,1,0.98
APP-000050-DOC-10-EX-01,APP-000050-DOC-10,APP-000050,institution,Northwind Community Bank,1,0.98
APP-000050-DOC-10-EX-02,APP-000050-DOC-10,APP-000050,account_masked,******0195,1,0.98
APP-000050-DOC-10-EX-03,APP-000050-DOC-10,APP-000050,closing_balance,28424.00,1,0.98
APP-000050-DOC-10-EX-04,APP-000050-DOC-10,APP-000050,statement_period_end,2026-08-03,1,0.98
APP-000050-DOC-11-EX-01,APP-000050-DOC-11,APP-000050,institution,Northwind Community Bank,1,0.98
APP-000050-DOC-11-EX-02,APP-000050-DOC-11,APP-000050,account_masked,******0196,1,0.98
APP-000050-DOC-11-EX-03,APP-000050-DOC-11,APP-000050,closing_balance,52787.43,1,0.98
APP-000050-DOC-11-EX-04,APP-000050-DOC-11,APP-000050,statement_period_end,2026-08-03,1,0.98
APP-000050-DOC-12-EX-01,APP-000050-DOC-12,APP-000050,purchase_price,510000.00,1,0.98
APP-000050-DOC-12-EX-02,APP-000050-DOC-12,APP-000050,contract_date,2026-07-17,1,0.98
APP-000050-DOC-12-EX-03,APP-000050-DOC-12,APP-000050,earnest_money,5100.00,1,0.98
APP-000050-DOC-12-EX-04,APP-000050-DOC-12,APP-000050,seller_credits,10200.00,1,0.98
APP-000050-DOC-13-EX-01,APP-000050-DOC-13,APP-000050,appraised_value,479400.00,1,0.98
APP-000050-DOC-13-EX-02,APP-000050-DOC-13,APP-000050,effective_date,2026-07-19,1,0.98
APP-000050-DOC-13-EX-03,APP-000050-DOC-13,APP-000050,condition_rating,C3,1,0.98
APP-000050-DOC-14-EX-01,APP-000050-DOC-14,APP-000050,lien_position,1,1,0.98
APP-000050-DOC-14-EX-02,APP-000050-DOC-14,APP-000050,exception_count,1,1,0.98
APP-000050-DOC-15-EX-01,APP-000050-DOC-15,APP-000050,coverage_amount,431460.00,1,0.98
APP-000050-DOC-15-EX-02,APP-000050-DOC-15,APP-000050,annual_premium,1677.96,1,0.98
APP-000050-DOC-15-EX-03,APP-000050-DOC-15,APP-000050,effective_date,2026-09-02,1,0.98
APP-000051-DOC-01-EX-01,APP-000051-DOC-01,APP-000051,application_id,APP-000051,1,0.98
APP-000051-DOC-01-EX-02,APP-000051-DOC-01,APP-000051,loan_purpose,purchase,1,0.98
APP-000051-DOC-01-EX-03,APP-000051-DOC-01,APP-000051,requested_loan_amount,352000.00,1,0.98
APP-000051-DOC-01-EX-04,APP-000051-DOC-01,APP-000051,occupancy_type,primary_residence,1,0.98
APP-000051-DOC-01-EX-05,APP-000051-DOC-01,APP-000051,declared_monthly_income,10866.67,1,0.98
APP-000051-DOC-02-EX-01,APP-000051-DOC-02,APP-000051,identity_verification_status,VERIFIED,1,0.98
APP-000051-DOC-02-EX-02,APP-000051-DOC-02,APP-000051,verified_name,Priya Vasquez,1,0.98
APP-000051-DOC-02-EX-03,APP-000051-DOC-02,APP-000051,verified_date_of_birth,1990-10-19,1,0.98
APP-000051-DOC-03-EX-01,APP-000051-DOC-03,APP-000051,score_1,732,1,0.98
APP-000051-DOC-03-EX-02,APP-000051-DOC-03,APP-000051,score_2,742,1,0.98
APP-000051-DOC-03-EX-03,APP-000051-DOC-03,APP-000051,score_3,754,1,0.98
APP-000051-DOC-03-EX-04,APP-000051-DOC-03,APP-000051,report_date,2026-07-22,1,0.98
APP-000051-DOC-03-EX-05,APP-000051-DOC-03,APP-000051,recent_inquiries_90d,1,1,0.98
APP-000051-DOC-04-EX-01,APP-000051-DOC-04,APP-000051,employer_name,Orchard Point Hospitality,1,0.98
APP-000051-DOC-04-EX-02,APP-000051-DOC-04,APP-000051,pay_period_end,2026-08-01,1,0.98
APP-000051-DOC-04-EX-03,APP-000051-DOC-04,APP-000051,gross_per_period,5015.39,1,0.98
APP-000051-DOC-04-EX-04,APP-000051-DOC-04,APP-000051,ytd_gross,75230.85,1,0.98
APP-000051-DOC-04-EX-05,APP-000051-DOC-04,APP-000051,pay_frequency,bi_weekly,1,0.98
APP-000051-DOC-05-EX-01,APP-000051-DOC-05,APP-000051,tax_year,2025,1,0.98
APP-000051-DOC-05-EX-02,APP-000051-DOC-05,APP-000051,employer_name,Orchard Point Hospitality,1,0.98
APP-000051-DOC-05-EX-03,APP-000051-DOC-05,APP-000051,annual_wages,125836.04,1,0.98
APP-000051-DOC-06-EX-01,APP-000051-DOC-06,APP-000051,employer_name,Orchard Point Hospitality,1,0.98
APP-000051-DOC-06-EX-02,APP-000051-DOC-06,APP-000051,employment_start_date,2022-02-12,1,0.98
APP-000051-DOC-06-EX-03,APP-000051-DOC-06,APP-000051,employment_status,Current,1,0.98
APP-000051-DOC-06-EX-04,APP-000051-DOC-06,APP-000051,position,Operations Manager,1,0.98
APP-000051-DOC-07-EX-01,APP-000051-DOC-07,APP-000051,institution,Cascade Mutual Credit Union,1,0.98
APP-000051-DOC-07-EX-02,APP-000051-DOC-07,APP-000051,account_masked,******0197,1,0.98
APP-000051-DOC-07-EX-03,APP-000051-DOC-07,APP-000051,closing_balance,36313.91,1,0.98
APP-000051-DOC-07-EX-04,APP-000051-DOC-07,APP-000051,statement_period_end,2026-08-03,1,0.98
APP-000051-DOC-08-EX-01,APP-000051-DOC-08,APP-000051,institution,Cascade Mutual Credit Union,1,0.98
APP-000051-DOC-08-EX-02,APP-000051-DOC-08,APP-000051,account_masked,******0198,1,0.98
APP-000051-DOC-08-EX-03,APP-000051-DOC-08,APP-000051,closing_balance,67440.11,1,0.98
APP-000051-DOC-08-EX-04,APP-000051-DOC-08,APP-000051,statement_period_end,2026-08-03,1,0.98
APP-000051-DOC-09-EX-01,APP-000051-DOC-09,APP-000051,verified_balance,5907.60,1,0.98
APP-000051-DOC-09-EX-02,APP-000051-DOC-09,APP-000051,asset_type,brokerage,1,0.98
APP-000051-DOC-10-EX-01,APP-000051-DOC-10,APP-000051,verified_balance,6301.43,1,0.98
APP-000051-DOC-10-EX-02,APP-000051-DOC-10,APP-000051,asset_type,retirement,1,0.98
APP-000051-DOC-11-EX-01,APP-000051-DOC-11,APP-000051,purchase_price,440000.00,1,0.98
APP-000051-DOC-11-EX-02,APP-000051-DOC-11,APP-000051,contract_date,2026-07-17,1,0.98
APP-000051-DOC-11-EX-03,APP-000051-DOC-11,APP-000051,earnest_money,4400.00,1,0.98
APP-000051-DOC-11-EX-04,APP-000051-DOC-11,APP-000051,seller_credits,0,1,0.98
APP-000051-DOC-12-EX-01,APP-000051-DOC-12,APP-000051,appraised_value,448800.00,1,0.98
APP-000051-DOC-12-EX-02,APP-000051-DOC-12,APP-000051,effective_date,2026-07-19,1,0.98
APP-000051-DOC-12-EX-03,APP-000051-DOC-12,APP-000051,condition_rating,C4,1,0.98
APP-000051-DOC-13-EX-01,APP-000051-DOC-13,APP-000051,lien_position,1,1,0.98
APP-000051-DOC-13-EX-02,APP-000051-DOC-13,APP-000051,exception_count,1,1,0.98
APP-000051-DOC-14-EX-01,APP-000051-DOC-14,APP-000051,coverage_amount,352000.00,1,0.98
APP-000051-DOC-14-EX-02,APP-000051-DOC-14,APP-000051,annual_premium,1539.96,1,0.98
APP-000051-DOC-14-EX-03,APP-000051-DOC-14,APP-000051,effective_date,2026-09-02,1,0.98
APP-000051-DOC-15-EX-01,APP-000051-DOC-15,APP-000051,applicant_statement,provided,1,0.98
APP-000051-DOC-16-EX-01,APP-000051-DOC-16,APP-000051,open_condition_count,1,1,0.98
APP-000052-DOC-01-EX-01,APP-000052-DOC-01,APP-000052,application_id,APP-000052,1,0.98
APP-000052-DOC-01-EX-02,APP-000052-DOC-01,APP-000052,loan_purpose,purchase,1,0.98
APP-000052-DOC-01-EX-03,APP-000052-DOC-01,APP-000052,requested_loan_amount,307500.00,1,0.98
APP-000052-DOC-01-EX-04,APP-000052-DOC-01,APP-000052,occupancy_type,primary_residence,1,0.98
APP-000052-DOC-01-EX-05,APP-000052-DOC-01,APP-000052,declared_monthly_income,9350.00,1,0.98
APP-000052-DOC-02-EX-01,APP-000052-DOC-02,APP-000052,identity_verification_status,VERIFIED,1,0.98
APP-000052-DOC-02-EX-02,APP-000052-DOC-02,APP-000052,verified_name,Freya Achterberg,1,0.98
APP-000052-DOC-02-EX-03,APP-000052-DOC-02,APP-000052,verified_date_of_birth,1968-03-03,1,0.98
APP-000052-DOC-03-EX-01,APP-000052-DOC-03,APP-000052,score_1,760,1,0.98
APP-000052-DOC-03-EX-02,APP-000052-DOC-03,APP-000052,score_2,764,1,0.98
APP-000052-DOC-03-EX-03,APP-000052-DOC-03,APP-000052,score_3,767,1,0.98
APP-000052-DOC-03-EX-04,APP-000052-DOC-03,APP-000052,report_date,2026-08-14,1,0.98
APP-000052-DOC-03-EX-05,APP-000052-DOC-03,APP-000052,recent_inquiries_90d,1,1,0.98
APP-000052-DOC-04-EX-01,APP-000052-DOC-04,APP-000052,employer_name,Orchard Point Hospitality,1,0.98
APP-000052-DOC-04-EX-02,APP-000052-DOC-04,APP-000052,pay_period_end,2026-08-24,1,0.98
APP-000052-DOC-04-EX-03,APP-000052-DOC-04,APP-000052,gross_per_period,4315.38,1,0.98
APP-000052-DOC-04-EX-04,APP-000052-DOC-04,APP-000052,ytd_gross,69046.08,1,0.98
APP-000052-DOC-04-EX-05,APP-000052-DOC-04,APP-000052,pay_frequency,bi_weekly,1,0.98
APP-000052-DOC-05-EX-01,APP-000052-DOC-05,APP-000052,tax_year,2025,1,0.98
APP-000052-DOC-05-EX-02,APP-000052-DOC-05,APP-000052,employer_name,Orchard Point Hospitality,1,0.98
APP-000052-DOC-05-EX-03,APP-000052-DOC-05,APP-000052,annual_wages,108273.00,1,0.98
APP-000052-DOC-06-EX-01,APP-000052-DOC-06,APP-000052,employer_name,Orchard Point Hospitality,1,0.98
APP-000052-DOC-06-EX-02,APP-000052-DOC-06,APP-000052,employment_start_date,2022-03-04,1,0.98
APP-000052-DOC-06-EX-03,APP-000052-DOC-06,APP-000052,employment_status,Current,1,0.98
APP-000052-DOC-06-EX-04,APP-000052-DOC-06,APP-000052,position,Events Director,1,0.98
APP-000052-DOC-07-EX-01,APP-000052-DOC-07,APP-000052,institution,Northwind Community Bank,1,0.98
APP-000052-DOC-07-EX-02,APP-000052-DOC-07,APP-000052,account_masked,******0201,1,0.98
APP-000052-DOC-07-EX-03,APP-000052-DOC-07,APP-000052,closing_balance,42680.66,1,0.98
APP-000052-DOC-07-EX-04,APP-000052-DOC-07,APP-000052,statement_period_end,2026-08-26,1,0.98
APP-000052-DOC-08-EX-01,APP-000052-DOC-08,APP-000052,institution,Northwind Community Bank,1,0.98
APP-000052-DOC-08-EX-02,APP-000052-DOC-08,APP-000052,account_masked,******0202,1,0.98
APP-000052-DOC-08-EX-03,APP-000052-DOC-08,APP-000052,closing_balance,79264.09,1,0.98
APP-000052-DOC-08-EX-04,APP-000052-DOC-08,APP-000052,statement_period_end,2026-08-26,1,0.98
APP-000052-DOC-09-EX-01,APP-000052-DOC-09,APP-000052,verified_balance,8475.13,1,0.98
APP-000052-DOC-09-EX-02,APP-000052-DOC-09,APP-000052,asset_type,brokerage,1,0.98
APP-000052-DOC-10-EX-01,APP-000052-DOC-10,APP-000052,verified_balance,9040.13,1,0.98
APP-000052-DOC-10-EX-02,APP-000052-DOC-10,APP-000052,asset_type,retirement,1,0.98
APP-000052-DOC-11-EX-01,APP-000052-DOC-11,APP-000052,purchase_price,410000.00,1,0.98
APP-000052-DOC-11-EX-02,APP-000052-DOC-11,APP-000052,contract_date,2026-08-09,1,0.98
APP-000052-DOC-11-EX-03,APP-000052-DOC-11,APP-000052,earnest_money,4100.00,1,0.98
APP-000052-DOC-11-EX-04,APP-000052-DOC-11,APP-000052,seller_credits,0,1,0.98
APP-000052-DOC-12-EX-01,APP-000052-DOC-12,APP-000052,accepted_value,418200.00,1,0.98
APP-000052-DOC-12-EX-02,APP-000052-DOC-12,APP-000052,valuation_method,value_acceptance,1,0.98
APP-000052-DOC-13-EX-01,APP-000052-DOC-13,APP-000052,lien_position,1,1,0.98
APP-000052-DOC-13-EX-02,APP-000052-DOC-13,APP-000052,exception_count,1,1,0.98
APP-000052-DOC-14-EX-01,APP-000052-DOC-14,APP-000052,coverage_amount,307500.00,1,0.98
APP-000052-DOC-14-EX-02,APP-000052-DOC-14,APP-000052,annual_premium,1434.96,1,0.98
APP-000052-DOC-14-EX-03,APP-000052-DOC-14,APP-000052,effective_date,2026-09-25,1,0.98
APP-000053-DOC-01-EX-01,APP-000053-DOC-01,APP-000053,application_id,APP-000053,1,0.98
APP-000053-DOC-01-EX-02,APP-000053-DOC-01,APP-000053,loan_purpose,purchase,1,0.98
APP-000053-DOC-01-EX-03,APP-000053-DOC-01,APP-000053,requested_loan_amount,420000.00,1,0.98
APP-000053-DOC-01-EX-04,APP-000053-DOC-01,APP-000053,occupancy_type,primary_residence,1,0.98
APP-000053-DOC-01-EX-05,APP-000053-DOC-01,APP-000053,declared_monthly_income,11341.67,1,0.98
APP-000053-DOC-02-EX-01,APP-000053-DOC-02,APP-000053,identity_verification_status,VERIFIED,1,0.98
APP-000053-DOC-02-EX-02,APP-000053-DOC-02,APP-000053,verified_name,Salma Brennerman,1,0.98
APP-000053-DOC-02-EX-03,APP-000053-DOC-02,APP-000053,verified_date_of_birth,1960-12-11,1,0.98
APP-000053-DOC-03-EX-01,APP-000053-DOC-03,APP-000053,score_1,754,1,0.98
APP-000053-DOC-03-EX-02,APP-000053-DOC-03,APP-000053,score_2,764,1,0.98
APP-000053-DOC-03-EX-03,APP-000053-DOC-03,APP-000053,score_3,769,1,0.98
APP-000053-DOC-03-EX-04,APP-000053-DOC-03,APP-000053,report_date,2026-06-04,1,0.98
APP-000053-DOC-03-EX-05,APP-000053-DOC-03,APP-000053,recent_inquiries_90d,1,1,0.98
APP-000053-DOC-04-EX-01,APP-000053-DOC-04,APP-000053,employer_name,Latchford Construction,1,0.98
APP-000053-DOC-04-EX-02,APP-000053-DOC-04,APP-000053,pay_period_end,2026-06-14,1,0.98
APP-000053-DOC-04-EX-03,APP-000053-DOC-04,APP-000053,gross_per_period,5234.62,1,0.98
APP-000053-DOC-04-EX-04,APP-000053-DOC-04,APP-000053,ytd_gross,57580.82,1,0.98
APP-000053-DOC-04-EX-05,APP-000053-DOC-04,APP-000053,pay_frequency,bi_weekly,1,0.98
APP-000053-DOC-05-EX-01,APP-000053-DOC-05,APP-000053,tax_year,2025,1,0.98
APP-000053-DOC-05-EX-02,APP-000053-DOC-05,APP-000053,employer_name,Latchford Construction,1,0.98
APP-000053-DOC-05-EX-03,APP-000053-DOC-05,APP-000053,annual_wages,131336.54,1,0.98
APP-000053-DOC-06-EX-01,APP-000053-DOC-06,APP-000053,employer_name,Latchford Construction,1,0.98
APP-000053-DOC-06-EX-02,APP-000053-DOC-06,APP-000053,employment_start_date,2021-12-25,1,0.98
APP-000053-DOC-06-EX-03,APP-000053-DOC-06,APP-000053,employment_status,Current,1,0.98
APP-000053-DOC-06-EX-04,APP-000053-DOC-06,APP-000053,position,Estimator,1,0.98
APP-000053-DOC-07-EX-01,APP-000053-DOC-07,APP-000053,institution,Sablefield Trust,1,0.98
APP-000053-DOC-07-EX-02,APP-000053-DOC-07,APP-000053,account_masked,******0205,1,0.98
APP-000053-DOC-07-EX-03,APP-000053-DOC-07,APP-000053,closing_balance,52903.01,1,0.98
APP-000053-DOC-07-EX-04,APP-000053-DOC-07,APP-000053,statement_period_end,2026-06-16,1,0.98
APP-000053-DOC-08-EX-01,APP-000053-DOC-08,APP-000053,institution,Sablefield Trust,1,0.98
APP-000053-DOC-08-EX-02,APP-000053-DOC-08,APP-000053,account_masked,******0206,1,0.98
APP-000053-DOC-08-EX-03,APP-000053-DOC-08,APP-000053,closing_balance,98248.45,1,0.98
APP-000053-DOC-08-EX-04,APP-000053-DOC-08,APP-000053,statement_period_end,2026-06-16,1,0.98
APP-000053-DOC-09-EX-01,APP-000053-DOC-09,APP-000053,verified_balance,10277.85,1,0.98
APP-000053-DOC-09-EX-02,APP-000053-DOC-09,APP-000053,asset_type,brokerage,1,0.98
APP-000053-DOC-10-EX-01,APP-000053-DOC-10,APP-000053,verified_balance,10963.03,1,0.98
APP-000053-DOC-10-EX-02,APP-000053-DOC-10,APP-000053,asset_type,retirement,1,0.98
APP-000053-DOC-11-EX-01,APP-000053-DOC-11,APP-000053,purchase_price,560000.00,1,0.98
APP-000053-DOC-11-EX-02,APP-000053-DOC-11,APP-000053,contract_date,2026-05-30,1,0.98
APP-000053-DOC-11-EX-03,APP-000053-DOC-11,APP-000053,earnest_money,5600.00,1,0.98
APP-000053-DOC-11-EX-04,APP-000053-DOC-11,APP-000053,seller_credits,11200.00,1,0.98
APP-000053-DOC-12-EX-01,APP-000053-DOC-12,APP-000053,accepted_value,571200.00,1,0.98
APP-000053-DOC-12-EX-02,APP-000053-DOC-12,APP-000053,valuation_method,value_acceptance,1,0.98
APP-000053-DOC-13-EX-01,APP-000053-DOC-13,APP-000053,lien_position,1,1,0.98
APP-000053-DOC-13-EX-02,APP-000053-DOC-13,APP-000053,exception_count,1,1,0.98
APP-000053-DOC-14-EX-01,APP-000053-DOC-14,APP-000053,coverage_amount,420000.00,1,0.98
APP-000053-DOC-14-EX-02,APP-000053-DOC-14,APP-000053,annual_premium,1959.96,1,0.98
APP-000053-DOC-14-EX-03,APP-000053-DOC-14,APP-000053,effective_date,2026-07-16,1,0.98
APP-000053-DOC-15-EX-01,APP-000053-DOC-15,APP-000053,applicant_statement,provided,1,0.98
APP-000053-DOC-16-EX-01,APP-000053-DOC-16,APP-000053,open_condition_count,1,1,0.98
APP-000054-DOC-01-EX-01,APP-000054-DOC-01,APP-000054,application_id,APP-000054,1,0.98
APP-000054-DOC-01-EX-02,APP-000054-DOC-01,APP-000054,loan_purpose,purchase,1,0.98
APP-000054-DOC-01-EX-03,APP-000054-DOC-01,APP-000054,requested_loan_amount,336000.00,1,0.98
APP-000054-DOC-01-EX-04,APP-000054-DOC-01,APP-000054,occupancy_type,primary_residence,1,0.98
APP-000054-DOC-01-EX-05,APP-000054-DOC-01,APP-000054,declared_monthly_income,10041.67,1,0.98
APP-000054-DOC-02-EX-01,APP-000054-DOC-02,APP-000054,identity_verification_status,VERIFIED,1,0.98
APP-000054-DOC-02-EX-02,APP-000054-DOC-02,APP-000054,verified_name,Mira Quintero,1,0.98
APP-000054-DOC-02-EX-03,APP-000054-DOC-02,APP-000054,verified_date_of_birth,1986-07-17,1,0.98
APP-000054-DOC-03-EX-01,APP-000054-DOC-03,APP-000054,score_1,729,1,0.98
APP-000054-DOC-03-EX-02,APP-000054-DOC-03,APP-000054,score_2,742,1,0.98
APP-000054-DOC-03-EX-03,APP-000054-DOC-03,APP-000054,score_3,748,1,0.98
APP-000054-DOC-03-EX-04,APP-000054-DOC-03,APP-000054,report_date,2026-07-22,1,0.98
APP-000054-DOC-03-EX-05,APP-000054-DOC-03,APP-000054,recent_inquiries_90d,1,1,0.98
APP-000054-DOC-04-EX-01,APP-000054-DOC-04,APP-000054,employer_name,Meridian Civic Health,1,0.98
APP-000054-DOC-04-EX-02,APP-000054-DOC-04,APP-000054,pay_period_end,2026-08-01,1,0.98
APP-000054-DOC-04-EX-03,APP-000054-DOC-04,APP-000054,gross_per_period,4634.62,1,0.98
APP-000054-DOC-04-EX-04,APP-000054-DOC-04,APP-000054,ytd_gross,69519.30,1,0.98
APP-000054-DOC-04-EX-05,APP-000054-DOC-04,APP-000054,pay_frequency,bi_weekly,1,0.98
APP-000054-DOC-05-EX-01,APP-000054-DOC-05,APP-000054,tax_year,2025,1,0.98
APP-000054-DOC-05-EX-02,APP-000054-DOC-05,APP-000054,employer_name,Meridian Civic Health,1,0.98
APP-000054-DOC-05-EX-03,APP-000054-DOC-05,APP-000054,annual_wages,116282.54,1,0.98
APP-000054-DOC-06-EX-01,APP-000054-DOC-06,APP-000054,employer_name,Meridian Civic Health,1,0.98
APP-000054-DOC-06-EX-02,APP-000054-DOC-06,APP-000054,employment_start_date,2022-02-12,1,0.98
APP-000054-DOC-06-EX-03,APP-000054-DOC-06,APP-000054,employment_status,Current,1,0.98
APP-000054-DOC-06-EX-04,APP-000054-DOC-06,APP-000054,position,Practice Manager,1,0.98
APP-000054-DOC-07-EX-01,APP-000054-DOC-07,APP-000054,institution,Sablefield Trust,1,0.98
APP-000054-DOC-07-EX-02,APP-000054-DOC-07,APP-000054,account_masked,******0209,1,0.98
APP-000054-DOC-07-EX-03,APP-000054-DOC-07,APP-000054,closing_balance,35045.08,1,0.98
APP-000054-DOC-07-EX-04,APP-000054-DOC-07,APP-000054,statement_period_end,2026-08-03,1,0.98
APP-000054-DOC-08-EX-01,APP-000054-DOC-08,APP-000054,institution,Sablefield Trust,1,0.98
APP-000054-DOC-08-EX-02,APP-000054-DOC-08,APP-000054,account_masked,******0210,1,0.98
APP-000054-DOC-08-EX-03,APP-000054-DOC-08,APP-000054,closing_balance,65083.72,1,0.98
APP-000054-DOC-08-EX-04,APP-000054-DOC-08,APP-000054,statement_period_end,2026-08-03,1,0.98
APP-000054-DOC-09-EX-01,APP-000054-DOC-09,APP-000054,verified_balance,6372.19,1,0.98
APP-000054-DOC-09-EX-02,APP-000054-DOC-09,APP-000054,asset_type,brokerage,1,0.98
APP-000054-DOC-10-EX-01,APP-000054-DOC-10,APP-000054,verified_balance,6797.00,1,0.98
APP-000054-DOC-10-EX-02,APP-000054-DOC-10,APP-000054,asset_type,retirement,1,0.98
APP-000054-DOC-11-EX-01,APP-000054-DOC-11,APP-000054,purchase_price,420000.00,1,0.98
APP-000054-DOC-11-EX-02,APP-000054-DOC-11,APP-000054,contract_date,2026-07-17,1,0.98
APP-000054-DOC-11-EX-03,APP-000054-DOC-11,APP-000054,earnest_money,4200.00,1,0.98
APP-000054-DOC-11-EX-04,APP-000054-DOC-11,APP-000054,seller_credits,0,1,0.98
APP-000054-DOC-12-EX-01,APP-000054-DOC-12,APP-000054,appraised_value,428400.00,1,0.98
APP-000054-DOC-12-EX-02,APP-000054-DOC-12,APP-000054,effective_date,2026-02-25,1,0.98
APP-000054-DOC-12-EX-03,APP-000054-DOC-12,APP-000054,condition_rating,C3,1,0.98
APP-000054-DOC-13-EX-01,APP-000054-DOC-13,APP-000054,lien_position,1,1,0.98
APP-000054-DOC-13-EX-02,APP-000054-DOC-13,APP-000054,exception_count,1,1,0.98
APP-000054-DOC-14-EX-01,APP-000054-DOC-14,APP-000054,coverage_amount,336000.00,1,0.98
APP-000054-DOC-14-EX-02,APP-000054-DOC-14,APP-000054,annual_premium,1470.00,1,0.98
APP-000054-DOC-14-EX-03,APP-000054-DOC-14,APP-000054,effective_date,2026-09-02,1,0.98
APP-000054-DOC-15-EX-01,APP-000054-DOC-15,APP-000054,applicant_statement,provided,1,0.98
APP-000054-DOC-16-EX-01,APP-000054-DOC-16,APP-000054,open_condition_count,1,1,0.98
APP-000055-DOC-01-EX-01,APP-000055-DOC-01,APP-000055,application_id,APP-000055,1,0.98
APP-000055-DOC-01-EX-02,APP-000055-DOC-01,APP-000055,loan_purpose,purchase,1,0.98
APP-000055-DOC-01-EX-03,APP-000055-DOC-01,APP-000055,requested_loan_amount,395600.00,1,0.98
APP-000055-DOC-01-EX-04,APP-000055-DOC-01,APP-000055,occupancy_type,primary_residence,1,0.98
APP-000055-DOC-01-EX-05,APP-000055-DOC-01,APP-000055,declared_monthly_income,11516.67,1,0.98
APP-000055-DOC-02-EX-01,APP-000055-DOC-02,APP-000055,identity_verification_status,VERIFIED,1,0.98
APP-000055-DOC-02-EX-02,APP-000055-DOC-02,APP-000055,verified_name,Ingrid Petrosyan,1,0.98
APP-000055-DOC-02-EX-03,APP-000055-DOC-02,APP-000055,verified_date_of_birth,1961-01-26,1,0.98
APP-000055-DOC-03-EX-01,APP-000055-DOC-03,APP-000055,score_1,684,1,0.98
APP-000055-DOC-03-EX-02,APP-000055-DOC-03,APP-000055,score_2,698,1,0.98
APP-000055-DOC-03-EX-03,APP-000055-DOC-03,APP-000055,score_3,709,1,0.98
APP-000055-DOC-03-EX-04,APP-000055-DOC-03,APP-000055,report_date,2026-06-04,1,0.98
APP-000055-DOC-03-EX-05,APP-000055-DOC-03,APP-000055,recent_inquiries_90d,1,1,0.98
APP-000055-DOC-04-EX-01,APP-000055-DOC-04,APP-000055,employer_name,Sable Ridge Software,1,0.98
APP-000055-DOC-04-EX-02,APP-000055-DOC-04,APP-000055,pay_period_end,2026-06-14,1,0.98
APP-000055-DOC-04-EX-03,APP-000055-DOC-04,APP-000055,gross_per_period,5315.39,1,0.98
APP-000055-DOC-04-EX-04,APP-000055-DOC-04,APP-000055,ytd_gross,58469.29,1,0.98
APP-000055-DOC-04-EX-05,APP-000055-DOC-04,APP-000055,pay_frequency,bi_weekly,1,0.98
APP-000055-DOC-05-EX-01,APP-000055-DOC-05,APP-000055,tax_year,2025,1,0.98
APP-000055-DOC-05-EX-02,APP-000055-DOC-05,APP-000055,employer_name,Sable Ridge Software,1,0.98
APP-000055-DOC-05-EX-03,APP-000055-DOC-05,APP-000055,annual_wages,133363.04,1,0.98
APP-000055-DOC-06-EX-01,APP-000055-DOC-06,APP-000055,employer_name,Sable Ridge Software,1,0.98
APP-000055-DOC-06-EX-02,APP-000055-DOC-06,APP-000055,employment_start_date,2021-12-25,1,0.98
APP-000055-DOC-06-EX-03,APP-000055-DOC-06,APP-000055,employment_status,Current,1,0.98
APP-000055-DOC-06-EX-04,APP-000055-DOC-06,APP-000055,position,Product Manager,1,0.98
APP-000055-DOC-07-EX-01,APP-000055-DOC-07,APP-000055,institution,Sablefield Trust,1,0.98
APP-000055-DOC-07-EX-02,APP-000055-DOC-07,APP-000055,account_masked,******0213,1,0.98
APP-000055-DOC-07-EX-03,APP-000055-DOC-07,APP-000055,closing_balance,16122.56,1,0.98
APP-000055-DOC-07-EX-04,APP-000055-DOC-07,APP-000055,statement_period_end,2026-06-16,1,0.98
APP-000055-DOC-08-EX-01,APP-000055-DOC-08,APP-000055,institution,Sablefield Trust,1,0.98
APP-000055-DOC-08-EX-02,APP-000055-DOC-08,APP-000055,account_masked,******0214,1,0.98
APP-000055-DOC-08-EX-03,APP-000055-DOC-08,APP-000055,closing_balance,29941.89,1,0.98
APP-000055-DOC-08-EX-04,APP-000055-DOC-08,APP-000055,statement_period_end,2026-06-16,1,0.98
APP-000055-DOC-09-EX-01,APP-000055-DOC-09,APP-000055,verified_balance,3347.58,1,0.98
APP-000055-DOC-09-EX-02,APP-000055-DOC-09,APP-000055,asset_type,brokerage,1,0.98
APP-000055-DOC-10-EX-01,APP-000055-DOC-10,APP-000055,verified_balance,3570.75,1,0.98
APP-000055-DOC-10-EX-02,APP-000055-DOC-10,APP-000055,asset_type,retirement,1,0.98
APP-000055-DOC-11-EX-01,APP-000055-DOC-11,APP-000055,purchase_price,430000.00,1,0.98
APP-000055-DOC-11-EX-02,APP-000055-DOC-11,APP-000055,contract_date,2026-05-30,1,0.98
APP-000055-DOC-11-EX-03,APP-000055-DOC-11,APP-000055,earnest_money,4300.00,1,0.98
APP-000055-DOC-11-EX-04,APP-000055-DOC-11,APP-000055,seller_credits,0,1,0.98
APP-000055-DOC-12-EX-01,APP-000055-DOC-12,APP-000055,appraised_value,438600.00,1,0.98
APP-000055-DOC-12-EX-02,APP-000055-DOC-12,APP-000055,effective_date,2026-06-01,1,0.98
APP-000055-DOC-12-EX-03,APP-000055-DOC-12,APP-000055,condition_rating,C3,1,0.98
APP-000055-DOC-13-EX-01,APP-000055-DOC-13,APP-000055,lien_position,1,1,0.98
APP-000055-DOC-13-EX-02,APP-000055-DOC-13,APP-000055,exception_count,1,1,0.98
APP-000055-DOC-14-EX-01,APP-000055-DOC-14,APP-000055,coverage_amount,395600.00,1,0.98
APP-000055-DOC-14-EX-02,APP-000055-DOC-14,APP-000055,annual_premium,1505.04,1,0.98
APP-000055-DOC-14-EX-03,APP-000055-DOC-14,APP-000055,effective_date,2026-07-16,1,0.98
APP-000056-DOC-01-EX-01,APP-000056-DOC-01,APP-000056,application_id,APP-000056,1,0.98
APP-000056-DOC-01-EX-02,APP-000056-DOC-01,APP-000056,loan_purpose,purchase,1,0.98
APP-000056-DOC-01-EX-03,APP-000056-DOC-01,APP-000056,requested_loan_amount,432400.00,1,0.98
APP-000056-DOC-01-EX-04,APP-000056-DOC-01,APP-000056,occupancy_type,primary_residence,1,0.98
APP-000056-DOC-01-EX-05,APP-000056-DOC-01,APP-000056,declared_monthly_income,12591.67,1,0.98
APP-000056-DOC-02-EX-01,APP-000056-DOC-02,APP-000056,identity_verification_status,VERIFIED,1,0.98
APP-000056-DOC-02-EX-02,APP-000056-DOC-02,APP-000056,verified_name,Felix Ravenscroft,1,0.98
APP-000056-DOC-02-EX-03,APP-000056-DOC-02,APP-000056,verified_date_of_birth,1972-02-17,1,0.98
APP-000056-DOC-03-EX-01,APP-000056-DOC-03,APP-000056,score_1,689,1,0.98
APP-000056-DOC-03-EX-02,APP-000056-DOC-03,APP-000056,score_2,698,1,0.98
APP-000056-DOC-03-EX-03,APP-000056-DOC-03,APP-000056,score_3,709,1,0.98
APP-000056-DOC-03-EX-04,APP-000056-DOC-03,APP-000056,report_date,2026-06-17,1,0.98
APP-000056-DOC-03-EX-05,APP-000056-DOC-03,APP-000056,recent_inquiries_90d,1,1,0.98
APP-000056-DOC-04-EX-01,APP-000056-DOC-04,APP-000056,employer_name,Thornhill Insurance Brokers,1,0.98
APP-000056-DOC-04-EX-02,APP-000056-DOC-04,APP-000056,pay_period_end,2026-06-27,1,0.98
APP-000056-DOC-04-EX-03,APP-000056-DOC-04,APP-000056,gross_per_period,5811.54,1,0.98
APP-000056-DOC-04-EX-04,APP-000056-DOC-04,APP-000056,ytd_gross,69738.48,1,0.98
APP-000056-DOC-04-EX-05,APP-000056-DOC-04,APP-000056,pay_frequency,bi_weekly,1,0.98
APP-000056-DOC-05-EX-01,APP-000056-DOC-05,APP-000056,tax_year,2025,1,0.98
APP-000056-DOC-05-EX-02,APP-000056-DOC-05,APP-000056,employer_name,Thornhill Insurance Brokers,1,0.98
APP-000056-DOC-05-EX-03,APP-000056-DOC-05,APP-000056,annual_wages,145811.54,1,0.98
APP-000056-DOC-06-EX-01,APP-000056-DOC-06,APP-000056,employer_name,Thornhill Insurance Brokers,1,0.98
APP-000056-DOC-06-EX-02,APP-000056-DOC-06,APP-000056,employment_start_date,2022-01-08,1,0.98
APP-000056-DOC-06-EX-03,APP-000056-DOC-06,APP-000056,employment_status,Current,1,0.98
APP-000056-DOC-06-EX-04,APP-000056-DOC-06,APP-000056,position,Broker,1,0.98
APP-000056-DOC-07-EX-01,APP-000056-DOC-07,APP-000056,institution,Cascade Mutual Credit Union,1,0.98
APP-000056-DOC-07-EX-02,APP-000056-DOC-07,APP-000056,account_masked,******0217,1,0.98
APP-000056-DOC-07-EX-03,APP-000056-DOC-07,APP-000056,closing_balance,17562.10,1,0.98
APP-000056-DOC-07-EX-04,APP-000056-DOC-07,APP-000056,statement_period_end,2026-06-29,1,0.98
APP-000056-DOC-08-EX-01,APP-000056-DOC-08,APP-000056,institution,Cascade Mutual Credit Union,1,0.98
APP-000056-DOC-08-EX-02,APP-000056-DOC-08,APP-000056,account_masked,******0218,1,0.98
APP-000056-DOC-08-EX-03,APP-000056-DOC-08,APP-000056,closing_balance,32615.34,1,0.98
APP-000056-DOC-08-EX-04,APP-000056-DOC-08,APP-000056,statement_period_end,2026-06-29,1,0.98
APP-000056-DOC-09-EX-01,APP-000056-DOC-09,APP-000056,verified_balance,3658.99,1,0.98
APP-000056-DOC-09-EX-02,APP-000056-DOC-09,APP-000056,asset_type,brokerage,1,0.98
APP-000056-DOC-10-EX-01,APP-000056-DOC-10,APP-000056,verified_balance,3902.92,1,0.98
APP-000056-DOC-10-EX-02,APP-000056-DOC-10,APP-000056,asset_type,retirement,1,0.98
APP-000056-DOC-11-EX-01,APP-000056-DOC-11,APP-000056,purchase_price,470000.00,1,0.98
APP-000056-DOC-11-EX-02,APP-000056-DOC-11,APP-000056,contract_date,2026-06-12,1,0.98
APP-000056-DOC-11-EX-03,APP-000056-DOC-11,APP-000056,earnest_money,4700.00,1,0.98
APP-000056-DOC-11-EX-04,APP-000056-DOC-11,APP-000056,seller_credits,0,1,0.98
APP-000056-DOC-12-EX-01,APP-000056-DOC-12,APP-000056,appraised_value,479400.00,1,0.98
APP-000056-DOC-12-EX-02,APP-000056-DOC-12,APP-000056,effective_date,2026-06-14,1,0.98
APP-000056-DOC-12-EX-03,APP-000056-DOC-12,APP-000056,condition_rating,C3,1,0.98
APP-000056-DOC-13-EX-01,APP-000056-DOC-13,APP-000056,lien_position,1,1,0.98
APP-000056-DOC-13-EX-02,APP-000056-DOC-13,APP-000056,exception_count,1,1,0.98
APP-000056-DOC-14-EX-01,APP-000056-DOC-14,APP-000056,coverage_amount,432400.00,1,0.98
APP-000056-DOC-14-EX-02,APP-000056-DOC-14,APP-000056,annual_premium,1644.96,1,0.98
APP-000056-DOC-14-EX-03,APP-000056-DOC-14,APP-000056,effective_date,2026-07-29,1,0.98
APP-000056-DOC-15-EX-01,APP-000056-DOC-15,APP-000056,applicant_statement,provided,1,0.98
APP-000056-DOC-16-EX-01,APP-000056-DOC-16,APP-000056,open_condition_count,1,1,0.98
APP-000057-DOC-01-EX-01,APP-000057-DOC-01,APP-000057,application_id,APP-000057,1,0.98
APP-000057-DOC-01-EX-02,APP-000057-DOC-01,APP-000057,loan_purpose,purchase,1,0.98
APP-000057-DOC-01-EX-03,APP-000057-DOC-01,APP-000057,requested_loan_amount,345600.00,1,0.98
APP-000057-DOC-01-EX-04,APP-000057-DOC-01,APP-000057,occupancy_type,primary_residence,1,0.98
APP-000057-DOC-01-EX-05,APP-000057-DOC-01,APP-000057,declared_monthly_income,8858.33,1,0.98
APP-000057-DOC-02-EX-01,APP-000057-DOC-02,APP-000057,identity_verification_status,VERIFIED,1,0.98
APP-000057-DOC-02-EX-02,APP-000057-DOC-02,APP-000057,verified_name,Camille Petrosyan,1,0.98
APP-000057-DOC-02-EX-03,APP-000057-DOC-02,APP-000057,verified_date_of_birth,1970-07-05,1,0.98
APP-000057-DOC-03-EX-01,APP-000057-DOC-03,APP-000057,score_1,732,1,0.98
APP-000057-DOC-03-EX-02,APP-000057-DOC-03,APP-000057,score_2,744,1,0.98
APP-000057-DOC-03-EX-03,APP-000057-DOC-03,APP-000057,score_3,750,1,0.98
APP-000057-DOC-03-EX-04,APP-000057-DOC-03,APP-000057,report_date,2026-06-17,1,0.98
APP-000057-DOC-03-EX-05,APP-000057-DOC-03,APP-000057,recent_inquiries_90d,1,1,0.98
APP-000057-DOC-04-EX-01,APP-000057-DOC-04,APP-000057,employer_name,Thornhill Insurance Brokers,1,0.98
APP-000057-DOC-04-EX-02,APP-000057-DOC-04,APP-000057,pay_period_end,2026-06-27,1,0.98
APP-000057-DOC-04-EX-03,APP-000057-DOC-04,APP-000057,gross_per_period,2371.31,1,0.98
APP-000057-DOC-04-EX-04,APP-000057-DOC-04,APP-000057,ytd_gross,28455.72,1,0.98
APP-000057-DOC-04-EX-05,APP-000057-DOC-04,APP-000057,pay_frequency,bi_weekly,1,0.98
APP-000057-DOC-05-EX-01,APP-000057-DOC-05,APP-000057,tax_year,2025,1,0.98
APP-000057-DOC-05-EX-02,APP-000057-DOC-05,APP-000057,employer_name,Thornhill Insurance Brokers,1,0.98
APP-000057-DOC-05-EX-03,APP-000057-DOC-05,APP-000057,annual_wages,59496.07,1,0.98
APP-000057-DOC-06-EX-01,APP-000057-DOC-06,APP-000057,employer_name,Thornhill Insurance Brokers,1,0.98
APP-000057-DOC-06-EX-02,APP-000057-DOC-06,APP-000057,employment_start_date,2022-01-08,1,0.98
APP-000057-DOC-06-EX-03,APP-000057-DOC-06,APP-000057,employment_status,Current,1,0.98
APP-000057-DOC-06-EX-04,APP-000057-DOC-06,APP-000057,position,Broker,1,0.98
APP-000057-DOC-07-EX-01,APP-000057-DOC-07,APP-000057,employer_name,Pinewater Utilities District,1,0.98
APP-000057-DOC-07-EX-02,APP-000057-DOC-07,APP-000057,pay_period_end,2026-06-27,1,0.98
APP-000057-DOC-07-EX-03,APP-000057-DOC-07,APP-000057,gross_per_period,1717.15,1,0.98
APP-000057-DOC-07-EX-04,APP-000057-DOC-07,APP-000057,ytd_gross,20605.80,1,0.98
APP-000057-DOC-07-EX-05,APP-000057-DOC-07,APP-000057,pay_frequency,bi_weekly,1,0.98
APP-000057-DOC-08-EX-01,APP-000057-DOC-08,APP-000057,tax_year,2025,1,0.98
APP-000057-DOC-08-EX-02,APP-000057-DOC-08,APP-000057,employer_name,Pinewater Utilities District,1,0.98
APP-000057-DOC-08-EX-03,APP-000057-DOC-08,APP-000057,annual_wages,43083.39,1,0.98
APP-000057-DOC-09-EX-01,APP-000057-DOC-09,APP-000057,employer_name,Pinewater Utilities District,1,0.98
APP-000057-DOC-09-EX-02,APP-000057-DOC-09,APP-000057,employment_start_date,2022-08-08,1,0.98
APP-000057-DOC-09-EX-03,APP-000057-DOC-09,APP-000057,employment_status,Current,1,0.98
APP-000057-DOC-09-EX-04,APP-000057-DOC-09,APP-000057,position,Grid Technician,1,0.98
APP-000057-DOC-10-EX-01,APP-000057-DOC-10,APP-000057,institution,Harbor Point Savings,1,0.98
APP-000057-DOC-10-EX-02,APP-000057-DOC-10,APP-000057,account_masked,******0221,1,0.98
APP-000057-DOC-10-EX-03,APP-000057-DOC-10,APP-000057,closing_balance,53114.01,1,0.98
APP-000057-DOC-10-EX-04,APP-000057-DOC-10,APP-000057,statement_period_end,2026-06-29,1,0.98
APP-000057-DOC-11-EX-01,APP-000057-DOC-11,APP-000057,institution,Harbor Point Savings,1,0.98
APP-000057-DOC-11-EX-02,APP-000057-DOC-11,APP-000057,account_masked,******0222,1,0.98
APP-000057-DOC-11-EX-03,APP-000057-DOC-11,APP-000057,closing_balance,98640.29,1,0.98
APP-000057-DOC-11-EX-04,APP-000057-DOC-11,APP-000057,statement_period_end,2026-06-29,1,0.98
APP-000057-DOC-12-EX-01,APP-000057-DOC-12,APP-000057,verified_balance,7724.90,1,0.98
APP-000057-DOC-12-EX-02,APP-000057-DOC-12,APP-000057,asset_type,brokerage,1,0.98
APP-000057-DOC-13-EX-01,APP-000057-DOC-13,APP-000057,verified_balance,8239.88,1,0.98
APP-000057-DOC-13-EX-02,APP-000057-DOC-13,APP-000057,asset_type,retirement,1,0.98
APP-000057-DOC-14-EX-01,APP-000057-DOC-14,APP-000057,purchase_price,480000.00,1,0.98
APP-000057-DOC-14-EX-02,APP-000057-DOC-14,APP-000057,contract_date,2026-06-12,1,0.98
APP-000057-DOC-14-EX-03,APP-000057-DOC-14,APP-000057,earnest_money,4800.00,1,0.98
APP-000057-DOC-14-EX-04,APP-000057-DOC-14,APP-000057,seller_credits,0,1,0.98
APP-000057-DOC-15-EX-01,APP-000057-DOC-15,APP-000057,appraised_value,489600.00,1,0.98
APP-000057-DOC-15-EX-02,APP-000057-DOC-15,APP-000057,effective_date,2026-06-14,1,0.98
APP-000057-DOC-15-EX-03,APP-000057-DOC-15,APP-000057,condition_rating,C3,1,0.98
APP-000057-DOC-16-EX-01,APP-000057-DOC-16,APP-000057,lien_position,1,1,0.98
APP-000057-DOC-16-EX-02,APP-000057-DOC-16,APP-000057,exception_count,1,1,0.98
APP-000057-DOC-17-EX-01,APP-000057-DOC-17,APP-000057,coverage_amount,345600.00,1,0.98
APP-000057-DOC-17-EX-02,APP-000057-DOC-17,APP-000057,annual_premium,1680.00,1,0.98
APP-000057-DOC-17-EX-03,APP-000057-DOC-17,APP-000057,effective_date,2026-07-29,1,0.98
APP-000058-DOC-01-EX-01,APP-000058-DOC-01,APP-000058,application_id,APP-000058,1,0.98
APP-000058-DOC-01-EX-02,APP-000058-DOC-01,APP-000058,loan_purpose,purchase,1,0.98
APP-000058-DOC-01-EX-03,APP-000058-DOC-01,APP-000058,requested_loan_amount,503500.00,1,0.98
APP-000058-DOC-01-EX-04,APP-000058-DOC-01,APP-000058,occupancy_type,primary_residence,1,0.98
APP-000058-DOC-01-EX-05,APP-000058-DOC-01,APP-000058,declared_monthly_income,14208.33,1,0.98
APP-000058-DOC-02-EX-01,APP-000058-DOC-02,APP-000058,identity_verification_status,VERIFIED,1,0.98
APP-000058-DOC-02-EX-02,APP-000058-DOC-02,APP-000058,verified_name,Omar Underhill,1,0.98
APP-000058-DOC-02-EX-03,APP-000058-DOC-02,APP-000058,verified_date_of_birth,1983-01-16,1,0.98
APP-000058-DOC-03-EX-01,APP-000058-DOC-03,APP-000058,score_1,634,1,0.98
APP-000058-DOC-03-EX-02,APP-000058-DOC-03,APP-000058,score_2,640,1,0.98
APP-000058-DOC-03-EX-03,APP-000058-DOC-03,APP-000058,score_3,645,1,0.98
APP-000058-DOC-03-EX-04,APP-000058-DOC-03,APP-000058,report_date,2026-08-14,1,0.98
APP-000058-DOC-03-EX-05,APP-000058-DOC-03,APP-000058,recent_inquiries_90d,1,1,0.98
APP-000058-DOC-04-EX-01,APP-000058-DOC-04,APP-000058,employer_name,Verity Loom Textiles,1,0.98
APP-000058-DOC-04-EX-02,APP-000058-DOC-04,APP-000058,pay_period_end,2026-08-24,1,0.98
APP-000058-DOC-04-EX-03,APP-000058-DOC-04,APP-000058,gross_per_period,6557.69,1,0.98
APP-000058-DOC-04-EX-04,APP-000058-DOC-04,APP-000058,ytd_gross,104923.04,1,0.98
APP-000058-DOC-04-EX-05,APP-000058-DOC-04,APP-000058,pay_frequency,bi_weekly,1,0.98
APP-000058-DOC-05-EX-01,APP-000058-DOC-05,APP-000058,tax_year,2025,1,0.98
APP-000058-DOC-05-EX-02,APP-000058-DOC-05,APP-000058,employer_name,Verity Loom Textiles,1,0.98
APP-000058-DOC-05-EX-03,APP-000058-DOC-05,APP-000058,annual_wages,164532.46,1,0.98
APP-000058-DOC-06-EX-01,APP-000058-DOC-06,APP-000058,employer_name,Verity Loom Textiles,1,0.98
APP-000058-DOC-06-EX-02,APP-000058-DOC-06,APP-000058,employment_start_date,2022-03-04,1,0.98
APP-000058-DOC-06-EX-03,APP-000058-DOC-06,APP-000058,employment_status,Current,1,0.98
APP-000058-DOC-06-EX-04,APP-000058-DOC-06,APP-000058,position,Quality Engineer,1,0.98
APP-000058-DOC-07-EX-01,APP-000058-DOC-07,APP-000058,institution,Harbor Point Savings,1,0.98
APP-000058-DOC-07-EX-02,APP-000058-DOC-07,APP-000058,account_masked,******0225,1,0.98
APP-000058-DOC-07-EX-03,APP-000058-DOC-07,APP-000058,closing_balance,15252.73,1,0.98
APP-000058-DOC-07-EX-04,APP-000058-DOC-07,APP-000058,statement_period_end,2026-08-26,1,0.98
APP-000058-DOC-08-EX-01,APP-000058-DOC-08,APP-000058,institution,Harbor Point Savings,1,0.98
APP-000058-DOC-08-EX-02,APP-000058-DOC-08,APP-000058,account_masked,******0226,1,0.98
APP-000058-DOC-08-EX-03,APP-000058-DOC-08,APP-000058,closing_balance,28326.49,1,0.98
APP-000058-DOC-08-EX-04,APP-000058-DOC-08,APP-000058,statement_period_end,2026-08-26,1,0.98
APP-000058-DOC-09-EX-01,APP-000058-DOC-09,APP-000058,verified_balance,6438.25,1,0.98
APP-000058-DOC-09-EX-02,APP-000058-DOC-09,APP-000058,asset_type,brokerage,1,0.98
APP-000058-DOC-10-EX-01,APP-000058-DOC-10,APP-000058,verified_balance,6867.47,1,0.98
APP-000058-DOC-10-EX-02,APP-000058-DOC-10,APP-000058,asset_type,retirement,1,0.98
APP-000058-DOC-11-EX-01,APP-000058-DOC-11,APP-000058,purchase_price,530000.00,1,0.98
APP-000058-DOC-11-EX-02,APP-000058-DOC-11,APP-000058,contract_date,2026-08-09,1,0.98
APP-000058-DOC-11-EX-03,APP-000058-DOC-11,APP-000058,earnest_money,5300.00,1,0.98
APP-000058-DOC-11-EX-04,APP-000058-DOC-11,APP-000058,seller_credits,0,1,0.98
APP-000058-DOC-12-EX-01,APP-000058-DOC-12,APP-000058,appraised_value,540600.00,1,0.98
APP-000058-DOC-12-EX-02,APP-000058-DOC-12,APP-000058,effective_date,2026-08-11,1,0.98
APP-000058-DOC-12-EX-03,APP-000058-DOC-12,APP-000058,condition_rating,C3,1,0.98
APP-000058-DOC-13-EX-01,APP-000058-DOC-13,APP-000058,lien_position,1,1,0.98
APP-000058-DOC-13-EX-02,APP-000058-DOC-13,APP-000058,exception_count,1,1,0.98
APP-000058-DOC-14-EX-01,APP-000058-DOC-14,APP-000058,coverage_amount,503500.00,1,0.98
APP-000058-DOC-14-EX-02,APP-000058-DOC-14,APP-000058,annual_premium,1854.96,1,0.98
APP-000058-DOC-14-EX-03,APP-000058-DOC-14,APP-000058,effective_date,2026-09-25,1,0.98
APP-000059-DOC-01-EX-01,APP-000059-DOC-01,APP-000059,application_id,APP-000059,1,0.98
APP-000059-DOC-01-EX-02,APP-000059-DOC-01,APP-000059,loan_purpose,purchase,1,0.98
APP-000059-DOC-01-EX-03,APP-000059-DOC-01,APP-000059,requested_loan_amount,418000.00,1,0.98
APP-000059-DOC-01-EX-04,APP-000059-DOC-01,APP-000059,occupancy_type,primary_residence,1,0.98
APP-000059-DOC-01-EX-05,APP-000059-DOC-01,APP-000059,declared_monthly_income,12416.67,1,0.98
APP-000059-DOC-02-EX-01,APP-000059-DOC-02,APP-000059,identity_verification_status,VERIFIED,1,0.98
APP-000059-DOC-02-EX-02,APP-000059-DOC-02,APP-000059,verified_name,Talia Thornbury,1,0.98
APP-000059-DOC-02-EX-03,APP-000059-DOC-02,APP-000059,verified_date_of_birth,1976-07-05,1,0.98
APP-000059-DOC-03-EX-01,APP-000059-DOC-03,APP-000059,score_1,632,1,0.98
APP-000059-DOC-03-EX-02,APP-000059-DOC-03,APP-000059,score_2,639,1,0.98
APP-000059-DOC-03-EX-03,APP-000059-DOC-03,APP-000059,score_3,651,1,0.98
APP-000059-DOC-03-EX-04,APP-000059-DOC-03,APP-000059,report_date,2026-08-14,1,0.98
APP-000059-DOC-03-EX-05,APP-000059-DOC-03,APP-000059,recent_inquiries_90d,1,1,0.98
APP-000059-DOC-04-EX-01,APP-000059-DOC-04,APP-000059,employer_name,Meridian Civic Health,1,0.98
APP-000059-DOC-04-EX-02,APP-000059-DOC-04,APP-000059,pay_period_end,2026-08-24,1,0.98
APP-000059-DOC-04-EX-03,APP-000059-DOC-04,APP-000059,gross_per_period,5730.77,1,0.98
APP-000059-DOC-04-EX-04,APP-000059-DOC-04,APP-000059,ytd_gross,91692.32,1,0.98
APP-000059-DOC-04-EX-05,APP-000059-DOC-04,APP-000059,pay_frequency,bi_weekly,1,0.98
APP-000059-DOC-05-EX-01,APP-000059-DOC-05,APP-000059,tax_year,2025,1,0.98
APP-000059-DOC-05-EX-02,APP-000059-DOC-05,APP-000059,employer_name,Meridian Civic Health,1,0.98
APP-000059-DOC-05-EX-03,APP-000059-DOC-05,APP-000059,annual_wages,143785.04,1,0.98
APP-000059-DOC-06-EX-01,APP-000059-DOC-06,APP-000059,employer_name,Meridian Civic Health,1,0.98
APP-000059-DOC-06-EX-02,APP-000059-DOC-06,APP-000059,employment_start_date,2022-03-04,1,0.98
APP-000059-DOC-06-EX-03,APP-000059-DOC-06,APP-000059,employment_status,Current,1,0.98
APP-000059-DOC-06-EX-04,APP-000059-DOC-06,APP-000059,position,Practice Manager,1,0.98
APP-000059-DOC-07-EX-01,APP-000059-DOC-07,APP-000059,institution,Harbor Point Savings,1,0.98
APP-000059-DOC-07-EX-02,APP-000059-DOC-07,APP-000059,account_masked,******0229,1,0.98
APP-000059-DOC-07-EX-03,APP-000059-DOC-07,APP-000059,closing_balance,13134.17,1,0.98
APP-000059-DOC-07-EX-04,APP-000059-DOC-07,APP-000059,statement_period_end,2026-08-26,1,0.98
APP-000059-DOC-08-EX-01,APP-000059-DOC-08,APP-000059,institution,Harbor Point Savings,1,0.98
APP-000059-DOC-08-EX-02,APP-000059-DOC-08,APP-000059,account_masked,******0230,1,0.98
APP-000059-DOC-08-EX-03,APP-000059-DOC-08,APP-000059,closing_balance,24392.04,1,0.98
APP-000059-DOC-08-EX-04,APP-000059-DOC-08,APP-000059,statement_period_end,2026-08-26,1,0.98
APP-000059-DOC-09-EX-01,APP-000059-DOC-09,APP-000059,verified_balance,5625.69,1,0.98
APP-000059-DOC-09-EX-02,APP-000059-DOC-09,APP-000059,asset_type,brokerage,1,0.98
APP-000059-DOC-10-EX-01,APP-000059-DOC-10,APP-000059,verified_balance,6000.73,1,0.98
APP-000059-DOC-10-EX-02,APP-000059-DOC-10,APP-000059,asset_type,retirement,1,0.98
APP-000059-DOC-11-EX-01,APP-000059-DOC-11,APP-000059,purchase_price,440000.00,1,0.98
APP-000059-DOC-11-EX-02,APP-000059-DOC-11,APP-000059,contract_date,2026-08-09,1,0.98
APP-000059-DOC-11-EX-03,APP-000059-DOC-11,APP-000059,earnest_money,4400.00,1,0.98
APP-000059-DOC-11-EX-04,APP-000059-DOC-11,APP-000059,seller_credits,0,1,0.98
APP-000059-DOC-12-EX-01,APP-000059-DOC-12,APP-000059,appraised_value,448800.00,1,0.98
APP-000059-DOC-12-EX-02,APP-000059-DOC-12,APP-000059,effective_date,2026-08-11,1,0.98
APP-000059-DOC-12-EX-03,APP-000059-DOC-12,APP-000059,condition_rating,C3,1,0.98
APP-000059-DOC-13-EX-01,APP-000059-DOC-13,APP-000059,lien_position,1,1,0.98
APP-000059-DOC-13-EX-02,APP-000059-DOC-13,APP-000059,exception_count,1,1,0.98
APP-000059-DOC-14-EX-01,APP-000059-DOC-14,APP-000059,coverage_amount,418000.00,1,0.98
APP-000059-DOC-14-EX-02,APP-000059-DOC-14,APP-000059,annual_premium,1539.96,1,0.98
APP-000059-DOC-14-EX-03,APP-000059-DOC-14,APP-000059,effective_date,2026-09-25,1,0.98
APP-000060-DOC-01-EX-01,APP-000060-DOC-01,APP-000060,application_id,APP-000060,1,0.98
APP-000060-DOC-01-EX-02,APP-000060-DOC-01,APP-000060,loan_purpose,purchase,1,0.98
APP-000060-DOC-01-EX-03,APP-000060-DOC-01,APP-000060,requested_loan_amount,465600.00,1,0.98
APP-000060-DOC-01-EX-04,APP-000060-DOC-01,APP-000060,occupancy_type,primary_residence,1,0.98
APP-000060-DOC-01-EX-05,APP-000060-DOC-01,APP-000060,declared_monthly_income,14916.67,1,0.98
APP-000060-DOC-02-EX-01,APP-000060-DOC-02,APP-000060,identity_verification_status,VERIFIED,1,0.98
APP-000060-DOC-02-EX-02,APP-000060-DOC-02,APP-000060,verified_name,Talia Ravenscroft,1,0.98
APP-000060-DOC-02-EX-03,APP-000060-DOC-02,APP-000060,verified_date_of_birth,1961-03-03,1,0.98
APP-000060-DOC-03-EX-01,APP-000060-DOC-03,APP-000060,score_1,714,1,0.98
APP-000060-DOC-03-EX-02,APP-000060-DOC-03,APP-000060,score_2,724,1,0.98
APP-000060-DOC-03-EX-03,APP-000060-DOC-03,APP-000060,score_3,730,1,0.98
APP-000060-DOC-03-EX-04,APP-000060-DOC-03,APP-000060,report_date,2026-07-22,1,0.98
APP-000060-DOC-03-EX-05,APP-000060-DOC-03,APP-000060,recent_inquiries_90d,1,1,0.98
APP-000060-DOC-04-EX-01,APP-000060-DOC-04,APP-000060,employer_name,Grayson Municipal Authority,1,0.98
APP-000060-DOC-04-EX-02,APP-000060-DOC-04,APP-000060,pay_period_end,2026-08-01,1,0.98
APP-000060-DOC-04-EX-03,APP-000060-DOC-04,APP-000060,gross_per_period,6884.62,1,0.98
APP-000060-DOC-04-EX-04,APP-000060-DOC-04,APP-000060,ytd_gross,103269.30,1,0.98
APP-000060-DOC-04-EX-05,APP-000060-DOC-04,APP-000060,pay_frequency,bi_weekly,1,0.98
APP-000060-DOC-05-EX-01,APP-000060-DOC-05,APP-000060,tax_year,2025,1,0.98
APP-000060-DOC-05-EX-02,APP-000060-DOC-05,APP-000060,employer_name,Grayson Municipal Authority,1,0.98
APP-000060-DOC-05-EX-03,APP-000060-DOC-05,APP-000060,annual_wages,172735.04,1,0.98
APP-000060-DOC-06-EX-01,APP-000060-DOC-06,APP-000060,employer_name,Grayson Municipal Authority,1,0.98
APP-000060-DOC-06-EX-02,APP-000060-DOC-06,APP-000060,employment_start_date,2022-02-12,1,0.98
APP-000060-DOC-06-EX-03,APP-000060-DOC-06,APP-000060,employment_status,Current,1,0.98
APP-000060-DOC-06-EX-04,APP-000060-DOC-06,APP-000060,position,Records Administrator,1,0.98
APP-000060-DOC-07-EX-01,APP-000060-DOC-07,APP-000060,institution,Cascade Mutual Credit Union,1,0.98
APP-000060-DOC-07-EX-02,APP-000060-DOC-07,APP-000060,account_masked,******0233,1,0.98
APP-000060-DOC-07-EX-03,APP-000060-DOC-07,APP-000060,closing_balance,10792.25,1,0.98
APP-000060-DOC-07-EX-04,APP-000060-DOC-07,APP-000060,statement_period_end,2026-08-03,1,0.98
APP-000060-DOC-08-EX-01,APP-000060-DOC-08,APP-000060,institution,Cascade Mutual Credit Union,1,0.98
APP-000060-DOC-08-EX-02,APP-000060-DOC-08,APP-000060,account_masked,******0234,1,0.98
APP-000060-DOC-08-EX-03,APP-000060-DOC-08,APP-000060,closing_balance,20042.74,1,0.98
APP-000060-DOC-08-EX-04,APP-000060-DOC-08,APP-000060,statement_period_end,2026-08-03,1,0.98
APP-000060-DOC-09-EX-01,APP-000060-DOC-09,APP-000060,verified_balance,5407.14,1,0.98
APP-000060-DOC-09-EX-02,APP-000060-DOC-09,APP-000060,asset_type,brokerage,1,0.98
APP-000060-DOC-10-EX-01,APP-000060-DOC-10,APP-000060,verified_balance,5767.62,1,0.98
APP-000060-DOC-10-EX-02,APP-000060-DOC-10,APP-000060,asset_type,retirement,1,0.98
APP-000060-DOC-11-EX-01,APP-000060-DOC-11,APP-000060,purchase_price,480000.00,1,0.98
APP-000060-DOC-11-EX-02,APP-000060-DOC-11,APP-000060,contract_date,2026-07-17,1,0.98
APP-000060-DOC-11-EX-03,APP-000060-DOC-11,APP-000060,earnest_money,4800.00,1,0.98
APP-000060-DOC-11-EX-04,APP-000060-DOC-11,APP-000060,seller_credits,0,1,0.98
APP-000060-DOC-12-EX-01,APP-000060-DOC-12,APP-000060,appraised_value,489600.00,1,0.98
APP-000060-DOC-12-EX-02,APP-000060-DOC-12,APP-000060,effective_date,2026-07-19,1,0.98
APP-000060-DOC-12-EX-03,APP-000060-DOC-12,APP-000060,condition_rating,C3,1,0.98
APP-000060-DOC-13-EX-01,APP-000060-DOC-13,APP-000060,lien_position,1,1,0.98
APP-000060-DOC-13-EX-02,APP-000060-DOC-13,APP-000060,exception_count,1,1,0.98
APP-000060-DOC-14-EX-01,APP-000060-DOC-14,APP-000060,coverage_amount,465600.00,1,0.98
APP-000060-DOC-14-EX-02,APP-000060-DOC-14,APP-000060,annual_premium,1680.00,1,0.98
APP-000060-DOC-14-EX-03,APP-000060-DOC-14,APP-000060,effective_date,2026-09-02,1,0.98
APP-000061-DOC-01-EX-01,APP-000061-DOC-01,APP-000061,application_id,APP-000061,1,0.98
APP-000061-DOC-01-EX-02,APP-000061-DOC-01,APP-000061,loan_purpose,purchase,1,0.98
APP-000061-DOC-01-EX-03,APP-000061-DOC-01,APP-000061,requested_loan_amount,416000.00,1,0.98
APP-000061-DOC-01-EX-04,APP-000061-DOC-01,APP-000061,occupancy_type,primary_residence,1,0.98
APP-000061-DOC-01-EX-05,APP-000061-DOC-01,APP-000061,declared_monthly_income,10900.00,1,0.98
APP-000061-DOC-02-EX-01,APP-000061-DOC-02,APP-000061,identity_verification_status,VERIFIED,1,0.98
APP-000061-DOC-02-EX-02,APP-000061-DOC-02,APP-000061,verified_name,Caleb Lindstrom,1,0.98
APP-000061-DOC-02-EX-03,APP-000061-DOC-02,APP-000061,verified_date_of_birth,1967-09-07,1,0.98
APP-000061-DOC-03-EX-01,APP-000061-DOC-03,APP-000061,score_1,752,1,0.98
APP-000061-DOC-03-EX-02,APP-000061-DOC-03,APP-000061,score_2,766,1,0.98
APP-000061-DOC-03-EX-03,APP-000061-DOC-03,APP-000061,score_3,774,1,0.98
APP-000061-DOC-03-EX-04,APP-000061-DOC-03,APP-000061,report_date,2026-07-22,1,0.98
APP-000061-DOC-03-EX-05,APP-000061-DOC-03,APP-000061,recent_inquiries_90d,1,1,0.98
APP-000061-DOC-04-EX-01,APP-000061-DOC-04,APP-000061,employer_name,Northgate Public Schools,1,0.98
APP-000061-DOC-04-EX-02,APP-000061-DOC-04,APP-000061,pay_period_end,2026-08-01,1,0.98
APP-000061-DOC-04-EX-03,APP-000061-DOC-04,APP-000061,gross_per_period,2917.85,1,0.98
APP-000061-DOC-04-EX-04,APP-000061-DOC-04,APP-000061,ytd_gross,43767.75,1,0.98
APP-000061-DOC-04-EX-05,APP-000061-DOC-04,APP-000061,pay_frequency,bi_weekly,1,0.98
APP-000061-DOC-05-EX-01,APP-000061-DOC-05,APP-000061,tax_year,2025,1,0.98
APP-000061-DOC-05-EX-02,APP-000061-DOC-05,APP-000061,employer_name,Northgate Public Schools,1,0.98
APP-000061-DOC-05-EX-03,APP-000061-DOC-05,APP-000061,annual_wages,73208.76,1,0.98
APP-000061-DOC-06-EX-01,APP-000061-DOC-06,APP-000061,employer_name,Northgate Public Schools,1,0.98
APP-000061-DOC-06-EX-02,APP-000061-DOC-06,APP-000061,employment_start_date,2022-02-12,1,0.98
APP-000061-DOC-06-EX-03,APP-000061-DOC-06,APP-000061,employment_status,Current,1,0.98
APP-000061-DOC-06-EX-04,APP-000061-DOC-06,APP-000061,position,School Counsellor,1,0.98
APP-000061-DOC-07-EX-01,APP-000061-DOC-07,APP-000061,employer_name,Pinewater Utilities District,1,0.98
APP-000061-DOC-07-EX-02,APP-000061-DOC-07,APP-000061,pay_period_end,2026-08-01,1,0.98
APP-000061-DOC-07-EX-03,APP-000061-DOC-07,APP-000061,gross_per_period,2112.92,1,0.98
APP-000061-DOC-07-EX-04,APP-000061-DOC-07,APP-000061,ytd_gross,31693.80,1,0.98
APP-000061-DOC-07-EX-05,APP-000061-DOC-07,APP-000061,pay_frequency,bi_weekly,1,0.98
APP-000061-DOC-08-EX-01,APP-000061-DOC-08,APP-000061,tax_year,2025,1,0.98
APP-000061-DOC-08-EX-02,APP-000061-DOC-08,APP-000061,employer_name,Pinewater Utilities District,1,0.98
APP-000061-DOC-08-EX-03,APP-000061-DOC-08,APP-000061,annual_wages,53013.24,1,0.98
APP-000061-DOC-09-EX-01,APP-000061-DOC-09,APP-000061,employer_name,Pinewater Utilities District,1,0.98
APP-000061-DOC-09-EX-02,APP-000061-DOC-09,APP-000061,employment_start_date,2022-09-12,1,0.98
APP-000061-DOC-09-EX-03,APP-000061-DOC-09,APP-000061,employment_status,Current,1,0.98
APP-000061-DOC-09-EX-04,APP-000061-DOC-09,APP-000061,position,Field Supervisor,1,0.98
APP-000061-DOC-10-EX-01,APP-000061-DOC-10,APP-000061,institution,Northwind Community Bank,1,0.98
APP-000061-DOC-10-EX-02,APP-000061-DOC-10,APP-000061,account_masked,******0237,1,0.98
APP-000061-DOC-10-EX-03,APP-000061-DOC-10,APP-000061,closing_balance,39741.59,1,0.98
APP-000061-DOC-10-EX-04,APP-000061-DOC-10,APP-000061,statement_period_end,2026-08-03,1,0.98
APP-000061-DOC-11-EX-01,APP-000061-DOC-11,APP-000061,institution,Northwind Community Bank,1,0.98
APP-000061-DOC-11-EX-02,APP-000061-DOC-11,APP-000061,account_masked,******0238,1,0.98
APP-000061-DOC-11-EX-03,APP-000061-DOC-11,APP-000061,closing_balance,73805.82,1,0.98
APP-000061-DOC-11-EX-04,APP-000061-DOC-11,APP-000061,statement_period_end,2026-08-03,1,0.98
APP-000061-DOC-12-EX-01,APP-000061-DOC-12,APP-000061,verified_balance,8888.18,1,0.98
APP-000061-DOC-12-EX-02,APP-000061-DOC-12,APP-000061,asset_type,brokerage,1,0.98
APP-000061-DOC-13-EX-01,APP-000061-DOC-13,APP-000061,verified_balance,9480.72,1,0.98
APP-000061-DOC-13-EX-02,APP-000061-DOC-13,APP-000061,asset_type,retirement,1,0.98
APP-000061-DOC-14-EX-01,APP-000061-DOC-14,APP-000061,purchase_price,520000.00,1,0.98
APP-000061-DOC-14-EX-02,APP-000061-DOC-14,APP-000061,contract_date,2026-07-17,1,0.98
APP-000061-DOC-14-EX-03,APP-000061-DOC-14,APP-000061,earnest_money,5200.00,1,0.98
APP-000061-DOC-14-EX-04,APP-000061-DOC-14,APP-000061,seller_credits,10400.00,1,0.98
APP-000061-DOC-15-EX-01,APP-000061-DOC-15,APP-000061,appraised_value,530400.00,1,0.98
APP-000061-DOC-15-EX-02,APP-000061-DOC-15,APP-000061,effective_date,2026-07-19,1,0.98
APP-000061-DOC-15-EX-03,APP-000061-DOC-15,APP-000061,condition_rating,C3,1,0.98
APP-000061-DOC-16-EX-01,APP-000061-DOC-16,APP-000061,lien_position,1,1,0.98
APP-000061-DOC-16-EX-02,APP-000061-DOC-16,APP-000061,exception_count,1,1,0.98
APP-000061-DOC-17-EX-01,APP-000061-DOC-17,APP-000061,coverage_amount,416000.00,1,0.98
APP-000061-DOC-17-EX-02,APP-000061-DOC-17,APP-000061,annual_premium,1820.04,1,0.98
APP-000061-DOC-17-EX-03,APP-000061-DOC-17,APP-000061,effective_date,2026-09-02,1,0.98
APP-000062-DOC-01-EX-01,APP-000062-DOC-01,APP-000062,application_id,APP-000062,1,0.98
APP-000062-DOC-01-EX-02,APP-000062-DOC-01,APP-000062,loan_purpose,purchase,1,0.98
APP-000062-DOC-01-EX-03,APP-000062-DOC-01,APP-000062,requested_loan_amount,432000.00,1,0.98
APP-000062-DOC-01-EX-04,APP-000062-DOC-01,APP-000062,occupancy_type,primary_residence,1,0.98
APP-000062-DOC-01-EX-05,APP-000062-DOC-01,APP-000062,declared_monthly_income,11083.33,1,0.98
APP-000062-DOC-02-EX-01,APP-000062-DOC-02,APP-000062,identity_verification_status,VERIFIED,1,0.98
APP-000062-DOC-02-EX-02,APP-000062-DOC-02,APP-000062,verified_name,Malik Okafor,1,0.98
APP-000062-DOC-02-EX-03,APP-000062-DOC-02,APP-000062,verified_date_of_birth,1980-01-11,1,0.98
APP-000062-DOC-03-EX-01,APP-000062-DOC-03,APP-000062,score_1,775,1,0.98
APP-000062-DOC-03-EX-02,APP-000062-DOC-03,APP-000062,score_2,788,1,0.98
APP-000062-DOC-03-EX-03,APP-000062-DOC-03,APP-000062,score_3,792,1,0.98
APP-000062-DOC-03-EX-04,APP-000062-DOC-03,APP-000062,report_date,2026-07-22,1,0.98
APP-000062-DOC-03-EX-05,APP-000062-DOC-03,APP-000062,recent_inquiries_90d,1,1,0.98
APP-000062-DOC-04-EX-01,APP-000062-DOC-04,APP-000062,employer_name,Harborline Logistics,1,0.98
APP-000062-DOC-04-EX-02,APP-000062-DOC-04,APP-000062,pay_period_end,2026-08-01,1,0.98
APP-000062-DOC-04-EX-03,APP-000062-DOC-04,APP-000062,gross_per_period,2966.92,1,0.98
APP-000062-DOC-04-EX-04,APP-000062-DOC-04,APP-000062,ytd_gross,44503.80,1,0.98
APP-000062-DOC-04-EX-05,APP-000062-DOC-04,APP-000062,pay_frequency,bi_weekly,1,0.98
APP-000062-DOC-05-EX-01,APP-000062-DOC-05,APP-000062,tax_year,2025,1,0.98
APP-000062-DOC-05-EX-02,APP-000062-DOC-05,APP-000062,employer_name,Harborline Logistics,1,0.98
APP-000062-DOC-05-EX-03,APP-000062-DOC-05,APP-000062,annual_wages,74440.06,1,0.98
APP-000062-DOC-06-EX-01,APP-000062-DOC-06,APP-000062,employer_name,Harborline Logistics,1,0.98
APP-000062-DOC-06-EX-02,APP-000062-DOC-06,APP-000062,employment_start_date,2022-02-12,1,0.98
APP-000062-DOC-06-EX-03,APP-000062-DOC-06,APP-000062,employment_status,Current,1,0.98
APP-000062-DOC-06-EX-04,APP-000062-DOC-06,APP-000062,position,Operations Supervisor,1,0.98
APP-000062-DOC-07-EX-01,APP-000062-DOC-07,APP-000062,employer_name,Aldermill Retail Group,1,0.98
APP-000062-DOC-07-EX-02,APP-000062-DOC-07,APP-000062,pay_period_end,2026-08-01,1,0.98
APP-000062-DOC-07-EX-03,APP-000062-DOC-07,APP-000062,gross_per_period,2148.46,1,0.98
APP-000062-DOC-07-EX-04,APP-000062-DOC-07,APP-000062,ytd_gross,32226.90,1,0.98
APP-000062-DOC-07-EX-05,APP-000062-DOC-07,APP-000062,pay_frequency,bi_weekly,1,0.98
APP-000062-DOC-08-EX-01,APP-000062-DOC-08,APP-000062,tax_year,2025,1,0.98
APP-000062-DOC-08-EX-02,APP-000062-DOC-08,APP-000062,employer_name,Aldermill Retail Group,1,0.98
APP-000062-DOC-08-EX-03,APP-000062-DOC-08,APP-000062,annual_wages,53904.90,1,0.98
APP-000062-DOC-09-EX-01,APP-000062-DOC-09,APP-000062,employer_name,Aldermill Retail Group,1,0.98
APP-000062-DOC-09-EX-02,APP-000062-DOC-09,APP-000062,employment_start_date,2022-09-12,1,0.98
APP-000062-DOC-09-EX-03,APP-000062-DOC-09,APP-000062,employment_status,Current,1,0.98
APP-000062-DOC-09-EX-04,APP-000062-DOC-09,APP-000062,position,District Supervisor,1,0.98
APP-000062-DOC-10-EX-01,APP-000062-DOC-10,APP-000062,institution,Cascade Mutual Credit Union,1,0.98
APP-000062-DOC-10-EX-02,APP-000062-DOC-10,APP-000062,account_masked,******0241,1,0.98
APP-000062-DOC-10-EX-03,APP-000062-DOC-10,APP-000062,closing_balance,40438.64,1,0.98
APP-000062-DOC-10-EX-04,APP-000062-DOC-10,APP-000062,statement_period_end,2026-08-03,1,0.98
APP-000062-DOC-11-EX-01,APP-000062-DOC-11,APP-000062,institution,Cascade Mutual Credit Union,1,0.98
APP-000062-DOC-11-EX-02,APP-000062-DOC-11,APP-000062,account_masked,******0242,1,0.98
APP-000062-DOC-11-EX-03,APP-000062-DOC-11,APP-000062,closing_balance,75100.34,1,0.98
APP-000062-DOC-11-EX-04,APP-000062-DOC-11,APP-000062,statement_period_end,2026-08-03,1,0.98
APP-000062-DOC-12-EX-01,APP-000062-DOC-12,APP-000062,verified_balance,8035.73,1,0.98
APP-000062-DOC-12-EX-02,APP-000062-DOC-12,APP-000062,asset_type,brokerage,1,0.98
APP-000062-DOC-13-EX-01,APP-000062-DOC-13,APP-000062,verified_balance,8571.43,1,0.98
APP-000062-DOC-13-EX-02,APP-000062-DOC-13,APP-000062,asset_type,retirement,1,0.98
APP-000062-DOC-14-EX-01,APP-000062-DOC-14,APP-000062,purchase_price,540000.00,1,0.98
APP-000062-DOC-14-EX-02,APP-000062-DOC-14,APP-000062,contract_date,2026-07-17,1,0.98
APP-000062-DOC-14-EX-03,APP-000062-DOC-14,APP-000062,earnest_money,5400.00,1,0.98
APP-000062-DOC-14-EX-04,APP-000062-DOC-14,APP-000062,seller_credits,10800.00,1,0.98
APP-000062-DOC-15-EX-01,APP-000062-DOC-15,APP-000062,appraised_value,550800.00,1,0.98
APP-000062-DOC-15-EX-02,APP-000062-DOC-15,APP-000062,effective_date,2026-07-19,1,0.98
APP-000062-DOC-15-EX-03,APP-000062-DOC-15,APP-000062,condition_rating,C3,1,0.98
APP-000062-DOC-16-EX-01,APP-000062-DOC-16,APP-000062,lien_position,1,1,0.98
APP-000062-DOC-16-EX-02,APP-000062-DOC-16,APP-000062,exception_count,1,1,0.98
APP-000062-DOC-17-EX-01,APP-000062-DOC-17,APP-000062,coverage_amount,432000.00,1,0.98
APP-000062-DOC-17-EX-02,APP-000062-DOC-17,APP-000062,annual_premium,1890.00,1,0.98
APP-000062-DOC-17-EX-03,APP-000062-DOC-17,APP-000062,effective_date,2026-09-02,1,0.98
APP-000063-DOC-01-EX-01,APP-000063-DOC-01,APP-000063,application_id,APP-000063,1,0.98
APP-000063-DOC-01-EX-02,APP-000063-DOC-01,APP-000063,loan_purpose,purchase,1,0.98
APP-000063-DOC-01-EX-03,APP-000063-DOC-01,APP-000063,requested_loan_amount,561000.00,1,0.98
APP-000063-DOC-01-EX-04,APP-000063-DOC-01,APP-000063,occupancy_type,primary_residence,1,0.98
APP-000063-DOC-01-EX-05,APP-000063-DOC-01,APP-000063,declared_monthly_income,14983.33,1,0.98
APP-000063-DOC-02-EX-01,APP-000063-DOC-02,APP-000063,identity_verification_status,VERIFIED,1,0.98
APP-000063-DOC-02-EX-02,APP-000063-DOC-02,APP-000063,verified_name,Emeka Pemberton,1,0.98
APP-000063-DOC-02-EX-03,APP-000063-DOC-02,APP-000063,verified_date_of_birth,1977-02-06,1,0.98
APP-000063-DOC-03-EX-01,APP-000063-DOC-03,APP-000063,score_1,737,1,0.98
APP-000063-DOC-03-EX-02,APP-000063-DOC-03,APP-000063,score_2,742,1,0.98
APP-000063-DOC-03-EX-03,APP-000063-DOC-03,APP-000063,score_3,752,1,0.98
APP-000063-DOC-03-EX-04,APP-000063-DOC-03,APP-000063,report_date,2026-08-14,1,0.98
APP-000063-DOC-03-EX-05,APP-000063-DOC-03,APP-000063,recent_inquiries_90d,1,1,0.98
APP-000063-DOC-04-EX-01,APP-000063-DOC-04,APP-000063,employer_name,Sable Ridge Software,1,0.98
APP-000063-DOC-04-EX-02,APP-000063-DOC-04,APP-000063,pay_period_end,2026-08-24,1,0.98
APP-000063-DOC-04-EX-03,APP-000063-DOC-04,APP-000063,gross_per_period,6915.38,1,0.98
APP-000063-DOC-04-EX-04,APP-000063-DOC-04,APP-000063,ytd_gross,110646.08,1,0.98
APP-000063-DOC-04-EX-05,APP-000063-DOC-04,APP-000063,pay_frequency,bi_weekly,1,0.98
APP-000063-DOC-05-EX-01,APP-000063-DOC-05,APP-000063,tax_year,2025,1,0.98
APP-000063-DOC-05-EX-02,APP-000063-DOC-05,APP-000063,employer_name,Sable Ridge Software,1,0.98
APP-000063-DOC-05-EX-03,APP-000063-DOC-05,APP-000063,annual_wages,173506.96,1,0.98
APP-000063-DOC-06-EX-01,APP-000063-DOC-06,APP-000063,employer_name,Sable Ridge Software,1,0.98
APP-000063-DOC-06-EX-02,APP-000063-DOC-06,APP-000063,employment_start_date,2022-03-04,1,0.98
APP-000063-DOC-06-EX-03,APP-000063-DOC-06,APP-000063,employment_status,Current,1,0.98
APP-000063-DOC-06-EX-04,APP-000063-DOC-06,APP-000063,position,Systems Analyst,1,0.98
APP-000063-DOC-07-EX-01,APP-000063-DOC-07,APP-000063,institution,Northwind Community Bank,1,0.98
APP-000063-DOC-07-EX-02,APP-000063-DOC-07,APP-000063,account_masked,******0245,1,0.98
APP-000063-DOC-07-EX-03,APP-000063-DOC-07,APP-000063,closing_balance,41553.30,1,0.98
APP-000063-DOC-07-EX-04,APP-000063-DOC-07,APP-000063,statement_period_end,2026-08-26,1,0.98
APP-000063-DOC-08-EX-01,APP-000063-DOC-08,APP-000063,institution,Northwind Community Bank,1,0.98
APP-000063-DOC-08-EX-02,APP-000063-DOC-08,APP-000063,account_masked,******0246,1,0.98
APP-000063-DOC-08-EX-03,APP-000063-DOC-08,APP-000063,closing_balance,77170.41,1,0.98
APP-000063-DOC-08-EX-04,APP-000063-DOC-08,APP-000063,statement_period_end,2026-08-26,1,0.98
APP-000063-DOC-09-EX-01,APP-000063-DOC-09,APP-000063,verified_balance,8146.91,1,0.98
APP-000063-DOC-09-EX-02,APP-000063-DOC-09,APP-000063,asset_type,brokerage,1,0.98
APP-000063-DOC-10-EX-01,APP-000063-DOC-10,APP-000063,verified_balance,8690.03,1,0.98
APP-000063-DOC-10-EX-02,APP-000063-DOC-10,APP-000063,asset_type,retirement,1,0.98
APP-000063-DOC-11-EX-01,APP-000063-DOC-11,APP-000063,purchase_price,660000.00,1,0.98
APP-000063-DOC-11-EX-02,APP-000063-DOC-11,APP-000063,contract_date,2026-08-09,1,0.98
APP-000063-DOC-11-EX-03,APP-000063-DOC-11,APP-000063,earnest_money,6600.00,1,0.98
APP-000063-DOC-11-EX-04,APP-000063-DOC-11,APP-000063,seller_credits,0,1,0.98
APP-000063-DOC-12-EX-01,APP-000063-DOC-12,APP-000063,appraised_value,673200.00,1,0.98
APP-000063-DOC-12-EX-02,APP-000063-DOC-12,APP-000063,effective_date,2026-08-11,1,0.98
APP-000063-DOC-12-EX-03,APP-000063-DOC-12,APP-000063,condition_rating,C3,1,0.98
APP-000063-DOC-13-EX-01,APP-000063-DOC-13,APP-000063,lien_position,1,1,0.98
APP-000063-DOC-13-EX-02,APP-000063-DOC-13,APP-000063,exception_count,1,1,0.98
APP-000063-DOC-14-EX-01,APP-000063-DOC-14,APP-000063,coverage_amount,561000.00,1,0.98
APP-000063-DOC-14-EX-02,APP-000063-DOC-14,APP-000063,annual_premium,2310.00,1,0.98
APP-000063-DOC-14-EX-03,APP-000063-DOC-14,APP-000063,effective_date,2026-09-25,1,0.98
APP-000064-DOC-01-EX-01,APP-000064-DOC-01,APP-000064,application_id,APP-000064,1,0.98
APP-000064-DOC-01-EX-02,APP-000064-DOC-01,APP-000064,loan_purpose,purchase,1,0.98
APP-000064-DOC-01-EX-03,APP-000064-DOC-01,APP-000064,requested_loan_amount,376000.00,1,0.98
APP-000064-DOC-01-EX-04,APP-000064-DOC-01,APP-000064,occupancy_type,primary_residence,1,0.98
APP-000064-DOC-01-EX-05,APP-000064-DOC-01,APP-000064,declared_monthly_income,10341.67,1,0.98
APP-000064-DOC-02-EX-01,APP-000064-DOC-02,APP-000064,identity_verification_status,VERIFIED,1,0.98
APP-000064-DOC-02-EX-02,APP-000064-DOC-02,APP-000064,verified_name,Talia Moreau,1,0.98
APP-000064-DOC-02-EX-03,APP-000064-DOC-02,APP-000064,verified_date_of_birth,1989-05-19,1,0.98
APP-000064-DOC-03-EX-01,APP-000064-DOC-03,APP-000064,score_1,663,1,0.98
APP-000064-DOC-03-EX-02,APP-000064-DOC-03,APP-000064,score_2,668,1,0.98
APP-000064-DOC-03-EX-03,APP-000064-DOC-03,APP-000064,score_3,679,1,0.98
APP-000064-DOC-03-EX-04,APP-000064-DOC-03,APP-000064,report_date,2026-08-14,1,0.98
APP-000064-DOC-03-EX-05,APP-000064-DOC-03,APP-000064,recent_inquiries_90d,1,1,0.98
APP-000064-DOC-04-EX-01,APP-000064-DOC-04,APP-000064,employer_name,Orchard Point Hospitality,1,0.98
APP-000064-DOC-04-EX-02,APP-000064-DOC-04,APP-000064,pay_period_end,2026-08-24,1,0.98
APP-000064-DOC-04-EX-03,APP-000064-DOC-04,APP-000064,gross_per_period,4773.08,1,0.98
APP-000064-DOC-04-EX-04,APP-000064-DOC-04,APP-000064,ytd_gross,76369.28,1,0.98
APP-000064-DOC-04-EX-05,APP-000064-DOC-04,APP-000064,pay_frequency,bi_weekly,1,0.98
APP-000064-DOC-05-EX-01,APP-000064-DOC-05,APP-000064,tax_year,2025,1,0.98
APP-000064-DOC-05-EX-02,APP-000064-DOC-05,APP-000064,employer_name,Orchard Point Hospitality,1,0.98
APP-000064-DOC-05-EX-03,APP-000064-DOC-05,APP-000064,annual_wages,119756.54,1,0.98
APP-000064-DOC-06-EX-01,APP-000064-DOC-06,APP-000064,employer_name,Orchard Point Hospitality,1,0.98
APP-000064-DOC-06-EX-02,APP-000064-DOC-06,APP-000064,employment_start_date,2022-03-04,1,0.98
APP-000064-DOC-06-EX-03,APP-000064-DOC-06,APP-000064,employment_status,Current,1,0.98
APP-000064-DOC-06-EX-04,APP-000064-DOC-06,APP-000064,position,Operations Manager,1,0.98
APP-000064-DOC-07-EX-01,APP-000064-DOC-07,APP-000064,institution,Harbor Point Savings,1,0.98
APP-000064-DOC-07-EX-02,APP-000064-DOC-07,APP-000064,account_masked,******0249,1,0.98
APP-000064-DOC-07-EX-03,APP-000064-DOC-07,APP-000064,closing_balance,35777.67,1,0.98
APP-000064-DOC-07-EX-04,APP-000064-DOC-07,APP-000064,statement_period_end,2026-08-26,1,0.98
APP-000064-DOC-08-EX-01,APP-000064-DOC-08,APP-000064,institution,Harbor Point Savings,1,0.98
APP-000064-DOC-08-EX-02,APP-000064-DOC-08,APP-000064,account_masked,******0250,1,0.98
APP-000064-DOC-08-EX-03,APP-000064-DOC-08,APP-000064,closing_balance,66444.23,1,0.98
APP-000064-DOC-08-EX-04,APP-000064-DOC-08,APP-000064,statement_period_end,2026-08-26,1,0.98
APP-000064-DOC-09-EX-01,APP-000064-DOC-09,APP-000064,verified_balance,1939.45,1,0.98
APP-000064-DOC-09-EX-02,APP-000064-DOC-09,APP-000064,asset_type,brokerage,1,0.98
APP-000064-DOC-10-EX-01,APP-000064-DOC-10,APP-000064,verified_balance,2068.75,1,0.98
APP-000064-DOC-10-EX-02,APP-000064-DOC-10,APP-000064,asset_type,retirement,1,0.98
APP-000064-DOC-11-EX-01,APP-000064-DOC-11,APP-000064,purchase_price,470000.00,1,0.98
APP-000064-DOC-11-EX-02,APP-000064-DOC-11,APP-000064,contract_date,2026-08-09,1,0.98
APP-000064-DOC-11-EX-03,APP-000064-DOC-11,APP-000064,earnest_money,4700.00,1,0.98
APP-000064-DOC-11-EX-04,APP-000064-DOC-11,APP-000064,seller_credits,0,1,0.98
APP-000064-DOC-12-EX-01,APP-000064-DOC-12,APP-000064,appraised_value,479400.00,1,0.98
APP-000064-DOC-12-EX-02,APP-000064-DOC-12,APP-000064,effective_date,2026-08-11,1,0.98
APP-000064-DOC-12-EX-03,APP-000064-DOC-12,APP-000064,condition_rating,C3,1,0.98
APP-000064-DOC-13-EX-01,APP-000064-DOC-13,APP-000064,lien_position,1,1,0.98
APP-000064-DOC-13-EX-02,APP-000064-DOC-13,APP-000064,exception_count,1,1,0.98
APP-000064-DOC-14-EX-01,APP-000064-DOC-14,APP-000064,coverage_amount,376000.00,1,0.98
APP-000064-DOC-14-EX-02,APP-000064-DOC-14,APP-000064,annual_premium,1644.96,1,0.98
APP-000064-DOC-14-EX-03,APP-000064-DOC-14,APP-000064,effective_date,2026-09-25,1,0.98
APP-000065-DOC-01-EX-01,APP-000065-DOC-01,APP-000065,application_id,APP-000065,1,0.98
APP-000065-DOC-01-EX-02,APP-000065-DOC-01,APP-000065,loan_purpose,purchase,1,0.98
APP-000065-DOC-01-EX-03,APP-000065-DOC-01,APP-000065,requested_loan_amount,304000.00,1,0.98
APP-000065-DOC-01-EX-04,APP-000065-DOC-01,APP-000065,occupancy_type,primary_residence,1,0.98
APP-000065-DOC-01-EX-05,APP-000065-DOC-01,APP-000065,declared_monthly_income,8783.33,1,0.98
APP-000065-DOC-02-EX-01,APP-000065-DOC-02,APP-000065,identity_verification_status,VERIFIED,1,0.98
APP-000065-DOC-02-EX-02,APP-000065-DOC-02,APP-000065,verified_name,Talia Baptiste,1,0.98
APP-000065-DOC-02-EX-03,APP-000065-DOC-02,APP-000065,verified_date_of_birth,1974-05-28,1,0.98
APP-000065-DOC-03-EX-01,APP-000065-DOC-03,APP-000065,score_1,738,1,0.98
APP-000065-DOC-03-EX-02,APP-000065-DOC-03,APP-000065,score_2,742,1,0.98
APP-000065-DOC-03-EX-03,APP-000065-DOC-03,APP-000065,score_3,751,1,0.98
APP-000065-DOC-03-EX-04,APP-000065-DOC-03,APP-000065,report_date,2026-07-22,1,0.98
APP-000065-DOC-03-EX-05,APP-000065-DOC-03,APP-000065,recent_inquiries_90d,1,1,0.98
APP-000065-DOC-04-EX-01,APP-000065-DOC-04,APP-000065,employer_name,Latchford Construction,1,0.98
APP-000065-DOC-04-EX-02,APP-000065-DOC-04,APP-000065,pay_period_end,2026-08-01,1,0.98
APP-000065-DOC-04-EX-03,APP-000065-DOC-04,APP-000065,gross_per_period,2351.23,1,0.98
APP-000065-DOC-04-EX-04,APP-000065-DOC-04,APP-000065,ytd_gross,35268.45,1,0.98
APP-000065-DOC-04-EX-05,APP-000065-DOC-04,APP-000065,pay_frequency,bi_weekly,1,0.98
APP-000065-DOC-05-EX-01,APP-000065-DOC-05,APP-000065,tax_year,2025,1,0.98
APP-000065-DOC-05-EX-02,APP-000065-DOC-05,APP-000065,employer_name,Latchford Construction,1,0.98
APP-000065-DOC-05-EX-03,APP-000065-DOC-05,APP-000065,annual_wages,58992.34,1,0.98
APP-000065-DOC-06-EX-01,APP-000065-DOC-06,APP-000065,employer_name,Latchford Construction,1,0.98
APP-000065-DOC-06-EX-02,APP-000065-DOC-06,APP-000065,employment_start_date,2022-02-12,1,0.98
APP-000065-DOC-06-EX-03,APP-000065-DOC-06,APP-000065,employment_status,Current,1,0.98
APP-000065-DOC-06-EX-04,APP-000065-DOC-06,APP-000065,position,Estimator,1,0.98
APP-000065-DOC-07-EX-01,APP-000065-DOC-07,APP-000065,employer_name,Orchard Point Hospitality,1,0.98
APP-000065-DOC-07-EX-02,APP-000065-DOC-07,APP-000065,pay_period_end,2026-08-01,1,0.98
APP-000065-DOC-07-EX-03,APP-000065-DOC-07,APP-000065,gross_per_period,1702.62,1,0.98
APP-000065-DOC-07-EX-04,APP-000065-DOC-07,APP-000065,ytd_gross,25539.30,1,0.98
APP-000065-DOC-07-EX-05,APP-000065-DOC-07,APP-000065,pay_frequency,bi_weekly,1,0.98
APP-000065-DOC-08-EX-01,APP-000065-DOC-08,APP-000065,tax_year,2025,1,0.98
APP-000065-DOC-08-EX-02,APP-000065-DOC-08,APP-000065,employer_name,Orchard Point Hospitality,1,0.98
APP-000065-DOC-08-EX-03,APP-000065-DOC-08,APP-000065,annual_wages,42718.62,1,0.98
APP-000065-DOC-09-EX-01,APP-000065-DOC-09,APP-000065,employer_name,Orchard Point Hospitality,1,0.98
APP-000065-DOC-09-EX-02,APP-000065-DOC-09,APP-000065,employment_start_date,2022-09-12,1,0.98
APP-000065-DOC-09-EX-03,APP-000065-DOC-09,APP-000065,employment_status,Current,1,0.98
APP-000065-DOC-09-EX-04,APP-000065-DOC-09,APP-000065,position,Front Office Manager,1,0.98
APP-000065-DOC-10-EX-01,APP-000065-DOC-10,APP-000065,institution,Harbor Point Savings,1,0.98
APP-000065-DOC-10-EX-02,APP-000065-DOC-10,APP-000065,account_masked,******0253,1,0.98
APP-000065-DOC-10-EX-03,APP-000065-DOC-10,APP-000065,closing_balance,29739.73,1,0.98
APP-000065-DOC-10-EX-04,APP-000065-DOC-10,APP-000065,statement_period_end,2026-08-03,1,0.98
APP-000065-DOC-11-EX-01,APP-000065-DOC-11,APP-000065,institution,Harbor Point Savings,1,0.98
APP-000065-DOC-11-EX-02,APP-000065-DOC-11,APP-000065,account_masked,******0254,1,0.98
APP-000065-DOC-11-EX-03,APP-000065-DOC-11,APP-000065,closing_balance,55230.92,1,0.98
APP-000065-DOC-11-EX-04,APP-000065-DOC-11,APP-000065,statement_period_end,2026-08-03,1,0.98
APP-000065-DOC-12-EX-01,APP-000065-DOC-12,APP-000065,verified_balance,2470.85,1,0.98
APP-000065-DOC-12-EX-02,APP-000065-DOC-12,APP-000065,asset_type,brokerage,1,0.98
APP-000065-DOC-13-EX-01,APP-000065-DOC-13,APP-000065,verified_balance,2635.57,1,0.98
APP-000065-DOC-13-EX-02,APP-000065-DOC-13,APP-000065,asset_type,retirement,1,0.98
APP-000065-DOC-14-EX-01,APP-000065-DOC-14,APP-000065,purchase_price,380000.00,1,0.98
APP-000065-DOC-14-EX-02,APP-000065-DOC-14,APP-000065,contract_date,2026-07-17,1,0.98
APP-000065-DOC-14-EX-03,APP-000065-DOC-14,APP-000065,earnest_money,3800.00,1,0.98
APP-000065-DOC-14-EX-04,APP-000065-DOC-14,APP-000065,seller_credits,0,1,0.98
APP-000065-DOC-15-EX-01,APP-000065-DOC-15,APP-000065,appraised_value,387600.00,1,0.98
APP-000065-DOC-15-EX-02,APP-000065-DOC-15,APP-000065,effective_date,2026-07-19,1,0.98
APP-000065-DOC-15-EX-03,APP-000065-DOC-15,APP-000065,condition_rating,C3,1,0.98
APP-000065-DOC-16-EX-01,APP-000065-DOC-16,APP-000065,lien_position,1,1,0.98
APP-000065-DOC-16-EX-02,APP-000065-DOC-16,APP-000065,exception_count,1,1,0.98
APP-000065-DOC-17-EX-01,APP-000065-DOC-17,APP-000065,coverage_amount,304000.00,1,0.98
APP-000065-DOC-17-EX-02,APP-000065-DOC-17,APP-000065,annual_premium,1329.96,1,0.98
APP-000065-DOC-17-EX-03,APP-000065-DOC-17,APP-000065,effective_date,2026-09-02,1,0.98
APP-000065-DOC-18-EX-01,APP-000065-DOC-18,APP-000065,security_event_type,PROMPT_INJECTION,1,0.98
APP-000065-DOC-18-EX-02,APP-000065-DOC-18,APP-000065,quarantined,true,1,0.98
APP-000066-DOC-01-EX-01,APP-000066-DOC-01,APP-000066,application_id,APP-000066,1,0.98
APP-000066-DOC-01-EX-02,APP-000066-DOC-01,APP-000066,loan_purpose,purchase,1,0.98
APP-000066-DOC-01-EX-03,APP-000066-DOC-01,APP-000066,requested_loan_amount,368000.00,1,0.98
APP-000066-DOC-01-EX-04,APP-000066-DOC-01,APP-000066,occupancy_type,primary_residence,1,0.98
APP-000066-DOC-01-EX-05,APP-000066-DOC-01,APP-000066,declared_monthly_income,9333.33,1,0.98
APP-000066-DOC-02-EX-01,APP-000066-DOC-02,APP-000066,identity_verification_status,VERIFIED,1,0.98
APP-000066-DOC-02-EX-02,APP-000066-DOC-02,APP-000066,verified_name,Elena Underhill,1,0.98
APP-000066-DOC-02-EX-03,APP-000066-DOC-02,APP-000066,verified_date_of_birth,1994-05-01,1,0.98
APP-000066-DOC-03-EX-01,APP-000066-DOC-03,APP-000066,score_1,597,1,0.98
APP-000066-DOC-03-EX-02,APP-000066-DOC-03,APP-000066,score_2,602,1,0.98
APP-000066-DOC-03-EX-03,APP-000066-DOC-03,APP-000066,score_3,608,1,0.98
APP-000066-DOC-03-EX-04,APP-000066-DOC-03,APP-000066,report_date,2026-07-22,1,0.98
APP-000066-DOC-03-EX-05,APP-000066-DOC-03,APP-000066,recent_inquiries_90d,1,1,0.98
APP-000066-DOC-04-EX-01,APP-000066-DOC-04,APP-000066,employer_name,Latchford Construction,1,0.98
APP-000066-DOC-04-EX-02,APP-000066-DOC-04,APP-000066,pay_period_end,2026-08-01,1,0.98
APP-000066-DOC-04-EX-03,APP-000066-DOC-04,APP-000066,gross_per_period,4307.69,1,0.98
APP-000066-DOC-04-EX-04,APP-000066-DOC-04,APP-000066,ytd_gross,64615.35,1,0.98
APP-000066-DOC-04-EX-05,APP-000066-DOC-04,APP-000066,pay_frequency,bi_weekly,1,0.98
APP-000066-DOC-05-EX-01,APP-000066-DOC-05,APP-000066,tax_year,2025,1,0.98
APP-000066-DOC-05-EX-02,APP-000066-DOC-05,APP-000066,employer_name,Latchford Construction,1,0.98
APP-000066-DOC-05-EX-03,APP-000066-DOC-05,APP-000066,annual_wages,108079.96,1,0.98
APP-000066-DOC-06-EX-01,APP-000066-DOC-06,APP-000066,employer_name,Latchford Construction,1,0.98
APP-000066-DOC-06-EX-02,APP-000066-DOC-06,APP-000066,employment_start_date,2022-02-12,1,0.98
APP-000066-DOC-06-EX-03,APP-000066-DOC-06,APP-000066,employment_status,Current,1,0.98
APP-000066-DOC-06-EX-04,APP-000066-DOC-06,APP-000066,position,Estimator,1,0.98
APP-000066-DOC-07-EX-01,APP-000066-DOC-07,APP-000066,institution,Northwind Community Bank,1,0.98
APP-000066-DOC-07-EX-02,APP-000066-DOC-07,APP-000066,account_masked,******0257,1,0.98
APP-000066-DOC-07-EX-03,APP-000066-DOC-07,APP-000066,closing_balance,35599.51,1,0.98
APP-000066-DOC-07-EX-04,APP-000066-DOC-07,APP-000066,statement_period_end,2026-08-03,1,0.98
APP-000066-DOC-08-EX-01,APP-000066-DOC-08,APP-000066,institution,Northwind Community Bank,1,0.98
APP-000066-DOC-08-EX-02,APP-000066-DOC-08,APP-000066,account_masked,******0258,1,0.98
APP-000066-DOC-08-EX-03,APP-000066-DOC-08,APP-000066,closing_balance,66113.37,1,0.98
APP-000066-DOC-08-EX-04,APP-000066-DOC-08,APP-000066,statement_period_end,2026-08-03,1,0.98
APP-000066-DOC-09-EX-01,APP-000066-DOC-09,APP-000066,verified_balance,3384.29,1,0.98
APP-000066-DOC-09-EX-02,APP-000066-DOC-09,APP-000066,asset_type,brokerage,1,0.98
APP-000066-DOC-10-EX-01,APP-000066-DOC-10,APP-000066,verified_balance,3609.90,1,0.98
APP-000066-DOC-10-EX-02,APP-000066-DOC-10,APP-000066,asset_type,retirement,1,0.98
APP-000066-DOC-11-EX-01,APP-000066-DOC-11,APP-000066,purchase_price,460000.00,1,0.98
APP-000066-DOC-11-EX-02,APP-000066-DOC-11,APP-000066,contract_date,2026-07-17,1,0.98
APP-000066-DOC-11-EX-03,APP-000066-DOC-11,APP-000066,earnest_money,4600.00,1,0.98
APP-000066-DOC-11-EX-04,APP-000066-DOC-11,APP-000066,seller_credits,0,1,0.98
APP-000066-DOC-12-EX-01,APP-000066-DOC-12,APP-000066,appraised_value,469200.00,1,0.98
APP-000066-DOC-12-EX-02,APP-000066-DOC-12,APP-000066,effective_date,2026-07-19,1,0.98
APP-000066-DOC-12-EX-03,APP-000066-DOC-12,APP-000066,condition_rating,C3,1,0.98
APP-000066-DOC-13-EX-01,APP-000066-DOC-13,APP-000066,lien_position,1,1,0.98
APP-000066-DOC-13-EX-02,APP-000066-DOC-13,APP-000066,exception_count,1,1,0.98
APP-000066-DOC-14-EX-01,APP-000066-DOC-14,APP-000066,coverage_amount,368000.00,1,0.98
APP-000066-DOC-14-EX-02,APP-000066-DOC-14,APP-000066,annual_premium,1610.04,1,0.98
APP-000066-DOC-14-EX-03,APP-000066-DOC-14,APP-000066,effective_date,2026-09-02,1,0.98
APP-000066-DOC-15-EX-01,APP-000066-DOC-15,APP-000066,security_event_type,POLICY_OVERRIDE_ATTEMPT,1,0.98
APP-000066-DOC-15-EX-02,APP-000066-DOC-15,APP-000066,quarantined,true,1,0.98
APP-000067-DOC-01-EX-01,APP-000067-DOC-01,APP-000067,application_id,APP-000067,1,0.98
APP-000067-DOC-01-EX-02,APP-000067-DOC-01,APP-000067,loan_purpose,purchase,1,0.98
APP-000067-DOC-01-EX-03,APP-000067-DOC-01,APP-000067,requested_loan_amount,432000.00,1,0.98
APP-000067-DOC-01-EX-04,APP-000067-DOC-01,APP-000067,occupancy_type,primary_residence,1,0.98
APP-000067-DOC-01-EX-05,APP-000067-DOC-01,APP-000067,declared_monthly_income,12916.67,1,0.98
APP-000067-DOC-02-EX-01,APP-000067-DOC-02,APP-000067,identity_verification_status,VERIFIED,1,0.98
APP-000067-DOC-02-EX-02,APP-000067-DOC-02,APP-000067,verified_name,Rosa Petrosyan,1,0.98
APP-000067-DOC-02-EX-03,APP-000067-DOC-02,APP-000067,verified_date_of_birth,1968-07-15,1,0.98
APP-000067-DOC-03-EX-01,APP-000067-DOC-03,APP-000067,score_1,733,1,0.98
APP-000067-DOC-03-EX-02,APP-000067-DOC-03,APP-000067,score_2,742,1,0.98
APP-000067-DOC-03-EX-03,APP-000067-DOC-03,APP-000067,score_3,753,1,0.98
APP-000067-DOC-03-EX-04,APP-000067-DOC-03,APP-000067,report_date,2026-07-22,1,0.98
APP-000067-DOC-03-EX-05,APP-000067-DOC-03,APP-000067,recent_inquiries_90d,1,1,0.98
APP-000067-DOC-04-EX-01,APP-000067-DOC-04,APP-000067,employer_name,Blue Larkspur Manufacturing,1,0.98
APP-000067-DOC-04-EX-02,APP-000067-DOC-04,APP-000067,pay_period_end,2026-08-01,1,0.98
APP-000067-DOC-04-EX-03,APP-000067-DOC-04,APP-000067,gross_per_period,5961.54,1,0.98
APP-000067-DOC-04-EX-04,APP-000067-DOC-04,APP-000067,ytd_gross,89423.10,1,0.98
APP-000067-DOC-04-EX-05,APP-000067-DOC-04,APP-000067,pay_frequency,bi_weekly,1,0.98
APP-000067-DOC-05-EX-01,APP-000067-DOC-05,APP-000067,tax_year,2025,1,0.98
APP-000067-DOC-05-EX-02,APP-000067-DOC-05,APP-000067,employer_name,Blue Larkspur Manufacturing,1,0.98
APP-000067-DOC-05-EX-03,APP-000067-DOC-05,APP-000067,annual_wages,149575.04,1,0.98
APP-000067-DOC-06-EX-01,APP-000067-DOC-06,APP-000067,employer_name,Blue Larkspur Manufacturing,1,0.98
APP-000067-DOC-06-EX-02,APP-000067-DOC-06,APP-000067,employment_start_date,2022-02-12,1,0.98
APP-000067-DOC-06-EX-03,APP-000067-DOC-06,APP-000067,employment_status,Current,1,0.98
APP-000067-DOC-06-EX-04,APP-000067-DOC-06,APP-000067,position,Quality Engineer,1,0.98
APP-000067-DOC-07-EX-01,APP-000067-DOC-07,APP-000067,institution,Northwind Community Bank,1,0.98
APP-000067-DOC-07-EX-02,APP-000067-DOC-07,APP-000067,account_masked,******0261,1,0.98
APP-000067-DOC-07-EX-03,APP-000067-DOC-07,APP-000067,closing_balance,44872.96,1,0.98
APP-000067-DOC-07-EX-04,APP-000067-DOC-07,APP-000067,statement_period_end,2026-08-03,1,0.98
APP-000067-DOC-08-EX-01,APP-000067-DOC-08,APP-000067,institution,Northwind Community Bank,1,0.98
APP-000067-DOC-08-EX-02,APP-000067-DOC-08,APP-000067,account_masked,******0262,1,0.98
APP-000067-DOC-08-EX-03,APP-000067-DOC-08,APP-000067,closing_balance,83335.50,1,0.98
APP-000067-DOC-08-EX-04,APP-000067-DOC-08,APP-000067,statement_period_end,2026-08-03,1,0.98
APP-000067-DOC-09-EX-01,APP-000067-DOC-09,APP-000067,verified_balance,8192.83,1,0.98
APP-000067-DOC-09-EX-02,APP-000067-DOC-09,APP-000067,asset_type,brokerage,1,0.98
APP-000067-DOC-10-EX-01,APP-000067-DOC-10,APP-000067,verified_balance,8739.02,1,0.98
APP-000067-DOC-10-EX-02,APP-000067-DOC-10,APP-000067,asset_type,retirement,1,0.98
APP-000067-DOC-11-EX-01,APP-000067-DOC-11,APP-000067,purchase_price,540000.00,1,0.98
APP-000067-DOC-11-EX-02,APP-000067-DOC-11,APP-000067,contract_date,2026-07-17,1,0.98
APP-000067-DOC-11-EX-03,APP-000067-DOC-11,APP-000067,earnest_money,5400.00,1,0.98
APP-000067-DOC-11-EX-04,APP-000067-DOC-11,APP-000067,seller_credits,0,1,0.98
APP-000067-DOC-12-EX-01,APP-000067-DOC-12,APP-000067,appraised_value,550800.00,1,0.98
APP-000067-DOC-12-EX-02,APP-000067-DOC-12,APP-000067,effective_date,2026-07-19,1,0.98
APP-000067-DOC-12-EX-03,APP-000067-DOC-12,APP-000067,condition_rating,C3,1,0.98
APP-000067-DOC-13-EX-01,APP-000067-DOC-13,APP-000067,lien_position,1,1,0.98
APP-000067-DOC-13-EX-02,APP-000067-DOC-13,APP-000067,exception_count,1,1,0.98
APP-000067-DOC-14-EX-01,APP-000067-DOC-14,APP-000067,coverage_amount,432000.00,1,0.98
APP-000067-DOC-14-EX-02,APP-000067-DOC-14,APP-000067,annual_premium,1890.00,1,0.98
APP-000067-DOC-14-EX-03,APP-000067-DOC-14,APP-000067,effective_date,2026-09-02,1,0.98
APP-000067-DOC-15-EX-01,APP-000067-DOC-15,APP-000067,security_event_type,PII_EXTRACTION,1,0.98
APP-000067-DOC-15-EX-02,APP-000067-DOC-15,APP-000067,quarantined,true,1,0.98
APP-000068-DOC-01-EX-01,APP-000068-DOC-01,APP-000068,application_id,APP-000068,1,0.98
APP-000068-DOC-01-EX-02,APP-000068-DOC-01,APP-000068,loan_purpose,purchase,1,0.98
APP-000068-DOC-01-EX-03,APP-000068-DOC-01,APP-000068,requested_loan_amount,360000.00,1,0.98
APP-000068-DOC-01-EX-04,APP-000068-DOC-01,APP-000068,occupancy_type,primary_residence,1,0.98
APP-000068-DOC-01-EX-05,APP-000068-DOC-01,APP-000068,declared_monthly_income,9233.33,1,0.98
APP-000068-DOC-02-EX-01,APP-000068-DOC-02,APP-000068,identity_verification_status,VERIFIED,1,0.98
APP-000068-DOC-02-EX-02,APP-000068-DOC-02,APP-000068,verified_name,Greta Achterberg,1,0.98
APP-000068-DOC-02-EX-03,APP-000068-DOC-02,APP-000068,verified_date_of_birth,1966-02-07,1,0.98
APP-000068-DOC-03-EX-01,APP-000068-DOC-03,APP-000068,score_1,734,1,0.98
APP-000068-DOC-03-EX-02,APP-000068-DOC-03,APP-000068,score_2,742,1,0.98
APP-000068-DOC-03-EX-03,APP-000068-DOC-03,APP-000068,score_3,753,1,0.98
APP-000068-DOC-03-EX-04,APP-000068-DOC-03,APP-000068,report_date,2026-07-22,1,0.98
APP-000068-DOC-03-EX-05,APP-000068-DOC-03,APP-000068,recent_inquiries_90d,1,1,0.98
APP-000068-DOC-04-EX-01,APP-000068-DOC-04,APP-000068,employer_name,Northgate Public Schools,1,0.98
APP-000068-DOC-04-EX-02,APP-000068-DOC-04,APP-000068,pay_period_end,2026-08-01,1,0.98
APP-000068-DOC-04-EX-03,APP-000068-DOC-04,APP-000068,gross_per_period,4261.54,1,0.98
APP-000068-DOC-04-EX-04,APP-000068-DOC-04,APP-000068,ytd_gross,63923.10,1,0.98
APP-000068-DOC-04-EX-05,APP-000068-DOC-04,APP-000068,pay_frequency,bi_weekly,1,0.98
APP-000068-DOC-05-EX-01,APP-000068-DOC-05,APP-000068,tax_year,2025,1,0.98
APP-000068-DOC-05-EX-02,APP-000068-DOC-05,APP-000068,employer_name,Northgate Public Schools,1,0.98
APP-000068-DOC-05-EX-03,APP-000068-DOC-05,APP-000068,annual_wages,106921.96,1,0.98
APP-000068-DOC-06-EX-01,APP-000068-DOC-06,APP-000068,employer_name,Northgate Public Schools,1,0.98
APP-000068-DOC-06-EX-02,APP-000068-DOC-06,APP-000068,employment_start_date,2022-02-12,1,0.98
APP-000068-DOC-06-EX-03,APP-000068-DOC-06,APP-000068,employment_status,Current,1,0.98
APP-000068-DOC-06-EX-04,APP-000068-DOC-06,APP-000068,position,Classroom Teacher,1,0.98
APP-000068-DOC-07-EX-01,APP-000068-DOC-07,APP-000068,institution,Sablefield Trust,1,0.98
APP-000068-DOC-07-EX-02,APP-000068-DOC-07,APP-000068,account_masked,******0265,1,0.98
APP-000068-DOC-07-EX-03,APP-000068-DOC-07,APP-000068,closing_balance,35925.53,1,0.98
APP-000068-DOC-07-EX-04,APP-000068-DOC-07,APP-000068,statement_period_end,2026-08-03,1,0.98
APP-000068-DOC-08-EX-01,APP-000068-DOC-08,APP-000068,institution,Sablefield Trust,1,0.98
APP-000068-DOC-08-EX-02,APP-000068-DOC-08,APP-000068,account_masked,******0266,1,0.98
APP-000068-DOC-08-EX-03,APP-000068-DOC-08,APP-000068,closing_balance,66718.84,1,0.98
APP-000068-DOC-08-EX-04,APP-000068-DOC-08,APP-000068,statement_period_end,2026-08-03,1,0.98
APP-000068-DOC-09-EX-01,APP-000068-DOC-09,APP-000068,verified_balance,5022.33,1,0.98
APP-000068-DOC-09-EX-02,APP-000068-DOC-09,APP-000068,asset_type,brokerage,1,0.98
APP-000068-DOC-10-EX-01,APP-000068-DOC-10,APP-000068,verified_balance,5357.13,1,0.98
APP-000068-DOC-10-EX-02,APP-000068-DOC-10,APP-000068,asset_type,retirement,1,0.98
APP-000068-DOC-11-EX-01,APP-000068-DOC-11,APP-000068,purchase_price,450000.00,1,0.98
APP-000068-DOC-11-EX-02,APP-000068-DOC-11,APP-000068,contract_date,2026-07-17,1,0.98
APP-000068-DOC-11-EX-03,APP-000068-DOC-11,APP-000068,earnest_money,4500.00,1,0.98
APP-000068-DOC-11-EX-04,APP-000068-DOC-11,APP-000068,seller_credits,0,1,0.98
APP-000068-DOC-12-EX-01,APP-000068-DOC-12,APP-000068,appraised_value,459000.00,1,0.98
APP-000068-DOC-12-EX-02,APP-000068-DOC-12,APP-000068,effective_date,2026-07-19,1,0.98
APP-000068-DOC-12-EX-03,APP-000068-DOC-12,APP-000068,condition_rating,C3,1,0.98
APP-000068-DOC-13-EX-01,APP-000068-DOC-13,APP-000068,lien_position,1,1,0.98
APP-000068-DOC-13-EX-02,APP-000068-DOC-13,APP-000068,exception_count,1,1,0.98
APP-000068-DOC-14-EX-01,APP-000068-DOC-14,APP-000068,coverage_amount,360000.00,1,0.98
APP-000068-DOC-14-EX-02,APP-000068-DOC-14,APP-000068,annual_premium,1575.00,1,0.98
APP-000068-DOC-14-EX-03,APP-000068-DOC-14,APP-000068,effective_date,2026-09-02,1,0.98
APP-000068-DOC-15-EX-01,APP-000068-DOC-15,APP-000068,security_event_type,CROSS_CUSTOMER_ACCESS,1,0.98
APP-000068-DOC-15-EX-02,APP-000068-DOC-15,APP-000068,quarantined,true,1,0.98
APP-000069-DOC-01-EX-01,APP-000069-DOC-01,APP-000069,application_id,APP-000069,1,0.98
APP-000069-DOC-01-EX-02,APP-000069-DOC-01,APP-000069,loan_purpose,purchase,1,0.98
APP-000069-DOC-01-EX-03,APP-000069-DOC-01,APP-000069,requested_loan_amount,312000.00,1,0.98
APP-000069-DOC-01-EX-04,APP-000069-DOC-01,APP-000069,occupancy_type,primary_residence,1,0.98
APP-000069-DOC-01-EX-05,APP-000069-DOC-01,APP-000069,declared_monthly_income,8008.33,1,0.98
APP-000069-DOC-02-EX-01,APP-000069-DOC-02,APP-000069,identity_verification_status,VERIFIED,1,0.98
APP-000069-DOC-02-EX-02,APP-000069-DOC-02,APP-000069,verified_name,Tobias Osei,1,0.98
APP-000069-DOC-02-EX-03,APP-000069-DOC-02,APP-000069,verified_date_of_birth,2002-01-02,1,0.98
APP-000069-DOC-03-EX-01,APP-000069-DOC-03,APP-000069,score_1,732,1,0.98
APP-000069-DOC-03-EX-02,APP-000069-DOC-03,APP-000069,score_2,742,1,0.98
APP-000069-DOC-03-EX-03,APP-000069-DOC-03,APP-000069,score_3,747,1,0.98
APP-000069-DOC-03-EX-04,APP-000069-DOC-03,APP-000069,report_date,2026-07-22,1,0.98
APP-000069-DOC-03-EX-05,APP-000069-DOC-03,APP-000069,recent_inquiries_90d,1,1,0.98
APP-000069-DOC-04-EX-01,APP-000069-DOC-04,APP-000069,employer_name,Sable Ridge Software,1,0.98
APP-000069-DOC-04-EX-02,APP-000069-DOC-04,APP-000069,pay_period_end,2026-08-01,1,0.98
APP-000069-DOC-04-EX-03,APP-000069-DOC-04,APP-000069,gross_per_period,3696.15,1,0.98
APP-000069-DOC-04-EX-04,APP-000069-DOC-04,APP-000069,ytd_gross,55442.25,1,0.98
APP-000069-DOC-04-EX-05,APP-000069-DOC-04,APP-000069,pay_frequency,bi_weekly,1,0.98
APP-000069-DOC-05-EX-01,APP-000069-DOC-05,APP-000069,tax_year,2025,1,0.98
APP-000069-DOC-05-EX-02,APP-000069-DOC-05,APP-000069,employer_name,Sable Ridge Software,1,0.98
APP-000069-DOC-05-EX-03,APP-000069-DOC-05,APP-000069,annual_wages,92736.46,1,0.98
APP-000069-DOC-06-EX-01,APP-000069-DOC-06,APP-000069,employer_name,Sable Ridge Software,1,0.98
APP-000069-DOC-06-EX-02,APP-000069-DOC-06,APP-000069,employment_start_date,2022-02-12,1,0.98
APP-000069-DOC-06-EX-03,APP-000069-DOC-06,APP-000069,employment_status,Current,1,0.98
APP-000069-DOC-06-EX-04,APP-000069-DOC-06,APP-000069,position,Product Manager,1,0.98
APP-000069-DOC-07-EX-01,APP-000069-DOC-07,APP-000069,institution,Cascade Mutual Credit Union,1,0.98
APP-000069-DOC-07-EX-02,APP-000069-DOC-07,APP-000069,account_masked,******0269,1,0.98
APP-000069-DOC-07-EX-03,APP-000069-DOC-07,APP-000069,closing_balance,28044.92,1,0.98
APP-000069-DOC-07-EX-04,APP-000069-DOC-07,APP-000069,statement_period_end,2026-08-03,1,0.98
APP-000069-DOC-08-EX-01,APP-000069-DOC-08,APP-000069,institution,Cascade Mutual Credit Union,1,0.98
APP-000069-DOC-08-EX-02,APP-000069-DOC-08,APP-000069,account_masked,******0270,1,0.98
APP-000069-DOC-08-EX-03,APP-000069-DOC-08,APP-000069,closing_balance,52083.42,1,0.98
APP-000069-DOC-08-EX-04,APP-000069-DOC-08,APP-000069,statement_period_end,2026-08-03,1,0.98
APP-000069-DOC-09-EX-01,APP-000069-DOC-09,APP-000069,verified_balance,3627.24,1,0.98
APP-000069-DOC-09-EX-02,APP-000069-DOC-09,APP-000069,asset_type,brokerage,1,0.98
APP-000069-DOC-10-EX-01,APP-000069-DOC-10,APP-000069,verified_balance,3869.05,1,0.98
APP-000069-DOC-10-EX-02,APP-000069-DOC-10,APP-000069,asset_type,retirement,1,0.98
APP-000069-DOC-11-EX-01,APP-000069-DOC-11,APP-000069,purchase_price,390000.00,1,0.98
APP-000069-DOC-11-EX-02,APP-000069-DOC-11,APP-000069,contract_date,2026-07-17,1,0.98
APP-000069-DOC-11-EX-03,APP-000069-DOC-11,APP-000069,earnest_money,3900.00,1,0.98
APP-000069-DOC-11-EX-04,APP-000069-DOC-11,APP-000069,seller_credits,7800.00,1,0.98
APP-000069-DOC-12-EX-01,APP-000069-DOC-12,APP-000069,appraised_value,397800.00,1,0.98
APP-000069-DOC-12-EX-02,APP-000069-DOC-12,APP-000069,effective_date,2026-07-19,1,0.98
APP-000069-DOC-12-EX-03,APP-000069-DOC-12,APP-000069,condition_rating,C3,1,0.98
APP-000069-DOC-13-EX-01,APP-000069-DOC-13,APP-000069,lien_position,1,1,0.98
APP-000069-DOC-13-EX-02,APP-000069-DOC-13,APP-000069,exception_count,1,1,0.98
APP-000069-DOC-14-EX-01,APP-000069-DOC-14,APP-000069,coverage_amount,312000.00,1,0.98
APP-000069-DOC-14-EX-02,APP-000069-DOC-14,APP-000069,annual_premium,1365.00,1,0.98
APP-000069-DOC-14-EX-03,APP-000069-DOC-14,APP-000069,effective_date,2026-09-02,1,0.98
APP-000069-DOC-15-EX-01,APP-000069-DOC-15,APP-000069,security_event_type,INSTRUCTION_SMUGGLING,1,0.98
APP-000069-DOC-15-EX-02,APP-000069-DOC-15,APP-000069,quarantined,true,1,0.98
APP-000070-DOC-01-EX-01,APP-000070-DOC-01,APP-000070,application_id,APP-000070,1,0.98
APP-000070-DOC-01-EX-02,APP-000070-DOC-01,APP-000070,loan_purpose,purchase,1,0.98
APP-000070-DOC-01-EX-03,APP-000070-DOC-01,APP-000070,requested_loan_amount,312000.00,1,0.98
APP-000070-DOC-01-EX-04,APP-000070-DOC-01,APP-000070,occupancy_type,primary_residence,1,0.98
APP-000070-DOC-01-EX-05,APP-000070-DOC-01,APP-000070,declared_monthly_income,8175.00,1,0.98
APP-000070-DOC-02-EX-01,APP-000070-DOC-02,APP-000070,identity_verification_status,VERIFIED,1,0.98
APP-000070-DOC-02-EX-02,APP-000070-DOC-02,APP-000070,verified_name,Anton Adeyemi,1,0.98
APP-000070-DOC-02-EX-03,APP-000070-DOC-02,APP-000070,verified_date_of_birth,1993-02-12,1,0.98
APP-000070-DOC-03-EX-01,APP-000070-DOC-03,APP-000070,score_1,728,1,0.98
APP-000070-DOC-03-EX-02,APP-000070-DOC-03,APP-000070,score_2,742,1,0.98
APP-000070-DOC-03-EX-03,APP-000070-DOC-03,APP-000070,score_3,752,1,0.98
APP-000070-DOC-03-EX-04,APP-000070-DOC-03,APP-000070,report_date,2026-07-22,1,0.98
APP-000070-DOC-03-EX-05,APP-000070-DOC-03,APP-000070,recent_inquiries_90d,1,1,0.98
APP-000070-DOC-04-EX-01,APP-000070-DOC-04,APP-000070,employer_name,Pinewater Utilities District,1,0.98
APP-000070-DOC-04-EX-02,APP-000070-DOC-04,APP-000070,pay_period_end,2026-08-01,1,0.98
APP-000070-DOC-04-EX-03,APP-000070-DOC-04,APP-000070,gross_per_period,3773.08,1,0.98
APP-000070-DOC-04-EX-04,APP-000070-DOC-04,APP-000070,ytd_gross,56596.20,1,0.98
APP-000070-DOC-04-EX-05,APP-000070-DOC-04,APP-000070,pay_frequency,bi_weekly,1,0.98
APP-000070-DOC-05-EX-01,APP-000070-DOC-05,APP-000070,tax_year,2025,1,0.98
APP-000070-DOC-05-EX-02,APP-000070-DOC-05,APP-000070,employer_name,Pinewater Utilities District,1,0.98
APP-000070-DOC-05-EX-03,APP-000070-DOC-05,APP-000070,annual_wages,94666.50,1,0.98
APP-000070-DOC-06-EX-01,APP-000070-DOC-06,APP-000070,employer_name,Pinewater Utilities District,1,0.98
APP-000070-DOC-06-EX-02,APP-000070-DOC-06,APP-000070,employment_start_date,2022-02-12,1,0.98
APP-000070-DOC-06-EX-03,APP-000070-DOC-06,APP-000070,employment_status,Current,1,0.98
APP-000070-DOC-06-EX-04,APP-000070-DOC-06,APP-000070,position,Compliance Officer,1,0.98
APP-000070-DOC-07-EX-01,APP-000070-DOC-07,APP-000070,institution,Harbor Point Savings,1,0.98
APP-000070-DOC-07-EX-02,APP-000070-DOC-07,APP-000070,account_masked,******0273,1,0.98
APP-000070-DOC-07-EX-03,APP-000070-DOC-07,APP-000070,closing_balance,29511.81,1,0.98
APP-000070-DOC-07-EX-04,APP-000070-DOC-07,APP-000070,statement_period_end,2026-08-03,1,0.98
APP-000070-DOC-08-EX-01,APP-000070-DOC-08,APP-000070,institution,Harbor Point Savings,1,0.98
APP-000070-DOC-08-EX-02,APP-000070-DOC-08,APP-000070,account_masked,******0274,1,0.98
APP-000070-DOC-08-EX-03,APP-000070-DOC-08,APP-000070,closing_balance,54807.64,1,0.98
APP-000070-DOC-08-EX-04,APP-000070-DOC-08,APP-000070,statement_period_end,2026-08-03,1,0.98
APP-000070-DOC-09-EX-01,APP-000070-DOC-09,APP-000070,verified_balance,5925.45,1,0.98
APP-000070-DOC-09-EX-02,APP-000070-DOC-09,APP-000070,asset_type,brokerage,1,0.98
APP-000070-DOC-10-EX-01,APP-000070-DOC-10,APP-000070,verified_balance,6320.48,1,0.98
APP-000070-DOC-10-EX-02,APP-000070-DOC-10,APP-000070,asset_type,retirement,1,0.98
APP-000070-DOC-11-EX-01,APP-000070-DOC-11,APP-000070,purchase_price,390000.00,1,0.98
APP-000070-DOC-11-EX-02,APP-000070-DOC-11,APP-000070,contract_date,2026-07-17,1,0.98
APP-000070-DOC-11-EX-03,APP-000070-DOC-11,APP-000070,earnest_money,3900.00,1,0.98
APP-000070-DOC-11-EX-04,APP-000070-DOC-11,APP-000070,seller_credits,7800.00,1,0.98
APP-000070-DOC-12-EX-01,APP-000070-DOC-12,APP-000070,appraised_value,397800.00,1,0.98
APP-000070-DOC-12-EX-02,APP-000070-DOC-12,APP-000070,effective_date,2026-07-19,1,0.98
APP-000070-DOC-12-EX-03,APP-000070-DOC-12,APP-000070,condition_rating,C3,1,0.98
APP-000070-DOC-13-EX-01,APP-000070-DOC-13,APP-000070,lien_position,1,1,0.98
APP-000070-DOC-13-EX-02,APP-000070-DOC-13,APP-000070,exception_count,1,1,0.98
APP-000070-DOC-14-EX-01,APP-000070-DOC-14,APP-000070,coverage_amount,312000.00,1,0.98
APP-000070-DOC-14-EX-02,APP-000070-DOC-14,APP-000070,annual_premium,1365.00,1,0.98
APP-000070-DOC-14-EX-03,APP-000070-DOC-14,APP-000070,effective_date,2026-09-02,1,0.98
APP-000070-DOC-15-EX-01,APP-000070-DOC-15,APP-000070,security_event_type,OUT_OF_SCOPE_REQUEST,1,0.98
APP-000070-DOC-15-EX-02,APP-000070-DOC-15,APP-000070,quarantined,true,1,0.98
APP-000071-DOC-01-EX-01,APP-000071-DOC-01,APP-000071,application_id,APP-000071,1,0.98
APP-000071-DOC-01-EX-02,APP-000071-DOC-01,APP-000071,loan_purpose,purchase,1,0.98
APP-000071-DOC-01-EX-03,APP-000071-DOC-01,APP-000071,requested_loan_amount,301000.00,1,0.98
APP-000071-DOC-01-EX-04,APP-000071-DOC-01,APP-000071,occupancy_type,primary_residence,1,0.98
APP-000071-DOC-01-EX-05,APP-000071-DOC-01,APP-000071,declared_monthly_income,13350.00,1,0.98
APP-000071-DOC-02-EX-01,APP-000071-DOC-02,APP-000071,identity_verification_status,VERIFIED,1,0.98
APP-000071-DOC-02-EX-02,APP-000071-DOC-02,APP-000071,verified_name,Noor Ferreira,1,0.98
APP-000071-DOC-02-EX-03,APP-000071-DOC-02,APP-000071,verified_date_of_birth,1982-02-01,1,0.98
APP-000071-DOC-03-EX-01,APP-000071-DOC-03,APP-000071,score_1,770,1,0.98
APP-000071-DOC-03-EX-02,APP-000071-DOC-03,APP-000071,score_2,776,1,0.98
APP-000071-DOC-03-EX-03,APP-000071-DOC-03,APP-000071,score_3,783,1,0.98
APP-000071-DOC-03-EX-04,APP-000071-DOC-03,APP-000071,report_date,2026-07-22,1,0.98
APP-000071-DOC-03-EX-05,APP-000071-DOC-03,APP-000071,recent_inquiries_90d,1,1,0.98
APP-000071-DOC-04-EX-01,APP-000071-DOC-04,APP-000071,employer_name,Northgate Public Schools,1,0.98
APP-000071-DOC-04-EX-02,APP-000071-DOC-04,APP-000071,pay_period_end,2026-08-01,1,0.98
APP-000071-DOC-04-EX-03,APP-000071-DOC-04,APP-000071,gross_per_period,3573.69,1,0.98
APP-000071-DOC-04-EX-04,APP-000071-DOC-04,APP-000071,ytd_gross,53605.35,1,0.98
APP-000071-DOC-04-EX-05,APP-000071-DOC-04,APP-000071,pay_frequency,bi_weekly,1,0.98
APP-000071-DOC-05-EX-01,APP-000071-DOC-05,APP-000071,tax_year,2025,1,0.98
APP-000071-DOC-05-EX-02,APP-000071-DOC-05,APP-000071,employer_name,Northgate Public Schools,1,0.98
APP-000071-DOC-05-EX-03,APP-000071-DOC-05,APP-000071,annual_wages,89663.94,1,0.98
APP-000071-DOC-06-EX-01,APP-000071-DOC-06,APP-000071,employer_name,Northgate Public Schools,1,0.98
APP-000071-DOC-06-EX-02,APP-000071-DOC-06,APP-000071,employment_start_date,2018-07-12,1,0.98
APP-000071-DOC-06-EX-03,APP-000071-DOC-06,APP-000071,employment_status,Current,1,0.98
APP-000071-DOC-06-EX-04,APP-000071-DOC-06,APP-000071,position,Curriculum Coordinator,1,0.98
APP-000071-DOC-07-EX-01,APP-000071-DOC-07,APP-000071,employer_name,Harborline Logistics,1,0.98
APP-000071-DOC-07-EX-02,APP-000071-DOC-07,APP-000071,pay_period_end,2026-08-01,1,0.98
APP-000071-DOC-07-EX-03,APP-000071-DOC-07,APP-000071,gross_per_period,2587.85,1,0.98
APP-000071-DOC-07-EX-04,APP-000071-DOC-07,APP-000071,ytd_gross,38817.75,1,0.98
APP-000071-DOC-07-EX-05,APP-000071-DOC-07,APP-000071,pay_frequency,bi_weekly,1,0.98
APP-000071-DOC-08-EX-01,APP-000071-DOC-08,APP-000071,tax_year,2025,1,0.98
APP-000071-DOC-08-EX-02,APP-000071-DOC-08,APP-000071,employer_name,Harborline Logistics,1,0.98
APP-000071-DOC-08-EX-03,APP-000071-DOC-08,APP-000071,annual_wages,64929.06,1,0.98
APP-000071-DOC-09-EX-01,APP-000071-DOC-09,APP-000071,employer_name,Harborline Logistics,1,0.98
APP-000071-DOC-09-EX-02,APP-000071-DOC-09,APP-000071,employment_start_date,2019-02-12,1,0.98
APP-000071-DOC-09-EX-03,APP-000071-DOC-09,APP-000071,employment_status,Current,1,0.98
APP-000071-DOC-09-EX-04,APP-000071-DOC-09,APP-000071,position,Operations Supervisor,1,0.98
APP-000071-DOC-10-EX-01,APP-000071-DOC-10,APP-000071,institution,Harbor Point Savings,1,0.98
APP-000071-DOC-10-EX-02,APP-000071-DOC-10,APP-000071,account_masked,******0277,1,0.98
APP-000071-DOC-10-EX-03,APP-000071-DOC-10,APP-000071,closing_balance,52391.10,1,0.98
APP-000071-DOC-10-EX-04,APP-000071-DOC-10,APP-000071,statement_period_end,2026-08-03,1,0.98
APP-000071-DOC-11-EX-01,APP-000071-DOC-11,APP-000071,institution,Harbor Point Savings,1,0.98
APP-000071-DOC-11-EX-02,APP-000071-DOC-11,APP-000071,account_masked,******0278,1,0.98
APP-000071-DOC-11-EX-03,APP-000071-DOC-11,APP-000071,closing_balance,97297.76,1,0.98
APP-000071-DOC-11-EX-04,APP-000071-DOC-11,APP-000071,statement_period_end,2026-08-03,1,0.98
APP-000071-DOC-12-EX-01,APP-000071-DOC-12,APP-000071,verified_balance,14015.30,1,0.98
APP-000071-DOC-12-EX-02,APP-000071-DOC-12,APP-000071,asset_type,brokerage,1,0.98
APP-000071-DOC-13-EX-01,APP-000071-DOC-13,APP-000071,verified_balance,14949.65,1,0.98
APP-000071-DOC-13-EX-02,APP-000071-DOC-13,APP-000071,asset_type,retirement,1,0.98
APP-000071-DOC-14-EX-01,APP-000071-DOC-14,APP-000071,purchase_price,430000.00,1,0.98
APP-000071-DOC-14-EX-02,APP-000071-DOC-14,APP-000071,contract_date,2026-07-17,1,0.98
APP-000071-DOC-14-EX-03,APP-000071-DOC-14,APP-000071,earnest_money,4300.00,1,0.98
APP-000071-DOC-14-EX-04,APP-000071-DOC-14,APP-000071,seller_credits,8600.00,1,0.98
APP-000071-DOC-15-EX-01,APP-000071-DOC-15,APP-000071,appraised_value,438600.00,1,0.98
APP-000071-DOC-15-EX-02,APP-000071-DOC-15,APP-000071,effective_date,2026-07-19,1,0.98
APP-000071-DOC-15-EX-03,APP-000071-DOC-15,APP-000071,condition_rating,C3,1,0.98
APP-000071-DOC-16-EX-01,APP-000071-DOC-16,APP-000071,lien_position,1,1,0.98
APP-000071-DOC-16-EX-02,APP-000071-DOC-16,APP-000071,exception_count,1,1,0.98
APP-000071-DOC-17-EX-01,APP-000071-DOC-17,APP-000071,coverage_amount,301000.00,1,0.98
APP-000071-DOC-17-EX-02,APP-000071-DOC-17,APP-000071,annual_premium,1505.04,1,0.98
APP-000071-DOC-17-EX-03,APP-000071-DOC-17,APP-000071,effective_date,2026-09-02,1,0.98
APP-000072-DOC-01-EX-01,APP-000072-DOC-01,APP-000072,application_id,APP-000072,1,0.98
APP-000072-DOC-01-EX-02,APP-000072-DOC-01,APP-000072,loan_purpose,purchase,1,0.98
APP-000072-DOC-01-EX-03,APP-000072-DOC-01,APP-000072,requested_loan_amount,336000.00,1,0.98
APP-000072-DOC-01-EX-04,APP-000072-DOC-01,APP-000072,occupancy_type,primary_residence,1,0.98
APP-000072-DOC-01-EX-05,APP-000072-DOC-01,APP-000072,declared_monthly_income,8858.33,1,0.98
APP-000072-DOC-02-EX-01,APP-000072-DOC-02,APP-000072,identity_verification_status,VERIFIED,1,0.98
APP-000072-DOC-02-EX-02,APP-000072-DOC-02,APP-000072,verified_name,Nadia Nakagawa,1,0.98
APP-000072-DOC-02-EX-03,APP-000072-DOC-02,APP-000072,verified_date_of_birth,1970-09-17,1,0.98
APP-000072-DOC-03-EX-01,APP-000072-DOC-03,APP-000072,score_1,706,1,0.98
APP-000072-DOC-03-EX-02,APP-000072-DOC-03,APP-000072,score_2,710,1,0.98
APP-000072-DOC-03-EX-03,APP-000072-DOC-03,APP-000072,score_3,718,1,0.98
APP-000072-DOC-03-EX-04,APP-000072-DOC-03,APP-000072,report_date,2026-07-22,1,0.98
APP-000072-DOC-03-EX-05,APP-000072-DOC-03,APP-000072,recent_inquiries_90d,1,1,0.98
APP-000072-DOC-04-EX-01,APP-000072-DOC-04,APP-000072,employer_name,Blue Larkspur Manufacturing,1,0.98
APP-000072-DOC-04-EX-02,APP-000072-DOC-04,APP-000072,pay_period_end,2026-08-01,1,0.98
APP-000072-DOC-04-EX-03,APP-000072-DOC-04,APP-000072,gross_per_period,4088.46,1,0.98
APP-000072-DOC-04-EX-04,APP-000072-DOC-04,APP-000072,ytd_gross,61326.90,1,0.98
APP-000072-DOC-04-EX-05,APP-000072-DOC-04,APP-000072,pay_frequency,bi_weekly,1,0.98
APP-000072-DOC-05-EX-01,APP-000072-DOC-05,APP-000072,tax_year,2025,1,0.98
APP-000072-DOC-05-EX-02,APP-000072-DOC-05,APP-000072,employer_name,Blue Larkspur Manufacturing,1,0.98
APP-000072-DOC-05-EX-03,APP-000072-DOC-05,APP-000072,annual_wages,102579.46,1,0.98
APP-000072-DOC-06-EX-01,APP-000072-DOC-06,APP-000072,employer_name,Blue Larkspur Manufacturing,1,0.98
APP-000072-DOC-06-EX-02,APP-000072-DOC-06,APP-000072,employment_start_date,2022-02-12,1,0.98
APP-000072-DOC-06-EX-03,APP-000072-DOC-06,APP-000072,employment_status,Current,1,0.98
APP-000072-DOC-06-EX-04,APP-000072-DOC-06,APP-000072,position,Quality Engineer,1,0.98
APP-000072-DOC-07-EX-01,APP-000072-DOC-07,APP-000072,institution,Sablefield Trust,1,0.98
APP-000072-DOC-07-EX-02,APP-000072-DOC-07,APP-000072,account_masked,******0281,1,0.98
APP-000072-DOC-07-EX-03,APP-000072-DOC-07,APP-000072,closing_balance,33541.18,1,0.98
APP-000072-DOC-07-EX-04,APP-000072-DOC-07,APP-000072,statement_period_end,2026-08-03,1,0.98
APP-000072-DOC-08-EX-01,APP-000072-DOC-08,APP-000072,institution,Sablefield Trust,1,0.98
APP-000072-DOC-08-EX-02,APP-000072-DOC-08,APP-000072,account_masked,******0282,1,0.98
APP-000072-DOC-08-EX-03,APP-000072-DOC-08,APP-000072,closing_balance,62290.77,1,0.98
APP-000072-DOC-08-EX-04,APP-000072-DOC-08,APP-000072,statement_period_end,2026-08-03,1,0.98
APP-000072-DOC-09-EX-01,APP-000072-DOC-09,APP-000072,verified_balance,3763.75,1,0.98
APP-000072-DOC-09-EX-02,APP-000072-DOC-09,APP-000072,asset_type,brokerage,1,0.98
APP-000072-DOC-10-EX-01,APP-000072-DOC-10,APP-000072,verified_balance,4014.67,1,0.98
APP-000072-DOC-10-EX-02,APP-000072-DOC-10,APP-000072,asset_type,retirement,1,0.98
APP-000072-DOC-11-EX-01,APP-000072-DOC-11,APP-000072,purchase_price,420000.00,1,0.98
APP-000072-DOC-11-EX-02,APP-000072-DOC-11,APP-000072,contract_date,2026-07-17,1,0.98
APP-000072-DOC-11-EX-03,APP-000072-DOC-11,APP-000072,earnest_money,4200.00,1,0.98
APP-000072-DOC-11-EX-04,APP-000072-DOC-11,APP-000072,seller_credits,0,1,0.98
APP-000072-DOC-12-EX-01,APP-000072-DOC-12,APP-000072,appraised_value,428400.00,1,0.98
APP-000072-DOC-12-EX-02,APP-000072-DOC-12,APP-000072,effective_date,2026-07-19,1,0.98
APP-000072-DOC-12-EX-03,APP-000072-DOC-12,APP-000072,condition_rating,C3,1,0.98
APP-000072-DOC-13-EX-01,APP-000072-DOC-13,APP-000072,lien_position,1,1,0.98
APP-000072-DOC-13-EX-02,APP-000072-DOC-13,APP-000072,exception_count,1,1,0.98
APP-000072-DOC-14-EX-01,APP-000072-DOC-14,APP-000072,coverage_amount,336000.00,1,0.98
APP-000072-DOC-14-EX-02,APP-000072-DOC-14,APP-000072,annual_premium,1470.00,1,0.98
APP-000072-DOC-14-EX-03,APP-000072-DOC-14,APP-000072,effective_date,2026-09-02,1,0.98
APP-000073-DOC-01-EX-01,APP-000073-DOC-01,APP-000073,application_id,APP-000073,1,0.98
APP-000073-DOC-01-EX-02,APP-000073-DOC-01,APP-000073,loan_purpose,purchase,1,0.98
APP-000073-DOC-01-EX-03,APP-000073-DOC-01,APP-000073,requested_loan_amount,374000.00,1,0.98
APP-000073-DOC-01-EX-04,APP-000073-DOC-01,APP-000073,occupancy_type,primary_residence,1,0.98
APP-000073-DOC-01-EX-05,APP-000073-DOC-01,APP-000073,declared_monthly_income,10850.00,1,0.98
APP-000073-DOC-02-EX-01,APP-000073-DOC-02,APP-000073,identity_verification_status,VERIFIED,1,0.98
APP-000073-DOC-02-EX-02,APP-000073-DOC-02,APP-000073,verified_name,Andre Okafor,1,0.98
APP-000073-DOC-02-EX-03,APP-000073-DOC-02,APP-000073,verified_date_of_birth,1993-03-22,1,0.98
APP-000073-DOC-03-EX-01,APP-000073-DOC-03,APP-000073,score_1,724,1,0.98
APP-000073-DOC-03-EX-02,APP-000073-DOC-03,APP-000073,score_2,728,1,0.98
APP-000073-DOC-03-EX-03,APP-000073-DOC-03,APP-000073,score_3,735,1,0.98
APP-000073-DOC-03-EX-04,APP-000073-DOC-03,APP-000073,report_date,2026-07-22,1,0.98
APP-000073-DOC-03-EX-05,APP-000073-DOC-03,APP-000073,recent_inquiries_90d,1,1,0.98
APP-000073-DOC-04-EX-01,APP-000073-DOC-04,APP-000073,employer_name,Sable Ridge Software,1,0.98
APP-000073-DOC-04-EX-02,APP-000073-DOC-04,APP-000073,pay_period_end,2026-08-01,1,0.98
APP-000073-DOC-04-EX-03,APP-000073-DOC-04,APP-000073,gross_per_period,2461.41,1,0.98
APP-000073-DOC-04-EX-04,APP-000073-DOC-04,APP-000073,ytd_gross,36921.15,1,0.98
APP-000073-DOC-04-EX-05,APP-000073-DOC-04,APP-000073,pay_frequency,bi_weekly,1,0.98
APP-000073-DOC-05-EX-01,APP-000073-DOC-05,APP-000073,tax_year,2025,1,0.98
APP-000073-DOC-05-EX-02,APP-000073-DOC-05,APP-000073,employer_name,Sable Ridge Software,1,0.98
APP-000073-DOC-05-EX-03,APP-000073-DOC-05,APP-000073,annual_wages,61756.72,1,0.98
APP-000073-DOC-06-EX-01,APP-000073-DOC-06,APP-000073,employer_name,Sable Ridge Software,1,0.98
APP-000073-DOC-06-EX-02,APP-000073-DOC-06,APP-000073,employment_start_date,2022-02-12,1,0.98
APP-000073-DOC-06-EX-03,APP-000073-DOC-06,APP-000073,employment_status,Current,1,0.98
APP-000073-DOC-06-EX-04,APP-000073-DOC-06,APP-000073,position,Software Engineer,1,0.98
APP-000073-DOC-07-EX-01,APP-000073-DOC-07,APP-000073,employer_name,Cartwright & Vale Advisory,1,0.98
APP-000073-DOC-07-EX-02,APP-000073-DOC-07,APP-000073,pay_period_end,2026-08-01,1,0.98
APP-000073-DOC-07-EX-03,APP-000073-DOC-07,APP-000073,gross_per_period,1782.40,1,0.98
APP-000073-DOC-07-EX-04,APP-000073-DOC-07,APP-000073,ytd_gross,26736.00,1,0.98
APP-000073-DOC-07-EX-05,APP-000073-DOC-07,APP-000073,pay_frequency,bi_weekly,1,0.98
APP-000073-DOC-08-EX-01,APP-000073-DOC-08,APP-000073,tax_year,2025,1,0.98
APP-000073-DOC-08-EX-02,APP-000073-DOC-08,APP-000073,employer_name,Cartwright & Vale Advisory,1,0.98
APP-000073-DOC-08-EX-03,APP-000073-DOC-08,APP-000073,annual_wages,44720.45,1,0.98
APP-000073-DOC-09-EX-01,APP-000073-DOC-09,APP-000073,employer_name,Cartwright & Vale Advisory,1,0.98
APP-000073-DOC-09-EX-02,APP-000073-DOC-09,APP-000073,employment_start_date,2022-09-12,1,0.98
APP-000073-DOC-09-EX-03,APP-000073-DOC-09,APP-000073,employment_status,Current,1,0.98
APP-000073-DOC-09-EX-04,APP-000073-DOC-09,APP-000073,position,Analyst,1,0.98
APP-000073-DOC-10-EX-01,APP-000073-DOC-10,APP-000073,institution,Cascade Mutual Credit Union,1,0.98
APP-000073-DOC-10-EX-02,APP-000073-DOC-10,APP-000073,account_masked,******0285,1,0.98
APP-000073-DOC-10-EX-03,APP-000073-DOC-10,APP-000073,closing_balance,28467.81,1,0.98
APP-000073-DOC-10-EX-04,APP-000073-DOC-10,APP-000073,statement_period_end,2026-08-03,1,0.98
APP-000073-DOC-11-EX-01,APP-000073-DOC-11,APP-000073,institution,Cascade Mutual Credit Union,1,0.98
APP-000073-DOC-11-EX-02,APP-000073-DOC-11,APP-000073,account_masked,******0286,1,0.98
APP-000073-DOC-11-EX-03,APP-000073-DOC-11,APP-000073,closing_balance,52868.78,1,0.98
APP-000073-DOC-11-EX-04,APP-000073-DOC-11,APP-000073,statement_period_end,2026-08-03,1,0.98
APP-000073-DOC-12-EX-01,APP-000073-DOC-12,APP-000073,verified_balance,5898.78,1,0.98
APP-000073-DOC-12-EX-02,APP-000073-DOC-12,APP-000073,asset_type,brokerage,1,0.98
APP-000073-DOC-13-EX-01,APP-000073-DOC-13,APP-000073,verified_balance,6292.02,1,0.98
APP-000073-DOC-13-EX-02,APP-000073-DOC-13,APP-000073,asset_type,retirement,1,0.98
APP-000073-DOC-14-EX-01,APP-000073-DOC-14,APP-000073,purchase_price,440000.00,1,0.98
APP-000073-DOC-14-EX-02,APP-000073-DOC-14,APP-000073,contract_date,2026-07-17,1,0.98
APP-000073-DOC-14-EX-03,APP-000073-DOC-14,APP-000073,earnest_money,4400.00,1,0.98
APP-000073-DOC-14-EX-04,APP-000073-DOC-14,APP-000073,seller_credits,0,1,0.98
APP-000073-DOC-15-EX-01,APP-000073-DOC-15,APP-000073,appraised_value,448800.00,1,0.98
APP-000073-DOC-15-EX-02,APP-000073-DOC-15,APP-000073,effective_date,2026-07-19,1,0.98
APP-000073-DOC-15-EX-03,APP-000073-DOC-15,APP-000073,condition_rating,C3,1,0.98
APP-000073-DOC-16-EX-01,APP-000073-DOC-16,APP-000073,lien_position,1,1,0.98
APP-000073-DOC-16-EX-02,APP-000073-DOC-16,APP-000073,exception_count,1,1,0.98
APP-000073-DOC-17-EX-01,APP-000073-DOC-17,APP-000073,coverage_amount,374000.00,1,0.98
APP-000073-DOC-17-EX-02,APP-000073-DOC-17,APP-000073,annual_premium,1539.96,1,0.98
APP-000073-DOC-17-EX-03,APP-000073-DOC-17,APP-000073,effective_date,2026-09-02,1,0.98
APP-000073-DOC-18-EX-01,APP-000073-DOC-18,APP-000073,monthly_rent,3475.67,1,0.98
APP-000073-DOC-18-EX-02,APP-000073-DOC-18,APP-000073,lease_term_months,12,1,0.98
APP-000074-DOC-01-EX-01,APP-000074-DOC-01,APP-000074,application_id,APP-000074,1,0.98
APP-000074-DOC-01-EX-02,APP-000074-DOC-01,APP-000074,loan_purpose,purchase,1,0.98
APP-000074-DOC-01-EX-03,APP-000074-DOC-01,APP-000074,requested_loan_amount,396000.00,1,0.98
APP-000074-DOC-01-EX-04,APP-000074-DOC-01,APP-000074,occupancy_type,primary_residence,1,0.98
APP-000074-DOC-01-EX-05,APP-000074-DOC-01,APP-000074,declared_monthly_income,11475.00,1,0.98
APP-000074-DOC-02-EX-01,APP-000074-DOC-02,APP-000074,identity_verification_status,VERIFIED,1,0.98
APP-000074-DOC-02-EX-02,APP-000074-DOC-02,APP-000074,verified_name,Omar Underhill,1,0.98
APP-000074-DOC-02-EX-03,APP-000074-DOC-02,APP-000074,verified_date_of_birth,1961-04-20,1,0.98
APP-000074-DOC-03-EX-01,APP-000074-DOC-03,APP-000074,score_1,724,1,0.98
APP-000074-DOC-03-EX-02,APP-000074-DOC-03,APP-000074,score_2,734,1,0.98
APP-000074-DOC-03-EX-03,APP-000074-DOC-03,APP-000074,score_3,744,1,0.98
APP-000074-DOC-03-EX-04,APP-000074-DOC-03,APP-000074,report_date,2026-07-22,1,0.98
APP-000074-DOC-03-EX-05,APP-000074-DOC-03,APP-000074,recent_inquiries_90d,1,1,0.98
APP-000074-DOC-04-EX-01,APP-000074-DOC-04,APP-000074,employer_name,Northgate Public Schools,1,0.98
APP-000074-DOC-04-EX-02,APP-000074-DOC-04,APP-000074,pay_period_end,2026-08-01,1,0.98
APP-000074-DOC-04-EX-03,APP-000074-DOC-04,APP-000074,gross_per_period,5296.15,1,0.98
APP-000074-DOC-04-EX-04,APP-000074-DOC-04,APP-000074,ytd_gross,79442.25,1,0.98
APP-000074-DOC-04-EX-05,APP-000074-DOC-04,APP-000074,pay_frequency,bi_weekly,1,0.98
APP-000074-DOC-05-EX-01,APP-000074-DOC-05,APP-000074,tax_year,2025,1,0.98
APP-000074-DOC-05-EX-02,APP-000074-DOC-05,APP-000074,employer_name,Northgate Public Schools,1,0.98
APP-000074-DOC-05-EX-03,APP-000074-DOC-05,APP-000074,annual_wages,132880.50,1,0.98
APP-000074-DOC-06-EX-01,APP-000074-DOC-06,APP-000074,employer_name,Northgate Public Schools,1,0.98
APP-000074-DOC-06-EX-02,APP-000074-DOC-06,APP-000074,employment_start_date,2022-02-12,1,0.98
APP-000074-DOC-06-EX-03,APP-000074-DOC-06,APP-000074,employment_status,Current,1,0.98
APP-000074-DOC-06-EX-04,APP-000074-DOC-06,APP-000074,position,School Counsellor,1,0.98
APP-000074-DOC-07-EX-01,APP-000074-DOC-07,APP-000074,institution,Harbor Point Savings,1,0.98
APP-000074-DOC-07-EX-02,APP-000074-DOC-07,APP-000074,account_masked,******0289,1,0.98
APP-000074-DOC-07-EX-03,APP-000074-DOC-07,APP-000074,closing_balance,20124.31,1,0.98
APP-000074-DOC-07-EX-04,APP-000074-DOC-07,APP-000074,statement_period_end,2026-08-03,1,0.98
APP-000074-DOC-08-EX-01,APP-000074-DOC-08,APP-000074,institution,Harbor Point Savings,1,0.98
APP-000074-DOC-08-EX-02,APP-000074-DOC-08,APP-000074,account_masked,******0290,1,0.98
APP-000074-DOC-08-EX-03,APP-000074-DOC-08,APP-000074,closing_balance,37373.72,1,0.98
APP-000074-DOC-08-EX-04,APP-000074-DOC-08,APP-000074,statement_period_end,2026-08-03,1,0.98
APP-000074-DOC-09-EX-01,APP-000074-DOC-09,APP-000074,verified_balance,5201.23,1,0.98
APP-000074-DOC-09-EX-02,APP-000074-DOC-09,APP-000074,asset_type,brokerage,1,0.98
APP-000074-DOC-10-EX-01,APP-000074-DOC-10,APP-000074,verified_balance,5547.97,1,0.98
APP-000074-DOC-10-EX-02,APP-000074-DOC-10,APP-000074,asset_type,retirement,1,0.98
APP-000074-DOC-11-EX-01,APP-000074-DOC-11,APP-000074,purchase_price,440000.00,1,0.98
APP-000074-DOC-11-EX-02,APP-000074-DOC-11,APP-000074,contract_date,2026-07-17,1,0.98
APP-000074-DOC-11-EX-03,APP-000074-DOC-11,APP-000074,earnest_money,4400.00,1,0.98
APP-000074-DOC-11-EX-04,APP-000074-DOC-11,APP-000074,seller_credits,0,1,0.98
APP-000074-DOC-12-EX-01,APP-000074-DOC-12,APP-000074,appraised_value,448800.00,1,0.98
APP-000074-DOC-12-EX-02,APP-000074-DOC-12,APP-000074,effective_date,2026-07-19,1,0.98
APP-000074-DOC-12-EX-03,APP-000074-DOC-12,APP-000074,condition_rating,C3,1,0.98
APP-000074-DOC-13-EX-01,APP-000074-DOC-13,APP-000074,lien_position,1,1,0.98
APP-000074-DOC-13-EX-02,APP-000074-DOC-13,APP-000074,exception_count,1,1,0.98
APP-000074-DOC-14-EX-01,APP-000074-DOC-14,APP-000074,coverage_amount,396000.00,1,0.98
APP-000074-DOC-14-EX-02,APP-000074-DOC-14,APP-000074,annual_premium,1539.96,1,0.98
APP-000074-DOC-14-EX-03,APP-000074-DOC-14,APP-000074,effective_date,2026-09-02,1,0.98
APP-000075-DOC-01-EX-01,APP-000075-DOC-01,APP-000075,application_id,APP-000075,1,0.98
APP-000075-DOC-01-EX-02,APP-000075-DOC-01,APP-000075,loan_purpose,purchase,1,0.98
APP-000075-DOC-01-EX-03,APP-000075-DOC-01,APP-000075,requested_loan_amount,150000.00,1,0.98
APP-000075-DOC-01-EX-04,APP-000075-DOC-01,APP-000075,occupancy_type,primary_residence,1,0.98
APP-000075-DOC-01-EX-05,APP-000075-DOC-01,APP-000075,declared_monthly_income,4875.00,1,0.98
APP-000075-DOC-02-EX-01,APP-000075-DOC-02,APP-000075,identity_verification_status,VERIFIED,1,0.98
APP-000075-DOC-02-EX-02,APP-000075-DOC-02,APP-000075,verified_name,Malik Guerrero,1,0.98
APP-000075-DOC-02-EX-03,APP-000075-DOC-02,APP-000075,verified_date_of_birth,1974-06-05,1,0.98
APP-000075-DOC-03-EX-01,APP-000075-DOC-03,APP-000075,score_1,739,1,0.98
APP-000075-DOC-03-EX-02,APP-000075-DOC-03,APP-000075,score_2,752,1,0.98
APP-000075-DOC-03-EX-03,APP-000075-DOC-03,APP-000075,score_3,757,1,0.98
APP-000075-DOC-03-EX-04,APP-000075-DOC-03,APP-000075,report_date,2026-07-22,1,0.98
APP-000075-DOC-03-EX-05,APP-000075-DOC-03,APP-000075,recent_inquiries_90d,1,1,0.98
APP-000075-DOC-04-EX-01,APP-000075-DOC-04,APP-000075,employer_name,Northgate Public Schools,1,0.98
APP-000075-DOC-04-EX-02,APP-000075-DOC-04,APP-000075,pay_period_end,2026-08-01,1,0.98
APP-000075-DOC-04-EX-03,APP-000075-DOC-04,APP-000075,gross_per_period,1350.00,1,0.98
APP-000075-DOC-04-EX-04,APP-000075-DOC-04,APP-000075,ytd_gross,20250.00,1,0.98
APP-000075-DOC-04-EX-05,APP-000075-DOC-04,APP-000075,pay_frequency,bi_weekly,1,0.98
APP-000075-DOC-05-EX-01,APP-000075-DOC-05,APP-000075,tax_year,2025,1,0.98
APP-000075-DOC-05-EX-02,APP-000075-DOC-05,APP-000075,employer_name,Northgate Public Schools,1,0.98
APP-000075-DOC-05-EX-03,APP-000075-DOC-05,APP-000075,annual_wages,33871.50,1,0.98
APP-000075-DOC-06-EX-01,APP-000075-DOC-06,APP-000075,employer_name,Northgate Public Schools,1,0.98
APP-000075-DOC-06-EX-02,APP-000075-DOC-06,APP-000075,employment_start_date,2026-08-12,1,0.98
APP-000075-DOC-06-EX-03,APP-000075-DOC-06,APP-000075,employment_status,Current,1,0.98
APP-000075-DOC-06-EX-04,APP-000075-DOC-06,APP-000075,position,Curriculum Coordinator,1,0.98
APP-000075-DOC-07-EX-01,APP-000075-DOC-07,APP-000075,institution,Harbor Point Savings,1,0.98
APP-000075-DOC-07-EX-02,APP-000075-DOC-07,APP-000075,account_masked,******0293,1,0.98
APP-000075-DOC-07-EX-03,APP-000075-DOC-07,APP-000075,closing_balance,39165.07,1,0.98
APP-000075-DOC-07-EX-04,APP-000075-DOC-07,APP-000075,statement_period_end,2026-08-03,1,0.98
APP-000075-DOC-08-EX-01,APP-000075-DOC-08,APP-000075,institution,Harbor Point Savings,1,0.98
APP-000075-DOC-08-EX-02,APP-000075-DOC-08,APP-000075,account_masked,******0294,1,0.98
APP-000075-DOC-08-EX-03,APP-000075-DOC-08,APP-000075,closing_balance,72735.14,1,0.98
APP-000075-DOC-08-EX-04,APP-000075-DOC-08,APP-000075,statement_period_end,2026-08-03,1,0.98
APP-000075-DOC-09-EX-01,APP-000075-DOC-09,APP-000075,verified_balance,7947.85,1,0.98
APP-000075-DOC-09-EX-02,APP-000075-DOC-09,APP-000075,asset_type,brokerage,1,0.98
APP-000075-DOC-10-EX-01,APP-000075-DOC-10,APP-000075,verified_balance,8477.70,1,0.98
APP-000075-DOC-10-EX-02,APP-000075-DOC-10,APP-000075,asset_type,retirement,1,0.98
APP-000075-DOC-11-EX-01,APP-000075-DOC-11,APP-000075,purchase_price,250000.00,1,0.98
APP-000075-DOC-11-EX-02,APP-000075-DOC-11,APP-000075,contract_date,2026-07-17,1,0.98
APP-000075-DOC-11-EX-03,APP-000075-DOC-11,APP-000075,earnest_money,2500.00,1,0.98
APP-000075-DOC-11-EX-04,APP-000075-DOC-11,APP-000075,seller_credits,5000.00,1,0.98
APP-000075-DOC-12-EX-01,APP-000075-DOC-12,APP-000075,appraised_value,255000.00,1,0.98
APP-000075-DOC-12-EX-02,APP-000075-DOC-12,APP-000075,effective_date,2026-07-19,1,0.98
APP-000075-DOC-12-EX-03,APP-000075-DOC-12,APP-000075,condition_rating,C3,1,0.98
APP-000075-DOC-13-EX-01,APP-000075-DOC-13,APP-000075,lien_position,1,1,0.98
APP-000075-DOC-13-EX-02,APP-000075-DOC-13,APP-000075,exception_count,1,1,0.98
APP-000075-DOC-14-EX-01,APP-000075-DOC-14,APP-000075,coverage_amount,150000.00,1,0.98
APP-000075-DOC-14-EX-02,APP-000075-DOC-14,APP-000075,annual_premium,875.04,1,0.98
APP-000075-DOC-14-EX-03,APP-000075-DOC-14,APP-000075,effective_date,2026-09-02,1,0.98
