document_id,application_id,borrower_id,document_type,document_date,received_date,issuer_type,source,verification_status,contains_pii,masked,tampering_indicator,trust_class,contains_untrusted_text,is_stale,relative_path,expected_extracted_fields,related_entities
APP-000001-DOC-01,APP-000001,BORR-000001,loan_application_summary,2026-08-12,2026-08-12,applicant,applicant_supplied,RECEIVED,true,true,false,customer_evidence,false,false,synthetic_data/applicant_documents/APP-000001/01_loan_application_summary.txt,application_id|loan_purpose|requested_loan_amount|occupancy_type|declared_monthly_income,applications|loans|properties|income
APP-000001-DOC-02,APP-000001,BORR-000001,identity_verification_summary,2026-08-04,2026-08-04,third_party_provider,verification_service,VERIFIED,true,true,false,authoritative_evidence,false,false,synthetic_data/applicant_documents/APP-000001/02_identity_verification_summary.txt,identity_verification_status|verified_name|verified_date_of_birth,verifications|borrowers
APP-000001-DOC-03,APP-000001,BORR-000001,credit_report_summary,2026-07-22,2026-07-22,credit_bureau,third_party,VERIFIED,true,true,false,authoritative_evidence,false,false,synthetic_data/applicant_documents/APP-000001/03_credit_report_summary.txt,score_1|score_2|score_3|report_date|revolving_balance|revolving_limit|monthly_liability_payments,credit_profiles|credit_accounts|liabilities
APP-000001-DOC-04,APP-000001,BORR-000001,paystub,2026-08-01,2026-08-03,employer,applicant_supplied,RECEIVED,true,true,false,customer_evidence,false,false,synthetic_data/applicant_documents/APP-000001/10_paystub_BORR-000001.txt,employer_name|pay_period_end|gross_per_period|ytd_gross|pay_frequency,employment|income
APP-000001-DOC-05,APP-000001,BORR-000001,w2,2025-12-31,2026-07-30,employer,applicant_supplied,RECEIVED,true,true,false,customer_evidence,false,false,synthetic_data/applicant_documents/APP-000001/11_w2_BORR-000001.txt,tax_year|employer_name|annual_wages,employment|income
APP-000001-DOC-06,APP-000001,BORR-000001,employment_verification,2026-08-04,2026-08-04,employer,third_party,VERIFIED,true,true,false,authoritative_evidence,false,false,synthetic_data/applicant_documents/APP-000001/12_employment_verification_BORR-000001.txt,employer_name|employment_start_date|employment_status|position,employment|verifications
APP-000001-DOC-07,APP-000001,BORR-000001,bank_statement,2026-08-03,2026-08-05,financial_institution,applicant_supplied,RECEIVED,true,true,false,customer_evidence,false,false,synthetic_data/applicant_documents/APP-000001/20_bank_statement_01.txt,institution|account_masked|closing_balance|statement_period_end,assets|asset_transactions
APP-000001-DOC-08,APP-000001,BORR-000001,bank_statement,2026-08-03,2026-08-05,financial_institution,applicant_supplied,RECEIVED,true,true,false,customer_evidence,false,false,synthetic_data/applicant_documents/APP-000001/20_bank_statement_02.txt,institution|account_masked|closing_balance|statement_period_end,assets|asset_transactions
APP-000001-DOC-09,APP-000001,BORR-000001,asset_verification,2026-08-05,2026-08-06,financial_institution,third_party,VERIFIED,true,true,false,authoritative_evidence,false,false,synthetic_data/applicant_documents/APP-000001/21_asset_verification_03.txt,verified_balance|asset_type|institution,assets
APP-000001-DOC-10,APP-000001,BORR-000001,asset_verification,2026-08-05,2026-08-06,financial_institution,third_party,VERIFIED,true,true,false,authoritative_evidence,false,false,synthetic_data/applicant_documents/APP-000001/21_asset_verification_04.txt,verified_balance|asset_type|institution,assets
APP-000001-DOC-11,APP-000001,BORR-000001,purchase_agreement,2026-07-17,2026-07-19,settlement_parties,applicant_supplied,RECEIVED,true,true,false,customer_evidence,false,false,synthetic_data/applicant_documents/APP-000001/30_purchase_agreement.txt,purchase_price|contract_date|earnest_money|seller_credits,properties|loans
APP-000001-DOC-12,APP-000001,,appraisal_report,2026-07-19,2026-07-22,appraiser,third_party,VERIFIED,true,true,false,authoritative_evidence,false,false,synthetic_data/applicant_documents/APP-000001/40_appraisal_report.txt,appraised_value|effective_date|condition_rating|property_type,appraisals|properties
APP-000001-DOC-13,APP-000001,,title_report,2026-08-06,2026-08-06,title_provider,third_party,VERIFIED,true,true,false,authoritative_evidence,false,false,synthetic_data/applicant_documents/APP-000001/41_title_report.txt,lien_position|exception_count|vesting,title_records|properties
APP-000001-DOC-14,APP-000001,BORR-000001,homeowner_insurance_evidence,2026-08-09,2026-08-10,insurer,third_party,VERIFIED,true,true,false,authoritative_evidence,false,false,synthetic_data/applicant_documents/APP-000001/42_homeowner_insurance_evidence.txt,coverage_amount|annual_premium|effective_date,insurance_records|properties
APP-000002-DOC-01,APP-000002,BORR-000002,loan_application_summary,2026-08-12,2026-08-12,applicant,applicant_supplied,RECEIVED,true,true,false,customer_evidence,false,false,synthetic_data/applicant_documents/APP-000002/01_loan_application_summary.txt,application_id|loan_purpose|requested_loan_amount|occupancy_type|declared_monthly_income,applications|loans|properties|income
APP-000002-DOC-02,APP-000002,BORR-000002,identity_verification_summary,2026-08-04,2026-08-04,third_party_provider,verification_service,VERIFIED,true,true,false,authoritative_evidence,false,false,synthetic_data/applicant_documents/APP-000002/02_identity_verification_summary.txt,identity_verification_status|verified_name|verified_date_of_birth,verifications|borrowers
APP-000002-DOC-03,APP-000002,BORR-000002,credit_report_summary,2026-07-22,2026-07-22,credit_bureau,third_party,VERIFIED,true,true,false,authoritative_evidence,false,false,synthetic_data/applicant_documents/APP-000002/03_credit_report_summary.txt,score_1|score_2|score_3|report_date|revolving_balance|revolving_limit|monthly_liability_payments,credit_profiles|credit_accounts|liabilities
APP-000002-DOC-04,APP-000002,BORR-000002,paystub,2026-08-01,2026-08-03,employer,applicant_supplied,RECEIVED,true,true,false,customer_evidence,false,false,synthetic_data/applicant_documents/APP-000002/10_paystub_BORR-000002.txt,employer_name|pay_period_end|gross_per_period|ytd_gross|pay_frequency,employment|income
APP-000002-DOC-05,APP-000002,BORR-000002,w2,2025-12-31,2026-07-30,employer,applicant_supplied,RECEIVED,true,true,false,customer_evidence,false,false,synthetic_data/applicant_documents/APP-000002/11_w2_BORR-000002.txt,tax_year|employer_name|annual_wages,employment|income
APP-000002-DOC-06,APP-000002,BORR-000002,employment_verification,2026-08-04,2026-08-04,employer,third_party,VERIFIED,true,true,false,authoritative_evidence,false,false,synthetic_data/applicant_documents/APP-000002/12_employment_verification_BORR-000002.txt,employer_name|employment_start_date|employment_status|position,employment|verifications
APP-000002-DOC-07,APP-000002,BORR-000002,bank_statement,2026-08-03,2026-08-05,financial_institution,applicant_supplied,RECEIVED,true,true,false,customer_evidence,false,false,synthetic_data/applicant_documents/APP-000002/20_bank_statement_01.txt,institution|account_masked|closing_balance|statement_period_end,assets|asset_transactions
APP-000002-DOC-08,APP-000002,BORR-000002,bank_statement,2026-08-03,2026-08-05,financial_institution,applicant_supplied,RECEIVED,true,true,false,customer_evidence,false,false,synthetic_data/applicant_documents/APP-000002/20_bank_statement_02.txt,institution|account_masked|closing_balance|statement_period_end,assets|asset_transactions
APP-000002-DOC-09,APP-000002,BORR-000002,asset_verification,2026-08-05,2026-08-06,financial_institution,third_party,VERIFIED,true,true,false,authoritative_evidence,false,false,synthetic_data/applicant_documents/APP-000002/21_asset_verification_03.txt,verified_balance|asset_type|institution,assets
APP-000002-DOC-10,APP-000002,BORR-000002,asset_verification,2026-08-05,2026-08-06,financial_institution,third_party,VERIFIED,true,true,false,authoritative_evidence,false,false,synthetic_data/applicant_documents/APP-000002/21_asset_verification_04.txt,verified_balance|asset_type|institution,assets
APP-000002-DOC-11,APP-000002,BORR-000002,purchase_agreement,2026-07-17,2026-07-19,settlement_parties,applicant_supplied,RECEIVED,true,true,false,customer_evidence,false,false,synthetic_data/applicant_documents/APP-000002/30_purchase_agreement.txt,purchase_price|contract_date|earnest_money|seller_credits,properties|loans
APP-000002-DOC-12,APP-000002,,appraisal_report,2026-07-19,2026-07-22,appraiser,third_party,VERIFIED,true,true,false,authoritative_evidence,false,false,synthetic_data/applicant_documents/APP-000002/40_appraisal_report.txt,appraised_value|effective_date|condition_rating|property_type,appraisals|properties
APP-000002-DOC-13,APP-000002,,title_report,2026-08-06,2026-08-06,title_provider,third_party,VERIFIED,true,true,false,authoritative_evidence,false,false,synthetic_data/applicant_documents/APP-000002/41_title_report.txt,lien_position|exception_count|vesting,title_records|properties
APP-000002-DOC-14,APP-000002,BORR-000002,homeowner_insurance_evidence,2026-08-09,2026-08-10,insurer,third_party,VERIFIED,true,true,false,authoritative_evidence,false,false,synthetic_data/applicant_documents/APP-000002/42_homeowner_insurance_evidence.txt,coverage_amount|annual_premium|effective_date,insurance_records|properties
APP-000003-DOC-01,APP-000003,BORR-000003,loan_application_summary,2026-08-12,2026-08-12,applicant,applicant_supplied,RECEIVED,true,true,false,customer_evidence,false,false,synthetic_data/applicant_documents/APP-000003/01_loan_application_summary.txt,application_id|loan_purpose|requested_loan_amount|occupancy_type|declared_monthly_income,applications|loans|properties|income
APP-000003-DOC-02,APP-000003,BORR-000003,identity_verification_summary,2026-08-04,2026-08-04,third_party_provider,verification_service,VERIFIED,true,true,false,authoritative_evidence,false,false,synthetic_data/applicant_documents/APP-000003/02_identity_verification_summary.txt,identity_verification_status|verified_name|verified_date_of_birth,verifications|borrowers
APP-000003-DOC-03,APP-000003,BORR-000003,credit_report_summary,2026-07-22,2026-07-22,credit_bureau,third_party,VERIFIED,true,true,false,authoritative_evidence,false,false,synthetic_data/applicant_documents/APP-000003/03_credit_report_summary.txt,score_1|score_2|score_3|report_date|revolving_balance|revolving_limit|monthly_liability_payments,credit_profiles|credit_accounts|liabilities
APP-000003-DOC-04,APP-000003,BORR-000003,paystub,2026-08-01,2026-08-03,employer,applicant_supplied,RECEIVED,true,true,false,customer_evidence,false,false,synthetic_data/applicant_documents/APP-000003/10_paystub_BORR-000003.txt,employer_name|pay_period_end|gross_per_period|ytd_gross|pay_frequency,employment|income
APP-000003-DOC-05,APP-000003,BORR-000003,w2,2025-12-31,2026-07-30,employer,applicant_supplied,RECEIVED,true,true,false,customer_evidence,false,false,synthetic_data/applicant_documents/APP-000003/11_w2_BORR-000003.txt,tax_year|employer_name|annual_wages,employment|income
APP-000003-DOC-06,APP-000003,BORR-000003,employment_verification,2026-08-04,2026-08-04,employer,third_party,VERIFIED,true,true,false,authoritative_evidence,false,false,synthetic_data/applicant_documents/APP-000003/12_employment_verification_BORR-000003.txt,employer_name|employment_start_date|employment_status|position,employment|verifications
APP-000003-DOC-07,APP-000003,BORR-000003,bank_statement,2026-08-03,2026-08-05,financial_institution,applicant_supplied,RECEIVED,true,true,false,customer_evidence,false,false,synthetic_data/applicant_documents/APP-000003/20_bank_statement_01.txt,institution|account_masked|closing_balance|statement_period_end,assets|asset_transactions
APP-000003-DOC-08,APP-000003,BORR-000003,bank_statement,2026-08-03,2026-08-05,financial_institution,applicant_supplied,RECEIVED,true,true,false,customer_evidence,false,false,synthetic_data/applicant_documents/APP-000003/20_bank_statement_02.txt,institution|account_masked|closing_balance|statement_period_end,assets|asset_transactions
APP-000003-DOC-09,APP-000003,BORR-000003,asset_verification,2026-08-05,2026-08-06,financial_institution,third_party,VERIFIED,true,true,false,authoritative_evidence,false,false,synthetic_data/applicant_documents/APP-000003/21_asset_verification_03.txt,verified_balance|asset_type|institution,assets
APP-000003-DOC-10,APP-000003,BORR-000003,asset_verification,2026-08-05,2026-08-06,financial_institution,third_party,VERIFIED,true,true,false,authoritative_evidence,false,false,synthetic_data/applicant_documents/APP-000003/21_asset_verification_04.txt,verified_balance|asset_type|institution,assets
APP-000003-DOC-11,APP-000003,BORR-000003,purchase_agreement,2026-07-17,2026-07-19,settlement_parties,applicant_supplied,RECEIVED,true,true,false,customer_evidence,false,false,synthetic_data/applicant_documents/APP-000003/30_purchase_agreement.txt,purchase_price|contract_date|earnest_money|seller_credits,properties|loans
APP-000003-DOC-12,APP-000003,,appraisal_report,2026-07-19,2026-07-22,appraiser,third_party,VERIFIED,true,true,false,authoritative_evidence,false,false,synthetic_data/applicant_documents/APP-000003/40_appraisal_report.txt,appraised_value|effective_date|condition_rating|property_type,appraisals|properties
APP-000003-DOC-13,APP-000003,,title_report,2026-08-06,2026-08-06,title_provider,third_party,VERIFIED,true,true,false,authoritative_evidence,false,false,synthetic_data/applicant_documents/APP-000003/41_title_report.txt,lien_position|exception_count|vesting,title_records|properties
APP-000003-DOC-14,APP-000003,BORR-000003,homeowner_insurance_evidence,2026-08-09,2026-08-10,insurer,third_party,VERIFIED,true,true,false,authoritative_evidence,false,false,synthetic_data/applicant_documents/APP-000003/42_homeowner_insurance_evidence.txt,coverage_amount|annual_premium|effective_date,insurance_records|properties
APP-000004-DOC-01,APP-000004,BORR-000004,loan_application_summary,2026-08-12,2026-08-12,applicant,applicant_supplied,RECEIVED,true,true,false,customer_evidence,false,false,synthetic_data/applicant_documents/APP-000004/01_loan_application_summary.txt,application_id|loan_purpose|requested_loan_amount|occupancy_type|declared_monthly_income,applications|loans|properties|income
APP-000004-DOC-02,APP-000004,BORR-000004,identity_verification_summary,2026-08-04,2026-08-04,third_party_provider,verification_service,VERIFIED,true,true,false,authoritative_evidence,false,false,synthetic_data/applicant_documents/APP-000004/02_identity_verification_summary.txt,identity_verification_status|verified_name|verified_date_of_birth,verifications|borrowers
APP-000004-DOC-03,APP-000004,BORR-000004,credit_report_summary,2026-07-22,2026-07-22,credit_bureau,third_party,VERIFIED,true,true,false,authoritative_evidence,false,false,synthetic_data/applicant_documents/APP-000004/03_credit_report_summary.txt,score_1|score_2|score_3|report_date|revolving_balance|revolving_limit|monthly_liability_payments,credit_profiles|credit_accounts|liabilities
APP-000004-DOC-04,APP-000004,BORR-000004,paystub,2026-08-01,2026-08-03,employer,applicant_supplied,RECEIVED,true,true,false,customer_evidence,false,false,synthetic_data/applicant_documents/APP-000004/10_paystub_BORR-000004.txt,employer_name|pay_period_end|gross_per_period|ytd_gross|pay_frequency,employment|income
APP-000004-DOC-05,APP-000004,BORR-000004,w2,2025-12-31,2026-07-30,employer,applicant_supplied,RECEIVED,true,true,false,customer_evidence,false,false,synthetic_data/applicant_documents/APP-000004/11_w2_BORR-000004.txt,tax_year|employer_name|annual_wages,employment|income
APP-000004-DOC-06,APP-000004,BORR-000004,employment_verification,2026-08-04,2026-08-04,employer,third_party,VERIFIED,true,true,false,authoritative_evidence,false,false,synthetic_data/applicant_documents/APP-000004/12_employment_verification_BORR-000004.txt,employer_name|employment_start_date|employment_status|position,employment|verifications
APP-000004-DOC-07,APP-000004,BORR-000004,bank_statement,2026-08-03,2026-08-05,financial_institution,applicant_supplied,RECEIVED,true,true,false,customer_evidence,false,false,synthetic_data/applicant_documents/APP-000004/20_bank_statement_01.txt,institution|account_masked|closing_balance|statement_period_end,assets|asset_transactions
APP-000004-DOC-08,APP-000004,BORR-000004,bank_statement,2026-08-03,2026-08-05,financial_institution,applicant_supplied,RECEIVED,true,true,false,customer_evidence,false,false,synthetic_data/applicant_documents/APP-000004/20_bank_statement_02.txt,institution|account_masked|closing_balance|statement_period_end,assets|asset_transactions
APP-000004-DOC-09,APP-000004,BORR-000004,asset_verification,2026-08-05,2026-08-06,financial_institution,third_party,VERIFIED,true,true,false,authoritative_evidence,false,false,synthetic_data/applicant_documents/APP-000004/21_asset_verification_03.txt,verified_balance|asset_type|institution,assets
APP-000004-DOC-10,APP-000004,BORR-000004,asset_verification,2026-08-05,2026-08-06,financial_institution,third_party,VERIFIED,true,true,false,authoritative_evidence,false,false,synthetic_data/applicant_documents/APP-000004/21_asset_verification_04.txt,verified_balance|asset_type|institution,assets
APP-000004-DOC-11,APP-000004,BORR-000004,purchase_agreement,2026-07-17,2026-07-19,settlement_parties,applicant_supplied,RECEIVED,true,true,false,customer_evidence,false,false,synthetic_data/applicant_documents/APP-000004/30_purchase_agreement.txt,purchase_price|contract_date|earnest_money|seller_credits,properties|loans
APP-000004-DOC-12,APP-000004,,appraisal_report,2026-07-19,2026-07-22,appraiser,third_party,VERIFIED,true,true,false,authoritative_evidence,false,false,synthetic_data/applicant_documents/APP-000004/40_appraisal_report.txt,appraised_value|effective_date|condition_rating|property_type,appraisals|properties
APP-000004-DOC-13,APP-000004,,title_report,2026-08-06,2026-08-06,title_provider,third_party,VERIFIED,true,true,false,authoritative_evidence,false,false,synthetic_data/applicant_documents/APP-000004/41_title_report.txt,lien_position|exception_count|vesting,title_records|properties
APP-000004-DOC-14,APP-000004,BORR-000004,homeowner_insurance_evidence,2026-08-09,2026-08-10,insurer,third_party,VERIFIED,true,true,false,authoritative_evidence,false,false,synthetic_data/applicant_documents/APP-000004/42_homeowner_insurance_evidence.txt,coverage_amount|annual_premium|effective_date,insurance_records|properties
APP-000005-DOC-01,APP-000005,BORR-000005,loan_application_summary,2026-08-12,2026-08-12,applicant,applicant_supplied,RECEIVED,true,true,false,customer_evidence,false,false,synthetic_data/applicant_documents/APP-000005/01_loan_application_summary.txt,application_id|loan_purpose|requested_loan_amount|occupancy_type|declared_monthly_income,applications|loans|properties|income
APP-000005-DOC-02,APP-000005,BORR-000005,identity_verification_summary,2026-08-04,2026-08-04,third_party_provider,verification_service,VERIFIED,true,true,false,authoritative_evidence,false,false,synthetic_data/applicant_documents/APP-000005/02_identity_verification_summary.txt,identity_verification_status|verified_name|verified_date_of_birth,verifications|borrowers
APP-000005-DOC-03,APP-000005,BORR-000005,credit_report_summary,2026-07-22,2026-07-22,credit_bureau,third_party,VERIFIED,true,true,false,authoritative_evidence,false,false,synthetic_data/applicant_documents/APP-000005/03_credit_report_summary.txt,score_1|score_2|score_3|report_date|revolving_balance|revolving_limit|monthly_liability_payments,credit_profiles|credit_accounts|liabilities
APP-000005-DOC-04,APP-000005,BORR-000005,paystub,2026-08-01,2026-08-03,employer,applicant_supplied,RECEIVED,true,true,false,customer_evidence,false,false,synthetic_data/applicant_documents/APP-000005/10_paystub_BORR-000005.txt,employer_name|pay_period_end|gross_per_period|ytd_gross|pay_frequency,employment|income
APP-000005-DOC-05,APP-000005,BORR-000005,w2,2025-12-31,2026-07-30,employer,applicant_supplied,RECEIVED,true,true,false,customer_evidence,false,false,synthetic_data/applicant_documents/APP-000005/11_w2_BORR-000005.txt,tax_year|employer_name|annual_wages,employment|income
APP-000005-DOC-06,APP-000005,BORR-000005,employment_verification,2026-08-04,2026-08-04,employer,third_party,VERIFIED,true,true,false,authoritative_evidence,false,false,synthetic_data/applicant_documents/APP-000005/12_employment_verification_BORR-000005.txt,employer_name|employment_start_date|employment_status|position,employment|verifications
APP-000005-DOC-07,APP-000005,BORR-000006,paystub,2026-08-01,2026-08-03,employer,applicant_supplied,RECEIVED,true,true,false,customer_evidence,false,false,synthetic_data/applicant_documents/APP-000005/10_paystub_BORR-000006.txt,employer_name|pay_period_end|gross_per_period|ytd_gross|pay_frequency,employment|income
APP-000005-DOC-08,APP-000005,BORR-000006,w2,2025-12-31,2026-07-30,employer,applicant_supplied,RECEIVED,true,true,false,customer_evidence,false,false,synthetic_data/applicant_documents/APP-000005/11_w2_BORR-000006.txt,tax_year|employer_name|annual_wages,employment|income
APP-000005-DOC-09,APP-000005,BORR-000006,employment_verification,2026-08-04,2026-08-04,employer,third_party,VERIFIED,true,true,false,authoritative_evidence,false,false,synthetic_data/applicant_documents/APP-000005/12_employment_verification_BORR-000006.txt,employer_name|employment_start_date|employment_status|position,employment|verifications
APP-000005-DOC-10,APP-000005,BORR-000005,bank_statement,2026-08-03,2026-08-05,financial_institution,applicant_supplied,RECEIVED,true,true,false,customer_evidence,false,false,synthetic_data/applicant_documents/APP-000005/20_bank_statement_01.txt,institution|account_masked|closing_balance|statement_period_end,assets|asset_transactions
APP-000005-DOC-11,APP-000005,BORR-000005,bank_statement,2026-08-03,2026-08-05,financial_institution,applicant_supplied,RECEIVED,true,true,false,customer_evidence,false,false,synthetic_data/applicant_documents/APP-000005/20_bank_statement_02.txt,institution|account_masked|closing_balance|statement_period_end,assets|asset_transactions
APP-000005-DOC-12,APP-000005,BORR-000005,asset_verification,2026-08-05,2026-08-06,financial_institution,third_party,VERIFIED,true,true,false,authoritative_evidence,false,false,synthetic_data/applicant_documents/APP-000005/21_asset_verification_03.txt,verified_balance|asset_type|institution,assets
APP-000005-DOC-13,APP-000005,BORR-000005,asset_verification,2026-08-05,2026-08-06,financial_institution,third_party,VERIFIED,true,true,false,authoritative_evidence,false,false,synthetic_data/applicant_documents/APP-000005/21_asset_verification_04.txt,verified_balance|asset_type|institution,assets
APP-000005-DOC-14,APP-000005,BORR-000005,purchase_agreement,2026-07-17,2026-07-19,settlement_parties,applicant_supplied,RECEIVED,true,true,false,customer_evidence,false,false,synthetic_data/applicant_documents/APP-000005/30_purchase_agreement.txt,purchase_price|contract_date|earnest_money|seller_credits,properties|loans
APP-000005-DOC-15,APP-000005,,appraisal_report,2026-07-19,2026-07-22,appraiser,third_party,VERIFIED,true,true,false,authoritative_evidence,false,false,synthetic_data/applicant_documents/APP-000005/40_appraisal_report.txt,appraised_value|effective_date|condition_rating|property_type,appraisals|properties
APP-000005-DOC-16,APP-000005,,title_report,2026-08-06,2026-08-06,title_provider,third_party,VERIFIED,true,true,false,authoritative_evidence,false,false,synthetic_data/applicant_documents/APP-000005/41_title_report.txt,lien_position|exception_count|vesting,title_records|properties
APP-000005-DOC-17,APP-000005,BORR-000005,homeowner_insurance_evidence,2026-08-09,2026-08-10,insurer,third_party,VERIFIED,true,true,false,authoritative_evidence,false,false,synthetic_data/applicant_documents/APP-000005/42_homeowner_insurance_evidence.txt,coverage_amount|annual_premium|effective_date,insurance_records|properties
APP-000006-DOC-01,APP-000006,BORR-000007,loan_application_summary,2026-08-12,2026-08-12,applicant,applicant_supplied,RECEIVED,true,true,false,customer_evidence,false,false,synthetic_data/applicant_documents/APP-000006/01_loan_application_summary.txt,application_id|loan_purpose|requested_loan_amount|occupancy_type|declared_monthly_income,applications|loans|properties|income
APP-000006-DOC-02,APP-000006,BORR-000007,identity_verification_summary,2026-08-04,2026-08-04,third_party_provider,verification_service,VERIFIED,true,true,false,authoritative_evidence,false,false,synthetic_data/applicant_documents/APP-000006/02_identity_verification_summary.txt,identity_verification_status|verified_name|verified_date_of_birth,verifications|borrowers
APP-000006-DOC-03,APP-000006,BORR-000007,credit_report_summary,2026-07-22,2026-07-22,credit_bureau,third_party,VERIFIED,true,true,false,authoritative_evidence,false,false,synthetic_data/applicant_documents/APP-000006/03_credit_report_summary.txt,score_1|score_2|score_3|report_date|revolving_balance|revolving_limit|monthly_liability_payments,credit_profiles|credit_accounts|liabilities
APP-000006-DOC-04,APP-000006,BORR-000007,paystub,2026-08-01,2026-08-03,employer,applicant_supplied,RECEIVED,true,true,false,customer_evidence,false,false,synthetic_data/applicant_documents/APP-000006/10_paystub_BORR-000007.txt,employer_name|pay_period_end|gross_per_period|ytd_gross|pay_frequency,employment|income
APP-000006-DOC-05,APP-000006,BORR-000007,w2,2025-12-31,2026-07-30,employer,applicant_supplied,RECEIVED,true,true,false,customer_evidence,false,false,synthetic_data/applicant_documents/APP-000006/11_w2_BORR-000007.txt,tax_year|employer_name|annual_wages,employment|income
APP-000006-DOC-06,APP-000006,BORR-000007,employment_verification,2026-08-04,2026-08-04,employer,third_party,VERIFIED,true,true,false,authoritative_evidence,false,false,synthetic_data/applicant_documents/APP-000006/12_employment_verification_BORR-000007.txt,employer_name|employment_start_date|employment_status|position,employment|verifications
APP-000006-DOC-07,APP-000006,BORR-000007,bank_statement,2026-08-03,2026-08-05,financial_institution,applicant_supplied,RECEIVED,true,true,false,customer_evidence,false,false,synthetic_data/applicant_documents/APP-000006/20_bank_statement_01.txt,institution|account_masked|closing_balance|statement_period_end,assets|asset_transactions
APP-000006-DOC-08,APP-000006,BORR-000007,bank_statement,2026-08-03,2026-08-05,financial_institution,applicant_supplied,RECEIVED,true,true,false,customer_evidence,false,false,synthetic_data/applicant_documents/APP-000006/20_bank_statement_02.txt,institution|account_masked|closing_balance|statement_period_end,assets|asset_transactions
APP-000006-DOC-09,APP-000006,BORR-000007,purchase_agreement,2026-07-17,2026-07-19,settlement_parties,applicant_supplied,RECEIVED,true,true,false,customer_evidence,false,false,synthetic_data/applicant_documents/APP-000006/30_purchase_agreement.txt,purchase_price|contract_date|earnest_money|seller_credits,properties|loans
APP-000006-DOC-10,APP-000006,,appraisal_report,2026-07-19,2026-07-22,appraiser,third_party,VERIFIED,true,true,false,authoritative_evidence,false,false,synthetic_data/applicant_documents/APP-000006/40_appraisal_report.txt,appraised_value|effective_date|condition_rating|property_type,appraisals|properties
APP-000006-DOC-11,APP-000006,,title_report,2026-08-06,2026-08-06,title_provider,third_party,VERIFIED,true,true,false,authoritative_evidence,false,false,synthetic_data/applicant_documents/APP-000006/41_title_report.txt,lien_position|exception_count|vesting,title_records|properties
APP-000006-DOC-12,APP-000006,BORR-000007,homeowner_insurance_evidence,2026-08-09,2026-08-10,insurer,third_party,VERIFIED,true,true,false,authoritative_evidence,false,false,synthetic_data/applicant_documents/APP-000006/42_homeowner_insurance_evidence.txt,coverage_amount|annual_premium|effective_date,insurance_records|properties
APP-000007-DOC-01,APP-000007,BORR-000008,loan_application_summary,2026-08-12,2026-08-12,applicant,applicant_supplied,RECEIVED,true,true,false,customer_evidence,false,false,synthetic_data/applicant_documents/APP-000007/01_loan_application_summary.txt,application_id|loan_purpose|requested_loan_amount|occupancy_type|declared_monthly_income,applications|loans|properties|income
APP-000007-DOC-02,APP-000007,BORR-000008,identity_verification_summary,2026-08-04,2026-08-04,third_party_provider,verification_service,VERIFIED,true,true,false,authoritative_evidence,false,false,synthetic_data/applicant_documents/APP-000007/02_identity_verification_summary.txt,identity_verification_status|verified_name|verified_date_of_birth,verifications|borrowers
APP-000007-DOC-03,APP-000007,BORR-000008,credit_report_summary,2026-07-22,2026-07-22,credit_bureau,third_party,VERIFIED,true,true,false,authoritative_evidence,false,false,synthetic_data/applicant_documents/APP-000007/03_credit_report_summary.txt,score_1|score_2|score_3|report_date|revolving_balance|revolving_limit|monthly_liability_payments,credit_profiles|credit_accounts|liabilities
APP-000007-DOC-04,APP-000007,BORR-000008,paystub,2026-08-01,2026-08-03,employer,applicant_supplied,RECEIVED,true,true,false,customer_evidence,false,false,synthetic_data/applicant_documents/APP-000007/10_paystub_BORR-000008.txt,employer_name|pay_period_end|gross_per_period|ytd_gross|pay_frequency,employment|income
APP-000007-DOC-05,APP-000007,BORR-000008,w2,2025-12-31,2026-07-30,employer,applicant_supplied,RECEIVED,true,true,false,customer_evidence,false,false,synthetic_data/applicant_documents/APP-000007/11_w2_BORR-000008.txt,tax_year|employer_name|annual_wages,employment|income
APP-000007-DOC-06,APP-000007,BORR-000008,employment_verification,2026-08-04,2026-08-04,employer,third_party,VERIFIED,true,true,false,authoritative_evidence,false,false,synthetic_data/applicant_documents/APP-000007/12_employment_verification_BORR-000008.txt,employer_name|employment_start_date|employment_status|position,employment|verifications
APP-000007-DOC-07,APP-000007,BORR-000008,bank_statement,2026-08-03,2026-08-05,financial_institution,applicant_supplied,RECEIVED,true,true,false,customer_evidence,false,false,synthetic_data/applicant_documents/APP-000007/20_bank_statement_01.txt,institution|account_masked|closing_balance|statement_period_end,assets|asset_transactions
APP-000007-DOC-08,APP-000007,BORR-000008,bank_statement,2026-08-03,2026-08-05,financial_institution,applicant_supplied,RECEIVED,true,true,false,customer_evidence,false,false,synthetic_data/applicant_documents/APP-000007/20_bank_statement_02.txt,institution|account_masked|closing_balance|statement_period_end,assets|asset_transactions
APP-000007-DOC-09,APP-000007,BORR-000008,purchase_agreement,2026-07-17,2026-07-19,settlement_parties,applicant_supplied,RECEIVED,true,true,false,customer_evidence,false,false,synthetic_data/applicant_documents/APP-000007/30_purchase_agreement.txt,purchase_price|contract_date|earnest_money|seller_credits,properties|loans
APP-000007-DOC-10,APP-000007,,appraisal_report,2026-07-19,2026-07-22,appraiser,third_party,VERIFIED,true,true,false,authoritative_evidence,false,false,synthetic_data/applicant_documents/APP-000007/40_appraisal_report.txt,appraised_value|effective_date|condition_rating|property_type,appraisals|properties
APP-000007-DOC-11,APP-000007,,title_report,2026-08-06,2026-08-06,title_provider,third_party,VERIFIED,true,true,false,authoritative_evidence,false,false,synthetic_data/applicant_documents/APP-000007/41_title_report.txt,lien_position|exception_count|vesting,title_records|properties
APP-000007-DOC-12,APP-000007,BORR-000008,homeowner_insurance_evidence,2026-08-09,2026-08-10,insurer,third_party,VERIFIED,true,true,false,authoritative_evidence,false,false,synthetic_data/applicant_documents/APP-000007/42_homeowner_insurance_evidence.txt,coverage_amount|annual_premium|effective_date,insurance_records|properties
APP-000007-DOC-13,APP-000007,BORR-000008,letter_of_explanation,2026-08-09,2026-08-09,applicant,applicant_supplied,RECEIVED,true,true,false,customer_evidence,false,false,synthetic_data/applicant_documents/APP-000007/60_letter_of_explanation.txt,applicant_statement,conditions
APP-000007-DOC-14,APP-000007,BORR-000008,condition_response,2026-08-12,2026-08-12,lender,internal,OPEN,false,true,false,internal_record,false,false,synthetic_data/applicant_documents/APP-000007/70_condition_register.txt,open_condition_count|condition_rule_ids,conditions
APP-000008-DOC-01,APP-000008,BORR-000009,loan_application_summary,2026-08-12,2026-08-12,applicant,applicant_supplied,RECEIVED,true,true,false,customer_evidence,false,false,synthetic_data/applicant_documents/APP-000008/01_loan_application_summary.txt,application_id|loan_purpose|requested_loan_amount|occupancy_type|declared_monthly_income,applications|loans|properties|income
APP-000008-DOC-02,APP-000008,BORR-000009,identity_verification_summary,2026-08-04,2026-08-04,third_party_provider,verification_service,VERIFIED,true,true,false,authoritative_evidence,false,false,synthetic_data/applicant_documents/APP-000008/02_identity_verification_summary.txt,identity_verification_status|verified_name|verified_date_of_birth,verifications|borrowers
APP-000008-DOC-03,APP-000008,BORR-000009,credit_report_summary,2026-07-22,2026-07-22,credit_bureau,third_party,VERIFIED,true,true,false,authoritative_evidence,false,false,synthetic_data/applicant_documents/APP-000008/03_credit_report_summary.txt,score_1|score_2|score_3|report_date|revolving_balance|revolving_limit|monthly_liability_payments,credit_profiles|credit_accounts|liabilities
APP-000008-DOC-04,APP-000008,BORR-000009,paystub,2026-08-01,2026-08-03,employer,applicant_supplied,RECEIVED,true,true,false,customer_evidence,false,false,synthetic_data/applicant_documents/APP-000008/10_paystub_BORR-000009.txt,employer_name|pay_period_end|gross_per_period|ytd_gross|pay_frequency,employment|income
APP-000008-DOC-05,APP-000008,BORR-000009,w2,2025-12-31,2026-07-30,employer,applicant_supplied,RECEIVED,true,true,false,customer_evidence,false,false,synthetic_data/applicant_documents/APP-000008/11_w2_BORR-000009.txt,tax_year|employer_name|annual_wages,employment|income
APP-000008-DOC-06,APP-000008,BORR-000009,employment_verification,2026-08-04,2026-08-04,employer,third_party,VERIFIED,true,true,false,authoritative_evidence,false,false,synthetic_data/applicant_documents/APP-000008/12_employment_verification_BORR-000009.txt,employer_name|employment_start_date|employment_status|position,employment|verifications
APP-000008-DOC-07,APP-000008,BORR-000009,bank_statement,2026-08-03,2026-08-05,financial_institution,applicant_supplied,RECEIVED,true,true,false,customer_evidence,false,false,synthetic_data/applicant_documents/APP-000008/20_bank_statement_01.txt,institution|account_masked|closing_balance|statement_period_end,assets|asset_transactions
APP-000008-DOC-08,APP-000008,BORR-000009,bank_statement,2026-08-03,2026-08-05,financial_institution,applicant_supplied,RECEIVED,true,true,false,customer_evidence,false,false,synthetic_data/applicant_documents/APP-000008/20_bank_statement_02.txt,institution|account_masked|closing_balance|statement_period_end,assets|asset_transactions
APP-000008-DOC-09,APP-000008,BORR-000009,asset_verification,2026-08-05,2026-08-06,financial_institution,third_party,VERIFIED,true,true,false,authoritative_evidence,false,false,synthetic_data/applicant_documents/APP-000008/21_asset_verification_03.txt,verified_balance|asset_type|institution,assets
APP-000008-DOC-10,APP-000008,BORR-000009,asset_verification,2026-08-05,2026-08-06,financial_institution,third_party,VERIFIED,true,true,false,authoritative_evidence,false,false,synthetic_data/applicant_documents/APP-000008/21_asset_verification_04.txt,verified_balance|asset_type|institution,assets
APP-000008-DOC-11,APP-000008,BORR-000009,purchase_agreement,2026-07-17,2026-07-19,settlement_parties,applicant_supplied,RECEIVED,true,true,false,customer_evidence,false,false,synthetic_data/applicant_documents/APP-000008/30_purchase_agreement.txt,purchase_price|contract_date|earnest_money|seller_credits,properties|loans
APP-000008-DOC-12,APP-000008,,appraisal_report,2026-07-19,2026-07-22,appraiser,third_party,VERIFIED,true,true,false,authoritative_evidence,false,false,synthetic_data/applicant_documents/APP-000008/40_appraisal_report.txt,appraised_value|effective_date|condition_rating|property_type,appraisals|properties
APP-000008-DOC-13,APP-000008,,title_report,2026-08-06,2026-08-06,title_provider,third_party,VERIFIED,true,true,false,authoritative_evidence,false,false,synthetic_data/applicant_documents/APP-000008/41_title_report.txt,lien_position|exception_count|vesting,title_records|properties
APP-000008-DOC-14,APP-000008,BORR-000009,homeowner_insurance_evidence,2026-08-09,2026-08-10,insurer,third_party,VERIFIED,true,true,false,authoritative_evidence,false,false,synthetic_data/applicant_documents/APP-000008/42_homeowner_insurance_evidence.txt,coverage_amount|annual_premium|effective_date,insurance_records|properties
APP-000009-DOC-01,APP-000009,BORR-000010,loan_application_summary,2026-08-12,2026-08-12,applicant,applicant_supplied,RECEIVED,true,true,false,customer_evidence,false,false,synthetic_data/applicant_documents/APP-000009/01_loan_application_summary.txt,application_id|loan_purpose|requested_loan_amount|occupancy_type|declared_monthly_income,applications|loans|properties|income
APP-000009-DOC-02,APP-000009,BORR-000010,identity_verification_summary,2026-08-04,2026-08-04,third_party_provider,verification_service,VERIFIED,true,true,false,authoritative_evidence,false,false,synthetic_data/applicant_documents/APP-000009/02_identity_verification_summary.txt,identity_verification_status|verified_name|verified_date_of_birth,verifications|borrowers
APP-000009-DOC-03,APP-000009,BORR-000010,credit_report_summary,2026-07-22,2026-07-22,credit_bureau,third_party,VERIFIED,true,true,false,authoritative_evidence,false,false,synthetic_data/applicant_documents/APP-000009/03_credit_report_summary.txt,score_1|score_2|score_3|report_date|revolving_balance|revolving_limit|monthly_liability_payments,credit_profiles|credit_accounts|liabilities
APP-000009-DOC-04,APP-000009,BORR-000010,paystub,2026-08-01,2026-08-03,employer,applicant_supplied,RECEIVED,true,true,false,customer_evidence,false,false,synthetic_data/applicant_documents/APP-000009/10_paystub_BORR-000010.txt,employer_name|pay_period_end|gross_per_period|ytd_gross|pay_frequency,employment|income
APP-000009-DOC-05,APP-000009,BORR-000010,w2,2025-12-31,2026-07-30,employer,applicant_supplied,RECEIVED,true,true,false,customer_evidence,false,false,synthetic_data/applicant_documents/APP-000009/11_w2_BORR-000010.txt,tax_year|employer_name|annual_wages,employment|income
APP-000009-DOC-06,APP-000009,BORR-000010,employment_verification,2026-08-04,2026-08-04,employer,third_party,VERIFIED,true,true,false,authoritative_evidence,false,false,synthetic_data/applicant_documents/APP-000009/12_employment_verification_BORR-000010.txt,employer_name|employment_start_date|employment_status|position,employment|verifications
APP-000009-DOC-07,APP-000009,BORR-000010,bank_statement,2026-08-03,2026-08-05,financial_institution,applicant_supplied,RECEIVED,true,true,false,customer_evidence,false,false,synthetic_data/applicant_documents/APP-000009/20_bank_statement_01.txt,institution|account_masked|closing_balance|statement_period_end,assets|asset_transactions
APP-000009-DOC-08,APP-000009,BORR-000010,bank_statement,2026-08-03,2026-08-05,financial_institution,applicant_supplied,RECEIVED,true,true,false,customer_evidence,false,false,synthetic_data/applicant_documents/APP-000009/20_bank_statement_02.txt,institution|account_masked|closing_balance|statement_period_end,assets|asset_transactions
APP-000009-DOC-09,APP-000009,BORR-000010,asset_verification,2026-08-05,2026-08-06,financial_institution,third_party,VERIFIED,true,true,false,authoritative_evidence,false,false,synthetic_data/applicant_documents/APP-000009/21_asset_verification_03.txt,verified_balance|asset_type|institution,assets
APP-000009-DOC-10,APP-000009,BORR-000010,asset_verification,2026-08-05,2026-08-06,financial_institution,third_party,VERIFIED,true,true,false,authoritative_evidence,false,false,synthetic_data/applicant_documents/APP-000009/21_asset_verification_04.txt,verified_balance|asset_type|institution,assets
APP-000009-DOC-11,APP-000009,BORR-000010,purchase_agreement,2026-07-17,2026-07-19,settlement_parties,applicant_supplied,RECEIVED,true,true,false,customer_evidence,false,false,synthetic_data/applicant_documents/APP-000009/30_purchase_agreement.txt,purchase_price|contract_date|earnest_money|seller_credits,properties|loans
APP-000009-DOC-12,APP-000009,,appraisal_report,2026-07-19,2026-07-22,appraiser,third_party,VERIFIED,true,true,false,authoritative_evidence,false,false,synthetic_data/applicant_documents/APP-000009/40_appraisal_report.txt,appraised_value|effective_date|condition_rating|property_type,appraisals|properties
APP-000009-DOC-13,APP-000009,,title_report,2026-08-06,2026-08-06,title_provider,third_party,VERIFIED,true,true,false,authoritative_evidence,false,false,synthetic_data/applicant_documents/APP-000009/41_title_report.txt,lien_position|exception_count|vesting,title_records|properties
APP-000009-DOC-14,APP-000009,BORR-000010,homeowner_insurance_evidence,2026-08-09,2026-08-10,insurer,third_party,VERIFIED,true,true,false,authoritative_evidence,false,false,synthetic_data/applicant_documents/APP-000009/42_homeowner_insurance_evidence.txt,coverage_amount|annual_premium|effective_date,insurance_records|properties
APP-000010-DOC-01,APP-000010,BORR-000011,loan_application_summary,2026-08-12,2026-08-12,applicant,applicant_supplied,RECEIVED,true,true,false,customer_evidence,false,false,synthetic_data/applicant_documents/APP-000010/01_loan_application_summary.txt,application_id|loan_purpose|requested_loan_amount|occupancy_type|declared_monthly_income,applications|loans|properties|income
APP-000010-DOC-02,APP-000010,BORR-000011,identity_verification_summary,2026-08-04,2026-08-04,third_party_provider,verification_service,VERIFIED,true,true,false,authoritative_evidence,false,false,synthetic_data/applicant_documents/APP-000010/02_identity_verification_summary.txt,identity_verification_status|verified_name|verified_date_of_birth,verifications|borrowers
APP-000010-DOC-03,APP-000010,BORR-000011,credit_report_summary,2026-07-22,2026-07-22,credit_bureau,third_party,VERIFIED,true,true,false,authoritative_evidence,false,false,synthetic_data/applicant_documents/APP-000010/03_credit_report_summary.txt,score_1|score_2|score_3|report_date|revolving_balance|revolving_limit|monthly_liability_payments,credit_profiles|credit_accounts|liabilities
APP-000010-DOC-04,APP-000010,BORR-000011,paystub,2026-08-01,2026-08-03,employer,applicant_supplied,RECEIVED,true,true,false,customer_evidence,false,false,synthetic_data/applicant_documents/APP-000010/10_paystub_BORR-000011.txt,employer_name|pay_period_end|gross_per_period|ytd_gross|pay_frequency,employment|income
APP-000010-DOC-05,APP-000010,BORR-000011,w2,2025-12-31,2026-07-30,employer,applicant_supplied,RECEIVED,true,true,false,customer_evidence,false,false,synthetic_data/applicant_documents/APP-000010/11_w2_BORR-000011.txt,tax_year|employer_name|annual_wages,employment|income
APP-000010-DOC-06,APP-000010,BORR-000011,employment_verification,2026-08-04,2026-08-04,employer,third_party,VERIFIED,true,true,false,authoritative_evidence,false,false,synthetic_data/applicant_documents/APP-000010/12_employment_verification_BORR-000011.txt,employer_name|employment_start_date|employment_status|position,employment|verifications
APP-000010-DOC-07,APP-000010,BORR-000011,bank_statement,2026-08-03,2026-08-05,financial_institution,applicant_supplied,RECEIVED,true,true,false,customer_evidence,false,false,synthetic_data/applicant_documents/APP-000010/20_bank_statement_01.txt,institution|account_masked|closing_balance|statement_period_end,assets|asset_transactions
APP-000010-DOC-08,APP-000010,BORR-000011,bank_statement,2026-08-03,2026-08-05,financial_institution,applicant_supplied,RECEIVED,true,true,false,customer_evidence,false,false,synthetic_data/applicant_documents/APP-000010/20_bank_statement_02.txt,institution|account_masked|closing_balance|statement_period_end,assets|asset_transactions
APP-000010-DOC-09,APP-000010,BORR-000011,asset_verification,2026-08-05,2026-08-06,financial_institution,third_party,VERIFIED,true,true,false,authoritative_evidence,false,false,synthetic_data/applicant_documents/APP-000010/21_asset_verification_03.txt,verified_balance|asset_type|institution,assets
APP-000010-DOC-10,APP-000010,BORR-000011,asset_verification,2026-08-05,2026-08-06,financial_institution,third_party,VERIFIED,true,true,false,authoritative_evidence,false,false,synthetic_data/applicant_documents/APP-000010/21_asset_verification_04.txt,verified_balance|asset_type|institution,assets
APP-000010-DOC-11,APP-000010,BORR-000011,purchase_agreement,2026-07-17,2026-07-19,settlement_parties,applicant_supplied,RECEIVED,true,true,false,customer_evidence,false,false,synthetic_data/applicant_documents/APP-000010/30_purchase_agreement.txt,purchase_price|contract_date|earnest_money|seller_credits,properties|loans
APP-000010-DOC-12,APP-000010,,appraisal_report,2026-07-19,2026-07-22,appraiser,third_party,VERIFIED,true,true,false,authoritative_evidence,false,false,synthetic_data/applicant_documents/APP-000010/40_appraisal_report.txt,appraised_value|effective_date|condition_rating|property_type,appraisals|properties
APP-000010-DOC-13,APP-000010,,title_report,2026-08-06,2026-08-06,title_provider,third_party,VERIFIED,true,true,false,authoritative_evidence,false,false,synthetic_data/applicant_documents/APP-000010/41_title_report.txt,lien_position|exception_count|vesting,title_records|properties
APP-000010-DOC-14,APP-000010,BORR-000011,homeowner_insurance_evidence,2026-08-09,2026-08-10,insurer,third_party,VERIFIED,true,true,false,authoritative_evidence,false,false,synthetic_data/applicant_documents/APP-000010/42_homeowner_insurance_evidence.txt,coverage_amount|annual_premium|effective_date,insurance_records|properties
APP-000011-DOC-01,APP-000011,BORR-000012,loan_application_summary,2026-08-12,2026-08-12,applicant,applicant_supplied,RECEIVED,true,true,false,customer_evidence,false,false,synthetic_data/applicant_documents/APP-000011/01_loan_application_summary.txt,application_id|loan_purpose|requested_loan_amount|occupancy_type|declared_monthly_income,applications|loans|properties|income
APP-000011-DOC-02,APP-000011,BORR-000012,identity_verification_summary,2026-08-04,2026-08-04,third_party_provider,verification_service,VERIFIED,true,true,false,authoritative_evidence,false,false,synthetic_data/applicant_documents/APP-000011/02_identity_verification_summary.txt,identity_verification_status|verified_name|verified_date_of_birth,verifications|borrowers
APP-000011-DOC-03,APP-000011,BORR-000012,credit_report_summary,2026-07-22,2026-07-22,credit_bureau,third_party,VERIFIED,true,true,false,authoritative_evidence,false,false,synthetic_data/applicant_documents/APP-000011/03_credit_report_summary.txt,score_1|score_2|score_3|report_date|revolving_balance|revolving_limit|monthly_liability_payments,credit_profiles|credit_accounts|liabilities
APP-000011-DOC-04,APP-000011,BORR-000012,profit_and_loss,2026-08-07,2026-08-08,applicant_business,applicant_supplied,RECEIVED,true,true,false,customer_evidence,false,false,synthetic_data/applicant_documents/APP-000011/13_self_employment_profit_and_loss.txt,gross_receipts|net_profit|depreciation_addback|owner_cash_flow,employment|income
APP-000011-DOC-05,APP-000011,BORR-000012,tax_return,2026-04-15,2026-08-06,applicant,applicant_supplied,RECEIVED,true,true,false,customer_evidence,false,false,synthetic_data/applicant_documents/APP-000011/14_tax_return_summary.txt,tax_year|business_net_profit|adjusted_gross_income,income|employment
APP-000011-DOC-06,APP-000011,BORR-000012,bank_statement,2026-08-03,2026-08-05,financial_institution,applicant_supplied,RECEIVED,true,true,false,customer_evidence,false,false,synthetic_data/applicant_documents/APP-000011/20_bank_statement_01.txt,institution|account_masked|closing_balance|statement_period_end,assets|asset_transactions
APP-000011-DOC-07,APP-000011,BORR-000012,bank_statement,2026-08-03,2026-08-05,financial_institution,applicant_supplied,RECEIVED,true,true,false,customer_evidence,false,false,synthetic_data/applicant_documents/APP-000011/20_bank_statement_02.txt,institution|account_masked|closing_balance|statement_period_end,assets|asset_transactions
APP-000011-DOC-08,APP-000011,BORR-000012,asset_verification,2026-08-05,2026-08-06,financial_institution,third_party,VERIFIED,true,true,false,authoritative_evidence,false,false,synthetic_data/applicant_documents/APP-000011/21_asset_verification_03.txt,verified_balance|asset_type|institution,assets
APP-000011-DOC-09,APP-000011,BORR-000012,asset_verification,2026-08-05,2026-08-06,financial_institution,third_party,VERIFIED,true,true,false,authoritative_evidence,false,false,synthetic_data/applicant_documents/APP-000011/21_asset_verification_04.txt,verified_balance|asset_type|institution,assets
APP-000011-DOC-10,APP-000011,BORR-000012,purchase_agreement,2026-07-17,2026-07-19,settlement_parties,applicant_supplied,RECEIVED,true,true,false,customer_evidence,false,false,synthetic_data/applicant_documents/APP-000011/30_purchase_agreement.txt,purchase_price|contract_date|earnest_money|seller_credits,properties|loans
APP-000011-DOC-11,APP-000011,,appraisal_report,2026-07-19,2026-07-22,appraiser,third_party,VERIFIED,true,true,false,authoritative_evidence,false,false,synthetic_data/applicant_documents/APP-000011/40_appraisal_report.txt,appraised_value|effective_date|condition_rating|property_type,appraisals|properties
APP-000011-DOC-12,APP-000011,,title_report,2026-08-06,2026-08-06,title_provider,third_party,VERIFIED,true,true,false,authoritative_evidence,false,false,synthetic_data/applicant_documents/APP-000011/41_title_report.txt,lien_position|exception_count|vesting,title_records|properties
APP-000011-DOC-13,APP-000011,BORR-000012,homeowner_insurance_evidence,2026-08-09,2026-08-10,insurer,third_party,VERIFIED,true,true,false,authoritative_evidence,false,false,synthetic_data/applicant_documents/APP-000011/42_homeowner_insurance_evidence.txt,coverage_amount|annual_premium|effective_date,insurance_records|properties
APP-000012-DOC-01,APP-000012,BORR-000013,loan_application_summary,2026-09-04,2026-09-04,applicant,applicant_supplied,RECEIVED,true,true,false,customer_evidence,false,false,synthetic_data/applicant_documents/APP-000012/01_loan_application_summary.txt,application_id|loan_purpose|requested_loan_amount|occupancy_type|declared_monthly_income,applications|loans|properties|income
APP-000012-DOC-02,APP-000012,BORR-000013,identity_verification_summary,2026-08-27,2026-08-27,third_party_provider,verification_service,VERIFIED,true,true,false,authoritative_evidence,false,false,synthetic_data/applicant_documents/APP-000012/02_identity_verification_summary.txt,identity_verification_status|verified_name|verified_date_of_birth,verifications|borrowers
APP-000012-DOC-03,APP-000012,BORR-000013,credit_report_summary,2026-08-14,2026-08-14,credit_bureau,third_party,VERIFIED,true,true,false,authoritative_evidence,false,false,synthetic_data/applicant_documents/APP-000012/03_credit_report_summary.txt,score_1|score_2|score_3|report_date|revolving_balance|revolving_limit|monthly_liability_payments,credit_profiles|credit_accounts|liabilities
APP-000012-DOC-04,APP-000012,BORR-000013,paystub,2026-08-24,2026-08-26,employer,applicant_supplied,RECEIVED,true,true,false,customer_evidence,false,false,synthetic_data/applicant_documents/APP-000012/10_paystub_BORR-000013.txt,employer_name|pay_period_end|gross_per_period|ytd_gross|pay_frequency,employment|income
APP-000012-DOC-05,APP-000012,BORR-000013,w2,2025-12-31,2026-08-22,employer,applicant_supplied,RECEIVED,true,true,false,customer_evidence,false,false,synthetic_data/applicant_documents/APP-000012/11_w2_BORR-000013.txt,tax_year|employer_name|annual_wages,employment|income
APP-000012-DOC-06,APP-000012,BORR-000013,employment_verification,2026-08-27,2026-08-27,employer,third_party,VERIFIED,true,true,false,authoritative_evidence,false,false,synthetic_data/applicant_documents/APP-000012/12_employment_verification_BORR-000013.txt,employer_name|employment_start_date|employment_status|position,employment|verifications
APP-000012-DOC-07,APP-000012,BORR-000013,bank_statement,2026-08-26,2026-08-28,financial_institution,applicant_supplied,RECEIVED,true,true,false,customer_evidence,false,false,synthetic_data/applicant_documents/APP-000012/20_bank_statement_01.txt,institution|account_masked|closing_balance|statement_period_end,assets|asset_transactions
APP-000012-DOC-08,APP-000012,BORR-000013,bank_statement,2026-08-26,2026-08-28,financial_institution,applicant_supplied,RECEIVED,true,true,false,customer_evidence,false,false,synthetic_data/applicant_documents/APP-000012/20_bank_statement_02.txt,institution|account_masked|closing_balance|statement_period_end,assets|asset_transactions
APP-000012-DOC-09,APP-000012,BORR-000013,asset_verification,2026-08-28,2026-08-29,financial_institution,third_party,VERIFIED,true,true,false,authoritative_evidence,false,false,synthetic_data/applicant_documents/APP-000012/21_asset_verification_03.txt,verified_balance|asset_type|institution,assets
APP-000012-DOC-10,APP-000012,BORR-000013,asset_verification,2026-08-28,2026-08-29,financial_institution,third_party,VERIFIED,true,true,false,authoritative_evidence,false,false,synthetic_data/applicant_documents/APP-000012/21_asset_verification_04.txt,verified_balance|asset_type|institution,assets
APP-000012-DOC-11,APP-000012,BORR-000013,purchase_agreement,2026-08-09,2026-08-11,settlement_parties,applicant_supplied,RECEIVED,true,true,false,customer_evidence,false,false,synthetic_data/applicant_documents/APP-000012/30_purchase_agreement.txt,purchase_price|contract_date|earnest_money|seller_credits,properties|loans
APP-000012-DOC-12,APP-000012,,appraisal_report,2026-08-11,2026-08-14,appraiser,third_party,VERIFIED,true,true,false,authoritative_evidence,false,false,synthetic_data/applicant_documents/APP-000012/40_appraisal_report.txt,appraised_value|effective_date|condition_rating|property_type,appraisals|properties
APP-000012-DOC-13,APP-000012,,title_report,2026-08-29,2026-08-29,title_provider,third_party,VERIFIED,true,true,false,authoritative_evidence,false,false,synthetic_data/applicant_documents/APP-000012/41_title_report.txt,lien_position|exception_count|vesting,title_records|properties
APP-000012-DOC-14,APP-000012,BORR-000013,homeowner_insurance_evidence,2026-09-01,2026-09-02,insurer,third_party,VERIFIED,true,true,false,authoritative_evidence,false,false,synthetic_data/applicant_documents/APP-000012/42_homeowner_insurance_evidence.txt,coverage_amount|annual_premium|effective_date,insurance_records|properties
APP-000013-DOC-01,APP-000013,BORR-000014,loan_application_summary,2026-08-12,2026-08-12,applicant,applicant_supplied,RECEIVED,true,true,false,customer_evidence,false,false,synthetic_data/applicant_documents/APP-000013/01_loan_application_summary.txt,application_id|loan_purpose|requested_loan_amount|occupancy_type|declared_monthly_income,applications|loans|properties|income
APP-000013-DOC-02,APP-000013,BORR-000014,identity_verification_summary,2026-08-04,2026-08-04,third_party_provider,verification_service,VERIFIED,true,true,false,authoritative_evidence,false,false,synthetic_data/applicant_documents/APP-000013/02_identity_verification_summary.txt,identity_verification_status|verified_name|verified_date_of_birth,verifications|borrowers
APP-000013-DOC-03,APP-000013,BORR-000014,credit_report_summary,2026-07-22,2026-07-22,credit_bureau,third_party,VERIFIED,true,true,false,authoritative_evidence,false,false,synthetic_data/applicant_documents/APP-000013/03_credit_report_summary.txt,score_1|score_2|score_3|report_date|revolving_balance|revolving_limit|monthly_liability_payments,credit_profiles|credit_accounts|liabilities
APP-000013-DOC-04,APP-000013,BORR-000014,paystub,2026-08-01,2026-08-03,employer,applicant_supplied,RECEIVED,true,true,false,customer_evidence,false,false,synthetic_data/applicant_documents/APP-000013/10_paystub_BORR-000014.txt,employer_name|pay_period_end|gross_per_period|ytd_gross|pay_frequency,employment|income
APP-000013-DOC-05,APP-000013,BORR-000014,w2,2025-12-31,2026-07-30,employer,applicant_supplied,RECEIVED,true,true,false,customer_evidence,false,false,synthetic_data/applicant_documents/APP-000013/11_w2_BORR-000014.txt,tax_year|employer_name|annual_wages,employment|income
APP-000013-DOC-06,APP-000013,BORR-000014,employment_verification,2026-08-04,2026-08-04,employer,third_party,VERIFIED,true,true,false,authoritative_evidence,false,false,synthetic_data/applicant_documents/APP-000013/12_employment_verification_BORR-000014.txt,employer_name|employment_start_date|employment_status|position,employment|verifications
APP-000013-DOC-07,APP-000013,BORR-000015,paystub,2026-08-01,2026-08-03,employer,applicant_supplied,RECEIVED,true,true,false,customer_evidence,false,false,synthetic_data/applicant_documents/APP-000013/10_paystub_BORR-000015.txt,employer_name|pay_period_end|gross_per_period|ytd_gross|pay_frequency,employment|income
APP-000013-DOC-08,APP-000013,BORR-000015,w2,2025-12-31,2026-07-30,employer,applicant_supplied,RECEIVED,true,true,false,customer_evidence,false,false,synthetic_data/applicant_documents/APP-000013/11_w2_BORR-000015.txt,tax_year|employer_name|annual_wages,employment|income
APP-000013-DOC-09,APP-000013,BORR-000015,employment_verification,2026-08-04,2026-08-04,employer,third_party,VERIFIED,true,true,false,authoritative_evidence,false,false,synthetic_data/applicant_documents/APP-000013/12_employment_verification_BORR-000015.txt,employer_name|employment_start_date|employment_status|position,employment|verifications
APP-000013-DOC-10,APP-000013,BORR-000014,bank_statement,2026-08-03,2026-08-05,financial_institution,applicant_supplied,RECEIVED,true,true,false,customer_evidence,false,false,synthetic_data/applicant_documents/APP-000013/20_bank_statement_01.txt,institution|account_masked|closing_balance|statement_period_end,assets|asset_transactions
APP-000013-DOC-11,APP-000013,BORR-000014,bank_statement,2026-08-03,2026-08-05,financial_institution,applicant_supplied,RECEIVED,true,true,false,customer_evidence,false,false,synthetic_data/applicant_documents/APP-000013/20_bank_statement_02.txt,institution|account_masked|closing_balance|statement_period_end,assets|asset_transactions
APP-000013-DOC-12,APP-000013,BORR-000014,asset_verification,2026-08-05,2026-08-06,financial_institution,third_party,VERIFIED,true,true,false,authoritative_evidence,false,false,synthetic_data/applicant_documents/APP-000013/21_asset_verification_03.txt,verified_balance|asset_type|institution,assets
APP-000013-DOC-13,APP-000013,BORR-000014,asset_verification,2026-08-05,2026-08-06,financial_institution,third_party,VERIFIED,true,true,false,authoritative_evidence,false,false,synthetic_data/applicant_documents/APP-000013/21_asset_verification_04.txt,verified_balance|asset_type|institution,assets
APP-000013-DOC-14,APP-000013,BORR-000014,purchase_agreement,2026-07-17,2026-07-19,settlement_parties,applicant_supplied,RECEIVED,true,true,false,customer_evidence,false,false,synthetic_data/applicant_documents/APP-000013/30_purchase_agreement.txt,purchase_price|contract_date|earnest_money|seller_credits,properties|loans
APP-000013-DOC-15,APP-000013,,appraisal_report,2026-07-19,2026-07-22,appraiser,third_party,VERIFIED,true,true,false,authoritative_evidence,false,false,synthetic_data/applicant_documents/APP-000013/40_appraisal_report.txt,appraised_value|effective_date|condition_rating|property_type,appraisals|properties
APP-000013-DOC-16,APP-000013,,title_report,2026-08-06,2026-08-06,title_provider,third_party,VERIFIED,true,true,false,authoritative_evidence,false,false,synthetic_data/applicant_documents/APP-000013/41_title_report.txt,lien_position|exception_count|vesting,title_records|properties
APP-000013-DOC-17,APP-000013,BORR-000014,homeowner_insurance_evidence,2026-08-09,2026-08-10,insurer,third_party,VERIFIED,true,true,false,authoritative_evidence,false,false,synthetic_data/applicant_documents/APP-000013/42_homeowner_insurance_evidence.txt,coverage_amount|annual_premium|effective_date,insurance_records|properties
APP-000013-DOC-18,APP-000013,BORR-000014,lease_agreement,2026-05-09,2026-08-02,applicant,applicant_supplied,RECEIVED,true,true,false,customer_evidence,false,false,synthetic_data/applicant_documents/APP-000013/50_lease_agreement.txt,monthly_rent|premises_address|lease_term,income|properties
APP-000014-DOC-01,APP-000014,BORR-000016,loan_application_summary,2026-08-12,2026-08-12,applicant,applicant_supplied,RECEIVED,true,true,false,customer_evidence,false,false,synthetic_data/applicant_documents/APP-000014/01_loan_application_summary.txt,application_id|loan_purpose|requested_loan_amount|occupancy_type|declared_monthly_income,applications|loans|properties|income
APP-000014-DOC-02,APP-000014,BORR-000016,identity_verification_summary,2026-08-04,2026-08-04,third_party_provider,verification_service,VERIFIED,true,true,false,authoritative_evidence,false,false,synthetic_data/applicant_documents/APP-000014/02_identity_verification_summary.txt,identity_verification_status|verified_name|verified_date_of_birth,verifications|borrowers
APP-000014-DOC-03,APP-000014,BORR-000016,credit_report_summary,2026-07-22,2026-07-22,credit_bureau,third_party,VERIFIED,true,true,false,authoritative_evidence,false,false,synthetic_data/applicant_documents/APP-000014/03_credit_report_summary.txt,score_1|score_2|score_3|report_date|revolving_balance|revolving_limit|monthly_liability_payments,credit_profiles|credit_accounts|liabilities
APP-000014-DOC-04,APP-000014,BORR-000016,paystub,2026-08-01,2026-08-03,employer,applicant_supplied,RECEIVED,true,true,false,customer_evidence,false,false,synthetic_data/applicant_documents/APP-000014/10_paystub_BORR-000016.txt,employer_name|pay_period_end|gross_per_period|ytd_gross|pay_frequency,employment|income
APP-000014-DOC-05,APP-000014,BORR-000016,w2,2025-12-31,2026-07-30,employer,applicant_supplied,RECEIVED,true,true,false,customer_evidence,false,false,synthetic_data/applicant_documents/APP-000014/11_w2_BORR-000016.txt,tax_year|employer_name|annual_wages,employment|income
APP-000014-DOC-06,APP-000014,BORR-000016,employment_verification,2026-08-04,2026-08-04,employer,third_party,VERIFIED,true,true,false,authoritative_evidence,false,false,synthetic_data/applicant_documents/APP-000014/12_employment_verification_BORR-000016.txt,employer_name|employment_start_date|employment_status|position,employment|verifications
APP-000014-DOC-07,APP-000014,BORR-000016,bank_statement,2026-08-03,2026-08-05,financial_institution,applicant_supplied,RECEIVED,true,true,false,customer_evidence,false,false,synthetic_data/applicant_documents/APP-000014/20_bank_statement_01.txt,institution|account_masked|closing_balance|statement_period_end,assets|asset_transactions
APP-000014-DOC-08,APP-000014,BORR-000016,bank_statement,2026-08-03,2026-08-05,financial_institution,applicant_supplied,RECEIVED,true,true,false,customer_evidence,false,false,synthetic_data/applicant_documents/APP-000014/20_bank_statement_02.txt,institution|account_masked|closing_balance|statement_period_end,assets|asset_transactions
APP-000014-DOC-09,APP-000014,BORR-000016,asset_verification,2026-08-05,2026-08-06,financial_institution,third_party,VERIFIED,true,true,false,authoritative_evidence,false,false,synthetic_data/applicant_documents/APP-000014/21_asset_verification_03.txt,verified_balance|asset_type|institution,assets
APP-000014-DOC-10,APP-000014,BORR-000016,asset_verification,2026-08-05,2026-08-06,financial_institution,third_party,VERIFIED,true,true,false,authoritative_evidence,false,false,synthetic_data/applicant_documents/APP-000014/21_asset_verification_04.txt,verified_balance|asset_type|institution,assets
APP-000014-DOC-11,APP-000014,BORR-000016,purchase_agreement,2026-07-17,2026-07-19,settlement_parties,applicant_supplied,RECEIVED,true,true,false,customer_evidence,false,false,synthetic_data/applicant_documents/APP-000014/30_purchase_agreement.txt,purchase_price|contract_date|earnest_money|seller_credits,properties|loans
APP-000014-DOC-12,APP-000014,,appraisal_report,2026-07-19,2026-07-22,appraiser,third_party,VERIFIED,true,true,false,authoritative_evidence,false,false,synthetic_data/applicant_documents/APP-000014/40_appraisal_report.txt,appraised_value|effective_date|condition_rating|property_type,appraisals|properties
APP-000014-DOC-13,APP-000014,,title_report,2026-08-06,2026-08-06,title_provider,third_party,VERIFIED,true,true,false,authoritative_evidence,false,false,synthetic_data/applicant_documents/APP-000014/41_title_report.txt,lien_position|exception_count|vesting,title_records|properties
APP-000014-DOC-14,APP-000014,BORR-000016,homeowner_insurance_evidence,2026-08-09,2026-08-10,insurer,third_party,VERIFIED,true,true,false,authoritative_evidence,false,false,synthetic_data/applicant_documents/APP-000014/42_homeowner_insurance_evidence.txt,coverage_amount|annual_premium|effective_date,insurance_records|properties
APP-000014-DOC-15,APP-000014,BORR-000016,lease_agreement,2026-05-09,2026-08-02,applicant,applicant_supplied,RECEIVED,true,true,false,customer_evidence,false,false,synthetic_data/applicant_documents/APP-000014/50_lease_agreement.txt,monthly_rent|premises_address|lease_term,income|properties
APP-000015-DOC-01,APP-000015,BORR-000017,loan_application_summary,2026-08-12,2026-08-12,applicant,applicant_supplied,RECEIVED,true,true,false,customer_evidence,false,false,synthetic_data/applicant_documents/APP-000015/01_loan_application_summary.txt,application_id|loan_purpose|requested_loan_amount|occupancy_type|declared_monthly_income,applications|loans|properties|income
APP-000015-DOC-02,APP-000015,BORR-000017,identity_verification_summary,2026-08-04,2026-08-04,third_party_provider,verification_service,VERIFIED,true,true,false,authoritative_evidence,false,false,synthetic_data/applicant_documents/APP-000015/02_identity_verification_summary.txt,identity_verification_status|verified_name|verified_date_of_birth,verifications|borrowers
APP-000015-DOC-03,APP-000015,BORR-000017,credit_report_summary,2026-07-22,2026-07-22,credit_bureau,third_party,VERIFIED,true,true,false,authoritative_evidence,false,false,synthetic_data/applicant_documents/APP-000015/03_credit_report_summary.txt,score_1|score_2|score_3|report_date|revolving_balance|revolving_limit|monthly_liability_payments,credit_profiles|credit_accounts|liabilities
APP-000015-DOC-04,APP-000015,BORR-000017,paystub,2026-08-01,2026-08-03,employer,applicant_supplied,RECEIVED,true,true,false,customer_evidence,false,false,synthetic_data/applicant_documents/APP-000015/10_paystub_BORR-000017.txt,employer_name|pay_period_end|gross_per_period|ytd_gross|pay_frequency,employment|income
APP-000015-DOC-05,APP-000015,BORR-000017,w2,2025-12-31,2026-07-30,employer,applicant_supplied,RECEIVED,true,true,false,customer_evidence,false,false,synthetic_data/applicant_documents/APP-000015/11_w2_BORR-000017.txt,tax_year|employer_name|annual_wages,employment|income
APP-000015-DOC-06,APP-000015,BORR-000017,employment_verification,2026-08-04,2026-08-04,employer,third_party,VERIFIED,true,true,false,authoritative_evidence,false,false,synthetic_data/applicant_documents/APP-000015/12_employment_verification_BORR-000017.txt,employer_name|employment_start_date|employment_status|position,employment|verifications
APP-000015-DOC-07,APP-000015,BORR-000018,paystub,2026-08-01,2026-08-03,employer,applicant_supplied,RECEIVED,true,true,false,customer_evidence,false,false,synthetic_data/applicant_documents/APP-000015/10_paystub_BORR-000018.txt,employer_name|pay_period_end|gross_per_period|ytd_gross|pay_frequency,employment|income
APP-000015-DOC-08,APP-000015,BORR-000018,w2,2025-12-31,2026-07-30,employer,applicant_supplied,RECEIVED,true,true,false,customer_evidence,false,false,synthetic_data/applicant_documents/APP-000015/11_w2_BORR-000018.txt,tax_year|employer_name|annual_wages,employment|income
APP-000015-DOC-09,APP-000015,BORR-000018,employment_verification,2026-08-04,2026-08-04,employer,third_party,VERIFIED,true,true,false,authoritative_evidence,false,false,synthetic_data/applicant_documents/APP-000015/12_employment_verification_BORR-000018.txt,employer_name|employment_start_date|employment_status|position,employment|verifications
APP-000015-DOC-10,APP-000015,BORR-000017,bank_statement,2026-08-03,2026-08-05,financial_institution,applicant_supplied,RECEIVED,true,true,false,customer_evidence,false,false,synthetic_data/applicant_documents/APP-000015/20_bank_statement_01.txt,institution|account_masked|closing_balance|statement_period_end,assets|asset_transactions
APP-000015-DOC-11,APP-000015,BORR-000017,bank_statement,2026-08-03,2026-08-05,financial_institution,applicant_supplied,RECEIVED,true,true,false,customer_evidence,false,false,synthetic_data/applicant_documents/APP-000015/20_bank_statement_02.txt,institution|account_masked|closing_balance|statement_period_end,assets|asset_transactions
APP-000015-DOC-12,APP-000015,BORR-000017,asset_verification,2026-08-05,2026-08-06,financial_institution,third_party,VERIFIED,true,true,false,authoritative_evidence,false,false,synthetic_data/applicant_documents/APP-000015/21_asset_verification_03.txt,verified_balance|asset_type|institution,assets
APP-000015-DOC-13,APP-000015,BORR-000017,asset_verification,2026-08-05,2026-08-06,financial_institution,third_party,VERIFIED,true,true,false,authoritative_evidence,false,false,synthetic_data/applicant_documents/APP-000015/21_asset_verification_04.txt,verified_balance|asset_type|institution,assets
APP-000015-DOC-14,APP-000015,BORR-000017,purchase_agreement,2026-07-17,2026-07-19,settlement_parties,applicant_supplied,RECEIVED,true,true,false,customer_evidence,false,false,synthetic_data/applicant_documents/APP-000015/30_purchase_agreement.txt,purchase_price|contract_date|earnest_money|seller_credits,properties|loans
APP-000015-DOC-15,APP-000015,,appraisal_report,2026-07-19,2026-07-22,appraiser,third_party,VERIFIED,true,true,false,authoritative_evidence,false,false,synthetic_data/applicant_documents/APP-000015/40_appraisal_report.txt,appraised_value|effective_date|condition_rating|property_type,appraisals|properties
APP-000015-DOC-16,APP-000015,,title_report,2026-08-06,2026-08-06,title_provider,third_party,VERIFIED,true,true,false,authoritative_evidence,false,false,synthetic_data/applicant_documents/APP-000015/41_title_report.txt,lien_position|exception_count|vesting,title_records|properties
APP-000015-DOC-17,APP-000015,BORR-000017,homeowner_insurance_evidence,2026-08-09,2026-08-10,insurer,third_party,VERIFIED,true,true,false,authoritative_evidence,false,false,synthetic_data/applicant_documents/APP-000015/42_homeowner_insurance_evidence.txt,coverage_amount|annual_premium|effective_date,insurance_records|properties
APP-000016-DOC-01,APP-000016,BORR-000019,loan_application_summary,2026-08-12,2026-08-12,applicant,applicant_supplied,RECEIVED,true,true,false,customer_evidence,false,false,synthetic_data/applicant_documents/APP-000016/01_loan_application_summary.txt,application_id|loan_purpose|requested_loan_amount|occupancy_type|declared_monthly_income,applications|loans|properties|income
APP-000016-DOC-02,APP-000016,BORR-000019,identity_verification_summary,2026-08-04,2026-08-04,third_party_provider,verification_service,VERIFIED,true,true,false,authoritative_evidence,false,false,synthetic_data/applicant_documents/APP-000016/02_identity_verification_summary.txt,identity_verification_status|verified_name|verified_date_of_birth,verifications|borrowers
APP-000016-DOC-03,APP-000016,BORR-000019,credit_report_summary,2026-07-22,2026-07-22,credit_bureau,third_party,VERIFIED,true,true,false,authoritative_evidence,false,false,synthetic_data/applicant_documents/APP-000016/03_credit_report_summary.txt,score_1|score_2|score_3|report_date|revolving_balance|revolving_limit|monthly_liability_payments,credit_profiles|credit_accounts|liabilities
APP-000016-DOC-04,APP-000016,BORR-000019,paystub,2026-08-01,2026-08-03,employer,applicant_supplied,RECEIVED,true,true,false,customer_evidence,false,false,synthetic_data/applicant_documents/APP-000016/10_paystub_BORR-000019.txt,employer_name|pay_period_end|gross_per_period|ytd_gross|pay_frequency,employment|income
APP-000016-DOC-05,APP-000016,BORR-000019,w2,2025-12-31,2026-07-30,employer,applicant_supplied,RECEIVED,true,true,false,customer_evidence,false,false,synthetic_data/applicant_documents/APP-000016/11_w2_BORR-000019.txt,tax_year|employer_name|annual_wages,employment|income
APP-000016-DOC-06,APP-000016,BORR-000019,employment_verification,2026-08-04,2026-08-04,employer,third_party,VERIFIED,true,true,false,authoritative_evidence,false,false,synthetic_data/applicant_documents/APP-000016/12_employment_verification_BORR-000019.txt,employer_name|employment_start_date|employment_status|position,employment|verifications
APP-000016-DOC-07,APP-000016,BORR-000019,bank_statement,2026-08-03,2026-08-05,financial_institution,applicant_supplied,RECEIVED,true,true,false,customer_evidence,false,false,synthetic_data/applicant_documents/APP-000016/20_bank_statement_01.txt,institution|account_masked|closing_balance|statement_period_end,assets|asset_transactions
APP-000016-DOC-08,APP-000016,BORR-000019,bank_statement,2026-08-03,2026-08-05,financial_institution,applicant_supplied,RECEIVED,true,true,false,customer_evidence,false,false,synthetic_data/applicant_documents/APP-000016/20_bank_statement_02.txt,institution|account_masked|closing_balance|statement_period_end,assets|asset_transactions
APP-000016-DOC-09,APP-000016,BORR-000019,asset_verification,2026-08-05,2026-08-06,financial_institution,third_party,VERIFIED,true,true,false,authoritative_evidence,false,false,synthetic_data/applicant_documents/APP-000016/21_asset_verification_03.txt,verified_balance|asset_type|institution,assets
APP-000016-DOC-10,APP-000016,BORR-000019,asset_verification,2026-08-05,2026-08-06,financial_institution,third_party,VERIFIED,true,true,false,authoritative_evidence,false,false,synthetic_data/applicant_documents/APP-000016/21_asset_verification_04.txt,verified_balance|asset_type|institution,assets
APP-000016-DOC-11,APP-000016,BORR-000019,purchase_agreement,2026-07-17,2026-07-19,settlement_parties,applicant_supplied,RECEIVED,true,true,false,customer_evidence,false,false,synthetic_data/applicant_documents/APP-000016/30_purchase_agreement.txt,purchase_price|contract_date|earnest_money|seller_credits,properties|loans
APP-000016-DOC-12,APP-000016,,appraisal_report,2026-07-19,2026-07-22,appraiser,third_party,VERIFIED,true,true,false,authoritative_evidence,false,false,synthetic_data/applicant_documents/APP-000016/40_appraisal_report.txt,appraised_value|effective_date|condition_rating|property_type,appraisals|properties
APP-000016-DOC-13,APP-000016,,title_report,2026-08-06,2026-08-06,title_provider,third_party,VERIFIED,true,true,false,authoritative_evidence,false,false,synthetic_data/applicant_documents/APP-000016/41_title_report.txt,lien_position|exception_count|vesting,title_records|properties
APP-000016-DOC-14,APP-000016,BORR-000019,homeowner_insurance_evidence,2026-08-09,2026-08-10,insurer,third_party,VERIFIED,true,true,false,authoritative_evidence,false,false,synthetic_data/applicant_documents/APP-000016/42_homeowner_insurance_evidence.txt,coverage_amount|annual_premium|effective_date,insurance_records|properties
APP-000016-DOC-15,APP-000016,BORR-000019,letter_of_explanation,2026-08-09,2026-08-09,applicant,applicant_supplied,RECEIVED,true,true,false,customer_evidence,false,false,synthetic_data/applicant_documents/APP-000016/60_letter_of_explanation.txt,applicant_statement,conditions
APP-000016-DOC-16,APP-000016,BORR-000019,condition_response,2026-08-12,2026-08-12,lender,internal,OPEN,false,true,false,internal_record,false,false,synthetic_data/applicant_documents/APP-000016/70_condition_register.txt,open_condition_count|condition_rule_ids,conditions
APP-000017-DOC-01,APP-000017,BORR-000020,loan_application_summary,2026-08-12,2026-08-12,applicant,applicant_supplied,RECEIVED,true,true,false,customer_evidence,false,false,synthetic_data/applicant_documents/APP-000017/01_loan_application_summary.txt,application_id|loan_purpose|requested_loan_amount|occupancy_type|declared_monthly_income,applications|loans|properties|income
APP-000017-DOC-02,APP-000017,BORR-000020,identity_verification_summary,2026-08-04,2026-08-04,third_party_provider,verification_service,VERIFIED,true,true,false,authoritative_evidence,false,false,synthetic_data/applicant_documents/APP-000017/02_identity_verification_summary.txt,identity_verification_status|verified_name|verified_date_of_birth,verifications|borrowers
APP-000017-DOC-03,APP-000017,BORR-000020,credit_report_summary,2026-07-22,2026-07-22,credit_bureau,third_party,VERIFIED,true,true,false,authoritative_evidence,false,false,synthetic_data/applicant_documents/APP-000017/03_credit_report_summary.txt,score_1|score_2|score_3|report_date|revolving_balance|revolving_limit|monthly_liability_payments,credit_profiles|credit_accounts|liabilities
APP-000017-DOC-04,APP-000017,BORR-000020,paystub,2026-08-01,2026-08-03,employer,applicant_supplied,RECEIVED,true,true,false,customer_evidence,false,false,synthetic_data/applicant_documents/APP-000017/10_paystub_BORR-000020.txt,employer_name|pay_period_end|gross_per_period|ytd_gross|pay_frequency,employment|income
APP-000017-DOC-05,APP-000017,BORR-000020,w2,2025-12-31,2026-07-30,employer,applicant_supplied,RECEIVED,true,true,false,customer_evidence,false,false,synthetic_data/applicant_documents/APP-000017/11_w2_BORR-000020.txt,tax_year|employer_name|annual_wages,employment|income
APP-000017-DOC-06,APP-000017,BORR-000020,employment_verification,2026-08-04,2026-08-04,employer,third_party,VERIFIED,true,true,false,authoritative_evidence,false,false,synthetic_data/applicant_documents/APP-000017/12_employment_verification_BORR-000020.txt,employer_name|employment_start_date|employment_status|position,employment|verifications
APP-000017-DOC-07,APP-000017,BORR-000020,bank_statement,2026-08-03,2026-08-05,financial_institution,applicant_supplied,RECEIVED,true,true,false,customer_evidence,false,false,synthetic_data/applicant_documents/APP-000017/20_bank_statement_01.txt,institution|account_masked|closing_balance|statement_period_end,assets|asset_transactions
APP-000017-DOC-08,APP-000017,BORR-000020,bank_statement,2026-08-03,2026-08-05,financial_institution,applicant_supplied,RECEIVED,true,true,false,customer_evidence,false,false,synthetic_data/applicant_documents/APP-000017/20_bank_statement_02.txt,institution|account_masked|closing_balance|statement_period_end,assets|asset_transactions
APP-000017-DOC-09,APP-000017,BORR-000020,asset_verification,2026-08-05,2026-08-06,financial_institution,third_party,VERIFIED,true,true,false,authoritative_evidence,false,false,synthetic_data/applicant_documents/APP-000017/21_asset_verification_03.txt,verified_balance|asset_type|institution,assets
APP-000017-DOC-10,APP-000017,BORR-000020,asset_verification,2026-08-05,2026-08-06,financial_institution,third_party,VERIFIED,true,true,false,authoritative_evidence,false,false,synthetic_data/applicant_documents/APP-000017/21_asset_verification_04.txt,verified_balance|asset_type|institution,assets
APP-000017-DOC-11,APP-000017,BORR-000020,purchase_agreement,2026-07-17,2026-07-19,settlement_parties,applicant_supplied,RECEIVED,true,true,false,customer_evidence,false,false,synthetic_data/applicant_documents/APP-000017/30_purchase_agreement.txt,purchase_price|contract_date|earnest_money|seller_credits,properties|loans
APP-000017-DOC-12,APP-000017,,appraisal_report,2026-07-19,2026-07-22,appraiser,third_party,VERIFIED,true,true,false,authoritative_evidence,false,false,synthetic_data/applicant_documents/APP-000017/40_appraisal_report.txt,appraised_value|effective_date|condition_rating|property_type,appraisals|properties
APP-000017-DOC-13,APP-000017,,title_report,2026-08-06,2026-08-06,title_provider,third_party,VERIFIED,true,true,false,authoritative_evidence,false,false,synthetic_data/applicant_documents/APP-000017/41_title_report.txt,lien_position|exception_count|vesting,title_records|properties
APP-000017-DOC-14,APP-000017,BORR-000020,homeowner_insurance_evidence,2026-08-09,2026-08-10,insurer,third_party,VERIFIED,true,true,false,authoritative_evidence,false,false,synthetic_data/applicant_documents/APP-000017/42_homeowner_insurance_evidence.txt,coverage_amount|annual_premium|effective_date,insurance_records|properties
APP-000018-DOC-01,APP-000018,BORR-000021,loan_application_summary,2026-09-04,2026-09-04,applicant,applicant_supplied,RECEIVED,true,true,false,customer_evidence,false,false,synthetic_data/applicant_documents/APP-000018/01_loan_application_summary.txt,application_id|loan_purpose|requested_loan_amount|occupancy_type|declared_monthly_income,applications|loans|properties|income
APP-000018-DOC-02,APP-000018,BORR-000021,identity_verification_summary,2026-08-27,2026-08-27,third_party_provider,verification_service,VERIFIED,true,true,false,authoritative_evidence,false,false,synthetic_data/applicant_documents/APP-000018/02_identity_verification_summary.txt,identity_verification_status|verified_name|verified_date_of_birth,verifications|borrowers
APP-000018-DOC-03,APP-000018,BORR-000021,credit_report_summary,2026-08-14,2026-08-14,credit_bureau,third_party,VERIFIED,true,true,false,authoritative_evidence,false,false,synthetic_data/applicant_documents/APP-000018/03_credit_report_summary.txt,score_1|score_2|score_3|report_date|revolving_balance|revolving_limit|monthly_liability_payments,credit_profiles|credit_accounts|liabilities
APP-000018-DOC-04,APP-000018,BORR-000021,paystub,2026-08-24,2026-08-26,employer,applicant_supplied,RECEIVED,true,true,false,customer_evidence,false,false,synthetic_data/applicant_documents/APP-000018/10_paystub_BORR-000021.txt,employer_name|pay_period_end|gross_per_period|ytd_gross|pay_frequency,employment|income
APP-000018-DOC-05,APP-000018,BORR-000021,w2,2025-12-31,2026-08-22,employer,applicant_supplied,RECEIVED,true,true,false,customer_evidence,false,false,synthetic_data/applicant_documents/APP-000018/11_w2_BORR-000021.txt,tax_year|employer_name|annual_wages,employment|income
APP-000018-DOC-06,APP-000018,BORR-000021,employment_verification,2026-08-27,2026-08-27,employer,third_party,VERIFIED,true,true,false,authoritative_evidence,false,false,synthetic_data/applicant_documents/APP-000018/12_employment_verification_BORR-000021.txt,employer_name|employment_start_date|employment_status|position,employment|verifications
APP-000018-DOC-07,APP-000018,BORR-000021,bank_statement,2026-08-26,2026-08-28,financial_institution,applicant_supplied,RECEIVED,true,true,false,customer_evidence,false,false,synthetic_data/applicant_documents/APP-000018/20_bank_statement_01.txt,institution|account_masked|closing_balance|statement_period_end,assets|asset_transactions
APP-000018-DOC-08,APP-000018,BORR-000021,bank_statement,2026-08-26,2026-08-28,financial_institution,applicant_supplied,RECEIVED,true,true,false,customer_evidence,false,false,synthetic_data/applicant_documents/APP-000018/20_bank_statement_02.txt,institution|account_masked|closing_balance|statement_period_end,assets|asset_transactions
APP-000018-DOC-09,APP-000018,BORR-000021,asset_verification,2026-08-28,2026-08-29,financial_institution,third_party,VERIFIED,true,true,false,authoritative_evidence,false,false,synthetic_data/applicant_documents/APP-000018/21_asset_verification_03.txt,verified_balance|asset_type|institution,assets
APP-000018-DOC-10,APP-000018,BORR-000021,asset_verification,2026-08-28,2026-08-29,financial_institution,third_party,VERIFIED,true,true,false,authoritative_evidence,false,false,synthetic_data/applicant_documents/APP-000018/21_asset_verification_04.txt,verified_balance|asset_type|institution,assets
APP-000018-DOC-11,APP-000018,BORR-000021,purchase_agreement,2026-08-09,2026-08-11,settlement_parties,applicant_supplied,RECEIVED,true,true,false,customer_evidence,false,false,synthetic_data/applicant_documents/APP-000018/30_purchase_agreement.txt,purchase_price|contract_date|earnest_money|seller_credits,properties|loans
APP-000018-DOC-12,APP-000018,,appraisal_report,2026-08-11,2026-08-14,appraiser,third_party,VERIFIED,true,true,false,authoritative_evidence,false,false,synthetic_data/applicant_documents/APP-000018/40_appraisal_report.txt,appraised_value|effective_date|condition_rating|property_type,appraisals|properties
APP-000018-DOC-13,APP-000018,,title_report,2026-08-29,2026-08-29,title_provider,third_party,VERIFIED,true,true,false,authoritative_evidence,false,false,synthetic_data/applicant_documents/APP-000018/41_title_report.txt,lien_position|exception_count|vesting,title_records|properties
APP-000018-DOC-14,APP-000018,BORR-000021,homeowner_insurance_evidence,2026-09-01,2026-09-02,insurer,third_party,VERIFIED,true,true,false,authoritative_evidence,false,false,synthetic_data/applicant_documents/APP-000018/42_homeowner_insurance_evidence.txt,coverage_amount|annual_premium|effective_date,insurance_records|properties
APP-000019-DOC-01,APP-000019,BORR-000022,loan_application_summary,2026-08-12,2026-08-12,applicant,applicant_supplied,RECEIVED,true,true,false,customer_evidence,false,false,synthetic_data/applicant_documents/APP-000019/01_loan_application_summary.txt,application_id|loan_purpose|requested_loan_amount|occupancy_type|declared_monthly_income,applications|loans|properties|income
APP-000019-DOC-02,APP-000019,BORR-000022,identity_verification_summary,2026-08-04,2026-08-04,third_party_provider,verification_service,VERIFIED,true,true,false,authoritative_evidence,false,false,synthetic_data/applicant_documents/APP-000019/02_identity_verification_summary.txt,identity_verification_status|verified_name|verified_date_of_birth,verifications|borrowers
APP-000019-DOC-03,APP-000019,BORR-000022,credit_report_summary,2026-07-22,2026-07-22,credit_bureau,third_party,VERIFIED,true,true,false,authoritative_evidence,false,false,synthetic_data/applicant_documents/APP-000019/03_credit_report_summary.txt,score_1|score_2|score_3|report_date|revolving_balance|revolving_limit|monthly_liability_payments,credit_profiles|credit_accounts|liabilities
APP-000019-DOC-04,APP-000019,BORR-000022,paystub,2026-08-01,2026-08-03,employer,applicant_supplied,RECEIVED,true,true,false,customer_evidence,false,false,synthetic_data/applicant_documents/APP-000019/10_paystub_BORR-000022.txt,employer_name|pay_period_end|gross_per_period|ytd_gross|pay_frequency,employment|income
APP-000019-DOC-05,APP-000019,BORR-000022,w2,2025-12-31,2026-07-30,employer,applicant_supplied,RECEIVED,true,true,false,customer_evidence,false,false,synthetic_data/applicant_documents/APP-000019/11_w2_BORR-000022.txt,tax_year|employer_name|annual_wages,employment|income
APP-000019-DOC-06,APP-000019,BORR-000022,employment_verification,2026-08-04,2026-08-04,employer,third_party,VERIFIED,true,true,false,authoritative_evidence,false,false,synthetic_data/applicant_documents/APP-000019/12_employment_verification_BORR-000022.txt,employer_name|employment_start_date|employment_status|position,employment|verifications
APP-000019-DOC-07,APP-000019,BORR-000023,paystub,2026-08-01,2026-08-03,employer,applicant_supplied,RECEIVED,true,true,false,customer_evidence,false,false,synthetic_data/applicant_documents/APP-000019/10_paystub_BORR-000023.txt,employer_name|pay_period_end|gross_per_period|ytd_gross|pay_frequency,employment|income
APP-000019-DOC-08,APP-000019,BORR-000023,w2,2025-12-31,2026-07-30,employer,applicant_supplied,RECEIVED,true,true,false,customer_evidence,false,false,synthetic_data/applicant_documents/APP-000019/11_w2_BORR-000023.txt,tax_year|employer_name|annual_wages,employment|income
APP-000019-DOC-09,APP-000019,BORR-000023,employment_verification,2026-08-04,2026-08-04,employer,third_party,VERIFIED,true,true,false,authoritative_evidence,false,false,synthetic_data/applicant_documents/APP-000019/12_employment_verification_BORR-000023.txt,employer_name|employment_start_date|employment_status|position,employment|verifications
APP-000019-DOC-10,APP-000019,BORR-000022,bank_statement,2026-08-03,2026-08-05,financial_institution,applicant_supplied,RECEIVED,true,true,false,customer_evidence,false,false,synthetic_data/applicant_documents/APP-000019/20_bank_statement_01.txt,institution|account_masked|closing_balance|statement_period_end,assets|asset_transactions
APP-000019-DOC-11,APP-000019,BORR-000022,bank_statement,2026-08-03,2026-08-05,financial_institution,applicant_supplied,RECEIVED,true,true,false,customer_evidence,false,false,synthetic_data/applicant_documents/APP-000019/20_bank_statement_02.txt,institution|account_masked|closing_balance|statement_period_end,assets|asset_transactions
APP-000019-DOC-12,APP-000019,BORR-000022,asset_verification,2026-08-05,2026-08-06,financial_institution,third_party,VERIFIED,true,true,false,authoritative_evidence,false,false,synthetic_data/applicant_documents/APP-000019/21_asset_verification_03.txt,verified_balance|asset_type|institution,assets
APP-000019-DOC-13,APP-000019,BORR-000022,asset_verification,2026-08-05,2026-08-06,financial_institution,third_party,VERIFIED,true,true,false,authoritative_evidence,false,false,synthetic_data/applicant_documents/APP-000019/21_asset_verification_04.txt,verified_balance|asset_type|institution,assets
APP-000019-DOC-14,APP-000019,BORR-000022,purchase_agreement,2026-07-17,2026-07-19,settlement_parties,applicant_supplied,RECEIVED,true,true,false,customer_evidence,false,false,synthetic_data/applicant_documents/APP-000019/30_purchase_agreement.txt,purchase_price|contract_date|earnest_money|seller_credits,properties|loans
APP-000019-DOC-15,APP-000019,,appraisal_report,2026-07-19,2026-07-22,appraiser,third_party,VERIFIED,true,true,false,authoritative_evidence,false,false,synthetic_data/applicant_documents/APP-000019/40_appraisal_report.txt,appraised_value|effective_date|condition_rating|property_type,appraisals|properties
APP-000019-DOC-16,APP-000019,,title_report,2026-08-06,2026-08-06,title_provider,third_party,VERIFIED,true,true,false,authoritative_evidence,false,false,synthetic_data/applicant_documents/APP-000019/41_title_report.txt,lien_position|exception_count|vesting,title_records|properties
APP-000019-DOC-17,APP-000019,BORR-000022,homeowner_insurance_evidence,2026-08-09,2026-08-10,insurer,third_party,VERIFIED,true,true,false,authoritative_evidence,false,false,synthetic_data/applicant_documents/APP-000019/42_homeowner_insurance_evidence.txt,coverage_amount|annual_premium|effective_date,insurance_records|properties
APP-000020-DOC-01,APP-000020,BORR-000024,loan_application_summary,2026-08-12,2026-08-12,applicant,applicant_supplied,RECEIVED,true,true,false,customer_evidence,false,false,synthetic_data/applicant_documents/APP-000020/01_loan_application_summary.txt,application_id|loan_purpose|requested_loan_amount|occupancy_type|declared_monthly_income,applications|loans|properties|income
APP-000020-DOC-02,APP-000020,BORR-000024,identity_verification_summary,2026-08-04,2026-08-04,third_party_provider,verification_service,VERIFIED,true,true,false,authoritative_evidence,false,false,synthetic_data/applicant_documents/APP-000020/02_identity_verification_summary.txt,identity_verification_status|verified_name|verified_date_of_birth,verifications|borrowers
APP-000020-DOC-03,APP-000020,BORR-000024,credit_report_summary,2026-07-22,2026-07-22,credit_bureau,third_party,VERIFIED,true,true,false,authoritative_evidence,false,false,synthetic_data/applicant_documents/APP-000020/03_credit_report_summary.txt,score_1|score_2|score_3|report_date|revolving_balance|revolving_limit|monthly_liability_payments,credit_profiles|credit_accounts|liabilities
APP-000020-DOC-04,APP-000020,BORR-000024,paystub,2026-08-01,2026-08-03,employer,applicant_supplied,RECEIVED,true,true,false,customer_evidence,false,false,synthetic_data/applicant_documents/APP-000020/10_paystub_BORR-000024.txt,employer_name|pay_period_end|gross_per_period|ytd_gross|pay_frequency,employment|income
APP-000020-DOC-05,APP-000020,BORR-000024,w2,2025-12-31,2026-07-30,employer,applicant_supplied,RECEIVED,true,true,false,customer_evidence,false,false,synthetic_data/applicant_documents/APP-000020/11_w2_BORR-000024.txt,tax_year|employer_name|annual_wages,employment|income
APP-000020-DOC-06,APP-000020,BORR-000024,employment_verification,2026-08-04,2026-08-04,employer,third_party,VERIFIED,true,true,false,authoritative_evidence,false,false,synthetic_data/applicant_documents/APP-000020/12_employment_verification_BORR-000024.txt,employer_name|employment_start_date|employment_status|position,employment|verifications
APP-000020-DOC-07,APP-000020,BORR-000024,bank_statement,2026-08-03,2026-08-05,financial_institution,applicant_supplied,RECEIVED,true,true,false,customer_evidence,false,false,synthetic_data/applicant_documents/APP-000020/20_bank_statement_01.txt,institution|account_masked|closing_balance|statement_period_end,assets|asset_transactions
APP-000020-DOC-08,APP-000020,BORR-000024,bank_statement,2026-08-03,2026-08-05,financial_institution,applicant_supplied,RECEIVED,true,true,false,customer_evidence,false,false,synthetic_data/applicant_documents/APP-000020/20_bank_statement_02.txt,institution|account_masked|closing_balance|statement_period_end,assets|asset_transactions
APP-000020-DOC-09,APP-000020,BORR-000024,asset_verification,2026-08-05,2026-08-06,financial_institution,third_party,VERIFIED,true,true,false,authoritative_evidence,false,false,synthetic_data/applicant_documents/APP-000020/21_asset_verification_03.txt,verified_balance|asset_type|institution,assets
APP-000020-DOC-10,APP-000020,BORR-000024,asset_verification,2026-08-05,2026-08-06,financial_institution,third_party,VERIFIED,true,true,false,authoritative_evidence,false,false,synthetic_data/applicant_documents/APP-000020/21_asset_verification_04.txt,verified_balance|asset_type|institution,assets
APP-000020-DOC-11,APP-000020,BORR-000024,purchase_agreement,2026-07-17,2026-07-19,settlement_parties,applicant_supplied,RECEIVED,true,true,false,customer_evidence,false,false,synthetic_data/applicant_documents/APP-000020/30_purchase_agreement.txt,purchase_price|contract_date|earnest_money|seller_credits,properties|loans
APP-000020-DOC-12,APP-000020,,appraisal_report,2026-07-19,2026-07-22,appraiser,third_party,VERIFIED,true,true,false,authoritative_evidence,false,false,synthetic_data/applicant_documents/APP-000020/40_appraisal_report.txt,appraised_value|effective_date|condition_rating|property_type,appraisals|properties
APP-000020-DOC-13,APP-000020,,title_report,2026-08-06,2026-08-06,title_provider,third_party,VERIFIED,true,true,false,authoritative_evidence,false,false,synthetic_data/applicant_documents/APP-000020/41_title_report.txt,lien_position|exception_count|vesting,title_records|properties
APP-000020-DOC-14,APP-000020,BORR-000024,homeowner_insurance_evidence,2026-08-09,2026-08-10,insurer,third_party,VERIFIED,true,true,false,authoritative_evidence,false,false,synthetic_data/applicant_documents/APP-000020/42_homeowner_insurance_evidence.txt,coverage_amount|annual_premium|effective_date,insurance_records|properties
APP-000021-DOC-01,APP-000021,BORR-000025,loan_application_summary,2026-08-12,2026-08-12,applicant,applicant_supplied,RECEIVED,true,true,false,customer_evidence,false,false,synthetic_data/applicant_documents/APP-000021/01_loan_application_summary.txt,application_id|loan_purpose|requested_loan_amount|occupancy_type|declared_monthly_income,applications|loans|properties|income
APP-000021-DOC-02,APP-000021,BORR-000025,identity_verification_summary,2026-08-04,2026-08-04,third_party_provider,verification_service,VERIFIED,true,true,false,authoritative_evidence,false,false,synthetic_data/applicant_documents/APP-000021/02_identity_verification_summary.txt,identity_verification_status|verified_name|verified_date_of_birth,verifications|borrowers
APP-000021-DOC-03,APP-000021,BORR-000025,credit_report_summary,2026-07-22,2026-07-22,credit_bureau,third_party,VERIFIED,true,true,false,authoritative_evidence,false,false,synthetic_data/applicant_documents/APP-000021/03_credit_report_summary.txt,score_1|score_2|score_3|report_date|revolving_balance|revolving_limit|monthly_liability_payments,credit_profiles|credit_accounts|liabilities
APP-000021-DOC-04,APP-000021,BORR-000025,paystub,2026-08-01,2026-08-03,employer,applicant_supplied,RECEIVED,true,true,false,customer_evidence,false,false,synthetic_data/applicant_documents/APP-000021/10_paystub_BORR-000025.txt,employer_name|pay_period_end|gross_per_period|ytd_gross|pay_frequency,employment|income
APP-000021-DOC-05,APP-000021,BORR-000025,w2,2025-12-31,2026-07-30,employer,applicant_supplied,RECEIVED,true,true,false,customer_evidence,false,false,synthetic_data/applicant_documents/APP-000021/11_w2_BORR-000025.txt,tax_year|employer_name|annual_wages,employment|income
APP-000021-DOC-06,APP-000021,BORR-000025,employment_verification,2026-08-04,2026-08-04,employer,third_party,VERIFIED,true,true,false,authoritative_evidence,false,false,synthetic_data/applicant_documents/APP-000021/12_employment_verification_BORR-000025.txt,employer_name|employment_start_date|employment_status|position,employment|verifications
APP-000021-DOC-07,APP-000021,BORR-000025,bank_statement,2026-08-03,2026-08-05,financial_institution,applicant_supplied,RECEIVED,true,true,false,customer_evidence,false,false,synthetic_data/applicant_documents/APP-000021/20_bank_statement_01.txt,institution|account_masked|closing_balance|statement_period_end,assets|asset_transactions
APP-000021-DOC-08,APP-000021,BORR-000025,bank_statement,2026-08-03,2026-08-05,financial_institution,applicant_supplied,RECEIVED,true,true,false,customer_evidence,false,false,synthetic_data/applicant_documents/APP-000021/20_bank_statement_02.txt,institution|account_masked|closing_balance|statement_period_end,assets|asset_transactions
APP-000021-DOC-09,APP-000021,BORR-000025,asset_verification,2026-08-05,2026-08-06,financial_institution,third_party,VERIFIED,true,true,false,authoritative_evidence,false,false,synthetic_data/applicant_documents/APP-000021/21_asset_verification_03.txt,verified_balance|asset_type|institution,assets
APP-000021-DOC-10,APP-000021,BORR-000025,asset_verification,2026-08-05,2026-08-06,financial_institution,third_party,VERIFIED,true,true,false,authoritative_evidence,false,false,synthetic_data/applicant_documents/APP-000021/21_asset_verification_04.txt,verified_balance|asset_type|institution,assets
APP-000021-DOC-11,APP-000021,BORR-000025,purchase_agreement,2026-07-17,2026-07-19,settlement_parties,applicant_supplied,RECEIVED,true,true,false,customer_evidence,false,false,synthetic_data/applicant_documents/APP-000021/30_purchase_agreement.txt,purchase_price|contract_date|earnest_money|seller_credits,properties|loans
APP-000021-DOC-12,APP-000021,,appraisal_report,2026-07-19,2026-07-22,appraiser,third_party,VERIFIED,true,true,false,authoritative_evidence,false,false,synthetic_data/applicant_documents/APP-000021/40_appraisal_report.txt,appraised_value|effective_date|condition_rating|property_type,appraisals|properties
APP-000021-DOC-13,APP-000021,,title_report,2026-08-06,2026-08-06,title_provider,third_party,VERIFIED,true,true,false,authoritative_evidence,false,false,synthetic_data/applicant_documents/APP-000021/41_title_report.txt,lien_position|exception_count|vesting,title_records|properties
APP-000021-DOC-14,APP-000021,BORR-000025,homeowner_insurance_evidence,2026-08-09,2026-08-10,insurer,third_party,VERIFIED,true,true,false,authoritative_evidence,false,false,synthetic_data/applicant_documents/APP-000021/42_homeowner_insurance_evidence.txt,coverage_amount|annual_premium|effective_date,insurance_records|properties
APP-000022-DOC-01,APP-000022,BORR-000026,loan_application_summary,2026-08-12,2026-08-12,applicant,applicant_supplied,RECEIVED,true,true,false,customer_evidence,false,false,synthetic_data/applicant_documents/APP-000022/01_loan_application_summary.txt,application_id|loan_purpose|requested_loan_amount|occupancy_type|declared_monthly_income,applications|loans|properties|income
APP-000022-DOC-02,APP-000022,BORR-000026,identity_verification_summary,2026-08-04,2026-08-04,third_party_provider,verification_service,VERIFIED,true,true,false,authoritative_evidence,false,false,synthetic_data/applicant_documents/APP-000022/02_identity_verification_summary.txt,identity_verification_status|verified_name|verified_date_of_birth,verifications|borrowers
APP-000022-DOC-03,APP-000022,BORR-000026,credit_report_summary,2026-07-22,2026-07-22,credit_bureau,third_party,VERIFIED,true,true,false,authoritative_evidence,false,false,synthetic_data/applicant_documents/APP-000022/03_credit_report_summary.txt,score_1|score_2|score_3|report_date|revolving_balance|revolving_limit|monthly_liability_payments,credit_profiles|credit_accounts|liabilities
APP-000022-DOC-04,APP-000022,BORR-000026,paystub,2026-08-01,2026-08-03,employer,applicant_supplied,RECEIVED,true,true,false,customer_evidence,false,false,synthetic_data/applicant_documents/APP-000022/10_paystub_BORR-000026.txt,employer_name|pay_period_end|gross_per_period|ytd_gross|pay_frequency,employment|income
APP-000022-DOC-05,APP-000022,BORR-000026,w2,2025-12-31,2026-07-30,employer,applicant_supplied,RECEIVED,true,true,false,customer_evidence,false,false,synthetic_data/applicant_documents/APP-000022/11_w2_BORR-000026.txt,tax_year|employer_name|annual_wages,employment|income
APP-000022-DOC-06,APP-000022,BORR-000026,employment_verification,2026-08-04,2026-08-04,employer,third_party,VERIFIED,true,true,false,authoritative_evidence,false,false,synthetic_data/applicant_documents/APP-000022/12_employment_verification_BORR-000026.txt,employer_name|employment_start_date|employment_status|position,employment|verifications
APP-000022-DOC-07,APP-000022,BORR-000027,paystub,2026-08-01,2026-08-03,employer,applicant_supplied,RECEIVED,true,true,false,customer_evidence,false,false,synthetic_data/applicant_documents/APP-000022/10_paystub_BORR-000027.txt,employer_name|pay_period_end|gross_per_period|ytd_gross|pay_frequency,employment|income
APP-000022-DOC-08,APP-000022,BORR-000027,w2,2025-12-31,2026-07-30,employer,applicant_supplied,RECEIVED,true,true,false,customer_evidence,false,false,synthetic_data/applicant_documents/APP-000022/11_w2_BORR-000027.txt,tax_year|employer_name|annual_wages,employment|income
APP-000022-DOC-09,APP-000022,BORR-000027,employment_verification,2026-08-04,2026-08-04,employer,third_party,VERIFIED,true,true,false,authoritative_evidence,false,false,synthetic_data/applicant_documents/APP-000022/12_employment_verification_BORR-000027.txt,employer_name|employment_start_date|employment_status|position,employment|verifications
APP-000022-DOC-10,APP-000022,BORR-000026,bank_statement,2026-08-03,2026-08-05,financial_institution,applicant_supplied,RECEIVED,true,true,false,customer_evidence,false,false,synthetic_data/applicant_documents/APP-000022/20_bank_statement_01.txt,institution|account_masked|closing_balance|statement_period_end,assets|asset_transactions
APP-000022-DOC-11,APP-000022,BORR-000026,bank_statement,2026-08-03,2026-08-05,financial_institution,applicant_supplied,RECEIVED,true,true,false,customer_evidence,false,false,synthetic_data/applicant_documents/APP-000022/20_bank_statement_02.txt,institution|account_masked|closing_balance|statement_period_end,assets|asset_transactions
APP-000022-DOC-12,APP-000022,BORR-000026,asset_verification,2026-08-05,2026-08-06,financial_institution,third_party,VERIFIED,true,true,false,authoritative_evidence,false,false,synthetic_data/applicant_documents/APP-000022/21_asset_verification_03.txt,verified_balance|asset_type|institution,assets
APP-000022-DOC-13,APP-000022,BORR-000026,asset_verification,2026-08-05,2026-08-06,financial_institution,third_party,VERIFIED,true,true,false,authoritative_evidence,false,false,synthetic_data/applicant_documents/APP-000022/21_asset_verification_04.txt,verified_balance|asset_type|institution,assets
APP-000022-DOC-14,APP-000022,BORR-000026,payoff_statement,2026-08-08,2026-08-09,servicer,third_party,VERIFIED,true,true,false,authoritative_evidence,false,false,synthetic_data/applicant_documents/APP-000022/31_payoff_statement.txt,payoff_amount|ownership_start_date,loans|properties
APP-000022-DOC-15,APP-000022,,appraisal_report,2026-07-19,2026-07-22,appraiser,third_party,VERIFIED,true,true,false,authoritative_evidence,false,false,synthetic_data/applicant_documents/APP-000022/40_appraisal_report.txt,appraised_value|effective_date|condition_rating|property_type,appraisals|properties
APP-000022-DOC-16,APP-000022,,title_report,2026-08-06,2026-08-06,title_provider,third_party,VERIFIED,true,true,false,authoritative_evidence,false,false,synthetic_data/applicant_documents/APP-000022/41_title_report.txt,lien_position|exception_count|vesting,title_records|properties
APP-000022-DOC-17,APP-000022,BORR-000026,homeowner_insurance_evidence,2026-08-09,2026-08-10,insurer,third_party,VERIFIED,true,true,false,authoritative_evidence,false,false,synthetic_data/applicant_documents/APP-000022/42_homeowner_insurance_evidence.txt,coverage_amount|annual_premium|effective_date,insurance_records|properties
APP-000023-DOC-01,APP-000023,BORR-000028,loan_application_summary,2026-08-12,2026-08-12,applicant,applicant_supplied,RECEIVED,true,true,false,customer_evidence,false,false,synthetic_data/applicant_documents/APP-000023/01_loan_application_summary.txt,application_id|loan_purpose|requested_loan_amount|occupancy_type|declared_monthly_income,applications|loans|properties|income
APP-000023-DOC-02,APP-000023,BORR-000028,identity_verification_summary,2026-08-04,2026-08-04,third_party_provider,verification_service,VERIFIED,true,true,false,authoritative_evidence,false,false,synthetic_data/applicant_documents/APP-000023/02_identity_verification_summary.txt,identity_verification_status|verified_name|verified_date_of_birth,verifications|borrowers
APP-000023-DOC-03,APP-000023,BORR-000028,credit_report_summary,2026-07-22,2026-07-22,credit_bureau,third_party,VERIFIED,true,true,false,authoritative_evidence,false,false,synthetic_data/applicant_documents/APP-000023/03_credit_report_summary.txt,score_1|score_2|score_3|report_date|revolving_balance|revolving_limit|monthly_liability_payments,credit_profiles|credit_accounts|liabilities
APP-000023-DOC-04,APP-000023,BORR-000028,paystub,2026-08-01,2026-08-03,employer,applicant_supplied,RECEIVED,true,true,false,customer_evidence,false,false,synthetic_data/applicant_documents/APP-000023/10_paystub_BORR-000028.txt,employer_name|pay_period_end|gross_per_period|ytd_gross|pay_frequency,employment|income
APP-000023-DOC-05,APP-000023,BORR-000028,w2,2025-12-31,2026-07-30,employer,applicant_supplied,RECEIVED,true,true,false,customer_evidence,false,false,synthetic_data/applicant_documents/APP-000023/11_w2_BORR-000028.txt,tax_year|employer_name|annual_wages,employment|income
APP-000023-DOC-06,APP-000023,BORR-000028,employment_verification,2026-08-04,2026-08-04,employer,third_party,VERIFIED,true,true,false,authoritative_evidence,false,false,synthetic_data/applicant_documents/APP-000023/12_employment_verification_BORR-000028.txt,employer_name|employment_start_date|employment_status|position,employment|verifications
APP-000023-DOC-07,APP-000023,BORR-000029,paystub,2026-08-01,2026-08-03,employer,applicant_supplied,RECEIVED,true,true,false,customer_evidence,false,false,synthetic_data/applicant_documents/APP-000023/10_paystub_BORR-000029.txt,employer_name|pay_period_end|gross_per_period|ytd_gross|pay_frequency,employment|income
APP-000023-DOC-08,APP-000023,BORR-000029,w2,2025-12-31,2026-07-30,employer,applicant_supplied,RECEIVED,true,true,false,customer_evidence,false,false,synthetic_data/applicant_documents/APP-000023/11_w2_BORR-000029.txt,tax_year|employer_name|annual_wages,employment|income
APP-000023-DOC-09,APP-000023,BORR-000029,employment_verification,2026-08-04,2026-08-04,employer,third_party,VERIFIED,true,true,false,authoritative_evidence,false,false,synthetic_data/applicant_documents/APP-000023/12_employment_verification_BORR-000029.txt,employer_name|employment_start_date|employment_status|position,employment|verifications
APP-000023-DOC-10,APP-000023,BORR-000028,bank_statement,2026-08-03,2026-08-05,financial_institution,applicant_supplied,RECEIVED,true,true,false,customer_evidence,false,false,synthetic_data/applicant_documents/APP-000023/20_bank_statement_01.txt,institution|account_masked|closing_balance|statement_period_end,assets|asset_transactions
APP-000023-DOC-11,APP-000023,BORR-000028,bank_statement,2026-08-03,2026-08-05,financial_institution,applicant_supplied,RECEIVED,true,true,false,customer_evidence,false,false,synthetic_data/applicant_documents/APP-000023/20_bank_statement_02.txt,institution|account_masked|closing_balance|statement_period_end,assets|asset_transactions
APP-000023-DOC-12,APP-000023,BORR-000028,asset_verification,2026-08-05,2026-08-06,financial_institution,third_party,VERIFIED,true,true,false,authoritative_evidence,false,false,synthetic_data/applicant_documents/APP-000023/21_asset_verification_03.txt,verified_balance|asset_type|institution,assets
APP-000023-DOC-13,APP-000023,BORR-000028,asset_verification,2026-08-05,2026-08-06,financial_institution,third_party,VERIFIED,true,true,false,authoritative_evidence,false,false,synthetic_data/applicant_documents/APP-000023/21_asset_verification_04.txt,verified_balance|asset_type|institution,assets
APP-000023-DOC-14,APP-000023,BORR-000028,payoff_statement,2026-08-08,2026-08-09,servicer,third_party,VERIFIED,true,true,false,authoritative_evidence,false,false,synthetic_data/applicant_documents/APP-000023/31_payoff_statement.txt,payoff_amount|ownership_start_date,loans|properties
APP-000023-DOC-15,APP-000023,,appraisal_report,2026-07-19,2026-07-22,appraiser,third_party,VERIFIED,true,true,false,authoritative_evidence,false,false,synthetic_data/applicant_documents/APP-000023/40_appraisal_report.txt,appraised_value|effective_date|condition_rating|property_type,appraisals|properties
APP-000023-DOC-16,APP-000023,,title_report,2026-08-06,2026-08-06,title_provider,third_party,VERIFIED,true,true,false,authoritative_evidence,false,false,synthetic_data/applicant_documents/APP-000023/41_title_report.txt,lien_position|exception_count|vesting,title_records|properties
APP-000023-DOC-17,APP-000023,BORR-000028,homeowner_insurance_evidence,2026-08-09,2026-08-10,insurer,third_party,VERIFIED,true,true,false,authoritative_evidence,false,false,synthetic_data/applicant_documents/APP-000023/42_homeowner_insurance_evidence.txt,coverage_amount|annual_premium|effective_date,insurance_records|properties
APP-000024-DOC-01,APP-000024,BORR-000030,loan_application_summary,2026-08-12,2026-08-12,applicant,applicant_supplied,RECEIVED,true,true,false,customer_evidence,false,false,synthetic_data/applicant_documents/APP-000024/01_loan_application_summary.txt,application_id|loan_purpose|requested_loan_amount|occupancy_type|declared_monthly_income,applications|loans|properties|income
APP-000024-DOC-02,APP-000024,BORR-000030,identity_verification_summary,2026-08-04,2026-08-04,third_party_provider,verification_service,VERIFIED,true,true,false,authoritative_evidence,false,false,synthetic_data/applicant_documents/APP-000024/02_identity_verification_summary.txt,identity_verification_status|verified_name|verified_date_of_birth,verifications|borrowers
APP-000024-DOC-03,APP-000024,BORR-000030,credit_report_summary,2026-07-22,2026-07-22,credit_bureau,third_party,VERIFIED,true,true,false,authoritative_evidence,false,false,synthetic_data/applicant_documents/APP-000024/03_credit_report_summary.txt,score_1|score_2|score_3|report_date|revolving_balance|revolving_limit|monthly_liability_payments,credit_profiles|credit_accounts|liabilities
APP-000024-DOC-04,APP-000024,BORR-000030,paystub,2026-08-01,2026-08-03,employer,applicant_supplied,RECEIVED,true,true,false,customer_evidence,false,false,synthetic_data/applicant_documents/APP-000024/10_paystub_BORR-000030.txt,employer_name|pay_period_end|gross_per_period|ytd_gross|pay_frequency,employment|income
APP-000024-DOC-05,APP-000024,BORR-000030,w2,2025-12-31,2026-07-30,employer,applicant_supplied,RECEIVED,true,true,false,customer_evidence,false,false,synthetic_data/applicant_documents/APP-000024/11_w2_BORR-000030.txt,tax_year|employer_name|annual_wages,employment|income
APP-000024-DOC-06,APP-000024,BORR-000030,employment_verification,2026-08-04,2026-08-04,employer,third_party,VERIFIED,true,true,false,authoritative_evidence,false,false,synthetic_data/applicant_documents/APP-000024/12_employment_verification_BORR-000030.txt,employer_name|employment_start_date|employment_status|position,employment|verifications
APP-000024-DOC-07,APP-000024,BORR-000030,bank_statement,2026-08-03,2026-08-05,financial_institution,applicant_supplied,RECEIVED,true,true,false,customer_evidence,false,false,synthetic_data/applicant_documents/APP-000024/20_bank_statement_01.txt,institution|account_masked|closing_balance|statement_period_end,assets|asset_transactions
APP-000024-DOC-08,APP-000024,BORR-000030,bank_statement,2026-08-03,2026-08-05,financial_institution,applicant_supplied,RECEIVED,true,true,false,customer_evidence,false,false,synthetic_data/applicant_documents/APP-000024/20_bank_statement_02.txt,institution|account_masked|closing_balance|statement_period_end,assets|asset_transactions
APP-000024-DOC-09,APP-000024,BORR-000030,asset_verification,2026-08-05,2026-08-06,financial_institution,third_party,VERIFIED,true,true,false,authoritative_evidence,false,false,synthetic_data/applicant_documents/APP-000024/21_asset_verification_03.txt,verified_balance|asset_type|institution,assets
APP-000024-DOC-10,APP-000024,BORR-000030,asset_verification,2026-08-05,2026-08-06,financial_institution,third_party,VERIFIED,true,true,false,authoritative_evidence,false,false,synthetic_data/applicant_documents/APP-000024/21_asset_verification_04.txt,verified_balance|asset_type|institution,assets
APP-000024-DOC-11,APP-000024,BORR-000030,payoff_statement,2026-08-08,2026-08-09,servicer,third_party,VERIFIED,true,true,false,authoritative_evidence,false,false,synthetic_data/applicant_documents/APP-000024/31_payoff_statement.txt,payoff_amount|ownership_start_date,loans|properties
APP-000024-DOC-12,APP-000024,,appraisal_report,2026-07-19,2026-07-22,appraiser,third_party,VERIFIED,true,true,false,authoritative_evidence,false,false,synthetic_data/applicant_documents/APP-000024/40_appraisal_report.txt,appraised_value|effective_date|condition_rating|property_type,appraisals|properties
APP-000024-DOC-13,APP-000024,,title_report,2026-08-06,2026-08-06,title_provider,third_party,VERIFIED,true,true,false,authoritative_evidence,false,false,synthetic_data/applicant_documents/APP-000024/41_title_report.txt,lien_position|exception_count|vesting,title_records|properties
APP-000024-DOC-14,APP-000024,BORR-000030,homeowner_insurance_evidence,2026-08-09,2026-08-10,insurer,third_party,VERIFIED,true,true,false,authoritative_evidence,false,false,synthetic_data/applicant_documents/APP-000024/42_homeowner_insurance_evidence.txt,coverage_amount|annual_premium|effective_date,insurance_records|properties
APP-000025-DOC-01,APP-000025,BORR-000031,loan_application_summary,2026-08-12,2026-08-12,applicant,applicant_supplied,RECEIVED,true,true,false,customer_evidence,false,false,synthetic_data/applicant_documents/APP-000025/01_loan_application_summary.txt,application_id|loan_purpose|requested_loan_amount|occupancy_type|declared_monthly_income,applications|loans|properties|income
APP-000025-DOC-02,APP-000025,BORR-000031,identity_verification_summary,2026-08-04,2026-08-04,third_party_provider,verification_service,VERIFIED,true,true,false,authoritative_evidence,false,false,synthetic_data/applicant_documents/APP-000025/02_identity_verification_summary.txt,identity_verification_status|verified_name|verified_date_of_birth,verifications|borrowers
APP-000025-DOC-03,APP-000025,BORR-000031,credit_report_summary,2026-07-22,2026-07-22,credit_bureau,third_party,VERIFIED,true,true,false,authoritative_evidence,false,false,synthetic_data/applicant_documents/APP-000025/03_credit_report_summary.txt,score_1|score_2|score_3|report_date|revolving_balance|revolving_limit|monthly_liability_payments,credit_profiles|credit_accounts|liabilities
APP-000025-DOC-04,APP-000025,BORR-000031,paystub,2026-08-01,2026-08-03,employer,applicant_supplied,RECEIVED,true,true,false,customer_evidence,false,false,synthetic_data/applicant_documents/APP-000025/10_paystub_BORR-000031.txt,employer_name|pay_period_end|gross_per_period|ytd_gross|pay_frequency,employment|income
APP-000025-DOC-05,APP-000025,BORR-000031,w2,2025-12-31,2026-07-30,employer,applicant_supplied,RECEIVED,true,true,false,customer_evidence,false,false,synthetic_data/applicant_documents/APP-000025/11_w2_BORR-000031.txt,tax_year|employer_name|annual_wages,employment|income
APP-000025-DOC-06,APP-000025,BORR-000031,employment_verification,2026-08-04,2026-08-04,employer,third_party,VERIFIED,true,true,false,authoritative_evidence,false,false,synthetic_data/applicant_documents/APP-000025/12_employment_verification_BORR-000031.txt,employer_name|employment_start_date|employment_status|position,employment|verifications
APP-000025-DOC-07,APP-000025,BORR-000031,bank_statement,2026-08-03,2026-08-05,financial_institution,applicant_supplied,RECEIVED,true,true,false,customer_evidence,false,false,synthetic_data/applicant_documents/APP-000025/20_bank_statement_01.txt,institution|account_masked|closing_balance|statement_period_end,assets|asset_transactions
APP-000025-DOC-08,APP-000025,BORR-000031,bank_statement,2026-08-03,2026-08-05,financial_institution,applicant_supplied,RECEIVED,true,true,false,customer_evidence,false,false,synthetic_data/applicant_documents/APP-000025/20_bank_statement_02.txt,institution|account_masked|closing_balance|statement_period_end,assets|asset_transactions
APP-000025-DOC-09,APP-000025,BORR-000031,asset_verification,2026-08-05,2026-08-06,financial_institution,third_party,VERIFIED,true,true,false,authoritative_evidence,false,false,synthetic_data/applicant_documents/APP-000025/21_asset_verification_03.txt,verified_balance|asset_type|institution,assets
APP-000025-DOC-10,APP-000025,BORR-000031,asset_verification,2026-08-05,2026-08-06,financial_institution,third_party,VERIFIED,true,true,false,authoritative_evidence,false,false,synthetic_data/applicant_documents/APP-000025/21_asset_verification_04.txt,verified_balance|asset_type|institution,assets
APP-000025-DOC-11,APP-000025,BORR-000031,gift_letter,2026-07-28,2026-07-30,donor,applicant_supplied,RECEIVED,true,true,false,customer_evidence,false,false,synthetic_data/applicant_documents/APP-000025/22_gift_letter.txt,gift_amount|donor_relationship|no_repayment_statement,assets
APP-000025-DOC-12,APP-000025,BORR-000031,purchase_agreement,2026-07-17,2026-07-19,settlement_parties,applicant_supplied,RECEIVED,true,true,false,customer_evidence,false,false,synthetic_data/applicant_documents/APP-000025/30_purchase_agreement.txt,purchase_price|contract_date|earnest_money|seller_credits,properties|loans
APP-000025-DOC-13,APP-000025,,appraisal_report,2026-07-19,2026-07-22,appraiser,third_party,VERIFIED,true,true,false,authoritative_evidence,false,false,synthetic_data/applicant_documents/APP-000025/40_appraisal_report.txt,appraised_value|effective_date|condition_rating|property_type,appraisals|properties
APP-000025-DOC-14,APP-000025,,title_report,2026-08-06,2026-08-06,title_provider,third_party,VERIFIED,true,true,false,authoritative_evidence,false,false,synthetic_data/applicant_documents/APP-000025/41_title_report.txt,lien_position|exception_count|vesting,title_records|properties
APP-000025-DOC-15,APP-000025,BORR-000031,homeowner_insurance_evidence,2026-08-09,2026-08-10,insurer,third_party,VERIFIED,true,true,false,authoritative_evidence,false,false,synthetic_data/applicant_documents/APP-000025/42_homeowner_insurance_evidence.txt,coverage_amount|annual_premium|effective_date,insurance_records|properties
APP-000026-DOC-01,APP-000026,BORR-000032,loan_application_summary,2026-08-12,2026-08-12,applicant,applicant_supplied,RECEIVED,true,true,false,customer_evidence,false,false,synthetic_data/applicant_documents/APP-000026/01_loan_application_summary.txt,application_id|loan_purpose|requested_loan_amount|occupancy_type|declared_monthly_income,applications|loans|properties|income
APP-000026-DOC-02,APP-000026,BORR-000032,identity_verification_summary,2026-08-04,2026-08-04,third_party_provider,verification_service,VERIFIED,true,true,false,authoritative_evidence,false,false,synthetic_data/applicant_documents/APP-000026/02_identity_verification_summary.txt,identity_verification_status|verified_name|verified_date_of_birth,verifications|borrowers
APP-000026-DOC-03,APP-000026,BORR-000032,credit_report_summary,2026-07-22,2026-07-22,credit_bureau,third_party,VERIFIED,true,true,false,authoritative_evidence,false,false,synthetic_data/applicant_documents/APP-000026/03_credit_report_summary.txt,score_1|score_2|score_3|report_date|revolving_balance|revolving_limit|monthly_liability_payments,credit_profiles|credit_accounts|liabilities
APP-000026-DOC-04,APP-000026,BORR-000032,paystub,2026-08-01,2026-08-03,employer,applicant_supplied,RECEIVED,true,true,false,customer_evidence,false,false,synthetic_data/applicant_documents/APP-000026/10_paystub_BORR-000032.txt,employer_name|pay_period_end|gross_per_period|ytd_gross|pay_frequency,employment|income
APP-000026-DOC-05,APP-000026,BORR-000032,w2,2025-12-31,2026-07-30,employer,applicant_supplied,RECEIVED,true,true,false,customer_evidence,false,false,synthetic_data/applicant_documents/APP-000026/11_w2_BORR-000032.txt,tax_year|employer_name|annual_wages,employment|income
APP-000026-DOC-06,APP-000026,BORR-000032,employment_verification,2026-08-04,2026-08-04,employer,third_party,VERIFIED,true,true,false,authoritative_evidence,false,false,synthetic_data/applicant_documents/APP-000026/12_employment_verification_BORR-000032.txt,employer_name|employment_start_date|employment_status|position,employment|verifications
APP-000026-DOC-07,APP-000026,BORR-000032,bank_statement,2026-08-03,2026-08-05,financial_institution,applicant_supplied,RECEIVED,true,true,false,customer_evidence,false,false,synthetic_data/applicant_documents/APP-000026/20_bank_statement_01.txt,institution|account_masked|closing_balance|statement_period_end,assets|asset_transactions
APP-000026-DOC-08,APP-000026,BORR-000032,bank_statement,2026-08-03,2026-08-05,financial_institution,applicant_supplied,RECEIVED,true,true,false,customer_evidence,false,false,synthetic_data/applicant_documents/APP-000026/20_bank_statement_02.txt,institution|account_masked|closing_balance|statement_period_end,assets|asset_transactions
APP-000026-DOC-09,APP-000026,BORR-000032,asset_verification,2026-08-05,2026-08-06,financial_institution,third_party,VERIFIED,true,true,false,authoritative_evidence,false,false,synthetic_data/applicant_documents/APP-000026/21_asset_verification_03.txt,verified_balance|asset_type|institution,assets
APP-000026-DOC-10,APP-000026,BORR-000032,asset_verification,2026-08-05,2026-08-06,financial_institution,third_party,VERIFIED,true,true,false,authoritative_evidence,false,false,synthetic_data/applicant_documents/APP-000026/21_asset_verification_04.txt,verified_balance|asset_type|institution,assets
APP-000026-DOC-11,APP-000026,BORR-000032,gift_letter,2026-07-28,2026-07-30,donor,applicant_supplied,RECEIVED,true,true,false,customer_evidence,false,false,synthetic_data/applicant_documents/APP-000026/22_gift_letter.txt,gift_amount|donor_relationship|no_repayment_statement,assets
APP-000026-DOC-12,APP-000026,BORR-000032,purchase_agreement,2026-07-17,2026-07-19,settlement_parties,applicant_supplied,RECEIVED,true,true,false,customer_evidence,false,false,synthetic_data/applicant_documents/APP-000026/30_purchase_agreement.txt,purchase_price|contract_date|earnest_money|seller_credits,properties|loans
APP-000026-DOC-13,APP-000026,,appraisal_report,2026-07-19,2026-07-22,appraiser,third_party,VERIFIED,true,true,false,authoritative_evidence,false,false,synthetic_data/applicant_documents/APP-000026/40_appraisal_report.txt,appraised_value|effective_date|condition_rating|property_type,appraisals|properties
APP-000026-DOC-14,APP-000026,,title_report,2026-08-06,2026-08-06,title_provider,third_party,VERIFIED,true,true,false,authoritative_evidence,false,false,synthetic_data/applicant_documents/APP-000026/41_title_report.txt,lien_position|exception_count|vesting,title_records|properties
APP-000026-DOC-15,APP-000026,BORR-000032,homeowner_insurance_evidence,2026-08-09,2026-08-10,insurer,third_party,VERIFIED,true,true,false,authoritative_evidence,false,false,synthetic_data/applicant_documents/APP-000026/42_homeowner_insurance_evidence.txt,coverage_amount|annual_premium|effective_date,insurance_records|properties
APP-000026-DOC-16,APP-000026,BORR-000032,letter_of_explanation,2026-08-09,2026-08-09,applicant,applicant_supplied,RECEIVED,true,true,false,customer_evidence,false,false,synthetic_data/applicant_documents/APP-000026/60_letter_of_explanation.txt,applicant_statement,conditions
APP-000026-DOC-17,APP-000026,BORR-000032,condition_response,2026-08-12,2026-08-12,lender,internal,OPEN,false,true,false,internal_record,false,false,synthetic_data/applicant_documents/APP-000026/70_condition_register.txt,open_condition_count|condition_rule_ids,conditions
APP-000027-DOC-01,APP-000027,BORR-000033,loan_application_summary,2026-08-12,2026-08-12,applicant,applicant_supplied,RECEIVED,true,true,false,customer_evidence,false,false,synthetic_data/applicant_documents/APP-000027/01_loan_application_summary.txt,application_id|loan_purpose|requested_loan_amount|occupancy_type|declared_monthly_income,applications|loans|properties|income
APP-000027-DOC-02,APP-000027,BORR-000033,identity_verification_summary,2026-08-04,2026-08-04,third_party_provider,verification_service,VERIFIED,true,true,false,authoritative_evidence,false,false,synthetic_data/applicant_documents/APP-000027/02_identity_verification_summary.txt,identity_verification_status|verified_name|verified_date_of_birth,verifications|borrowers
APP-000027-DOC-03,APP-000027,BORR-000033,credit_report_summary,2026-07-22,2026-07-22,credit_bureau,third_party,VERIFIED,true,true,false,authoritative_evidence,false,false,synthetic_data/applicant_documents/APP-000027/03_credit_report_summary.txt,score_1|score_2|score_3|report_date|revolving_balance|revolving_limit|monthly_liability_payments,credit_profiles|credit_accounts|liabilities
APP-000027-DOC-04,APP-000027,BORR-000033,paystub,2026-08-01,2026-08-03,employer,applicant_supplied,RECEIVED,true,true,false,customer_evidence,false,false,synthetic_data/applicant_documents/APP-000027/10_paystub_BORR-000033.txt,employer_name|pay_period_end|gross_per_period|ytd_gross|pay_frequency,employment|income
APP-000027-DOC-05,APP-000027,BORR-000033,w2,2025-12-31,2026-07-30,employer,applicant_supplied,RECEIVED,true,true,false,customer_evidence,false,false,synthetic_data/applicant_documents/APP-000027/11_w2_BORR-000033.txt,tax_year|employer_name|annual_wages,employment|income
APP-000027-DOC-06,APP-000027,BORR-000033,employment_verification,2026-08-04,2026-08-04,employer,third_party,VERIFIED,true,true,false,authoritative_evidence,false,false,synthetic_data/applicant_documents/APP-000027/12_employment_verification_BORR-000033.txt,employer_name|employment_start_date|employment_status|position,employment|verifications
APP-000027-DOC-07,APP-000027,BORR-000034,paystub,2026-08-01,2026-08-03,employer,applicant_supplied,RECEIVED,true,true,false,customer_evidence,false,false,synthetic_data/applicant_documents/APP-000027/10_paystub_BORR-000034.txt,employer_name|pay_period_end|gross_per_period|ytd_gross|pay_frequency,employment|income
APP-000027-DOC-08,APP-000027,BORR-000034,w2,2025-12-31,2026-07-30,employer,applicant_supplied,RECEIVED,true,true,false,customer_evidence,false,false,synthetic_data/applicant_documents/APP-000027/11_w2_BORR-000034.txt,tax_year|employer_name|annual_wages,employment|income
APP-000027-DOC-09,APP-000027,BORR-000034,employment_verification,2026-08-04,2026-08-04,employer,third_party,VERIFIED,true,true,false,authoritative_evidence,false,false,synthetic_data/applicant_documents/APP-000027/12_employment_verification_BORR-000034.txt,employer_name|employment_start_date|employment_status|position,employment|verifications
APP-000027-DOC-10,APP-000027,BORR-000033,bank_statement,2026-08-03,2026-08-05,financial_institution,applicant_supplied,RECEIVED,true,true,false,customer_evidence,false,false,synthetic_data/applicant_documents/APP-000027/20_bank_statement_01.txt,institution|account_masked|closing_balance|statement_period_end,assets|asset_transactions
APP-000027-DOC-11,APP-000027,BORR-000033,bank_statement,2026-08-03,2026-08-05,financial_institution,applicant_supplied,RECEIVED,true,true,false,customer_evidence,false,false,synthetic_data/applicant_documents/APP-000027/20_bank_statement_02.txt,institution|account_masked|closing_balance|statement_period_end,assets|asset_transactions
APP-000027-DOC-12,APP-000027,BORR-000033,asset_verification,2026-08-05,2026-08-06,financial_institution,third_party,VERIFIED,true,true,false,authoritative_evidence,false,false,synthetic_data/applicant_documents/APP-000027/21_asset_verification_03.txt,verified_balance|asset_type|institution,assets
APP-000027-DOC-13,APP-000027,BORR-000033,asset_verification,2026-08-05,2026-08-06,financial_institution,third_party,VERIFIED,true,true,false,authoritative_evidence,false,false,synthetic_data/applicant_documents/APP-000027/21_asset_verification_04.txt,verified_balance|asset_type|institution,assets
APP-000027-DOC-14,APP-000027,BORR-000033,purchase_agreement,2026-07-17,2026-07-19,settlement_parties,applicant_supplied,RECEIVED,true,true,false,customer_evidence,false,false,synthetic_data/applicant_documents/APP-000027/30_purchase_agreement.txt,purchase_price|contract_date|earnest_money|seller_credits,properties|loans
APP-000027-DOC-15,APP-000027,,appraisal_report,2026-07-19,2026-07-22,appraiser,third_party,VERIFIED,true,true,false,authoritative_evidence,false,false,synthetic_data/applicant_documents/APP-000027/40_appraisal_report.txt,appraised_value|effective_date|condition_rating|property_type,appraisals|properties
APP-000027-DOC-16,APP-000027,,title_report,2026-08-06,2026-08-06,title_provider,third_party,VERIFIED,true,true,false,authoritative_evidence,false,false,synthetic_data/applicant_documents/APP-000027/41_title_report.txt,lien_position|exception_count|vesting,title_records|properties
APP-000027-DOC-17,APP-000027,BORR-000033,homeowner_insurance_evidence,2026-08-09,2026-08-10,insurer,third_party,VERIFIED,true,true,false,authoritative_evidence,false,false,synthetic_data/applicant_documents/APP-000027/42_homeowner_insurance_evidence.txt,coverage_amount|annual_premium|effective_date,insurance_records|properties
APP-000028-DOC-01,APP-000028,BORR-000035,loan_application_summary,2026-08-12,2026-08-12,applicant,applicant_supplied,RECEIVED,true,true,false,customer_evidence,false,false,synthetic_data/applicant_documents/APP-000028/01_loan_application_summary.txt,application_id|loan_purpose|requested_loan_amount|occupancy_type|declared_monthly_income,applications|loans|properties|income
APP-000028-DOC-02,APP-000028,BORR-000035,identity_verification_summary,2026-08-04,2026-08-04,third_party_provider,verification_service,VERIFIED,true,true,false,authoritative_evidence,false,false,synthetic_data/applicant_documents/APP-000028/02_identity_verification_summary.txt,identity_verification_status|verified_name|verified_date_of_birth,verifications|borrowers
APP-000028-DOC-03,APP-000028,BORR-000035,credit_report_summary,2026-07-22,2026-07-22,credit_bureau,third_party,VERIFIED,true,true,false,authoritative_evidence,false,false,synthetic_data/applicant_documents/APP-000028/03_credit_report_summary.txt,score_1|score_2|score_3|report_date|revolving_balance|revolving_limit|monthly_liability_payments,credit_profiles|credit_accounts|liabilities
APP-000028-DOC-04,APP-000028,BORR-000035,paystub,2026-08-01,2026-08-03,employer,applicant_supplied,RECEIVED,true,true,false,customer_evidence,false,false,synthetic_data/applicant_documents/APP-000028/10_paystub_BORR-000035.txt,employer_name|pay_period_end|gross_per_period|ytd_gross|pay_frequency,employment|income
APP-000028-DOC-05,APP-000028,BORR-000035,w2,2025-12-31,2026-07-30,employer,applicant_supplied,RECEIVED,true,true,false,customer_evidence,false,false,synthetic_data/applicant_documents/APP-000028/11_w2_BORR-000035.txt,tax_year|employer_name|annual_wages,employment|income
APP-000028-DOC-06,APP-000028,BORR-000035,employment_verification,2026-08-04,2026-08-04,employer,third_party,VERIFIED,true,true,false,authoritative_evidence,false,false,synthetic_data/applicant_documents/APP-000028/12_employment_verification_BORR-000035.txt,employer_name|employment_start_date|employment_status|position,employment|verifications
APP-000028-DOC-07,APP-000028,BORR-000035,bank_statement,2026-08-03,2026-08-05,financial_institution,applicant_supplied,RECEIVED,true,true,false,customer_evidence,false,false,synthetic_data/applicant_documents/APP-000028/20_bank_statement_01.txt,institution|account_masked|closing_balance|statement_period_end,assets|asset_transactions
APP-000028-DOC-08,APP-000028,BORR-000035,bank_statement,2026-08-03,2026-08-05,financial_institution,applicant_supplied,RECEIVED,true,true,false,customer_evidence,false,false,synthetic_data/applicant_documents/APP-000028/20_bank_statement_02.txt,institution|account_masked|closing_balance|statement_period_end,assets|asset_transactions
APP-000028-DOC-09,APP-000028,BORR-000035,asset_verification,2026-08-05,2026-08-06,financial_institution,third_party,VERIFIED,true,true,false,authoritative_evidence,false,false,synthetic_data/applicant_documents/APP-000028/21_asset_verification_03.txt,verified_balance|asset_type|institution,assets
APP-000028-DOC-10,APP-000028,BORR-000035,asset_verification,2026-08-05,2026-08-06,financial_institution,third_party,VERIFIED,true,true,false,authoritative_evidence,false,false,synthetic_data/applicant_documents/APP-000028/21_asset_verification_04.txt,verified_balance|asset_type|institution,assets
APP-000028-DOC-11,APP-000028,BORR-000035,purchase_agreement,2026-07-17,2026-07-19,settlement_parties,applicant_supplied,RECEIVED,true,true,false,customer_evidence,false,false,synthetic_data/applicant_documents/APP-000028/30_purchase_agreement.txt,purchase_price|contract_date|earnest_money|seller_credits,properties|loans
APP-000028-DOC-12,APP-000028,,appraisal_report,2026-07-19,2026-07-22,appraiser,third_party,VERIFIED,true,true,false,authoritative_evidence,false,false,synthetic_data/applicant_documents/APP-000028/40_appraisal_report.txt,appraised_value|effective_date|condition_rating|property_type,appraisals|properties
APP-000028-DOC-13,APP-000028,,title_report,2026-08-06,2026-08-06,title_provider,third_party,VERIFIED,true,true,false,authoritative_evidence,false,false,synthetic_data/applicant_documents/APP-000028/41_title_report.txt,lien_position|exception_count|vesting,title_records|properties
APP-000028-DOC-14,APP-000028,BORR-000035,homeowner_insurance_evidence,2026-08-09,2026-08-10,insurer,third_party,VERIFIED,true,true,false,authoritative_evidence,false,false,synthetic_data/applicant_documents/APP-000028/42_homeowner_insurance_evidence.txt,coverage_amount|annual_premium|effective_date,insurance_records|properties
APP-000029-DOC-01,APP-000029,BORR-000036,loan_application_summary,2026-08-12,2026-08-12,applicant,applicant_supplied,RECEIVED,true,true,false,customer_evidence,false,false,synthetic_data/applicant_documents/APP-000029/01_loan_application_summary.txt,application_id|loan_purpose|requested_loan_amount|occupancy_type|declared_monthly_income,applications|loans|properties|income
APP-000029-DOC-02,APP-000029,BORR-000036,identity_verification_summary,2026-08-04,2026-08-04,third_party_provider,verification_service,VERIFIED,true,true,false,authoritative_evidence,false,false,synthetic_data/applicant_documents/APP-000029/02_identity_verification_summary.txt,identity_verification_status|verified_name|verified_date_of_birth,verifications|borrowers
APP-000029-DOC-03,APP-000029,BORR-000036,credit_report_summary,2026-07-22,2026-07-22,credit_bureau,third_party,VERIFIED,true,true,false,authoritative_evidence,false,false,synthetic_data/applicant_documents/APP-000029/03_credit_report_summary.txt,score_1|score_2|score_3|report_date|revolving_balance|revolving_limit|monthly_liability_payments,credit_profiles|credit_accounts|liabilities
APP-000029-DOC-04,APP-000029,BORR-000036,paystub,2026-08-01,2026-08-03,employer,applicant_supplied,RECEIVED,true,true,false,customer_evidence,false,false,synthetic_data/applicant_documents/APP-000029/10_paystub_BORR-000036.txt,employer_name|pay_period_end|gross_per_period|ytd_gross|pay_frequency,employment|income
APP-000029-DOC-05,APP-000029,BORR-000036,w2,2025-12-31,2026-07-30,employer,applicant_supplied,RECEIVED,true,true,false,customer_evidence,false,false,synthetic_data/applicant_documents/APP-000029/11_w2_BORR-000036.txt,tax_year|employer_name|annual_wages,employment|income
APP-000029-DOC-06,APP-000029,BORR-000036,employment_verification,2026-08-04,2026-08-04,employer,third_party,VERIFIED,true,true,false,authoritative_evidence,false,false,synthetic_data/applicant_documents/APP-000029/12_employment_verification_BORR-000036.txt,employer_name|employment_start_date|employment_status|position,employment|verifications
APP-000029-DOC-07,APP-000029,BORR-000036,bank_statement,2026-08-03,2026-08-05,financial_institution,applicant_supplied,RECEIVED,true,true,false,customer_evidence,false,false,synthetic_data/applicant_documents/APP-000029/20_bank_statement_01.txt,institution|account_masked|closing_balance|statement_period_end,assets|asset_transactions
APP-000029-DOC-08,APP-000029,BORR-000036,bank_statement,2026-08-03,2026-08-05,financial_institution,applicant_supplied,RECEIVED,true,true,false,customer_evidence,false,false,synthetic_data/applicant_documents/APP-000029/20_bank_statement_02.txt,institution|account_masked|closing_balance|statement_period_end,assets|asset_transactions
APP-000029-DOC-09,APP-000029,BORR-000036,asset_verification,2026-08-05,2026-08-06,financial_institution,third_party,VERIFIED,true,true,false,authoritative_evidence,false,false,synthetic_data/applicant_documents/APP-000029/21_asset_verification_03.txt,verified_balance|asset_type|institution,assets
APP-000029-DOC-10,APP-000029,BORR-000036,asset_verification,2026-08-05,2026-08-06,financial_institution,third_party,VERIFIED,true,true,false,authoritative_evidence,false,false,synthetic_data/applicant_documents/APP-000029/21_asset_verification_04.txt,verified_balance|asset_type|institution,assets
APP-000029-DOC-11,APP-000029,BORR-000036,purchase_agreement,2026-07-17,2026-07-19,settlement_parties,applicant_supplied,RECEIVED,true,true,false,customer_evidence,false,false,synthetic_data/applicant_documents/APP-000029/30_purchase_agreement.txt,purchase_price|contract_date|earnest_money|seller_credits,properties|loans
APP-000029-DOC-12,APP-000029,,appraisal_report,2026-07-19,2026-07-22,appraiser,third_party,VERIFIED,true,true,false,authoritative_evidence,false,false,synthetic_data/applicant_documents/APP-000029/40_appraisal_report.txt,appraised_value|effective_date|condition_rating|property_type,appraisals|properties
APP-000029-DOC-13,APP-000029,,title_report,2026-08-06,2026-08-06,title_provider,third_party,VERIFIED,true,true,false,authoritative_evidence,false,false,synthetic_data/applicant_documents/APP-000029/41_title_report.txt,lien_position|exception_count|vesting,title_records|properties
APP-000029-DOC-14,APP-000029,BORR-000036,homeowner_insurance_evidence,2026-08-09,2026-08-10,insurer,third_party,VERIFIED,true,true,false,authoritative_evidence,false,false,synthetic_data/applicant_documents/APP-000029/42_homeowner_insurance_evidence.txt,coverage_amount|annual_premium|effective_date,insurance_records|properties
APP-000030-DOC-01,APP-000030,BORR-000037,loan_application_summary,2026-08-12,2026-08-12,applicant,applicant_supplied,RECEIVED,true,true,false,customer_evidence,false,false,synthetic_data/applicant_documents/APP-000030/01_loan_application_summary.txt,application_id|loan_purpose|requested_loan_amount|occupancy_type|declared_monthly_income,applications|loans|properties|income
APP-000030-DOC-02,APP-000030,BORR-000037,identity_verification_summary,2026-08-04,2026-08-04,third_party_provider,verification_service,VERIFIED,true,true,false,authoritative_evidence,false,false,synthetic_data/applicant_documents/APP-000030/02_identity_verification_summary.txt,identity_verification_status|verified_name|verified_date_of_birth,verifications|borrowers
APP-000030-DOC-03,APP-000030,BORR-000037,credit_report_summary,2026-07-22,2026-07-22,credit_bureau,third_party,VERIFIED,true,true,false,authoritative_evidence,false,false,synthetic_data/applicant_documents/APP-000030/03_credit_report_summary.txt,score_1|score_2|score_3|report_date|revolving_balance|revolving_limit|monthly_liability_payments,credit_profiles|credit_accounts|liabilities
APP-000030-DOC-04,APP-000030,BORR-000037,paystub,2026-08-01,2026-08-03,employer,applicant_supplied,RECEIVED,true,true,false,customer_evidence,false,false,synthetic_data/applicant_documents/APP-000030/10_paystub_BORR-000037.txt,employer_name|pay_period_end|gross_per_period|ytd_gross|pay_frequency,employment|income
APP-000030-DOC-05,APP-000030,BORR-000037,w2,2025-12-31,2026-07-30,employer,applicant_supplied,RECEIVED,true,true,false,customer_evidence,false,false,synthetic_data/applicant_documents/APP-000030/11_w2_BORR-000037.txt,tax_year|employer_name|annual_wages,employment|income
APP-000030-DOC-06,APP-000030,BORR-000037,employment_verification,2026-08-04,2026-08-04,employer,third_party,VERIFIED,true,true,false,authoritative_evidence,false,false,synthetic_data/applicant_documents/APP-000030/12_employment_verification_BORR-000037.txt,employer_name|employment_start_date|employment_status|position,employment|verifications
APP-000030-DOC-07,APP-000030,BORR-000037,bank_statement,2026-08-03,2026-08-05,financial_institution,applicant_supplied,RECEIVED,true,true,false,customer_evidence,false,false,synthetic_data/applicant_documents/APP-000030/20_bank_statement_01.txt,institution|account_masked|closing_balance|statement_period_end,assets|asset_transactions
APP-000030-DOC-08,APP-000030,BORR-000037,bank_statement,2026-08-03,2026-08-05,financial_institution,applicant_supplied,RECEIVED,true,true,false,customer_evidence,false,false,synthetic_data/applicant_documents/APP-000030/20_bank_statement_02.txt,institution|account_masked|closing_balance|statement_period_end,assets|asset_transactions
APP-000030-DOC-09,APP-000030,BORR-000037,asset_verification,2026-08-05,2026-08-06,financial_institution,third_party,VERIFIED,true,true,false,authoritative_evidence,false,false,synthetic_data/applicant_documents/APP-000030/21_asset_verification_03.txt,verified_balance|asset_type|institution,assets
APP-000030-DOC-10,APP-000030,BORR-000037,asset_verification,2026-08-05,2026-08-06,financial_institution,third_party,VERIFIED,true,true,false,authoritative_evidence,false,false,synthetic_data/applicant_documents/APP-000030/21_asset_verification_04.txt,verified_balance|asset_type|institution,assets
APP-000030-DOC-11,APP-000030,BORR-000037,purchase_agreement,2026-07-17,2026-07-19,settlement_parties,applicant_supplied,RECEIVED,true,true,false,customer_evidence,false,false,synthetic_data/applicant_documents/APP-000030/30_purchase_agreement.txt,purchase_price|contract_date|earnest_money|seller_credits,properties|loans
APP-000030-DOC-12,APP-000030,,appraisal_report,2026-07-19,2026-07-22,appraiser,third_party,VERIFIED,true,true,false,authoritative_evidence,false,false,synthetic_data/applicant_documents/APP-000030/40_appraisal_report.txt,appraised_value|effective_date|condition_rating|property_type,appraisals|properties
APP-000030-DOC-13,APP-000030,,title_report,2026-08-06,2026-08-06,title_provider,third_party,VERIFIED,true,true,false,authoritative_evidence,false,false,synthetic_data/applicant_documents/APP-000030/41_title_report.txt,lien_position|exception_count|vesting,title_records|properties
APP-000030-DOC-14,APP-000030,BORR-000037,homeowner_insurance_evidence,2026-08-09,2026-08-10,insurer,third_party,VERIFIED,true,true,false,authoritative_evidence,false,false,synthetic_data/applicant_documents/APP-000030/42_homeowner_insurance_evidence.txt,coverage_amount|annual_premium|effective_date,insurance_records|properties
APP-000031-DOC-01,APP-000031,BORR-000038,loan_application_summary,2026-08-12,2026-08-12,applicant,applicant_supplied,RECEIVED,true,true,false,customer_evidence,false,false,synthetic_data/applicant_documents/APP-000031/01_loan_application_summary.txt,application_id|loan_purpose|requested_loan_amount|occupancy_type|declared_monthly_income,applications|loans|properties|income
APP-000031-DOC-02,APP-000031,BORR-000038,identity_verification_summary,2026-08-04,2026-08-04,third_party_provider,verification_service,VERIFIED,true,true,false,authoritative_evidence,false,false,synthetic_data/applicant_documents/APP-000031/02_identity_verification_summary.txt,identity_verification_status|verified_name|verified_date_of_birth,verifications|borrowers
APP-000031-DOC-03,APP-000031,BORR-000038,credit_report_summary,2026-07-22,2026-07-22,credit_bureau,third_party,VERIFIED,true,true,false,authoritative_evidence,false,false,synthetic_data/applicant_documents/APP-000031/03_credit_report_summary.txt,score_1|score_2|score_3|report_date|revolving_balance|revolving_limit|monthly_liability_payments,credit_profiles|credit_accounts|liabilities
APP-000031-DOC-04,APP-000031,BORR-000038,paystub,2026-08-01,2026-08-03,employer,applicant_supplied,RECEIVED,true,true,false,customer_evidence,false,false,synthetic_data/applicant_documents/APP-000031/10_paystub_BORR-000038.txt,employer_name|pay_period_end|gross_per_period|ytd_gross|pay_frequency,employment|income
APP-000031-DOC-05,APP-000031,BORR-000038,w2,2025-12-31,2026-07-30,employer,applicant_supplied,RECEIVED,true,true,false,customer_evidence,false,false,synthetic_data/applicant_documents/APP-000031/11_w2_BORR-000038.txt,tax_year|employer_name|annual_wages,employment|income
APP-000031-DOC-06,APP-000031,BORR-000038,employment_verification,2026-08-04,2026-08-04,employer,third_party,VERIFIED,true,true,false,authoritative_evidence,false,false,synthetic_data/applicant_documents/APP-000031/12_employment_verification_BORR-000038.txt,employer_name|employment_start_date|employment_status|position,employment|verifications
APP-000031-DOC-07,APP-000031,BORR-000038,bank_statement,2026-08-03,2026-08-05,financial_institution,applicant_supplied,RECEIVED,true,true,false,customer_evidence,false,false,synthetic_data/applicant_documents/APP-000031/20_bank_statement_01.txt,institution|account_masked|closing_balance|statement_period_end,assets|asset_transactions
APP-000031-DOC-08,APP-000031,BORR-000038,bank_statement,2026-08-03,2026-08-05,financial_institution,applicant_supplied,RECEIVED,true,true,false,customer_evidence,false,false,synthetic_data/applicant_documents/APP-000031/20_bank_statement_02.txt,institution|account_masked|closing_balance|statement_period_end,assets|asset_transactions
APP-000031-DOC-09,APP-000031,BORR-000038,asset_verification,2026-08-05,2026-08-06,financial_institution,third_party,VERIFIED,true,true,false,authoritative_evidence,false,false,synthetic_data/applicant_documents/APP-000031/21_asset_verification_03.txt,verified_balance|asset_type|institution,assets
APP-000031-DOC-10,APP-000031,BORR-000038,asset_verification,2026-08-05,2026-08-06,financial_institution,third_party,VERIFIED,true,true,false,authoritative_evidence,false,false,synthetic_data/applicant_documents/APP-000031/21_asset_verification_04.txt,verified_balance|asset_type|institution,assets
APP-000031-DOC-11,APP-000031,BORR-000038,purchase_agreement,2026-07-17,2026-07-19,settlement_parties,applicant_supplied,RECEIVED,true,true,false,customer_evidence,false,false,synthetic_data/applicant_documents/APP-000031/30_purchase_agreement.txt,purchase_price|contract_date|earnest_money|seller_credits,properties|loans
APP-000031-DOC-12,APP-000031,,appraisal_report,2026-07-19,2026-07-22,appraiser,third_party,VERIFIED,true,true,false,authoritative_evidence,false,false,synthetic_data/applicant_documents/APP-000031/40_appraisal_report.txt,appraised_value|effective_date|condition_rating|property_type,appraisals|properties
APP-000031-DOC-13,APP-000031,,title_report,2026-08-06,2026-08-06,title_provider,third_party,VERIFIED,true,true,false,authoritative_evidence,false,false,synthetic_data/applicant_documents/APP-000031/41_title_report.txt,lien_position|exception_count|vesting,title_records|properties
APP-000031-DOC-14,APP-000031,BORR-000038,homeowner_insurance_evidence,2026-08-09,2026-08-10,insurer,third_party,VERIFIED,true,true,false,authoritative_evidence,false,false,synthetic_data/applicant_documents/APP-000031/42_homeowner_insurance_evidence.txt,coverage_amount|annual_premium|effective_date,insurance_records|properties
APP-000031-DOC-15,APP-000031,BORR-000038,letter_of_explanation,2026-08-09,2026-08-09,applicant,applicant_supplied,RECEIVED,true,true,false,customer_evidence,false,false,synthetic_data/applicant_documents/APP-000031/60_letter_of_explanation.txt,applicant_statement,conditions
APP-000031-DOC-16,APP-000031,BORR-000038,condition_response,2026-08-12,2026-08-12,lender,internal,OPEN,false,true,false,internal_record,false,false,synthetic_data/applicant_documents/APP-000031/70_condition_register.txt,open_condition_count|condition_rule_ids,conditions
APP-000032-DOC-01,APP-000032,BORR-000039,loan_application_summary,2026-08-12,2026-08-12,applicant,applicant_supplied,RECEIVED,true,true,false,customer_evidence,false,false,synthetic_data/applicant_documents/APP-000032/01_loan_application_summary.txt,application_id|loan_purpose|requested_loan_amount|occupancy_type|declared_monthly_income,applications|loans|properties|income
APP-000032-DOC-02,APP-000032,BORR-000039,identity_verification_summary,2026-08-04,2026-08-04,third_party_provider,verification_service,VERIFIED,true,true,false,authoritative_evidence,false,false,synthetic_data/applicant_documents/APP-000032/02_identity_verification_summary.txt,identity_verification_status|verified_name|verified_date_of_birth,verifications|borrowers
APP-000032-DOC-03,APP-000032,BORR-000039,credit_report_summary,2026-07-22,2026-07-22,credit_bureau,third_party,VERIFIED,true,true,false,authoritative_evidence,false,false,synthetic_data/applicant_documents/APP-000032/03_credit_report_summary.txt,score_1|score_2|score_3|report_date|revolving_balance|revolving_limit|monthly_liability_payments,credit_profiles|credit_accounts|liabilities
APP-000032-DOC-04,APP-000032,BORR-000039,paystub,2026-08-01,2026-08-03,employer,applicant_supplied,RECEIVED,true,true,false,customer_evidence,false,false,synthetic_data/applicant_documents/APP-000032/10_paystub_BORR-000039.txt,employer_name|pay_period_end|gross_per_period|ytd_gross|pay_frequency,employment|income
APP-000032-DOC-05,APP-000032,BORR-000039,w2,2025-12-31,2026-07-30,employer,applicant_supplied,RECEIVED,true,true,false,customer_evidence,false,false,synthetic_data/applicant_documents/APP-000032/11_w2_BORR-000039.txt,tax_year|employer_name|annual_wages,employment|income
APP-000032-DOC-06,APP-000032,BORR-000039,employment_verification,2026-08-04,2026-08-04,employer,third_party,VERIFIED,true,true,false,authoritative_evidence,false,false,synthetic_data/applicant_documents/APP-000032/12_employment_verification_BORR-000039.txt,employer_name|employment_start_date|employment_status|position,employment|verifications
APP-000032-DOC-07,APP-000032,BORR-000039,bank_statement,2026-08-03,2026-08-05,financial_institution,applicant_supplied,RECEIVED,true,true,false,customer_evidence,false,false,synthetic_data/applicant_documents/APP-000032/20_bank_statement_01.txt,institution|account_masked|closing_balance|statement_period_end,assets|asset_transactions
APP-000032-DOC-08,APP-000032,BORR-000039,bank_statement,2026-08-03,2026-08-05,financial_institution,applicant_supplied,RECEIVED,true,true,false,customer_evidence,false,false,synthetic_data/applicant_documents/APP-000032/20_bank_statement_02.txt,institution|account_masked|closing_balance|statement_period_end,assets|asset_transactions
APP-000032-DOC-09,APP-000032,BORR-000039,asset_verification,2026-08-05,2026-08-06,financial_institution,third_party,VERIFIED,true,true,false,authoritative_evidence,false,false,synthetic_data/applicant_documents/APP-000032/21_asset_verification_03.txt,verified_balance|asset_type|institution,assets
APP-000032-DOC-10,APP-000032,BORR-000039,asset_verification,2026-08-05,2026-08-06,financial_institution,third_party,VERIFIED,true,true,false,authoritative_evidence,false,false,synthetic_data/applicant_documents/APP-000032/21_asset_verification_04.txt,verified_balance|asset_type|institution,assets
APP-000032-DOC-11,APP-000032,BORR-000039,purchase_agreement,2026-07-17,2026-07-19,settlement_parties,applicant_supplied,RECEIVED,true,true,false,customer_evidence,false,false,synthetic_data/applicant_documents/APP-000032/30_purchase_agreement.txt,purchase_price|contract_date|earnest_money|seller_credits,properties|loans
APP-000032-DOC-12,APP-000032,,appraisal_report,2026-07-19,2026-07-22,appraiser,third_party,VERIFIED,true,true,false,authoritative_evidence,false,false,synthetic_data/applicant_documents/APP-000032/40_appraisal_report.txt,appraised_value|effective_date|condition_rating|property_type,appraisals|properties
APP-000032-DOC-13,APP-000032,,title_report,2026-08-06,2026-08-06,title_provider,third_party,VERIFIED,true,true,false,authoritative_evidence,false,false,synthetic_data/applicant_documents/APP-000032/41_title_report.txt,lien_position|exception_count|vesting,title_records|properties
APP-000032-DOC-14,APP-000032,BORR-000039,homeowner_insurance_evidence,2026-08-09,2026-08-10,insurer,third_party,VERIFIED,true,true,false,authoritative_evidence,false,false,synthetic_data/applicant_documents/APP-000032/42_homeowner_insurance_evidence.txt,coverage_amount|annual_premium|effective_date,insurance_records|properties
APP-000032-DOC-15,APP-000032,BORR-000039,letter_of_explanation,2026-08-09,2026-08-09,applicant,applicant_supplied,RECEIVED,true,true,false,customer_evidence,false,false,synthetic_data/applicant_documents/APP-000032/60_letter_of_explanation.txt,applicant_statement,conditions
APP-000032-DOC-16,APP-000032,BORR-000039,condition_response,2026-08-12,2026-08-12,lender,internal,OPEN,false,true,false,internal_record,false,false,synthetic_data/applicant_documents/APP-000032/70_condition_register.txt,open_condition_count|condition_rule_ids,conditions
APP-000033-DOC-01,APP-000033,BORR-000040,loan_application_summary,2026-09-04,2026-09-04,applicant,applicant_supplied,RECEIVED,true,true,false,customer_evidence,false,false,synthetic_data/applicant_documents/APP-000033/01_loan_application_summary.txt,application_id|loan_purpose|requested_loan_amount|occupancy_type|declared_monthly_income,applications|loans|properties|income
APP-000033-DOC-02,APP-000033,BORR-000040,identity_verification_summary,2026-08-27,2026-08-27,third_party_provider,verification_service,VERIFIED,true,true,false,authoritative_evidence,false,false,synthetic_data/applicant_documents/APP-000033/02_identity_verification_summary.txt,identity_verification_status|verified_name|verified_date_of_birth,verifications|borrowers
APP-000033-DOC-03,APP-000033,BORR-000040,credit_report_summary,2026-08-14,2026-08-14,credit_bureau,third_party,VERIFIED,true,true,false,authoritative_evidence,false,false,synthetic_data/applicant_documents/APP-000033/03_credit_report_summary.txt,score_1|score_2|score_3|report_date|revolving_balance|revolving_limit|monthly_liability_payments,credit_profiles|credit_accounts|liabilities
APP-000033-DOC-04,APP-000033,BORR-000040,paystub,2026-08-24,2026-08-26,employer,applicant_supplied,RECEIVED,true,true,false,customer_evidence,false,false,synthetic_data/applicant_documents/APP-000033/10_paystub_BORR-000040.txt,employer_name|pay_period_end|gross_per_period|ytd_gross|pay_frequency,employment|income
APP-000033-DOC-05,APP-000033,BORR-000040,w2,2025-12-31,2026-08-22,employer,applicant_supplied,RECEIVED,true,true,false,customer_evidence,false,false,synthetic_data/applicant_documents/APP-000033/11_w2_BORR-000040.txt,tax_year|employer_name|annual_wages,employment|income
APP-000033-DOC-06,APP-000033,BORR-000040,employment_verification,2026-08-27,2026-08-27,employer,third_party,VERIFIED,true,true,false,authoritative_evidence,false,false,synthetic_data/applicant_documents/APP-000033/12_employment_verification_BORR-000040.txt,employer_name|employment_start_date|employment_status|position,employment|verifications
APP-000033-DOC-07,APP-000033,BORR-000040,bank_statement,2026-08-26,2026-08-28,financial_institution,applicant_supplied,RECEIVED,true,true,false,customer_evidence,false,false,synthetic_data/applicant_documents/APP-000033/20_bank_statement_01.txt,institution|account_masked|closing_balance|statement_period_end,assets|asset_transactions
APP-000033-DOC-08,APP-000033,BORR-000040,bank_statement,2026-08-26,2026-08-28,financial_institution,applicant_supplied,RECEIVED,true,true,false,customer_evidence,false,false,synthetic_data/applicant_documents/APP-000033/20_bank_statement_02.txt,institution|account_masked|closing_balance|statement_period_end,assets|asset_transactions
APP-000033-DOC-09,APP-000033,BORR-000040,asset_verification,2026-08-28,2026-08-29,financial_institution,third_party,VERIFIED,true,true,false,authoritative_evidence,false,false,synthetic_data/applicant_documents/APP-000033/21_asset_verification_03.txt,verified_balance|asset_type|institution,assets
APP-000033-DOC-10,APP-000033,BORR-000040,asset_verification,2026-08-28,2026-08-29,financial_institution,third_party,VERIFIED,true,true,false,authoritative_evidence,false,false,synthetic_data/applicant_documents/APP-000033/21_asset_verification_04.txt,verified_balance|asset_type|institution,assets
APP-000033-DOC-11,APP-000033,BORR-000040,purchase_agreement,2026-08-09,2026-08-11,settlement_parties,applicant_supplied,RECEIVED,true,true,false,customer_evidence,false,false,synthetic_data/applicant_documents/APP-000033/30_purchase_agreement.txt,purchase_price|contract_date|earnest_money|seller_credits,properties|loans
APP-000033-DOC-12,APP-000033,,appraisal_report,2026-08-11,2026-08-14,appraiser,third_party,VERIFIED,true,true,false,authoritative_evidence,false,false,synthetic_data/applicant_documents/APP-000033/40_appraisal_report.txt,appraised_value|effective_date|condition_rating|property_type,appraisals|properties
APP-000033-DOC-13,APP-000033,,title_report,2026-08-29,2026-08-29,title_provider,third_party,VERIFIED,true,true,false,authoritative_evidence,false,false,synthetic_data/applicant_documents/APP-000033/41_title_report.txt,lien_position|exception_count|vesting,title_records|properties
APP-000033-DOC-14,APP-000033,BORR-000040,homeowner_insurance_evidence,2026-09-01,2026-09-02,insurer,third_party,VERIFIED,true,true,false,authoritative_evidence,false,false,synthetic_data/applicant_documents/APP-000033/42_homeowner_insurance_evidence.txt,coverage_amount|annual_premium|effective_date,insurance_records|properties
APP-000033-DOC-15,APP-000033,BORR-000040,letter_of_explanation,2026-09-01,2026-09-01,applicant,applicant_supplied,RECEIVED,true,true,false,customer_evidence,false,false,synthetic_data/applicant_documents/APP-000033/60_letter_of_explanation.txt,applicant_statement,conditions
APP-000033-DOC-16,APP-000033,BORR-000040,condition_response,2026-09-04,2026-09-04,lender,internal,OPEN,false,true,false,internal_record,false,false,synthetic_data/applicant_documents/APP-000033/70_condition_register.txt,open_condition_count|condition_rule_ids,conditions
APP-000034-DOC-01,APP-000034,BORR-000041,loan_application_summary,2026-08-12,2026-08-12,applicant,applicant_supplied,RECEIVED,true,true,false,customer_evidence,false,false,synthetic_data/applicant_documents/APP-000034/01_loan_application_summary.txt,application_id|loan_purpose|requested_loan_amount|occupancy_type|declared_monthly_income,applications|loans|properties|income
APP-000034-DOC-02,APP-000034,BORR-000041,identity_verification_summary,2026-08-04,2026-08-04,third_party_provider,verification_service,VERIFIED,true,true,false,authoritative_evidence,false,false,synthetic_data/applicant_documents/APP-000034/02_identity_verification_summary.txt,identity_verification_status|verified_name|verified_date_of_birth,verifications|borrowers
APP-000034-DOC-03,APP-000034,BORR-000041,credit_report_summary,2026-07-22,2026-07-22,credit_bureau,third_party,VERIFIED,true,true,false,authoritative_evidence,false,false,synthetic_data/applicant_documents/APP-000034/03_credit_report_summary.txt,score_1|score_2|score_3|report_date|revolving_balance|revolving_limit|monthly_liability_payments,credit_profiles|credit_accounts|liabilities
APP-000034-DOC-04,APP-000034,BORR-000041,paystub,2026-08-01,2026-08-03,employer,applicant_supplied,RECEIVED,true,true,false,customer_evidence,false,false,synthetic_data/applicant_documents/APP-000034/10_paystub_BORR-000041.txt,employer_name|pay_period_end|gross_per_period|ytd_gross|pay_frequency,employment|income
APP-000034-DOC-05,APP-000034,BORR-000041,w2,2025-12-31,2026-07-30,employer,applicant_supplied,RECEIVED,true,true,false,customer_evidence,false,false,synthetic_data/applicant_documents/APP-000034/11_w2_BORR-000041.txt,tax_year|employer_name|annual_wages,employment|income
APP-000034-DOC-06,APP-000034,BORR-000041,employment_verification,2026-08-04,2026-08-04,employer,third_party,VERIFIED,true,true,false,authoritative_evidence,false,false,synthetic_data/applicant_documents/APP-000034/12_employment_verification_BORR-000041.txt,employer_name|employment_start_date|employment_status|position,employment|verifications
APP-000034-DOC-07,APP-000034,BORR-000041,bank_statement,2026-08-03,2026-08-05,financial_institution,applicant_supplied,RECEIVED,true,true,false,customer_evidence,false,false,synthetic_data/applicant_documents/APP-000034/20_bank_statement_01.txt,institution|account_masked|closing_balance|statement_period_end,assets|asset_transactions
APP-000034-DOC-08,APP-000034,BORR-000041,bank_statement,2026-08-03,2026-08-05,financial_institution,applicant_supplied,RECEIVED,true,true,false,customer_evidence,false,false,synthetic_data/applicant_documents/APP-000034/20_bank_statement_02.txt,institution|account_masked|closing_balance|statement_period_end,assets|asset_transactions
APP-000034-DOC-09,APP-000034,BORR-000041,asset_verification,2026-08-05,2026-08-06,financial_institution,third_party,VERIFIED,true,true,false,authoritative_evidence,false,false,synthetic_data/applicant_documents/APP-000034/21_asset_verification_03.txt,verified_balance|asset_type|institution,assets
APP-000034-DOC-10,APP-000034,BORR-000041,asset_verification,2026-08-05,2026-08-06,financial_institution,third_party,VERIFIED,true,true,false,authoritative_evidence,false,false,synthetic_data/applicant_documents/APP-000034/21_asset_verification_04.txt,verified_balance|asset_type|institution,assets
APP-000034-DOC-11,APP-000034,BORR-000041,purchase_agreement,2026-07-17,2026-07-19,settlement_parties,applicant_supplied,RECEIVED,true,true,false,customer_evidence,false,false,synthetic_data/applicant_documents/APP-000034/30_purchase_agreement.txt,purchase_price|contract_date|earnest_money|seller_credits,properties|loans
APP-000034-DOC-12,APP-000034,,appraisal_report,2026-07-19,2026-07-22,appraiser,third_party,VERIFIED,true,true,false,authoritative_evidence,false,false,synthetic_data/applicant_documents/APP-000034/40_appraisal_report.txt,appraised_value|effective_date|condition_rating|property_type,appraisals|properties
APP-000034-DOC-13,APP-000034,,title_report,2026-08-06,2026-08-06,title_provider,third_party,VERIFIED,true,true,false,authoritative_evidence,false,false,synthetic_data/applicant_documents/APP-000034/41_title_report.txt,lien_position|exception_count|vesting,title_records|properties
APP-000034-DOC-14,APP-000034,BORR-000041,homeowner_insurance_evidence,2026-08-09,2026-08-10,insurer,third_party,VERIFIED,true,true,false,authoritative_evidence,false,false,synthetic_data/applicant_documents/APP-000034/42_homeowner_insurance_evidence.txt,coverage_amount|annual_premium|effective_date,insurance_records|properties
APP-000035-DOC-01,APP-000035,BORR-000042,loan_application_summary,2026-08-12,2026-08-12,applicant,applicant_supplied,RECEIVED,true,true,false,customer_evidence,false,false,synthetic_data/applicant_documents/APP-000035/01_loan_application_summary.txt,application_id|loan_purpose|requested_loan_amount|occupancy_type|declared_monthly_income,applications|loans|properties|income
APP-000035-DOC-02,APP-000035,BORR-000042,identity_verification_summary,2026-08-04,2026-08-04,third_party_provider,verification_service,VERIFIED,true,true,false,authoritative_evidence,false,false,synthetic_data/applicant_documents/APP-000035/02_identity_verification_summary.txt,identity_verification_status|verified_name|verified_date_of_birth,verifications|borrowers
APP-000035-DOC-03,APP-000035,BORR-000042,credit_report_summary,2026-07-22,2026-07-22,credit_bureau,third_party,VERIFIED,true,true,false,authoritative_evidence,false,false,synthetic_data/applicant_documents/APP-000035/03_credit_report_summary.txt,score_1|score_2|score_3|report_date|revolving_balance|revolving_limit|monthly_liability_payments,credit_profiles|credit_accounts|liabilities
APP-000035-DOC-04,APP-000035,BORR-000042,paystub,2026-08-01,2026-08-03,employer,applicant_supplied,RECEIVED,true,true,false,customer_evidence,false,false,synthetic_data/applicant_documents/APP-000035/10_paystub_BORR-000042.txt,employer_name|pay_period_end|gross_per_period|ytd_gross|pay_frequency,employment|income
APP-000035-DOC-05,APP-000035,BORR-000042,w2,2025-12-31,2026-07-30,employer,applicant_supplied,RECEIVED,true,true,false,customer_evidence,false,false,synthetic_data/applicant_documents/APP-000035/11_w2_BORR-000042.txt,tax_year|employer_name|annual_wages,employment|income
APP-000035-DOC-06,APP-000035,BORR-000042,employment_verification,2026-08-04,2026-08-04,employer,third_party,VERIFIED,true,true,false,authoritative_evidence,false,false,synthetic_data/applicant_documents/APP-000035/12_employment_verification_BORR-000042.txt,employer_name|employment_start_date|employment_status|position,employment|verifications
APP-000035-DOC-07,APP-000035,BORR-000042,bank_statement,2026-08-03,2026-08-05,financial_institution,applicant_supplied,RECEIVED,true,true,false,customer_evidence,false,false,synthetic_data/applicant_documents/APP-000035/20_bank_statement_01.txt,institution|account_masked|closing_balance|statement_period_end,assets|asset_transactions
APP-000035-DOC-08,APP-000035,BORR-000042,bank_statement,2026-08-03,2026-08-05,financial_institution,applicant_supplied,RECEIVED,true,true,false,customer_evidence,false,false,synthetic_data/applicant_documents/APP-000035/20_bank_statement_02.txt,institution|account_masked|closing_balance|statement_period_end,assets|asset_transactions
APP-000035-DOC-09,APP-000035,BORR-000042,asset_verification,2026-08-05,2026-08-06,financial_institution,third_party,VERIFIED,true,true,false,authoritative_evidence,false,false,synthetic_data/applicant_documents/APP-000035/21_asset_verification_03.txt,verified_balance|asset_type|institution,assets
APP-000035-DOC-10,APP-000035,BORR-000042,asset_verification,2026-08-05,2026-08-06,financial_institution,third_party,VERIFIED,true,true,false,authoritative_evidence,false,false,synthetic_data/applicant_documents/APP-000035/21_asset_verification_04.txt,verified_balance|asset_type|institution,assets
APP-000035-DOC-11,APP-000035,BORR-000042,purchase_agreement,2026-07-17,2026-07-19,settlement_parties,applicant_supplied,RECEIVED,true,true,false,customer_evidence,false,false,synthetic_data/applicant_documents/APP-000035/30_purchase_agreement.txt,purchase_price|contract_date|earnest_money|seller_credits,properties|loans
APP-000035-DOC-12,APP-000035,,appraisal_report,2026-07-19,2026-07-22,appraiser,third_party,VERIFIED,true,true,false,authoritative_evidence,false,false,synthetic_data/applicant_documents/APP-000035/40_appraisal_report.txt,appraised_value|effective_date|condition_rating|property_type,appraisals|properties
APP-000035-DOC-13,APP-000035,,title_report,2026-08-06,2026-08-06,title_provider,third_party,VERIFIED,true,true,false,authoritative_evidence,false,false,synthetic_data/applicant_documents/APP-000035/41_title_report.txt,lien_position|exception_count|vesting,title_records|properties
APP-000035-DOC-14,APP-000035,BORR-000042,homeowner_insurance_evidence,2026-08-09,2026-08-10,insurer,third_party,VERIFIED,true,true,false,authoritative_evidence,false,false,synthetic_data/applicant_documents/APP-000035/42_homeowner_insurance_evidence.txt,coverage_amount|annual_premium|effective_date,insurance_records|properties
APP-000035-DOC-15,APP-000035,BORR-000042,letter_of_explanation,2026-08-09,2026-08-09,applicant,applicant_supplied,RECEIVED,true,true,false,customer_evidence,false,false,synthetic_data/applicant_documents/APP-000035/60_letter_of_explanation.txt,applicant_statement,conditions
APP-000035-DOC-16,APP-000035,BORR-000042,condition_response,2026-08-12,2026-08-12,lender,internal,OPEN,false,true,false,internal_record,false,false,synthetic_data/applicant_documents/APP-000035/70_condition_register.txt,open_condition_count|condition_rule_ids,conditions
APP-000036-DOC-01,APP-000036,BORR-000043,loan_application_summary,2026-08-12,2026-08-12,applicant,applicant_supplied,RECEIVED,true,true,false,customer_evidence,false,false,synthetic_data/applicant_documents/APP-000036/01_loan_application_summary.txt,application_id|loan_purpose|requested_loan_amount|occupancy_type|declared_monthly_income,applications|loans|properties|income
APP-000036-DOC-02,APP-000036,BORR-000043,identity_verification_summary,2026-08-04,2026-08-04,third_party_provider,verification_service,VERIFIED,true,true,false,authoritative_evidence,false,false,synthetic_data/applicant_documents/APP-000036/02_identity_verification_summary.txt,identity_verification_status|verified_name|verified_date_of_birth,verifications|borrowers
APP-000036-DOC-03,APP-000036,BORR-000043,credit_report_summary,2026-07-22,2026-07-22,credit_bureau,third_party,VERIFIED,true,true,false,authoritative_evidence,false,false,synthetic_data/applicant_documents/APP-000036/03_credit_report_summary.txt,score_1|score_2|score_3|report_date|revolving_balance|revolving_limit|monthly_liability_payments,credit_profiles|credit_accounts|liabilities
APP-000036-DOC-04,APP-000036,BORR-000043,paystub,2026-08-01,2026-08-03,employer,applicant_supplied,RECEIVED,true,true,false,customer_evidence,false,false,synthetic_data/applicant_documents/APP-000036/10_paystub_BORR-000043.txt,employer_name|pay_period_end|gross_per_period|ytd_gross|pay_frequency,employment|income
APP-000036-DOC-05,APP-000036,BORR-000043,w2,2025-12-31,2026-07-30,employer,applicant_supplied,RECEIVED,true,true,false,customer_evidence,false,false,synthetic_data/applicant_documents/APP-000036/11_w2_BORR-000043.txt,tax_year|employer_name|annual_wages,employment|income
APP-000036-DOC-06,APP-000036,BORR-000043,employment_verification,2026-08-04,2026-08-04,employer,third_party,VERIFIED,true,true,false,authoritative_evidence,false,false,synthetic_data/applicant_documents/APP-000036/12_employment_verification_BORR-000043.txt,employer_name|employment_start_date|employment_status|position,employment|verifications
APP-000036-DOC-07,APP-000036,BORR-000044,paystub,2026-08-01,2026-08-03,employer,applicant_supplied,RECEIVED,true,true,false,customer_evidence,false,false,synthetic_data/applicant_documents/APP-000036/10_paystub_BORR-000044.txt,employer_name|pay_period_end|gross_per_period|ytd_gross|pay_frequency,employment|income
APP-000036-DOC-08,APP-000036,BORR-000044,w2,2025-12-31,2026-07-30,employer,applicant_supplied,RECEIVED,true,true,false,customer_evidence,false,false,synthetic_data/applicant_documents/APP-000036/11_w2_BORR-000044.txt,tax_year|employer_name|annual_wages,employment|income
APP-000036-DOC-09,APP-000036,BORR-000044,employment_verification,2026-08-04,2026-08-04,employer,third_party,VERIFIED,true,true,false,authoritative_evidence,false,false,synthetic_data/applicant_documents/APP-000036/12_employment_verification_BORR-000044.txt,employer_name|employment_start_date|employment_status|position,employment|verifications
APP-000036-DOC-10,APP-000036,BORR-000043,bank_statement,2026-08-03,2026-08-05,financial_institution,applicant_supplied,RECEIVED,true,true,false,customer_evidence,false,false,synthetic_data/applicant_documents/APP-000036/20_bank_statement_01.txt,institution|account_masked|closing_balance|statement_period_end,assets|asset_transactions
APP-000036-DOC-11,APP-000036,BORR-000043,bank_statement,2026-08-03,2026-08-05,financial_institution,applicant_supplied,RECEIVED,true,true,false,customer_evidence,false,false,synthetic_data/applicant_documents/APP-000036/20_bank_statement_02.txt,institution|account_masked|closing_balance|statement_period_end,assets|asset_transactions
APP-000036-DOC-12,APP-000036,BORR-000043,asset_verification,2026-08-05,2026-08-06,financial_institution,third_party,VERIFIED,true,true,false,authoritative_evidence,false,false,synthetic_data/applicant_documents/APP-000036/21_asset_verification_03.txt,verified_balance|asset_type|institution,assets
APP-000036-DOC-13,APP-000036,BORR-000043,asset_verification,2026-08-05,2026-08-06,financial_institution,third_party,VERIFIED,true,true,false,authoritative_evidence,false,false,synthetic_data/applicant_documents/APP-000036/21_asset_verification_04.txt,verified_balance|asset_type|institution,assets
APP-000036-DOC-14,APP-000036,BORR-000043,purchase_agreement,2026-07-17,2026-07-19,settlement_parties,applicant_supplied,RECEIVED,true,true,false,customer_evidence,false,false,synthetic_data/applicant_documents/APP-000036/30_purchase_agreement.txt,purchase_price|contract_date|earnest_money|seller_credits,properties|loans
APP-000036-DOC-15,APP-000036,,appraisal_report,2026-07-19,2026-07-22,appraiser,third_party,VERIFIED,true,true,false,authoritative_evidence,false,false,synthetic_data/applicant_documents/APP-000036/40_appraisal_report.txt,appraised_value|effective_date|condition_rating|property_type,appraisals|properties
APP-000036-DOC-16,APP-000036,,title_report,2026-08-06,2026-08-06,title_provider,third_party,VERIFIED,true,true,false,authoritative_evidence,false,false,synthetic_data/applicant_documents/APP-000036/41_title_report.txt,lien_position|exception_count|vesting,title_records|properties
APP-000036-DOC-17,APP-000036,BORR-000043,homeowner_insurance_evidence,2026-08-09,2026-08-10,insurer,third_party,VERIFIED,true,true,false,authoritative_evidence,false,false,synthetic_data/applicant_documents/APP-000036/42_homeowner_insurance_evidence.txt,coverage_amount|annual_premium|effective_date,insurance_records|properties
APP-000036-DOC-18,APP-000036,BORR-000043,letter_of_explanation,2026-08-09,2026-08-09,applicant,applicant_supplied,RECEIVED,true,true,false,customer_evidence,false,false,synthetic_data/applicant_documents/APP-000036/60_letter_of_explanation.txt,applicant_statement,conditions
APP-000036-DOC-19,APP-000036,BORR-000043,condition_response,2026-08-12,2026-08-12,lender,internal,OPEN,false,true,false,internal_record,false,false,synthetic_data/applicant_documents/APP-000036/70_condition_register.txt,open_condition_count|condition_rule_ids,conditions
APP-000037-DOC-01,APP-000037,BORR-000045,loan_application_summary,2026-08-12,2026-08-12,applicant,applicant_supplied,RECEIVED,true,true,false,customer_evidence,false,false,synthetic_data/applicant_documents/APP-000037/01_loan_application_summary.txt,application_id|loan_purpose|requested_loan_amount|occupancy_type|declared_monthly_income,applications|loans|properties|income
APP-000037-DOC-02,APP-000037,BORR-000045,identity_verification_summary,2026-08-04,2026-08-04,third_party_provider,verification_service,VERIFIED,true,true,false,authoritative_evidence,false,false,synthetic_data/applicant_documents/APP-000037/02_identity_verification_summary.txt,identity_verification_status|verified_name|verified_date_of_birth,verifications|borrowers
APP-000037-DOC-03,APP-000037,BORR-000045,credit_report_summary,2026-07-22,2026-07-22,credit_bureau,third_party,VERIFIED,true,true,false,authoritative_evidence,false,false,synthetic_data/applicant_documents/APP-000037/03_credit_report_summary.txt,score_1|score_2|score_3|report_date|revolving_balance|revolving_limit|monthly_liability_payments,credit_profiles|credit_accounts|liabilities
APP-000037-DOC-04,APP-000037,BORR-000045,paystub,2026-08-01,2026-08-03,employer,applicant_supplied,RECEIVED,true,true,false,customer_evidence,false,false,synthetic_data/applicant_documents/APP-000037/10_paystub_BORR-000045.txt,employer_name|pay_period_end|gross_per_period|ytd_gross|pay_frequency,employment|income
APP-000037-DOC-05,APP-000037,BORR-000045,w2,2025-12-31,2026-07-30,employer,applicant_supplied,RECEIVED,true,true,false,customer_evidence,false,false,synthetic_data/applicant_documents/APP-000037/11_w2_BORR-000045.txt,tax_year|employer_name|annual_wages,employment|income
APP-000037-DOC-06,APP-000037,BORR-000045,employment_verification,2026-08-04,2026-08-04,employer,third_party,CONFLICT,true,true,false,authoritative_evidence,false,false,synthetic_data/applicant_documents/APP-000037/12_employment_verification_BORR-000045.txt,employer_name|employment_start_date|employment_status|position,employment|verifications
APP-000037-DOC-07,APP-000037,BORR-000045,bank_statement,2026-08-03,2026-08-05,financial_institution,applicant_supplied,RECEIVED,true,true,false,customer_evidence,false,false,synthetic_data/applicant_documents/APP-000037/20_bank_statement_01.txt,institution|account_masked|closing_balance|statement_period_end,assets|asset_transactions
APP-000037-DOC-08,APP-000037,BORR-000045,bank_statement,2026-08-03,2026-08-05,financial_institution,applicant_supplied,RECEIVED,true,true,false,customer_evidence,false,false,synthetic_data/applicant_documents/APP-000037/20_bank_statement_02.txt,institution|account_masked|closing_balance|statement_period_end,assets|asset_transactions
APP-000037-DOC-09,APP-000037,BORR-000045,asset_verification,2026-08-05,2026-08-06,financial_institution,third_party,VERIFIED,true,true,false,authoritative_evidence,false,false,synthetic_data/applicant_documents/APP-000037/21_asset_verification_03.txt,verified_balance|asset_type|institution,assets
APP-000037-DOC-10,APP-000037,BORR-000045,asset_verification,2026-08-05,2026-08-06,financial_institution,third_party,VERIFIED,true,true,false,authoritative_evidence,false,false,synthetic_data/applicant_documents/APP-000037/21_asset_verification_04.txt,verified_balance|asset_type|institution,assets
APP-000037-DOC-11,APP-000037,BORR-000045,purchase_agreement,2026-07-17,2026-07-19,settlement_parties,applicant_supplied,RECEIVED,true,true,false,customer_evidence,false,false,synthetic_data/applicant_documents/APP-000037/30_purchase_agreement.txt,purchase_price|contract_date|earnest_money|seller_credits,properties|loans
APP-000037-DOC-12,APP-000037,,appraisal_report,2026-07-19,2026-07-22,appraiser,third_party,VERIFIED,true,true,false,authoritative_evidence,false,false,synthetic_data/applicant_documents/APP-000037/40_appraisal_report.txt,appraised_value|effective_date|condition_rating|property_type,appraisals|properties
APP-000037-DOC-13,APP-000037,,title_report,2026-08-06,2026-08-06,title_provider,third_party,VERIFIED,true,true,false,authoritative_evidence,false,false,synthetic_data/applicant_documents/APP-000037/41_title_report.txt,lien_position|exception_count|vesting,title_records|properties
APP-000037-DOC-14,APP-000037,BORR-000045,homeowner_insurance_evidence,2026-08-09,2026-08-10,insurer,third_party,VERIFIED,true,true,false,authoritative_evidence,false,false,synthetic_data/applicant_documents/APP-000037/42_homeowner_insurance_evidence.txt,coverage_amount|annual_premium|effective_date,insurance_records|properties
APP-000037-DOC-15,APP-000037,BORR-000045,letter_of_explanation,2026-08-09,2026-08-09,applicant,applicant_supplied,RECEIVED,true,true,false,customer_evidence,false,false,synthetic_data/applicant_documents/APP-000037/60_letter_of_explanation.txt,applicant_statement,conditions
APP-000037-DOC-16,APP-000037,BORR-000045,condition_response,2026-08-12,2026-08-12,lender,internal,OPEN,false,true,false,internal_record,false,false,synthetic_data/applicant_documents/APP-000037/70_condition_register.txt,open_condition_count|condition_rule_ids,conditions
APP-000038-DOC-01,APP-000038,BORR-000046,loan_application_summary,2026-08-12,2026-08-12,applicant,applicant_supplied,RECEIVED,true,true,false,customer_evidence,false,false,synthetic_data/applicant_documents/APP-000038/01_loan_application_summary.txt,application_id|loan_purpose|requested_loan_amount|occupancy_type|declared_monthly_income,applications|loans|properties|income
APP-000038-DOC-02,APP-000038,BORR-000046,identity_verification_summary,2026-08-04,2026-08-04,third_party_provider,verification_service,VERIFIED,true,true,false,authoritative_evidence,false,false,synthetic_data/applicant_documents/APP-000038/02_identity_verification_summary.txt,identity_verification_status|verified_name|verified_date_of_birth,verifications|borrowers
APP-000038-DOC-03,APP-000038,BORR-000046,credit_report_summary,2026-07-22,2026-07-22,credit_bureau,third_party,VERIFIED,true,true,false,authoritative_evidence,false,false,synthetic_data/applicant_documents/APP-000038/03_credit_report_summary.txt,score_1|score_2|score_3|report_date|revolving_balance|revolving_limit|monthly_liability_payments,credit_profiles|credit_accounts|liabilities
APP-000038-DOC-04,APP-000038,BORR-000046,paystub,2026-08-01,2026-08-03,employer,applicant_supplied,RECEIVED,true,true,false,customer_evidence,false,false,synthetic_data/applicant_documents/APP-000038/10_paystub_BORR-000046.txt,employer_name|pay_period_end|gross_per_period|ytd_gross|pay_frequency,employment|income
APP-000038-DOC-05,APP-000038,BORR-000046,w2,2025-12-31,2026-07-30,employer,applicant_supplied,RECEIVED,true,true,false,customer_evidence,false,false,synthetic_data/applicant_documents/APP-000038/11_w2_BORR-000046.txt,tax_year|employer_name|annual_wages,employment|income
APP-000038-DOC-06,APP-000038,BORR-000046,employment_verification,2026-08-04,2026-08-04,employer,third_party,VERIFIED,true,true,false,authoritative_evidence,false,false,synthetic_data/applicant_documents/APP-000038/12_employment_verification_BORR-000046.txt,employer_name|employment_start_date|employment_status|position,employment|verifications
APP-000038-DOC-07,APP-000038,BORR-000046,bank_statement,2026-08-03,2026-08-05,financial_institution,applicant_supplied,RECEIVED,true,true,false,customer_evidence,false,false,synthetic_data/applicant_documents/APP-000038/20_bank_statement_01.txt,institution|account_masked|closing_balance|statement_period_end,assets|asset_transactions
APP-000038-DOC-08,APP-000038,BORR-000046,bank_statement,2026-08-03,2026-08-05,financial_institution,applicant_supplied,RECEIVED,true,true,false,customer_evidence,false,false,synthetic_data/applicant_documents/APP-000038/20_bank_statement_02.txt,institution|account_masked|closing_balance|statement_period_end,assets|asset_transactions
APP-000038-DOC-09,APP-000038,BORR-000046,asset_verification,2026-08-05,2026-08-06,financial_institution,third_party,VERIFIED,true,true,false,authoritative_evidence,false,false,synthetic_data/applicant_documents/APP-000038/21_asset_verification_03.txt,verified_balance|asset_type|institution,assets
APP-000038-DOC-10,APP-000038,BORR-000046,asset_verification,2026-08-05,2026-08-06,financial_institution,third_party,VERIFIED,true,true,false,authoritative_evidence,false,false,synthetic_data/applicant_documents/APP-000038/21_asset_verification_04.txt,verified_balance|asset_type|institution,assets
APP-000038-DOC-11,APP-000038,BORR-000046,purchase_agreement,2026-07-17,2026-07-19,settlement_parties,applicant_supplied,RECEIVED,true,true,false,customer_evidence,false,false,synthetic_data/applicant_documents/APP-000038/30_purchase_agreement.txt,purchase_price|contract_date|earnest_money|seller_credits,properties|loans
APP-000038-DOC-12,APP-000038,,appraisal_report,2026-07-19,2026-07-22,appraiser,third_party,VERIFIED,true,true,false,authoritative_evidence,false,false,synthetic_data/applicant_documents/APP-000038/40_appraisal_report.txt,appraised_value|effective_date|condition_rating|property_type,appraisals|properties
APP-000038-DOC-13,APP-000038,,title_report,2026-08-06,2026-08-06,title_provider,third_party,VERIFIED,true,true,false,authoritative_evidence,false,false,synthetic_data/applicant_documents/APP-000038/41_title_report.txt,lien_position|exception_count|vesting,title_records|properties
APP-000038-DOC-14,APP-000038,BORR-000046,homeowner_insurance_evidence,2026-08-09,2026-08-10,insurer,third_party,VERIFIED,true,true,false,authoritative_evidence,false,false,synthetic_data/applicant_documents/APP-000038/42_homeowner_insurance_evidence.txt,coverage_amount|annual_premium|effective_date,insurance_records|properties
APP-000039-DOC-01,APP-000039,BORR-000047,loan_application_summary,2026-08-12,2026-08-12,applicant,applicant_supplied,RECEIVED,true,true,false,customer_evidence,false,false,synthetic_data/applicant_documents/APP-000039/01_loan_application_summary.txt,application_id|loan_purpose|requested_loan_amount|occupancy_type|declared_monthly_income,applications|loans|properties|income
APP-000039-DOC-02,APP-000039,BORR-000047,identity_verification_summary,2026-08-04,2026-08-04,third_party_provider,verification_service,VERIFIED,true,true,false,authoritative_evidence,false,false,synthetic_data/applicant_documents/APP-000039/02_identity_verification_summary.txt,identity_verification_status|verified_name|verified_date_of_birth,verifications|borrowers
APP-000039-DOC-03,APP-000039,BORR-000047,credit_report_summary,2026-07-22,2026-07-22,credit_bureau,third_party,VERIFIED,true,true,false,authoritative_evidence,false,false,synthetic_data/applicant_documents/APP-000039/03_credit_report_summary.txt,score_1|score_2|score_3|report_date|revolving_balance|revolving_limit|monthly_liability_payments,credit_profiles|credit_accounts|liabilities
APP-000039-DOC-04,APP-000039,BORR-000047,paystub,2026-08-01,2026-08-03,employer,applicant_supplied,RECEIVED,true,true,false,customer_evidence,false,false,synthetic_data/applicant_documents/APP-000039/10_paystub_BORR-000047.txt,employer_name|pay_period_end|gross_per_period|ytd_gross|pay_frequency,employment|income
APP-000039-DOC-05,APP-000039,BORR-000047,w2,2025-12-31,2026-07-30,employer,applicant_supplied,RECEIVED,true,true,false,customer_evidence,false,false,synthetic_data/applicant_documents/APP-000039/11_w2_BORR-000047.txt,tax_year|employer_name|annual_wages,employment|income
APP-000039-DOC-06,APP-000039,BORR-000047,employment_verification,2026-08-04,2026-08-04,employer,third_party,VERIFIED,true,true,false,authoritative_evidence,false,false,synthetic_data/applicant_documents/APP-000039/12_employment_verification_BORR-000047.txt,employer_name|employment_start_date|employment_status|position,employment|verifications
APP-000039-DOC-07,APP-000039,BORR-000047,bank_statement,2026-08-03,2026-08-05,financial_institution,applicant_supplied,RECEIVED,true,true,false,customer_evidence,false,false,synthetic_data/applicant_documents/APP-000039/20_bank_statement_01.txt,institution|account_masked|closing_balance|statement_period_end,assets|asset_transactions
APP-000039-DOC-08,APP-000039,BORR-000047,bank_statement,2026-08-03,2026-08-05,financial_institution,applicant_supplied,RECEIVED,true,true,false,customer_evidence,false,false,synthetic_data/applicant_documents/APP-000039/20_bank_statement_02.txt,institution|account_masked|closing_balance|statement_period_end,assets|asset_transactions
APP-000039-DOC-09,APP-000039,BORR-000047,asset_verification,2026-08-05,2026-08-06,financial_institution,third_party,VERIFIED,true,true,false,authoritative_evidence,false,false,synthetic_data/applicant_documents/APP-000039/21_asset_verification_03.txt,verified_balance|asset_type|institution,assets
APP-000039-DOC-10,APP-000039,BORR-000047,asset_verification,2026-08-05,2026-08-06,financial_institution,third_party,VERIFIED,true,true,false,authoritative_evidence,false,false,synthetic_data/applicant_documents/APP-000039/21_asset_verification_04.txt,verified_balance|asset_type|institution,assets
APP-000039-DOC-11,APP-000039,BORR-000047,purchase_agreement,2026-07-17,2026-07-19,settlement_parties,applicant_supplied,RECEIVED,true,true,false,customer_evidence,false,false,synthetic_data/applicant_documents/APP-000039/30_purchase_agreement.txt,purchase_price|contract_date|earnest_money|seller_credits,properties|loans
APP-000039-DOC-12,APP-000039,,appraisal_report,2026-07-19,2026-07-22,appraiser,third_party,VERIFIED,true,true,false,authoritative_evidence,false,false,synthetic_data/applicant_documents/APP-000039/40_appraisal_report.txt,appraised_value|effective_date|condition_rating|property_type,appraisals|properties
APP-000039-DOC-13,APP-000039,,title_report,2026-08-06,2026-08-06,title_provider,third_party,VERIFIED,true,true,false,authoritative_evidence,false,false,synthetic_data/applicant_documents/APP-000039/41_title_report.txt,lien_position|exception_count|vesting,title_records|properties
APP-000039-DOC-14,APP-000039,BORR-000047,homeowner_insurance_evidence,2026-08-09,2026-08-10,insurer,third_party,VERIFIED,true,true,false,authoritative_evidence,false,false,synthetic_data/applicant_documents/APP-000039/42_homeowner_insurance_evidence.txt,coverage_amount|annual_premium|effective_date,insurance_records|properties
APP-000039-DOC-15,APP-000039,BORR-000047,lease_agreement,2026-05-09,2026-08-02,applicant,applicant_supplied,RECEIVED,true,true,false,customer_evidence,false,false,synthetic_data/applicant_documents/APP-000039/50_lease_agreement.txt,monthly_rent|premises_address|lease_term,income|properties
APP-000040-DOC-01,APP-000040,BORR-000048,loan_application_summary,2026-08-12,2026-08-12,applicant,applicant_supplied,RECEIVED,true,true,false,customer_evidence,false,false,synthetic_data/applicant_documents/APP-000040/01_loan_application_summary.txt,application_id|loan_purpose|requested_loan_amount|occupancy_type|declared_monthly_income,applications|loans|properties|income
APP-000040-DOC-02,APP-000040,BORR-000048,identity_verification_summary,2026-08-04,2026-08-04,third_party_provider,verification_service,VERIFIED,true,true,false,authoritative_evidence,false,false,synthetic_data/applicant_documents/APP-000040/02_identity_verification_summary.txt,identity_verification_status|verified_name|verified_date_of_birth,verifications|borrowers
APP-000040-DOC-03,APP-000040,BORR-000048,credit_report_summary,2026-07-22,2026-07-22,credit_bureau,third_party,VERIFIED,true,true,false,authoritative_evidence,false,false,synthetic_data/applicant_documents/APP-000040/03_credit_report_summary.txt,score_1|score_2|score_3|report_date|revolving_balance|revolving_limit|monthly_liability_payments,credit_profiles|credit_accounts|liabilities
APP-000040-DOC-04,APP-000040,BORR-000048,paystub,2026-08-01,2026-08-03,employer,applicant_supplied,RECEIVED,true,true,false,customer_evidence,false,false,synthetic_data/applicant_documents/APP-000040/10_paystub_BORR-000048.txt,employer_name|pay_period_end|gross_per_period|ytd_gross|pay_frequency,employment|income
APP-000040-DOC-05,APP-000040,BORR-000048,w2,2025-12-31,2026-07-30,employer,applicant_supplied,RECEIVED,true,true,false,customer_evidence,false,false,synthetic_data/applicant_documents/APP-000040/11_w2_BORR-000048.txt,tax_year|employer_name|annual_wages,employment|income
APP-000040-DOC-06,APP-000040,BORR-000048,employment_verification,2026-08-04,2026-08-04,employer,third_party,VERIFIED,true,true,false,authoritative_evidence,false,false,synthetic_data/applicant_documents/APP-000040/12_employment_verification_BORR-000048.txt,employer_name|employment_start_date|employment_status|position,employment|verifications
APP-000040-DOC-07,APP-000040,BORR-000048,bank_statement,2026-08-03,2026-08-05,financial_institution,applicant_supplied,RECEIVED,true,true,false,customer_evidence,false,false,synthetic_data/applicant_documents/APP-000040/20_bank_statement_01.txt,institution|account_masked|closing_balance|statement_period_end,assets|asset_transactions
APP-000040-DOC-08,APP-000040,BORR-000048,bank_statement,2026-08-03,2026-08-05,financial_institution,applicant_supplied,RECEIVED,true,true,false,customer_evidence,false,false,synthetic_data/applicant_documents/APP-000040/20_bank_statement_02.txt,institution|account_masked|closing_balance|statement_period_end,assets|asset_transactions
APP-000040-DOC-09,APP-000040,BORR-000048,purchase_agreement,2026-07-17,2026-07-19,settlement_parties,applicant_supplied,RECEIVED,true,true,false,customer_evidence,false,false,synthetic_data/applicant_documents/APP-000040/30_purchase_agreement.txt,purchase_price|contract_date|earnest_money|seller_credits,properties|loans
APP-000040-DOC-10,APP-000040,,appraisal_report,2026-07-19,2026-07-22,appraiser,third_party,VERIFIED,true,true,false,authoritative_evidence,false,false,synthetic_data/applicant_documents/APP-000040/40_appraisal_report.txt,appraised_value|effective_date|condition_rating|property_type,appraisals|properties
APP-000040-DOC-11,APP-000040,,title_report,2026-08-06,2026-08-06,title_provider,third_party,VERIFIED,true,true,false,authoritative_evidence,false,false,synthetic_data/applicant_documents/APP-000040/41_title_report.txt,lien_position|exception_count|vesting,title_records|properties
APP-000040-DOC-12,APP-000040,BORR-000048,homeowner_insurance_evidence,2026-08-09,2026-08-10,insurer,third_party,VERIFIED,true,true,false,authoritative_evidence,false,false,synthetic_data/applicant_documents/APP-000040/42_homeowner_insurance_evidence.txt,coverage_amount|annual_premium|effective_date,insurance_records|properties
APP-000040-DOC-13,APP-000040,BORR-000048,letter_of_explanation,2026-08-09,2026-08-09,applicant,applicant_supplied,RECEIVED,true,true,false,customer_evidence,false,false,synthetic_data/applicant_documents/APP-000040/60_letter_of_explanation.txt,applicant_statement,conditions
APP-000040-DOC-14,APP-000040,BORR-000048,condition_response,2026-08-12,2026-08-12,lender,internal,OPEN,false,true,false,internal_record,false,false,synthetic_data/applicant_documents/APP-000040/70_condition_register.txt,open_condition_count|condition_rule_ids,conditions
APP-000041-DOC-01,APP-000041,BORR-000049,loan_application_summary,2026-08-12,2026-08-12,applicant,applicant_supplied,RECEIVED,true,true,false,customer_evidence,false,false,synthetic_data/applicant_documents/APP-000041/01_loan_application_summary.txt,application_id|loan_purpose|requested_loan_amount|occupancy_type|declared_monthly_income,applications|loans|properties|income
APP-000041-DOC-02,APP-000041,BORR-000049,identity_verification_summary,2026-08-04,2026-08-04,third_party_provider,verification_service,VERIFIED,true,true,false,authoritative_evidence,false,false,synthetic_data/applicant_documents/APP-000041/02_identity_verification_summary.txt,identity_verification_status|verified_name|verified_date_of_birth,verifications|borrowers
APP-000041-DOC-03,APP-000041,BORR-000049,credit_report_summary,2026-07-22,2026-07-22,credit_bureau,third_party,VERIFIED,true,true,false,authoritative_evidence,false,false,synthetic_data/applicant_documents/APP-000041/03_credit_report_summary.txt,score_1|score_2|score_3|report_date|revolving_balance|revolving_limit|monthly_liability_payments,credit_profiles|credit_accounts|liabilities
APP-000041-DOC-04,APP-000041,BORR-000049,paystub,2026-08-01,2026-08-03,employer,applicant_supplied,RECEIVED,true,true,false,customer_evidence,false,false,synthetic_data/applicant_documents/APP-000041/10_paystub_BORR-000049.txt,employer_name|pay_period_end|gross_per_period|ytd_gross|pay_frequency,employment|income
APP-000041-DOC-05,APP-000041,BORR-000049,w2,2025-12-31,2026-07-30,employer,applicant_supplied,RECEIVED,true,true,false,customer_evidence,false,false,synthetic_data/applicant_documents/APP-000041/11_w2_BORR-000049.txt,tax_year|employer_name|annual_wages,employment|income
APP-000041-DOC-06,APP-000041,BORR-000049,employment_verification,2026-08-04,2026-08-04,employer,third_party,VERIFIED,true,true,false,authoritative_evidence,false,false,synthetic_data/applicant_documents/APP-000041/12_employment_verification_BORR-000049.txt,employer_name|employment_start_date|employment_status|position,employment|verifications
APP-000041-DOC-07,APP-000041,BORR-000049,bank_statement,2026-08-03,2026-08-05,financial_institution,applicant_supplied,RECEIVED,true,true,false,customer_evidence,false,false,synthetic_data/applicant_documents/APP-000041/20_bank_statement_01.txt,institution|account_masked|closing_balance|statement_period_end,assets|asset_transactions
APP-000041-DOC-08,APP-000041,BORR-000049,bank_statement,2026-08-03,2026-08-05,financial_institution,applicant_supplied,RECEIVED,true,true,false,customer_evidence,false,false,synthetic_data/applicant_documents/APP-000041/20_bank_statement_02.txt,institution|account_masked|closing_balance|statement_period_end,assets|asset_transactions
APP-000041-DOC-09,APP-000041,BORR-000049,asset_verification,2026-08-05,2026-08-06,financial_institution,third_party,VERIFIED,true,true,false,authoritative_evidence,false,false,synthetic_data/applicant_documents/APP-000041/21_asset_verification_03.txt,verified_balance|asset_type|institution,assets
APP-000041-DOC-10,APP-000041,BORR-000049,asset_verification,2026-08-05,2026-08-06,financial_institution,third_party,VERIFIED,true,true,false,authoritative_evidence,false,false,synthetic_data/applicant_documents/APP-000041/21_asset_verification_04.txt,verified_balance|asset_type|institution,assets
APP-000041-DOC-11,APP-000041,BORR-000049,gift_letter,2026-07-28,2026-07-30,donor,applicant_supplied,RECEIVED,true,true,false,customer_evidence,false,false,synthetic_data/applicant_documents/APP-000041/22_gift_letter.txt,gift_amount|donor_relationship|no_repayment_statement,assets
APP-000041-DOC-12,APP-000041,BORR-000049,purchase_agreement,2026-07-17,2026-07-19,settlement_parties,applicant_supplied,RECEIVED,true,true,false,customer_evidence,false,false,synthetic_data/applicant_documents/APP-000041/30_purchase_agreement.txt,purchase_price|contract_date|earnest_money|seller_credits,properties|loans
APP-000041-DOC-13,APP-000041,,appraisal_report,2026-07-19,2026-07-22,appraiser,third_party,VERIFIED,true,true,false,authoritative_evidence,false,false,synthetic_data/applicant_documents/APP-000041/40_appraisal_report.txt,appraised_value|effective_date|condition_rating|property_type,appraisals|properties
APP-000041-DOC-14,APP-000041,,title_report,2026-08-06,2026-08-06,title_provider,third_party,VERIFIED,true,true,false,authoritative_evidence,false,false,synthetic_data/applicant_documents/APP-000041/41_title_report.txt,lien_position|exception_count|vesting,title_records|properties
APP-000041-DOC-15,APP-000041,BORR-000049,homeowner_insurance_evidence,2026-08-09,2026-08-10,insurer,third_party,VERIFIED,true,true,false,authoritative_evidence,false,false,synthetic_data/applicant_documents/APP-000041/42_homeowner_insurance_evidence.txt,coverage_amount|annual_premium|effective_date,insurance_records|properties
APP-000042-DOC-01,APP-000042,BORR-000050,loan_application_summary,2026-08-12,2026-08-12,applicant,applicant_supplied,RECEIVED,true,true,false,customer_evidence,false,false,synthetic_data/applicant_documents/APP-000042/01_loan_application_summary.txt,application_id|loan_purpose|requested_loan_amount|occupancy_type|declared_monthly_income,applications|loans|properties|income
APP-000042-DOC-02,APP-000042,BORR-000050,identity_verification_summary,2026-08-04,2026-08-04,third_party_provider,verification_service,VERIFIED,true,true,false,authoritative_evidence,false,false,synthetic_data/applicant_documents/APP-000042/02_identity_verification_summary.txt,identity_verification_status|verified_name|verified_date_of_birth,verifications|borrowers
APP-000042-DOC-03,APP-000042,BORR-000050,credit_report_summary,2026-07-22,2026-07-22,credit_bureau,third_party,VERIFIED,true,true,false,authoritative_evidence,false,false,synthetic_data/applicant_documents/APP-000042/03_credit_report_summary.txt,score_1|score_2|score_3|report_date|revolving_balance|revolving_limit|monthly_liability_payments,credit_profiles|credit_accounts|liabilities
APP-000042-DOC-04,APP-000042,BORR-000050,paystub,2026-08-01,2026-08-03,employer,applicant_supplied,RECEIVED,true,true,false,customer_evidence,false,false,synthetic_data/applicant_documents/APP-000042/10_paystub_BORR-000050.txt,employer_name|pay_period_end|gross_per_period|ytd_gross|pay_frequency,employment|income
APP-000042-DOC-05,APP-000042,BORR-000050,w2,2025-12-31,2026-07-30,employer,applicant_supplied,RECEIVED,true,true,false,customer_evidence,false,false,synthetic_data/applicant_documents/APP-000042/11_w2_BORR-000050.txt,tax_year|employer_name|annual_wages,employment|income
APP-000042-DOC-06,APP-000042,BORR-000050,employment_verification,2026-08-04,2026-08-04,employer,third_party,VERIFIED,true,true,false,authoritative_evidence,false,false,synthetic_data/applicant_documents/APP-000042/12_employment_verification_BORR-000050.txt,employer_name|employment_start_date|employment_status|position,employment|verifications
APP-000042-DOC-07,APP-000042,BORR-000050,bank_statement,2026-08-03,2026-08-05,financial_institution,applicant_supplied,RECEIVED,true,true,false,customer_evidence,false,false,synthetic_data/applicant_documents/APP-000042/20_bank_statement_01.txt,institution|account_masked|closing_balance|statement_period_end,assets|asset_transactions
APP-000042-DOC-08,APP-000042,BORR-000050,bank_statement,2026-08-03,2026-08-05,financial_institution,applicant_supplied,RECEIVED,true,true,false,customer_evidence,false,false,synthetic_data/applicant_documents/APP-000042/20_bank_statement_02.txt,institution|account_masked|closing_balance|statement_period_end,assets|asset_transactions
APP-000042-DOC-09,APP-000042,BORR-000050,asset_verification,2026-08-05,2026-08-06,financial_institution,third_party,VERIFIED,true,true,false,authoritative_evidence,false,false,synthetic_data/applicant_documents/APP-000042/21_asset_verification_03.txt,verified_balance|asset_type|institution,assets
APP-000042-DOC-10,APP-000042,BORR-000050,asset_verification,2026-08-05,2026-08-06,financial_institution,third_party,VERIFIED,true,true,false,authoritative_evidence,false,false,synthetic_data/applicant_documents/APP-000042/21_asset_verification_04.txt,verified_balance|asset_type|institution,assets
APP-000042-DOC-11,APP-000042,BORR-000050,purchase_agreement,2026-07-17,2026-07-19,settlement_parties,applicant_supplied,RECEIVED,true,true,false,customer_evidence,false,false,synthetic_data/applicant_documents/APP-000042/30_purchase_agreement.txt,purchase_price|contract_date|earnest_money|seller_credits,properties|loans
APP-000042-DOC-12,APP-000042,,appraisal_report,2026-07-19,2026-07-22,appraiser,third_party,VERIFIED,true,true,false,authoritative_evidence,false,false,synthetic_data/applicant_documents/APP-000042/40_appraisal_report.txt,appraised_value|effective_date|condition_rating|property_type,appraisals|properties
APP-000042-DOC-13,APP-000042,,title_report,2026-08-06,2026-08-06,title_provider,third_party,VERIFIED,true,true,false,authoritative_evidence,false,false,synthetic_data/applicant_documents/APP-000042/41_title_report.txt,lien_position|exception_count|vesting,title_records|properties
APP-000042-DOC-14,APP-000042,BORR-000050,homeowner_insurance_evidence,2026-08-09,2026-08-10,insurer,third_party,VERIFIED,true,true,false,authoritative_evidence,false,false,synthetic_data/applicant_documents/APP-000042/42_homeowner_insurance_evidence.txt,coverage_amount|annual_premium|effective_date,insurance_records|properties
APP-000042-DOC-15,APP-000042,BORR-000050,letter_of_explanation,2026-08-09,2026-08-09,applicant,applicant_supplied,RECEIVED,true,true,false,customer_evidence,false,false,synthetic_data/applicant_documents/APP-000042/60_letter_of_explanation.txt,applicant_statement,conditions
APP-000042-DOC-16,APP-000042,BORR-000050,condition_response,2026-08-12,2026-08-12,lender,internal,OPEN,false,true,false,internal_record,false,false,synthetic_data/applicant_documents/APP-000042/70_condition_register.txt,open_condition_count|condition_rule_ids,conditions
APP-000043-DOC-01,APP-000043,BORR-000051,loan_application_summary,2026-08-12,2026-08-12,applicant,applicant_supplied,RECEIVED,true,true,false,customer_evidence,false,false,synthetic_data/applicant_documents/APP-000043/01_loan_application_summary.txt,application_id|loan_purpose|requested_loan_amount|occupancy_type|declared_monthly_income,applications|loans|properties|income
APP-000043-DOC-02,APP-000043,BORR-000051,identity_verification_summary,2026-08-04,2026-08-04,third_party_provider,verification_service,VERIFIED,true,true,false,authoritative_evidence,false,false,synthetic_data/applicant_documents/APP-000043/02_identity_verification_summary.txt,identity_verification_status|verified_name|verified_date_of_birth,verifications|borrowers
APP-000043-DOC-03,APP-000043,BORR-000051,credit_report_summary,2026-07-22,2026-07-22,credit_bureau,third_party,VERIFIED,true,true,false,authoritative_evidence,false,false,synthetic_data/applicant_documents/APP-000043/03_credit_report_summary.txt,score_1|score_2|score_3|report_date|revolving_balance|revolving_limit|monthly_liability_payments,credit_profiles|credit_accounts|liabilities
APP-000043-DOC-04,APP-000043,BORR-000051,paystub,2026-08-01,2026-08-03,employer,applicant_supplied,QUARANTINED,true,true,true,customer_evidence,false,false,synthetic_data/applicant_documents/APP-000043/10_paystub_BORR-000051.txt,employer_name|pay_period_end|gross_per_period|ytd_gross|pay_frequency,employment|income
APP-000043-DOC-05,APP-000043,BORR-000051,w2,2025-12-31,2026-07-30,employer,applicant_supplied,RECEIVED,true,true,false,customer_evidence,false,false,synthetic_data/applicant_documents/APP-000043/11_w2_BORR-000051.txt,tax_year|employer_name|annual_wages,employment|income
APP-000043-DOC-06,APP-000043,BORR-000051,employment_verification,2026-08-04,2026-08-04,employer,third_party,VERIFIED,true,true,false,authoritative_evidence,false,false,synthetic_data/applicant_documents/APP-000043/12_employment_verification_BORR-000051.txt,employer_name|employment_start_date|employment_status|position,employment|verifications
APP-000043-DOC-07,APP-000043,BORR-000051,bank_statement,2026-08-03,2026-08-05,financial_institution,applicant_supplied,RECEIVED,true,true,false,customer_evidence,false,false,synthetic_data/applicant_documents/APP-000043/20_bank_statement_01.txt,institution|account_masked|closing_balance|statement_period_end,assets|asset_transactions
APP-000043-DOC-08,APP-000043,BORR-000051,bank_statement,2026-08-03,2026-08-05,financial_institution,applicant_supplied,RECEIVED,true,true,false,customer_evidence,false,false,synthetic_data/applicant_documents/APP-000043/20_bank_statement_02.txt,institution|account_masked|closing_balance|statement_period_end,assets|asset_transactions
APP-000043-DOC-09,APP-000043,BORR-000051,asset_verification,2026-08-05,2026-08-06,financial_institution,third_party,VERIFIED,true,true,false,authoritative_evidence,false,false,synthetic_data/applicant_documents/APP-000043/21_asset_verification_03.txt,verified_balance|asset_type|institution,assets
APP-000043-DOC-10,APP-000043,BORR-000051,asset_verification,2026-08-05,2026-08-06,financial_institution,third_party,VERIFIED,true,true,false,authoritative_evidence,false,false,synthetic_data/applicant_documents/APP-000043/21_asset_verification_04.txt,verified_balance|asset_type|institution,assets
APP-000043-DOC-11,APP-000043,BORR-000051,purchase_agreement,2026-07-17,2026-07-19,settlement_parties,applicant_supplied,RECEIVED,true,true,false,customer_evidence,false,false,synthetic_data/applicant_documents/APP-000043/30_purchase_agreement.txt,purchase_price|contract_date|earnest_money|seller_credits,properties|loans
APP-000043-DOC-12,APP-000043,,appraisal_report,2026-07-19,2026-07-22,appraiser,third_party,VERIFIED,true,true,false,authoritative_evidence,false,false,synthetic_data/applicant_documents/APP-000043/40_appraisal_report.txt,appraised_value|effective_date|condition_rating|property_type,appraisals|properties
APP-000043-DOC-13,APP-000043,,title_report,2026-08-06,2026-08-06,title_provider,third_party,VERIFIED,true,true,false,authoritative_evidence,false,false,synthetic_data/applicant_documents/APP-000043/41_title_report.txt,lien_position|exception_count|vesting,title_records|properties
APP-000043-DOC-14,APP-000043,BORR-000051,homeowner_insurance_evidence,2026-08-09,2026-08-10,insurer,third_party,VERIFIED,true,true,false,authoritative_evidence,false,false,synthetic_data/applicant_documents/APP-000043/42_homeowner_insurance_evidence.txt,coverage_amount|annual_premium|effective_date,insurance_records|properties
APP-000044-DOC-01,APP-000044,BORR-000052,loan_application_summary,2026-08-12,2026-08-12,applicant,applicant_supplied,RECEIVED,true,true,false,customer_evidence,false,false,synthetic_data/applicant_documents/APP-000044/01_loan_application_summary.txt,application_id|loan_purpose|requested_loan_amount|occupancy_type|declared_monthly_income,applications|loans|properties|income
APP-000044-DOC-02,APP-000044,BORR-000052,identity_verification_summary,2026-08-04,2026-08-04,third_party_provider,verification_service,REFERRED,true,true,false,authoritative_evidence,false,false,synthetic_data/applicant_documents/APP-000044/02_identity_verification_summary.txt,identity_verification_status|verified_name|verified_date_of_birth,verifications|borrowers
APP-000044-DOC-03,APP-000044,BORR-000052,credit_report_summary,2026-07-22,2026-07-22,credit_bureau,third_party,VERIFIED,true,true,false,authoritative_evidence,false,false,synthetic_data/applicant_documents/APP-000044/03_credit_report_summary.txt,score_1|score_2|score_3|report_date|revolving_balance|revolving_limit|monthly_liability_payments,credit_profiles|credit_accounts|liabilities
APP-000044-DOC-04,APP-000044,BORR-000052,paystub,2026-08-01,2026-08-03,employer,applicant_supplied,RECEIVED,true,true,false,customer_evidence,false,false,synthetic_data/applicant_documents/APP-000044/10_paystub_BORR-000052.txt,employer_name|pay_period_end|gross_per_period|ytd_gross|pay_frequency,employment|income
APP-000044-DOC-05,APP-000044,BORR-000052,w2,2025-12-31,2026-07-30,employer,applicant_supplied,RECEIVED,true,true,false,customer_evidence,false,false,synthetic_data/applicant_documents/APP-000044/11_w2_BORR-000052.txt,tax_year|employer_name|annual_wages,employment|income
APP-000044-DOC-06,APP-000044,BORR-000052,employment_verification,2026-08-04,2026-08-04,employer,third_party,VERIFIED,true,true,false,authoritative_evidence,false,false,synthetic_data/applicant_documents/APP-000044/12_employment_verification_BORR-000052.txt,employer_name|employment_start_date|employment_status|position,employment|verifications
APP-000044-DOC-07,APP-000044,BORR-000052,bank_statement,2026-08-03,2026-08-05,financial_institution,applicant_supplied,RECEIVED,true,true,false,customer_evidence,false,false,synthetic_data/applicant_documents/APP-000044/20_bank_statement_01.txt,institution|account_masked|closing_balance|statement_period_end,assets|asset_transactions
APP-000044-DOC-08,APP-000044,BORR-000052,bank_statement,2026-08-03,2026-08-05,financial_institution,applicant_supplied,RECEIVED,true,true,false,customer_evidence,false,false,synthetic_data/applicant_documents/APP-000044/20_bank_statement_02.txt,institution|account_masked|closing_balance|statement_period_end,assets|asset_transactions
APP-000044-DOC-09,APP-000044,BORR-000052,asset_verification,2026-08-05,2026-08-06,financial_institution,third_party,VERIFIED,true,true,false,authoritative_evidence,false,false,synthetic_data/applicant_documents/APP-000044/21_asset_verification_03.txt,verified_balance|asset_type|institution,assets
APP-000044-DOC-10,APP-000044,BORR-000052,asset_verification,2026-08-05,2026-08-06,financial_institution,third_party,VERIFIED,true,true,false,authoritative_evidence,false,false,synthetic_data/applicant_documents/APP-000044/21_asset_verification_04.txt,verified_balance|asset_type|institution,assets
APP-000044-DOC-11,APP-000044,BORR-000052,purchase_agreement,2026-07-17,2026-07-19,settlement_parties,applicant_supplied,RECEIVED,true,true,false,customer_evidence,false,false,synthetic_data/applicant_documents/APP-000044/30_purchase_agreement.txt,purchase_price|contract_date|earnest_money|seller_credits,properties|loans
APP-000044-DOC-12,APP-000044,,appraisal_report,2026-07-19,2026-07-22,appraiser,third_party,VERIFIED,true,true,false,authoritative_evidence,false,false,synthetic_data/applicant_documents/APP-000044/40_appraisal_report.txt,appraised_value|effective_date|condition_rating|property_type,appraisals|properties
APP-000044-DOC-13,APP-000044,,title_report,2026-08-06,2026-08-06,title_provider,third_party,VERIFIED,true,true,false,authoritative_evidence,false,false,synthetic_data/applicant_documents/APP-000044/41_title_report.txt,lien_position|exception_count|vesting,title_records|properties
APP-000044-DOC-14,APP-000044,BORR-000052,homeowner_insurance_evidence,2026-08-09,2026-08-10,insurer,third_party,VERIFIED,true,true,false,authoritative_evidence,false,false,synthetic_data/applicant_documents/APP-000044/42_homeowner_insurance_evidence.txt,coverage_amount|annual_premium|effective_date,insurance_records|properties
APP-000045-DOC-01,APP-000045,BORR-000053,loan_application_summary,2026-08-12,2026-08-12,applicant,applicant_supplied,RECEIVED,true,true,false,customer_evidence,false,false,synthetic_data/applicant_documents/APP-000045/01_loan_application_summary.txt,application_id|loan_purpose|requested_loan_amount|occupancy_type|declared_monthly_income,applications|loans|properties|income
APP-000045-DOC-02,APP-000045,BORR-000053,identity_verification_summary,2026-08-04,2026-08-04,third_party_provider,verification_service,VERIFIED,true,true,false,authoritative_evidence,false,false,synthetic_data/applicant_documents/APP-000045/02_identity_verification_summary.txt,identity_verification_status|verified_name|verified_date_of_birth,verifications|borrowers
APP-000045-DOC-03,APP-000045,BORR-000053,credit_report_summary,2026-07-22,2026-07-22,credit_bureau,third_party,VERIFIED,true,true,false,authoritative_evidence,false,false,synthetic_data/applicant_documents/APP-000045/03_credit_report_summary.txt,score_1|score_2|score_3|report_date|revolving_balance|revolving_limit|monthly_liability_payments,credit_profiles|credit_accounts|liabilities
APP-000045-DOC-04,APP-000045,BORR-000053,paystub,2026-08-01,2026-08-03,employer,applicant_supplied,RECEIVED,true,true,false,customer_evidence,false,false,synthetic_data/applicant_documents/APP-000045/10_paystub_BORR-000053.txt,employer_name|pay_period_end|gross_per_period|ytd_gross|pay_frequency,employment|income
APP-000045-DOC-05,APP-000045,BORR-000054,paystub,2026-08-01,2026-08-03,employer,applicant_supplied,RECEIVED,true,true,false,customer_evidence,false,false,synthetic_data/applicant_documents/APP-000045/10_paystub_BORR-000054.txt,employer_name|pay_period_end|gross_per_period|ytd_gross|pay_frequency,employment|income
APP-000045-DOC-06,APP-000045,BORR-000053,asset_verification,2026-08-05,2026-08-06,financial_institution,third_party,VERIFIED,true,true,false,authoritative_evidence,false,false,synthetic_data/applicant_documents/APP-000045/21_asset_verification_03.txt,verified_balance|asset_type|institution,assets
APP-000045-DOC-07,APP-000045,BORR-000053,asset_verification,2026-08-05,2026-08-06,financial_institution,third_party,VERIFIED,true,true,false,authoritative_evidence,false,false,synthetic_data/applicant_documents/APP-000045/21_asset_verification_04.txt,verified_balance|asset_type|institution,assets
APP-000045-DOC-08,APP-000045,BORR-000053,purchase_agreement,2026-07-17,2026-07-19,settlement_parties,applicant_supplied,RECEIVED,true,true,false,customer_evidence,false,false,synthetic_data/applicant_documents/APP-000045/30_purchase_agreement.txt,purchase_price|contract_date|earnest_money|seller_credits,properties|loans
APP-000045-DOC-09,APP-000045,,appraisal_report,2026-07-19,2026-07-22,appraiser,third_party,VERIFIED,true,true,false,authoritative_evidence,false,false,synthetic_data/applicant_documents/APP-000045/40_appraisal_report.txt,appraised_value|effective_date|condition_rating|property_type,appraisals|properties
APP-000045-DOC-10,APP-000045,,title_report,2026-08-06,2026-08-06,title_provider,third_party,VERIFIED,true,true,false,authoritative_evidence,false,false,synthetic_data/applicant_documents/APP-000045/41_title_report.txt,lien_position|exception_count|vesting,title_records|properties
APP-000045-DOC-11,APP-000045,BORR-000053,homeowner_insurance_evidence,2026-08-09,2026-08-10,insurer,third_party,VERIFIED,true,true,false,authoritative_evidence,false,false,synthetic_data/applicant_documents/APP-000045/42_homeowner_insurance_evidence.txt,coverage_amount|annual_premium|effective_date,insurance_records|properties
APP-000045-DOC-12,APP-000045,BORR-000053,letter_of_explanation,2026-08-09,2026-08-09,applicant,applicant_supplied,RECEIVED,true,true,false,customer_evidence,false,false,synthetic_data/applicant_documents/APP-000045/60_letter_of_explanation.txt,applicant_statement,conditions
APP-000045-DOC-13,APP-000045,BORR-000053,condition_response,2026-08-12,2026-08-12,lender,internal,OPEN,false,true,false,internal_record,false,false,synthetic_data/applicant_documents/APP-000045/70_condition_register.txt,open_condition_count|condition_rule_ids,conditions
APP-000046-DOC-01,APP-000046,BORR-000055,loan_application_summary,2026-08-12,2026-08-12,applicant,applicant_supplied,RECEIVED,true,true,false,customer_evidence,false,false,synthetic_data/applicant_documents/APP-000046/01_loan_application_summary.txt,application_id|loan_purpose|requested_loan_amount|occupancy_type|declared_monthly_income,applications|loans|properties|income
APP-000046-DOC-02,APP-000046,BORR-000055,identity_verification_summary,2026-08-04,2026-08-04,third_party_provider,verification_service,VERIFIED,true,true,false,authoritative_evidence,false,false,synthetic_data/applicant_documents/APP-000046/02_identity_verification_summary.txt,identity_verification_status|verified_name|verified_date_of_birth,verifications|borrowers
APP-000046-DOC-03,APP-000046,BORR-000055,credit_report_summary,2026-07-22,2026-07-22,credit_bureau,third_party,VERIFIED,true,true,false,authoritative_evidence,false,false,synthetic_data/applicant_documents/APP-000046/03_credit_report_summary.txt,score_1|score_2|score_3|report_date|revolving_balance|revolving_limit|monthly_liability_payments,credit_profiles|credit_accounts|liabilities
APP-000046-DOC-04,APP-000046,BORR-000055,paystub,2026-06-09,2026-06-11,employer,applicant_supplied,RECEIVED,true,true,false,customer_evidence,false,true,synthetic_data/applicant_documents/APP-000046/10_paystub_BORR-000055.txt,employer_name|pay_period_end|gross_per_period|ytd_gross|pay_frequency,employment|income
APP-000046-DOC-05,APP-000046,BORR-000055,w2,2025-12-31,2026-07-30,employer,applicant_supplied,RECEIVED,true,true,false,customer_evidence,false,false,synthetic_data/applicant_documents/APP-000046/11_w2_BORR-000055.txt,tax_year|employer_name|annual_wages,employment|income
APP-000046-DOC-06,APP-000046,BORR-000055,employment_verification,2026-08-04,2026-08-04,employer,third_party,VERIFIED,true,true,false,authoritative_evidence,false,false,synthetic_data/applicant_documents/APP-000046/12_employment_verification_BORR-000055.txt,employer_name|employment_start_date|employment_status|position,employment|verifications
APP-000046-DOC-07,APP-000046,BORR-000055,bank_statement,2026-05-29,2026-05-31,financial_institution,applicant_supplied,RECEIVED,true,true,false,customer_evidence,false,true,synthetic_data/applicant_documents/APP-000046/20_bank_statement_01.txt,institution|account_masked|closing_balance|statement_period_end,assets|asset_transactions
APP-000046-DOC-08,APP-000046,BORR-000055,bank_statement,2026-05-29,2026-05-31,financial_institution,applicant_supplied,RECEIVED,true,true,false,customer_evidence,false,true,synthetic_data/applicant_documents/APP-000046/20_bank_statement_02.txt,institution|account_masked|closing_balance|statement_period_end,assets|asset_transactions
APP-000046-DOC-09,APP-000046,BORR-000055,asset_verification,2026-08-05,2026-08-06,financial_institution,third_party,VERIFIED,true,true,false,authoritative_evidence,false,false,synthetic_data/applicant_documents/APP-000046/21_asset_verification_03.txt,verified_balance|asset_type|institution,assets
APP-000046-DOC-10,APP-000046,BORR-000055,asset_verification,2026-08-05,2026-08-06,financial_institution,third_party,VERIFIED,true,true,false,authoritative_evidence,false,false,synthetic_data/applicant_documents/APP-000046/21_asset_verification_04.txt,verified_balance|asset_type|institution,assets
APP-000046-DOC-11,APP-000046,BORR-000055,purchase_agreement,2026-07-17,2026-07-19,settlement_parties,applicant_supplied,RECEIVED,true,true,false,customer_evidence,false,false,synthetic_data/applicant_documents/APP-000046/30_purchase_agreement.txt,purchase_price|contract_date|earnest_money|seller_credits,properties|loans
APP-000046-DOC-12,APP-000046,,appraisal_report,2026-07-19,2026-07-22,appraiser,third_party,VERIFIED,true,true,false,authoritative_evidence,false,false,synthetic_data/applicant_documents/APP-000046/40_appraisal_report.txt,appraised_value|effective_date|condition_rating|property_type,appraisals|properties
APP-000046-DOC-13,APP-000046,,title_report,2026-08-06,2026-08-06,title_provider,third_party,VERIFIED,true,true,false,authoritative_evidence,false,false,synthetic_data/applicant_documents/APP-000046/41_title_report.txt,lien_position|exception_count|vesting,title_records|properties
APP-000046-DOC-14,APP-000046,BORR-000055,homeowner_insurance_evidence,2026-08-09,2026-08-10,insurer,third_party,VERIFIED,true,true,false,authoritative_evidence,false,false,synthetic_data/applicant_documents/APP-000046/42_homeowner_insurance_evidence.txt,coverage_amount|annual_premium|effective_date,insurance_records|properties
APP-000046-DOC-15,APP-000046,BORR-000055,letter_of_explanation,2026-08-09,2026-08-09,applicant,applicant_supplied,RECEIVED,true,true,false,customer_evidence,false,false,synthetic_data/applicant_documents/APP-000046/60_letter_of_explanation.txt,applicant_statement,conditions
APP-000046-DOC-16,APP-000046,BORR-000055,condition_response,2026-08-12,2026-08-12,lender,internal,OPEN,false,true,false,internal_record,false,false,synthetic_data/applicant_documents/APP-000046/70_condition_register.txt,open_condition_count|condition_rule_ids,conditions
APP-000047-DOC-01,APP-000047,BORR-000056,loan_application_summary,2026-09-04,2026-09-04,applicant,applicant_supplied,RECEIVED,true,true,false,customer_evidence,false,false,synthetic_data/applicant_documents/APP-000047/01_loan_application_summary.txt,application_id|loan_purpose|requested_loan_amount|occupancy_type|declared_monthly_income,applications|loans|properties|income
APP-000047-DOC-02,APP-000047,BORR-000056,identity_verification_summary,2026-08-27,2026-08-27,third_party_provider,verification_service,VERIFIED,true,true,false,authoritative_evidence,false,false,synthetic_data/applicant_documents/APP-000047/02_identity_verification_summary.txt,identity_verification_status|verified_name|verified_date_of_birth,verifications|borrowers
APP-000047-DOC-03,APP-000047,BORR-000056,credit_report_summary,2026-08-14,2026-08-14,credit_bureau,third_party,VERIFIED,true,true,false,authoritative_evidence,false,false,synthetic_data/applicant_documents/APP-000047/03_credit_report_summary.txt,score_1|score_2|score_3|report_date|revolving_balance|revolving_limit|monthly_liability_payments,credit_profiles|credit_accounts|liabilities
APP-000047-DOC-04,APP-000047,BORR-000056,paystub,2026-08-24,2026-08-26,employer,applicant_supplied,RECEIVED,true,true,false,customer_evidence,false,false,synthetic_data/applicant_documents/APP-000047/10_paystub_BORR-000056.txt,employer_name|pay_period_end|gross_per_period|ytd_gross|pay_frequency,employment|income
APP-000047-DOC-05,APP-000047,BORR-000056,w2,2025-12-31,2026-08-22,employer,applicant_supplied,RECEIVED,true,true,false,customer_evidence,false,false,synthetic_data/applicant_documents/APP-000047/11_w2_BORR-000056.txt,tax_year|employer_name|annual_wages,employment|income
APP-000047-DOC-06,APP-000047,BORR-000056,employment_verification,2026-08-27,2026-08-27,employer,third_party,VERIFIED,true,true,false,authoritative_evidence,false,false,synthetic_data/applicant_documents/APP-000047/12_employment_verification_BORR-000056.txt,employer_name|employment_start_date|employment_status|position,employment|verifications
APP-000047-DOC-07,APP-000047,BORR-000057,paystub,2026-08-24,2026-08-26,employer,applicant_supplied,RECEIVED,true,true,false,customer_evidence,false,false,synthetic_data/applicant_documents/APP-000047/10_paystub_BORR-000057.txt,employer_name|pay_period_end|gross_per_period|ytd_gross|pay_frequency,employment|income
APP-000047-DOC-08,APP-000047,BORR-000057,w2,2025-12-31,2026-08-22,employer,applicant_supplied,RECEIVED,true,true,false,customer_evidence,false,false,synthetic_data/applicant_documents/APP-000047/11_w2_BORR-000057.txt,tax_year|employer_name|annual_wages,employment|income
APP-000047-DOC-09,APP-000047,BORR-000057,employment_verification,2026-08-27,2026-08-27,employer,third_party,VERIFIED,true,true,false,authoritative_evidence,false,false,synthetic_data/applicant_documents/APP-000047/12_employment_verification_BORR-000057.txt,employer_name|employment_start_date|employment_status|position,employment|verifications
APP-000047-DOC-10,APP-000047,BORR-000056,bank_statement,2026-08-26,2026-08-28,financial_institution,applicant_supplied,RECEIVED,true,true,false,customer_evidence,false,false,synthetic_data/applicant_documents/APP-000047/20_bank_statement_01.txt,institution|account_masked|closing_balance|statement_period_end,assets|asset_transactions
APP-000047-DOC-11,APP-000047,BORR-000056,bank_statement,2026-08-26,2026-08-28,financial_institution,applicant_supplied,RECEIVED,true,true,false,customer_evidence,false,false,synthetic_data/applicant_documents/APP-000047/20_bank_statement_02.txt,institution|account_masked|closing_balance|statement_period_end,assets|asset_transactions
APP-000047-DOC-12,APP-000047,BORR-000056,asset_verification,2026-08-28,2026-08-29,financial_institution,third_party,VERIFIED,true,true,false,authoritative_evidence,false,false,synthetic_data/applicant_documents/APP-000047/21_asset_verification_03.txt,verified_balance|asset_type|institution,assets
APP-000047-DOC-13,APP-000047,BORR-000056,asset_verification,2026-08-28,2026-08-29,financial_institution,third_party,VERIFIED,true,true,false,authoritative_evidence,false,false,synthetic_data/applicant_documents/APP-000047/21_asset_verification_04.txt,verified_balance|asset_type|institution,assets
APP-000047-DOC-14,APP-000047,BORR-000056,purchase_agreement,2026-08-09,2026-08-11,settlement_parties,applicant_supplied,RECEIVED,true,true,false,customer_evidence,false,false,synthetic_data/applicant_documents/APP-000047/30_purchase_agreement.txt,purchase_price|contract_date|earnest_money|seller_credits,properties|loans
APP-000047-DOC-15,APP-000047,,appraisal_report,2026-08-11,2026-08-14,appraiser,third_party,VERIFIED,true,true,false,authoritative_evidence,false,false,synthetic_data/applicant_documents/APP-000047/40_appraisal_report.txt,appraised_value|effective_date|condition_rating|property_type,appraisals|properties
APP-000047-DOC-16,APP-000047,,title_report,2026-08-29,2026-08-29,title_provider,third_party,VERIFIED,true,true,false,authoritative_evidence,false,false,synthetic_data/applicant_documents/APP-000047/41_title_report.txt,lien_position|exception_count|vesting,title_records|properties
APP-000047-DOC-17,APP-000047,BORR-000056,homeowner_insurance_evidence,2026-09-01,2026-09-02,insurer,third_party,VERIFIED,true,true,false,authoritative_evidence,false,false,synthetic_data/applicant_documents/APP-000047/42_homeowner_insurance_evidence.txt,coverage_amount|annual_premium|effective_date,insurance_records|properties
APP-000047-DOC-18,APP-000047,,flood_insurance_evidence,2026-08-24,2026-08-25,insurer,third_party,VERIFIED,false,true,false,authoritative_evidence,false,false,synthetic_data/applicant_documents/APP-000047/43_flood_insurance_evidence.txt,flood_zone|coverage_amount|effective_date,insurance_records|properties
APP-000047-DOC-19,APP-000047,BORR-000056,letter_of_explanation,2026-09-01,2026-09-01,applicant,applicant_supplied,RECEIVED,true,true,false,customer_evidence,false,false,synthetic_data/applicant_documents/APP-000047/60_letter_of_explanation.txt,applicant_statement,conditions
APP-000047-DOC-20,APP-000047,BORR-000056,condition_response,2026-09-04,2026-09-04,lender,internal,OPEN,false,true,false,internal_record,false,false,synthetic_data/applicant_documents/APP-000047/70_condition_register.txt,open_condition_count|condition_rule_ids,conditions
APP-000048-DOC-01,APP-000048,BORR-000058,loan_application_summary,2026-08-12,2026-08-12,applicant,applicant_supplied,RECEIVED,true,true,false,customer_evidence,false,false,synthetic_data/applicant_documents/APP-000048/01_loan_application_summary.txt,application_id|loan_purpose|requested_loan_amount|occupancy_type|declared_monthly_income,applications|loans|properties|income
APP-000048-DOC-02,APP-000048,BORR-000058,identity_verification_summary,2026-08-04,2026-08-04,third_party_provider,verification_service,VERIFIED,true,true,false,authoritative_evidence,false,false,synthetic_data/applicant_documents/APP-000048/02_identity_verification_summary.txt,identity_verification_status|verified_name|verified_date_of_birth,verifications|borrowers
APP-000048-DOC-03,APP-000048,BORR-000058,credit_report_summary,2026-07-22,2026-07-22,credit_bureau,third_party,VERIFIED,true,true,false,authoritative_evidence,false,false,synthetic_data/applicant_documents/APP-000048/03_credit_report_summary.txt,score_1|score_2|score_3|report_date|revolving_balance|revolving_limit|monthly_liability_payments,credit_profiles|credit_accounts|liabilities
APP-000048-DOC-04,APP-000048,BORR-000058,paystub,2026-08-01,2026-08-03,employer,applicant_supplied,RECEIVED,true,true,false,customer_evidence,false,false,synthetic_data/applicant_documents/APP-000048/10_paystub_BORR-000058.txt,employer_name|pay_period_end|gross_per_period|ytd_gross|pay_frequency,employment|income
APP-000048-DOC-05,APP-000048,BORR-000058,w2,2025-12-31,2026-07-30,employer,applicant_supplied,RECEIVED,true,true,false,customer_evidence,false,false,synthetic_data/applicant_documents/APP-000048/11_w2_BORR-000058.txt,tax_year|employer_name|annual_wages,employment|income
APP-000048-DOC-06,APP-000048,BORR-000058,employment_verification,2026-08-04,2026-08-04,employer,third_party,VERIFIED,true,true,false,authoritative_evidence,false,false,synthetic_data/applicant_documents/APP-000048/12_employment_verification_BORR-000058.txt,employer_name|employment_start_date|employment_status|position,employment|verifications
APP-000048-DOC-07,APP-000048,BORR-000058,bank_statement,2026-08-03,2026-08-05,financial_institution,applicant_supplied,RECEIVED,true,true,false,customer_evidence,false,false,synthetic_data/applicant_documents/APP-000048/20_bank_statement_01.txt,institution|account_masked|closing_balance|statement_period_end,assets|asset_transactions
APP-000048-DOC-08,APP-000048,BORR-000058,bank_statement,2026-08-03,2026-08-05,financial_institution,applicant_supplied,RECEIVED,true,true,false,customer_evidence,false,false,synthetic_data/applicant_documents/APP-000048/20_bank_statement_02.txt,institution|account_masked|closing_balance|statement_period_end,assets|asset_transactions
APP-000048-DOC-09,APP-000048,BORR-000058,asset_verification,2026-08-05,2026-08-06,financial_institution,third_party,VERIFIED,true,true,false,authoritative_evidence,false,false,synthetic_data/applicant_documents/APP-000048/21_asset_verification_03.txt,verified_balance|asset_type|institution,assets
APP-000048-DOC-10,APP-000048,BORR-000058,asset_verification,2026-08-05,2026-08-06,financial_institution,third_party,VERIFIED,true,true,false,authoritative_evidence,false,false,synthetic_data/applicant_documents/APP-000048/21_asset_verification_04.txt,verified_balance|asset_type|institution,assets
APP-000048-DOC-11,APP-000048,BORR-000058,purchase_agreement,2026-07-17,2026-07-19,settlement_parties,applicant_supplied,RECEIVED,true,true,false,customer_evidence,false,false,synthetic_data/applicant_documents/APP-000048/30_purchase_agreement.txt,purchase_price|contract_date|earnest_money|seller_credits,properties|loans
APP-000048-DOC-12,APP-000048,,appraisal_report,2026-07-19,2026-07-22,appraiser,third_party,VERIFIED,true,true,false,authoritative_evidence,false,false,synthetic_data/applicant_documents/APP-000048/40_appraisal_report.txt,appraised_value|effective_date|condition_rating|property_type,appraisals|properties
APP-000048-DOC-13,APP-000048,,title_report,2026-08-06,2026-08-06,title_provider,third_party,VERIFIED,true,true,false,authoritative_evidence,false,false,synthetic_data/applicant_documents/APP-000048/41_title_report.txt,lien_position|exception_count|vesting,title_records|properties
APP-000048-DOC-14,APP-000048,BORR-000058,homeowner_insurance_evidence,2026-08-09,2026-08-10,insurer,third_party,VERIFIED,true,true,false,authoritative_evidence,false,false,synthetic_data/applicant_documents/APP-000048/42_homeowner_insurance_evidence.txt,coverage_amount|annual_premium|effective_date,insurance_records|properties
APP-000048-DOC-15,APP-000048,BORR-000058,letter_of_explanation,2026-08-09,2026-08-09,applicant,applicant_supplied,RECEIVED,true,true,false,customer_evidence,false,false,synthetic_data/applicant_documents/APP-000048/60_letter_of_explanation.txt,applicant_statement,conditions
APP-000048-DOC-16,APP-000048,BORR-000058,condition_response,2026-08-12,2026-08-12,lender,internal,OPEN,false,true,false,internal_record,false,false,synthetic_data/applicant_documents/APP-000048/70_condition_register.txt,open_condition_count|condition_rule_ids,conditions
APP-000049-DOC-01,APP-000049,BORR-000059,loan_application_summary,2026-08-12,2026-08-12,applicant,applicant_supplied,RECEIVED,true,true,false,customer_evidence,false,false,synthetic_data/applicant_documents/APP-000049/01_loan_application_summary.txt,application_id|loan_purpose|requested_loan_amount|occupancy_type|declared_monthly_income,applications|loans|properties|income
APP-000049-DOC-02,APP-000049,BORR-000059,identity_verification_summary,2026-08-04,2026-08-04,third_party_provider,verification_service,VERIFIED,true,true,false,authoritative_evidence,false,false,synthetic_data/applicant_documents/APP-000049/02_identity_verification_summary.txt,identity_verification_status|verified_name|verified_date_of_birth,verifications|borrowers
APP-000049-DOC-03,APP-000049,BORR-000059,credit_report_summary,2026-07-22,2026-07-22,credit_bureau,third_party,VERIFIED,true,true,false,authoritative_evidence,false,false,synthetic_data/applicant_documents/APP-000049/03_credit_report_summary.txt,score_1|score_2|score_3|report_date|revolving_balance|revolving_limit|monthly_liability_payments,credit_profiles|credit_accounts|liabilities
APP-000049-DOC-04,APP-000049,BORR-000059,paystub,2026-08-01,2026-08-03,employer,applicant_supplied,RECEIVED,true,true,false,customer_evidence,false,false,synthetic_data/applicant_documents/APP-000049/10_paystub_BORR-000059.txt,employer_name|pay_period_end|gross_per_period|ytd_gross|pay_frequency,employment|income
APP-000049-DOC-05,APP-000049,BORR-000059,w2,2025-12-31,2026-07-30,employer,applicant_supplied,RECEIVED,true,true,false,customer_evidence,false,false,synthetic_data/applicant_documents/APP-000049/11_w2_BORR-000059.txt,tax_year|employer_name|annual_wages,employment|income
APP-000049-DOC-06,APP-000049,BORR-000059,employment_verification,2026-08-04,2026-08-04,employer,third_party,VERIFIED,true,true,false,authoritative_evidence,false,false,synthetic_data/applicant_documents/APP-000049/12_employment_verification_BORR-000059.txt,employer_name|employment_start_date|employment_status|position,employment|verifications
APP-000049-DOC-07,APP-000049,BORR-000059,bank_statement,2026-08-03,2026-08-05,financial_institution,applicant_supplied,RECEIVED,true,true,false,customer_evidence,false,false,synthetic_data/applicant_documents/APP-000049/20_bank_statement_01.txt,institution|account_masked|closing_balance|statement_period_end,assets|asset_transactions
APP-000049-DOC-08,APP-000049,BORR-000059,bank_statement,2026-08-03,2026-08-05,financial_institution,applicant_supplied,RECEIVED,true,true,false,customer_evidence,false,false,synthetic_data/applicant_documents/APP-000049/20_bank_statement_02.txt,institution|account_masked|closing_balance|statement_period_end,assets|asset_transactions
APP-000049-DOC-09,APP-000049,BORR-000059,asset_verification,2026-08-05,2026-08-06,financial_institution,third_party,VERIFIED,true,true,false,authoritative_evidence,false,false,synthetic_data/applicant_documents/APP-000049/21_asset_verification_03.txt,verified_balance|asset_type|institution,assets
APP-000049-DOC-10,APP-000049,BORR-000059,asset_verification,2026-08-05,2026-08-06,financial_institution,third_party,VERIFIED,true,true,false,authoritative_evidence,false,false,synthetic_data/applicant_documents/APP-000049/21_asset_verification_04.txt,verified_balance|asset_type|institution,assets
APP-000049-DOC-11,APP-000049,BORR-000059,purchase_agreement,2026-07-17,2026-07-19,settlement_parties,applicant_supplied,RECEIVED,true,true,false,customer_evidence,false,false,synthetic_data/applicant_documents/APP-000049/30_purchase_agreement.txt,purchase_price|contract_date|earnest_money|seller_credits,properties|loans
APP-000049-DOC-12,APP-000049,,appraisal_report,2026-07-19,2026-07-22,appraiser,third_party,VERIFIED,true,true,false,authoritative_evidence,false,false,synthetic_data/applicant_documents/APP-000049/40_appraisal_report.txt,appraised_value|effective_date|condition_rating|property_type,appraisals|properties
APP-000049-DOC-13,APP-000049,,title_report,2026-08-06,2026-08-06,title_provider,third_party,VERIFIED,true,true,false,authoritative_evidence,false,false,synthetic_data/applicant_documents/APP-000049/41_title_report.txt,lien_position|exception_count|vesting,title_records|properties
APP-000049-DOC-14,APP-000049,BORR-000059,homeowner_insurance_evidence,2026-08-09,2026-08-10,insurer,third_party,VERIFIED,true,true,false,authoritative_evidence,false,false,synthetic_data/applicant_documents/APP-000049/42_homeowner_insurance_evidence.txt,coverage_amount|annual_premium|effective_date,insurance_records|properties
APP-000049-DOC-15,APP-000049,BORR-000059,letter_of_explanation,2026-08-09,2026-08-09,applicant,applicant_supplied,RECEIVED,true,true,false,customer_evidence,false,false,synthetic_data/applicant_documents/APP-000049/60_letter_of_explanation.txt,applicant_statement,conditions
APP-000049-DOC-16,APP-000049,BORR-000059,condition_response,2026-08-12,2026-08-12,lender,internal,OPEN,false,true,false,internal_record,false,false,synthetic_data/applicant_documents/APP-000049/70_condition_register.txt,open_condition_count|condition_rule_ids,conditions
APP-000050-DOC-01,APP-000050,BORR-000060,loan_application_summary,2026-08-12,2026-08-12,applicant,applicant_supplied,RECEIVED,true,true,false,customer_evidence,false,false,synthetic_data/applicant_documents/APP-000050/01_loan_application_summary.txt,application_id|loan_purpose|requested_loan_amount|occupancy_type|declared_monthly_income,applications|loans|properties|income
APP-000050-DOC-02,APP-000050,BORR-000060,identity_verification_summary,2026-08-04,2026-08-04,third_party_provider,verification_service,VERIFIED,true,true,false,authoritative_evidence,false,false,synthetic_data/applicant_documents/APP-000050/02_identity_verification_summary.txt,identity_verification_status|verified_name|verified_date_of_birth,verifications|borrowers
APP-000050-DOC-03,APP-000050,BORR-000060,credit_report_summary,2026-07-22,2026-07-22,credit_bureau,third_party,VERIFIED,true,true,false,authoritative_evidence,false,false,synthetic_data/applicant_documents/APP-000050/03_credit_report_summary.txt,score_1|score_2|score_3|report_date|revolving_balance|revolving_limit|monthly_liability_payments,credit_profiles|credit_accounts|liabilities
APP-000050-DOC-04,APP-000050,BORR-000060,paystub,2026-08-01,2026-08-03,employer,applicant_supplied,RECEIVED,true,true,false,customer_evidence,false,false,synthetic_data/applicant_documents/APP-000050/10_paystub_BORR-000060.txt,employer_name|pay_period_end|gross_per_period|ytd_gross|pay_frequency,employment|income
APP-000050-DOC-05,APP-000050,BORR-000060,w2,2025-12-31,2026-07-30,employer,applicant_supplied,RECEIVED,true,true,false,customer_evidence,false,false,synthetic_data/applicant_documents/APP-000050/11_w2_BORR-000060.txt,tax_year|employer_name|annual_wages,employment|income
APP-000050-DOC-06,APP-000050,BORR-000060,employment_verification,2026-08-04,2026-08-04,employer,third_party,VERIFIED,true,true,false,authoritative_evidence,false,false,synthetic_data/applicant_documents/APP-000050/12_employment_verification_BORR-000060.txt,employer_name|employment_start_date|employment_status|position,employment|verifications
APP-000050-DOC-07,APP-000050,BORR-000061,paystub,2026-08-01,2026-08-03,employer,applicant_supplied,RECEIVED,true,true,false,customer_evidence,false,false,synthetic_data/applicant_documents/APP-000050/10_paystub_BORR-000061.txt,employer_name|pay_period_end|gross_per_period|ytd_gross|pay_frequency,employment|income
APP-000050-DOC-08,APP-000050,BORR-000061,w2,2025-12-31,2026-07-30,employer,applicant_supplied,RECEIVED,true,true,false,customer_evidence,false,false,synthetic_data/applicant_documents/APP-000050/11_w2_BORR-000061.txt,tax_year|employer_name|annual_wages,employment|income
APP-000050-DOC-09,APP-000050,BORR-000061,employment_verification,2026-08-04,2026-08-04,employer,third_party,VERIFIED,true,true,false,authoritative_evidence,false,false,synthetic_data/applicant_documents/APP-000050/12_employment_verification_BORR-000061.txt,employer_name|employment_start_date|employment_status|position,employment|verifications
APP-000050-DOC-10,APP-000050,BORR-000060,bank_statement,2026-08-03,2026-08-05,financial_institution,applicant_supplied,RECEIVED,true,true,false,customer_evidence,false,false,synthetic_data/applicant_documents/APP-000050/20_bank_statement_01.txt,institution|account_masked|closing_balance|statement_period_end,assets|asset_transactions
APP-000050-DOC-11,APP-000050,BORR-000060,bank_statement,2026-08-03,2026-08-05,financial_institution,applicant_supplied,RECEIVED,true,true,false,customer_evidence,false,false,synthetic_data/applicant_documents/APP-000050/20_bank_statement_02.txt,institution|account_masked|closing_balance|statement_period_end,assets|asset_transactions
APP-000050-DOC-12,APP-000050,BORR-000060,purchase_agreement,2026-07-17,2026-07-19,settlement_parties,applicant_supplied,RECEIVED,true,true,false,customer_evidence,false,false,synthetic_data/applicant_documents/APP-000050/30_purchase_agreement.txt,purchase_price|contract_date|earnest_money|seller_credits,properties|loans
APP-000050-DOC-13,APP-000050,,appraisal_report,2026-07-19,2026-07-22,appraiser,third_party,VERIFIED,true,true,false,authoritative_evidence,false,false,synthetic_data/applicant_documents/APP-000050/40_appraisal_report.txt,appraised_value|effective_date|condition_rating|property_type,appraisals|properties
APP-000050-DOC-14,APP-000050,,title_report,2026-08-06,2026-08-06,title_provider,third_party,VERIFIED,true,true,false,authoritative_evidence,false,false,synthetic_data/applicant_documents/APP-000050/41_title_report.txt,lien_position|exception_count|vesting,title_records|properties
APP-000050-DOC-15,APP-000050,BORR-000060,homeowner_insurance_evidence,2026-08-09,2026-08-10,insurer,third_party,VERIFIED,true,true,false,authoritative_evidence,false,false,synthetic_data/applicant_documents/APP-000050/42_homeowner_insurance_evidence.txt,coverage_amount|annual_premium|effective_date,insurance_records|properties
APP-000051-DOC-01,APP-000051,BORR-000062,loan_application_summary,2026-08-12,2026-08-12,applicant,applicant_supplied,RECEIVED,true,true,false,customer_evidence,false,false,synthetic_data/applicant_documents/APP-000051/01_loan_application_summary.txt,application_id|loan_purpose|requested_loan_amount|occupancy_type|declared_monthly_income,applications|loans|properties|income
APP-000051-DOC-02,APP-000051,BORR-000062,identity_verification_summary,2026-08-04,2026-08-04,third_party_provider,verification_service,VERIFIED,true,true,false,authoritative_evidence,false,false,synthetic_data/applicant_documents/APP-000051/02_identity_verification_summary.txt,identity_verification_status|verified_name|verified_date_of_birth,verifications|borrowers
APP-000051-DOC-03,APP-000051,BORR-000062,credit_report_summary,2026-07-22,2026-07-22,credit_bureau,third_party,VERIFIED,true,true,false,authoritative_evidence,false,false,synthetic_data/applicant_documents/APP-000051/03_credit_report_summary.txt,score_1|score_2|score_3|report_date|revolving_balance|revolving_limit|monthly_liability_payments,credit_profiles|credit_accounts|liabilities
APP-000051-DOC-04,APP-000051,BORR-000062,paystub,2026-08-01,2026-08-03,employer,applicant_supplied,RECEIVED,true,true,false,customer_evidence,false,false,synthetic_data/applicant_documents/APP-000051/10_paystub_BORR-000062.txt,employer_name|pay_period_end|gross_per_period|ytd_gross|pay_frequency,employment|income
APP-000051-DOC-05,APP-000051,BORR-000062,w2,2025-12-31,2026-07-30,employer,applicant_supplied,RECEIVED,true,true,false,customer_evidence,false,false,synthetic_data/applicant_documents/APP-000051/11_w2_BORR-000062.txt,tax_year|employer_name|annual_wages,employment|income
APP-000051-DOC-06,APP-000051,BORR-000062,employment_verification,2026-08-04,2026-08-04,employer,third_party,VERIFIED,true,true,false,authoritative_evidence,false,false,synthetic_data/applicant_documents/APP-000051/12_employment_verification_BORR-000062.txt,employer_name|employment_start_date|employment_status|position,employment|verifications
APP-000051-DOC-07,APP-000051,BORR-000062,bank_statement,2026-08-03,2026-08-05,financial_institution,applicant_supplied,RECEIVED,true,true,false,customer_evidence,false,false,synthetic_data/applicant_documents/APP-000051/20_bank_statement_01.txt,institution|account_masked|closing_balance|statement_period_end,assets|asset_transactions
APP-000051-DOC-08,APP-000051,BORR-000062,bank_statement,2026-08-03,2026-08-05,financial_institution,applicant_supplied,RECEIVED,true,true,false,customer_evidence,false,false,synthetic_data/applicant_documents/APP-000051/20_bank_statement_02.txt,institution|account_masked|closing_balance|statement_period_end,assets|asset_transactions
APP-000051-DOC-09,APP-000051,BORR-000062,asset_verification,2026-08-05,2026-08-06,financial_institution,third_party,VERIFIED,true,true,false,authoritative_evidence,false,false,synthetic_data/applicant_documents/APP-000051/21_asset_verification_03.txt,verified_balance|asset_type|institution,assets
APP-000051-DOC-10,APP-000051,BORR-000062,asset_verification,2026-08-05,2026-08-06,financial_institution,third_party,VERIFIED,true,true,false,authoritative_evidence,false,false,synthetic_data/applicant_documents/APP-000051/21_asset_verification_04.txt,verified_balance|asset_type|institution,assets
APP-000051-DOC-11,APP-000051,BORR-000062,purchase_agreement,2026-07-17,2026-07-19,settlement_parties,applicant_supplied,RECEIVED,true,true,false,customer_evidence,false,false,synthetic_data/applicant_documents/APP-000051/30_purchase_agreement.txt,purchase_price|contract_date|earnest_money|seller_credits,properties|loans
APP-000051-DOC-12,APP-000051,,appraisal_report,2026-07-19,2026-07-22,appraiser,third_party,VERIFIED,true,true,false,authoritative_evidence,false,false,synthetic_data/applicant_documents/APP-000051/40_appraisal_report.txt,appraised_value|effective_date|condition_rating|property_type,appraisals|properties
APP-000051-DOC-13,APP-000051,,title_report,2026-08-06,2026-08-06,title_provider,third_party,VERIFIED,true,true,false,authoritative_evidence,false,false,synthetic_data/applicant_documents/APP-000051/41_title_report.txt,lien_position|exception_count|vesting,title_records|properties
APP-000051-DOC-14,APP-000051,BORR-000062,homeowner_insurance_evidence,2026-08-09,2026-08-10,insurer,third_party,VERIFIED,true,true,false,authoritative_evidence,false,false,synthetic_data/applicant_documents/APP-000051/42_homeowner_insurance_evidence.txt,coverage_amount|annual_premium|effective_date,insurance_records|properties
APP-000051-DOC-15,APP-000051,BORR-000062,letter_of_explanation,2026-08-09,2026-08-09,applicant,applicant_supplied,RECEIVED,true,true,false,customer_evidence,false,false,synthetic_data/applicant_documents/APP-000051/60_letter_of_explanation.txt,applicant_statement,conditions
APP-000051-DOC-16,APP-000051,BORR-000062,condition_response,2026-08-12,2026-08-12,lender,internal,OPEN,false,true,false,internal_record,false,false,synthetic_data/applicant_documents/APP-000051/70_condition_register.txt,open_condition_count|condition_rule_ids,conditions
APP-000052-DOC-01,APP-000052,BORR-000063,loan_application_summary,2026-09-04,2026-09-04,applicant,applicant_supplied,RECEIVED,true,true,false,customer_evidence,false,false,synthetic_data/applicant_documents/APP-000052/01_loan_application_summary.txt,application_id|loan_purpose|requested_loan_amount|occupancy_type|declared_monthly_income,applications|loans|properties|income
APP-000052-DOC-02,APP-000052,BORR-000063,identity_verification_summary,2026-08-27,2026-08-27,third_party_provider,verification_service,VERIFIED,true,true,false,authoritative_evidence,false,false,synthetic_data/applicant_documents/APP-000052/02_identity_verification_summary.txt,identity_verification_status|verified_name|verified_date_of_birth,verifications|borrowers
APP-000052-DOC-03,APP-000052,BORR-000063,credit_report_summary,2026-08-14,2026-08-14,credit_bureau,third_party,VERIFIED,true,true,false,authoritative_evidence,false,false,synthetic_data/applicant_documents/APP-000052/03_credit_report_summary.txt,score_1|score_2|score_3|report_date|revolving_balance|revolving_limit|monthly_liability_payments,credit_profiles|credit_accounts|liabilities
APP-000052-DOC-04,APP-000052,BORR-000063,paystub,2026-08-24,2026-08-26,employer,applicant_supplied,RECEIVED,true,true,false,customer_evidence,false,false,synthetic_data/applicant_documents/APP-000052/10_paystub_BORR-000063.txt,employer_name|pay_period_end|gross_per_period|ytd_gross|pay_frequency,employment|income
APP-000052-DOC-05,APP-000052,BORR-000063,w2,2025-12-31,2026-08-22,employer,applicant_supplied,RECEIVED,true,true,false,customer_evidence,false,false,synthetic_data/applicant_documents/APP-000052/11_w2_BORR-000063.txt,tax_year|employer_name|annual_wages,employment|income
APP-000052-DOC-06,APP-000052,BORR-000063,employment_verification,2026-08-27,2026-08-27,employer,third_party,VERIFIED,true,true,false,authoritative_evidence,false,false,synthetic_data/applicant_documents/APP-000052/12_employment_verification_BORR-000063.txt,employer_name|employment_start_date|employment_status|position,employment|verifications
APP-000052-DOC-07,APP-000052,BORR-000063,bank_statement,2026-08-26,2026-08-28,financial_institution,applicant_supplied,RECEIVED,true,true,false,customer_evidence,false,false,synthetic_data/applicant_documents/APP-000052/20_bank_statement_01.txt,institution|account_masked|closing_balance|statement_period_end,assets|asset_transactions
APP-000052-DOC-08,APP-000052,BORR-000063,bank_statement,2026-08-26,2026-08-28,financial_institution,applicant_supplied,RECEIVED,true,true,false,customer_evidence,false,false,synthetic_data/applicant_documents/APP-000052/20_bank_statement_02.txt,institution|account_masked|closing_balance|statement_period_end,assets|asset_transactions
APP-000052-DOC-09,APP-000052,BORR-000063,asset_verification,2026-08-28,2026-08-29,financial_institution,third_party,VERIFIED,true,true,false,authoritative_evidence,false,false,synthetic_data/applicant_documents/APP-000052/21_asset_verification_03.txt,verified_balance|asset_type|institution,assets
APP-000052-DOC-10,APP-000052,BORR-000063,asset_verification,2026-08-28,2026-08-29,financial_institution,third_party,VERIFIED,true,true,false,authoritative_evidence,false,false,synthetic_data/applicant_documents/APP-000052/21_asset_verification_04.txt,verified_balance|asset_type|institution,assets
APP-000052-DOC-11,APP-000052,BORR-000063,purchase_agreement,2026-08-09,2026-08-11,settlement_parties,applicant_supplied,RECEIVED,true,true,false,customer_evidence,false,false,synthetic_data/applicant_documents/APP-000052/30_purchase_agreement.txt,purchase_price|contract_date|earnest_money|seller_credits,properties|loans
APP-000052-DOC-12,APP-000052,,value_acceptance_record,2026-08-11,2026-08-11,automated_underwriting_system,third_party,VERIFIED,false,true,false,authoritative_evidence,false,false,synthetic_data/applicant_documents/APP-000052/40_value_acceptance_record.txt,accepted_value|valuation_method,properties
APP-000052-DOC-13,APP-000052,,title_report,2026-08-29,2026-08-29,title_provider,third_party,VERIFIED,true,true,false,authoritative_evidence,false,false,synthetic_data/applicant_documents/APP-000052/41_title_report.txt,lien_position|exception_count|vesting,title_records|properties
APP-000052-DOC-14,APP-000052,BORR-000063,homeowner_insurance_evidence,2026-09-01,2026-09-02,insurer,third_party,VERIFIED,true,true,false,authoritative_evidence,false,false,synthetic_data/applicant_documents/APP-000052/42_homeowner_insurance_evidence.txt,coverage_amount|annual_premium|effective_date,insurance_records|properties
APP-000053-DOC-01,APP-000053,BORR-000064,loan_application_summary,2026-06-25,2026-06-25,applicant,applicant_supplied,RECEIVED,true,true,false,customer_evidence,false,false,synthetic_data/applicant_documents/APP-000053/01_loan_application_summary.txt,application_id|loan_purpose|requested_loan_amount|occupancy_type|declared_monthly_income,applications|loans|properties|income
APP-000053-DOC-02,APP-000053,BORR-000064,identity_verification_summary,2026-06-17,2026-06-17,third_party_provider,verification_service,VERIFIED,true,true,false,authoritative_evidence,false,false,synthetic_data/applicant_documents/APP-000053/02_identity_verification_summary.txt,identity_verification_status|verified_name|verified_date_of_birth,verifications|borrowers
APP-000053-DOC-03,APP-000053,BORR-000064,credit_report_summary,2026-06-04,2026-06-04,credit_bureau,third_party,VERIFIED,true,true,false,authoritative_evidence,false,false,synthetic_data/applicant_documents/APP-000053/03_credit_report_summary.txt,score_1|score_2|score_3|report_date|revolving_balance|revolving_limit|monthly_liability_payments,credit_profiles|credit_accounts|liabilities
APP-000053-DOC-04,APP-000053,BORR-000064,paystub,2026-06-14,2026-06-16,employer,applicant_supplied,RECEIVED,true,true,false,customer_evidence,false,false,synthetic_data/applicant_documents/APP-000053/10_paystub_BORR-000064.txt,employer_name|pay_period_end|gross_per_period|ytd_gross|pay_frequency,employment|income
APP-000053-DOC-05,APP-000053,BORR-000064,w2,2025-12-31,2026-06-12,employer,applicant_supplied,RECEIVED,true,true,false,customer_evidence,false,false,synthetic_data/applicant_documents/APP-000053/11_w2_BORR-000064.txt,tax_year|employer_name|annual_wages,employment|income
APP-000053-DOC-06,APP-000053,BORR-000064,employment_verification,2026-06-17,2026-06-17,employer,third_party,VERIFIED,true,true,false,authoritative_evidence,false,false,synthetic_data/applicant_documents/APP-000053/12_employment_verification_BORR-000064.txt,employer_name|employment_start_date|employment_status|position,employment|verifications
APP-000053-DOC-07,APP-000053,BORR-000064,bank_statement,2026-06-16,2026-06-18,financial_institution,applicant_supplied,RECEIVED,true,true,false,customer_evidence,false,false,synthetic_data/applicant_documents/APP-000053/20_bank_statement_01.txt,institution|account_masked|closing_balance|statement_period_end,assets|asset_transactions
APP-000053-DOC-08,APP-000053,BORR-000064,bank_statement,2026-06-16,2026-06-18,financial_institution,applicant_supplied,RECEIVED,true,true,false,customer_evidence,false,false,synthetic_data/applicant_documents/APP-000053/20_bank_statement_02.txt,institution|account_masked|closing_balance|statement_period_end,assets|asset_transactions
APP-000053-DOC-09,APP-000053,BORR-000064,asset_verification,2026-06-18,2026-06-19,financial_institution,third_party,VERIFIED,true,true,false,authoritative_evidence,false,false,synthetic_data/applicant_documents/APP-000053/21_asset_verification_03.txt,verified_balance|asset_type|institution,assets
APP-000053-DOC-10,APP-000053,BORR-000064,asset_verification,2026-06-18,2026-06-19,financial_institution,third_party,VERIFIED,true,true,false,authoritative_evidence,false,false,synthetic_data/applicant_documents/APP-000053/21_asset_verification_04.txt,verified_balance|asset_type|institution,assets
APP-000053-DOC-11,APP-000053,BORR-000064,purchase_agreement,2026-05-30,2026-06-01,settlement_parties,applicant_supplied,RECEIVED,true,true,false,customer_evidence,false,false,synthetic_data/applicant_documents/APP-000053/30_purchase_agreement.txt,purchase_price|contract_date|earnest_money|seller_credits,properties|loans
APP-000053-DOC-12,APP-000053,,value_acceptance_record,2026-06-01,2026-06-01,automated_underwriting_system,third_party,VERIFIED,false,true,false,authoritative_evidence,false,false,synthetic_data/applicant_documents/APP-000053/40_value_acceptance_record.txt,accepted_value|valuation_method,properties
APP-000053-DOC-13,APP-000053,,title_report,2026-06-19,2026-06-19,title_provider,third_party,VERIFIED,true,true,false,authoritative_evidence,false,false,synthetic_data/applicant_documents/APP-000053/41_title_report.txt,lien_position|exception_count|vesting,title_records|properties
APP-000053-DOC-14,APP-000053,BORR-000064,homeowner_insurance_evidence,2026-06-22,2026-06-23,insurer,third_party,VERIFIED,true,true,false,authoritative_evidence,false,false,synthetic_data/applicant_documents/APP-000053/42_homeowner_insurance_evidence.txt,coverage_amount|annual_premium|effective_date,insurance_records|properties
APP-000053-DOC-15,APP-000053,BORR-000064,letter_of_explanation,2026-06-22,2026-06-22,applicant,applicant_supplied,RECEIVED,true,true,false,customer_evidence,false,false,synthetic_data/applicant_documents/APP-000053/60_letter_of_explanation.txt,applicant_statement,conditions
APP-000053-DOC-16,APP-000053,BORR-000064,condition_response,2026-06-25,2026-06-25,lender,internal,OPEN,false,true,false,internal_record,false,false,synthetic_data/applicant_documents/APP-000053/70_condition_register.txt,open_condition_count|condition_rule_ids,conditions
APP-000054-DOC-01,APP-000054,BORR-000065,loan_application_summary,2026-08-12,2026-08-12,applicant,applicant_supplied,RECEIVED,true,true,false,customer_evidence,false,false,synthetic_data/applicant_documents/APP-000054/01_loan_application_summary.txt,application_id|loan_purpose|requested_loan_amount|occupancy_type|declared_monthly_income,applications|loans|properties|income
APP-000054-DOC-02,APP-000054,BORR-000065,identity_verification_summary,2026-08-04,2026-08-04,third_party_provider,verification_service,VERIFIED,true,true,false,authoritative_evidence,false,false,synthetic_data/applicant_documents/APP-000054/02_identity_verification_summary.txt,identity_verification_status|verified_name|verified_date_of_birth,verifications|borrowers
APP-000054-DOC-03,APP-000054,BORR-000065,credit_report_summary,2026-07-22,2026-07-22,credit_bureau,third_party,VERIFIED,true,true,false,authoritative_evidence,false,false,synthetic_data/applicant_documents/APP-000054/03_credit_report_summary.txt,score_1|score_2|score_3|report_date|revolving_balance|revolving_limit|monthly_liability_payments,credit_profiles|credit_accounts|liabilities
APP-000054-DOC-04,APP-000054,BORR-000065,paystub,2026-08-01,2026-08-03,employer,applicant_supplied,RECEIVED,true,true,false,customer_evidence,false,false,synthetic_data/applicant_documents/APP-000054/10_paystub_BORR-000065.txt,employer_name|pay_period_end|gross_per_period|ytd_gross|pay_frequency,employment|income
APP-000054-DOC-05,APP-000054,BORR-000065,w2,2025-12-31,2026-07-30,employer,applicant_supplied,RECEIVED,true,true,false,customer_evidence,false,false,synthetic_data/applicant_documents/APP-000054/11_w2_BORR-000065.txt,tax_year|employer_name|annual_wages,employment|income
APP-000054-DOC-06,APP-000054,BORR-000065,employment_verification,2026-08-04,2026-08-04,employer,third_party,VERIFIED,true,true,false,authoritative_evidence,false,false,synthetic_data/applicant_documents/APP-000054/12_employment_verification_BORR-000065.txt,employer_name|employment_start_date|employment_status|position,employment|verifications
APP-000054-DOC-07,APP-000054,BORR-000065,bank_statement,2026-08-03,2026-08-05,financial_institution,applicant_supplied,RECEIVED,true,true,false,customer_evidence,false,false,synthetic_data/applicant_documents/APP-000054/20_bank_statement_01.txt,institution|account_masked|closing_balance|statement_period_end,assets|asset_transactions
APP-000054-DOC-08,APP-000054,BORR-000065,bank_statement,2026-08-03,2026-08-05,financial_institution,applicant_supplied,RECEIVED,true,true,false,customer_evidence,false,false,synthetic_data/applicant_documents/APP-000054/20_bank_statement_02.txt,institution|account_masked|closing_balance|statement_period_end,assets|asset_transactions
APP-000054-DOC-09,APP-000054,BORR-000065,asset_verification,2026-08-05,2026-08-06,financial_institution,third_party,VERIFIED,true,true,false,authoritative_evidence,false,false,synthetic_data/applicant_documents/APP-000054/21_asset_verification_03.txt,verified_balance|asset_type|institution,assets
APP-000054-DOC-10,APP-000054,BORR-000065,asset_verification,2026-08-05,2026-08-06,financial_institution,third_party,VERIFIED,true,true,false,authoritative_evidence,false,false,synthetic_data/applicant_documents/APP-000054/21_asset_verification_04.txt,verified_balance|asset_type|institution,assets
APP-000054-DOC-11,APP-000054,BORR-000065,purchase_agreement,2026-07-17,2026-07-19,settlement_parties,applicant_supplied,RECEIVED,true,true,false,customer_evidence,false,false,synthetic_data/applicant_documents/APP-000054/30_purchase_agreement.txt,purchase_price|contract_date|earnest_money|seller_credits,properties|loans
APP-000054-DOC-12,APP-000054,,appraisal_report,2026-02-25,2026-02-28,appraiser,third_party,VERIFIED,true,true,false,authoritative_evidence,false,false,synthetic_data/applicant_documents/APP-000054/40_appraisal_report.txt,appraised_value|effective_date|condition_rating|property_type,appraisals|properties
APP-000054-DOC-13,APP-000054,,title_report,2026-08-06,2026-08-06,title_provider,third_party,VERIFIED,true,true,false,authoritative_evidence,false,false,synthetic_data/applicant_documents/APP-000054/41_title_report.txt,lien_position|exception_count|vesting,title_records|properties
APP-000054-DOC-14,APP-000054,BORR-000065,homeowner_insurance_evidence,2026-08-09,2026-08-10,insurer,third_party,VERIFIED,true,true,false,authoritative_evidence,false,false,synthetic_data/applicant_documents/APP-000054/42_homeowner_insurance_evidence.txt,coverage_amount|annual_premium|effective_date,insurance_records|properties
APP-000054-DOC-15,APP-000054,BORR-000065,letter_of_explanation,2026-08-09,2026-08-09,applicant,applicant_supplied,RECEIVED,true,true,false,customer_evidence,false,false,synthetic_data/applicant_documents/APP-000054/60_letter_of_explanation.txt,applicant_statement,conditions
APP-000054-DOC-16,APP-000054,BORR-000065,condition_response,2026-08-12,2026-08-12,lender,internal,OPEN,false,true,false,internal_record,false,false,synthetic_data/applicant_documents/APP-000054/70_condition_register.txt,open_condition_count|condition_rule_ids,conditions
APP-000055-DOC-01,APP-000055,BORR-000066,loan_application_summary,2026-06-25,2026-06-25,applicant,applicant_supplied,RECEIVED,true,true,false,customer_evidence,false,false,synthetic_data/applicant_documents/APP-000055/01_loan_application_summary.txt,application_id|loan_purpose|requested_loan_amount|occupancy_type|declared_monthly_income,applications|loans|properties|income
APP-000055-DOC-02,APP-000055,BORR-000066,identity_verification_summary,2026-06-17,2026-06-17,third_party_provider,verification_service,VERIFIED,true,true,false,authoritative_evidence,false,false,synthetic_data/applicant_documents/APP-000055/02_identity_verification_summary.txt,identity_verification_status|verified_name|verified_date_of_birth,verifications|borrowers
APP-000055-DOC-03,APP-000055,BORR-000066,credit_report_summary,2026-06-04,2026-06-04,credit_bureau,third_party,VERIFIED,true,true,false,authoritative_evidence,false,false,synthetic_data/applicant_documents/APP-000055/03_credit_report_summary.txt,score_1|score_2|score_3|report_date|revolving_balance|revolving_limit|monthly_liability_payments,credit_profiles|credit_accounts|liabilities
APP-000055-DOC-04,APP-000055,BORR-000066,paystub,2026-06-14,2026-06-16,employer,applicant_supplied,RECEIVED,true,true,false,customer_evidence,false,false,synthetic_data/applicant_documents/APP-000055/10_paystub_BORR-000066.txt,employer_name|pay_period_end|gross_per_period|ytd_gross|pay_frequency,employment|income
APP-000055-DOC-05,APP-000055,BORR-000066,w2,2025-12-31,2026-06-12,employer,applicant_supplied,RECEIVED,true,true,false,customer_evidence,false,false,synthetic_data/applicant_documents/APP-000055/11_w2_BORR-000066.txt,tax_year|employer_name|annual_wages,employment|income
APP-000055-DOC-06,APP-000055,BORR-000066,employment_verification,2026-06-17,2026-06-17,employer,third_party,VERIFIED,true,true,false,authoritative_evidence,false,false,synthetic_data/applicant_documents/APP-000055/12_employment_verification_BORR-000066.txt,employer_name|employment_start_date|employment_status|position,employment|verifications
APP-000055-DOC-07,APP-000055,BORR-000066,bank_statement,2026-06-16,2026-06-18,financial_institution,applicant_supplied,RECEIVED,true,true,false,customer_evidence,false,false,synthetic_data/applicant_documents/APP-000055/20_bank_statement_01.txt,institution|account_masked|closing_balance|statement_period_end,assets|asset_transactions
APP-000055-DOC-08,APP-000055,BORR-000066,bank_statement,2026-06-16,2026-06-18,financial_institution,applicant_supplied,RECEIVED,true,true,false,customer_evidence,false,false,synthetic_data/applicant_documents/APP-000055/20_bank_statement_02.txt,institution|account_masked|closing_balance|statement_period_end,assets|asset_transactions
APP-000055-DOC-09,APP-000055,BORR-000066,asset_verification,2026-06-18,2026-06-19,financial_institution,third_party,VERIFIED,true,true,false,authoritative_evidence,false,false,synthetic_data/applicant_documents/APP-000055/21_asset_verification_03.txt,verified_balance|asset_type|institution,assets
APP-000055-DOC-10,APP-000055,BORR-000066,asset_verification,2026-06-18,2026-06-19,financial_institution,third_party,VERIFIED,true,true,false,authoritative_evidence,false,false,synthetic_data/applicant_documents/APP-000055/21_asset_verification_04.txt,verified_balance|asset_type|institution,assets
APP-000055-DOC-11,APP-000055,BORR-000066,purchase_agreement,2026-05-30,2026-06-01,settlement_parties,applicant_supplied,RECEIVED,true,true,false,customer_evidence,false,false,synthetic_data/applicant_documents/APP-000055/30_purchase_agreement.txt,purchase_price|contract_date|earnest_money|seller_credits,properties|loans
APP-000055-DOC-12,APP-000055,,appraisal_report,2026-06-01,2026-06-04,appraiser,third_party,VERIFIED,true,true,false,authoritative_evidence,false,false,synthetic_data/applicant_documents/APP-000055/40_appraisal_report.txt,appraised_value|effective_date|condition_rating|property_type,appraisals|properties
APP-000055-DOC-13,APP-000055,,title_report,2026-06-19,2026-06-19,title_provider,third_party,VERIFIED,true,true,false,authoritative_evidence,false,false,synthetic_data/applicant_documents/APP-000055/41_title_report.txt,lien_position|exception_count|vesting,title_records|properties
APP-000055-DOC-14,APP-000055,BORR-000066,homeowner_insurance_evidence,2026-06-22,2026-06-23,insurer,third_party,VERIFIED,true,true,false,authoritative_evidence,false,false,synthetic_data/applicant_documents/APP-000055/42_homeowner_insurance_evidence.txt,coverage_amount|annual_premium|effective_date,insurance_records|properties
APP-000056-DOC-01,APP-000056,BORR-000067,loan_application_summary,2026-07-08,2026-07-08,applicant,applicant_supplied,RECEIVED,true,true,false,customer_evidence,false,false,synthetic_data/applicant_documents/APP-000056/01_loan_application_summary.txt,application_id|loan_purpose|requested_loan_amount|occupancy_type|declared_monthly_income,applications|loans|properties|income
APP-000056-DOC-02,APP-000056,BORR-000067,identity_verification_summary,2026-06-30,2026-06-30,third_party_provider,verification_service,VERIFIED,true,true,false,authoritative_evidence,false,false,synthetic_data/applicant_documents/APP-000056/02_identity_verification_summary.txt,identity_verification_status|verified_name|verified_date_of_birth,verifications|borrowers
APP-000056-DOC-03,APP-000056,BORR-000067,credit_report_summary,2026-06-17,2026-06-17,credit_bureau,third_party,VERIFIED,true,true,false,authoritative_evidence,false,false,synthetic_data/applicant_documents/APP-000056/03_credit_report_summary.txt,score_1|score_2|score_3|report_date|revolving_balance|revolving_limit|monthly_liability_payments,credit_profiles|credit_accounts|liabilities
APP-000056-DOC-04,APP-000056,BORR-000067,paystub,2026-06-27,2026-06-29,employer,applicant_supplied,RECEIVED,true,true,false,customer_evidence,false,false,synthetic_data/applicant_documents/APP-000056/10_paystub_BORR-000067.txt,employer_name|pay_period_end|gross_per_period|ytd_gross|pay_frequency,employment|income
APP-000056-DOC-05,APP-000056,BORR-000067,w2,2025-12-31,2026-06-25,employer,applicant_supplied,RECEIVED,true,true,false,customer_evidence,false,false,synthetic_data/applicant_documents/APP-000056/11_w2_BORR-000067.txt,tax_year|employer_name|annual_wages,employment|income
APP-000056-DOC-06,APP-000056,BORR-000067,employment_verification,2026-06-30,2026-06-30,employer,third_party,VERIFIED,true,true,false,authoritative_evidence,false,false,synthetic_data/applicant_documents/APP-000056/12_employment_verification_BORR-000067.txt,employer_name|employment_start_date|employment_status|position,employment|verifications
APP-000056-DOC-07,APP-000056,BORR-000067,bank_statement,2026-06-29,2026-07-01,financial_institution,applicant_supplied,RECEIVED,true,true,false,customer_evidence,false,false,synthetic_data/applicant_documents/APP-000056/20_bank_statement_01.txt,institution|account_masked|closing_balance|statement_period_end,assets|asset_transactions
APP-000056-DOC-08,APP-000056,BORR-000067,bank_statement,2026-06-29,2026-07-01,financial_institution,applicant_supplied,RECEIVED,true,true,false,customer_evidence,false,false,synthetic_data/applicant_documents/APP-000056/20_bank_statement_02.txt,institution|account_masked|closing_balance|statement_period_end,assets|asset_transactions
APP-000056-DOC-09,APP-000056,BORR-000067,asset_verification,2026-07-01,2026-07-02,financial_institution,third_party,VERIFIED,true,true,false,authoritative_evidence,false,false,synthetic_data/applicant_documents/APP-000056/21_asset_verification_03.txt,verified_balance|asset_type|institution,assets
APP-000056-DOC-10,APP-000056,BORR-000067,asset_verification,2026-07-01,2026-07-02,financial_institution,third_party,VERIFIED,true,true,false,authoritative_evidence,false,false,synthetic_data/applicant_documents/APP-000056/21_asset_verification_04.txt,verified_balance|asset_type|institution,assets
APP-000056-DOC-11,APP-000056,BORR-000067,purchase_agreement,2026-06-12,2026-06-14,settlement_parties,applicant_supplied,RECEIVED,true,true,false,customer_evidence,false,false,synthetic_data/applicant_documents/APP-000056/30_purchase_agreement.txt,purchase_price|contract_date|earnest_money|seller_credits,properties|loans
APP-000056-DOC-12,APP-000056,,appraisal_report,2026-06-14,2026-06-17,appraiser,third_party,VERIFIED,true,true,false,authoritative_evidence,false,false,synthetic_data/applicant_documents/APP-000056/40_appraisal_report.txt,appraised_value|effective_date|condition_rating|property_type,appraisals|properties
APP-000056-DOC-13,APP-000056,,title_report,2026-07-02,2026-07-02,title_provider,third_party,VERIFIED,true,true,false,authoritative_evidence,false,false,synthetic_data/applicant_documents/APP-000056/41_title_report.txt,lien_position|exception_count|vesting,title_records|properties
APP-000056-DOC-14,APP-000056,BORR-000067,homeowner_insurance_evidence,2026-07-05,2026-07-06,insurer,third_party,VERIFIED,true,true,false,authoritative_evidence,false,false,synthetic_data/applicant_documents/APP-000056/42_homeowner_insurance_evidence.txt,coverage_amount|annual_premium|effective_date,insurance_records|properties
APP-000056-DOC-15,APP-000056,BORR-000067,letter_of_explanation,2026-07-05,2026-07-05,applicant,applicant_supplied,RECEIVED,true,true,false,customer_evidence,false,false,synthetic_data/applicant_documents/APP-000056/60_letter_of_explanation.txt,applicant_statement,conditions
APP-000056-DOC-16,APP-000056,BORR-000067,condition_response,2026-07-08,2026-07-08,lender,internal,OPEN,false,true,false,internal_record,false,false,synthetic_data/applicant_documents/APP-000056/70_condition_register.txt,open_condition_count|condition_rule_ids,conditions
APP-000057-DOC-01,APP-000057,BORR-000068,loan_application_summary,2026-07-08,2026-07-08,applicant,applicant_supplied,RECEIVED,true,true,false,customer_evidence,false,false,synthetic_data/applicant_documents/APP-000057/01_loan_application_summary.txt,application_id|loan_purpose|requested_loan_amount|occupancy_type|declared_monthly_income,applications|loans|properties|income
APP-000057-DOC-02,APP-000057,BORR-000068,identity_verification_summary,2026-06-30,2026-06-30,third_party_provider,verification_service,VERIFIED,true,true,false,authoritative_evidence,false,false,synthetic_data/applicant_documents/APP-000057/02_identity_verification_summary.txt,identity_verification_status|verified_name|verified_date_of_birth,verifications|borrowers
APP-000057-DOC-03,APP-000057,BORR-000068,credit_report_summary,2026-06-17,2026-06-17,credit_bureau,third_party,VERIFIED,true,true,false,authoritative_evidence,false,false,synthetic_data/applicant_documents/APP-000057/03_credit_report_summary.txt,score_1|score_2|score_3|report_date|revolving_balance|revolving_limit|monthly_liability_payments,credit_profiles|credit_accounts|liabilities
APP-000057-DOC-04,APP-000057,BORR-000068,paystub,2026-06-27,2026-06-29,employer,applicant_supplied,RECEIVED,true,true,false,customer_evidence,false,false,synthetic_data/applicant_documents/APP-000057/10_paystub_BORR-000068.txt,employer_name|pay_period_end|gross_per_period|ytd_gross|pay_frequency,employment|income
APP-000057-DOC-05,APP-000057,BORR-000068,w2,2025-12-31,2026-06-25,employer,applicant_supplied,RECEIVED,true,true,false,customer_evidence,false,false,synthetic_data/applicant_documents/APP-000057/11_w2_BORR-000068.txt,tax_year|employer_name|annual_wages,employment|income
APP-000057-DOC-06,APP-000057,BORR-000068,employment_verification,2026-06-30,2026-06-30,employer,third_party,VERIFIED,true,true,false,authoritative_evidence,false,false,synthetic_data/applicant_documents/APP-000057/12_employment_verification_BORR-000068.txt,employer_name|employment_start_date|employment_status|position,employment|verifications
APP-000057-DOC-07,APP-000057,BORR-000069,paystub,2026-06-27,2026-06-29,employer,applicant_supplied,RECEIVED,true,true,false,customer_evidence,false,false,synthetic_data/applicant_documents/APP-000057/10_paystub_BORR-000069.txt,employer_name|pay_period_end|gross_per_period|ytd_gross|pay_frequency,employment|income
APP-000057-DOC-08,APP-000057,BORR-000069,w2,2025-12-31,2026-06-25,employer,applicant_supplied,RECEIVED,true,true,false,customer_evidence,false,false,synthetic_data/applicant_documents/APP-000057/11_w2_BORR-000069.txt,tax_year|employer_name|annual_wages,employment|income
APP-000057-DOC-09,APP-000057,BORR-000069,employment_verification,2026-06-30,2026-06-30,employer,third_party,VERIFIED,true,true,false,authoritative_evidence,false,false,synthetic_data/applicant_documents/APP-000057/12_employment_verification_BORR-000069.txt,employer_name|employment_start_date|employment_status|position,employment|verifications
APP-000057-DOC-10,APP-000057,BORR-000068,bank_statement,2026-06-29,2026-07-01,financial_institution,applicant_supplied,RECEIVED,true,true,false,customer_evidence,false,false,synthetic_data/applicant_documents/APP-000057/20_bank_statement_01.txt,institution|account_masked|closing_balance|statement_period_end,assets|asset_transactions
APP-000057-DOC-11,APP-000057,BORR-000068,bank_statement,2026-06-29,2026-07-01,financial_institution,applicant_supplied,RECEIVED,true,true,false,customer_evidence,false,false,synthetic_data/applicant_documents/APP-000057/20_bank_statement_02.txt,institution|account_masked|closing_balance|statement_period_end,assets|asset_transactions
APP-000057-DOC-12,APP-000057,BORR-000068,asset_verification,2026-07-01,2026-07-02,financial_institution,third_party,VERIFIED,true,true,false,authoritative_evidence,false,false,synthetic_data/applicant_documents/APP-000057/21_asset_verification_03.txt,verified_balance|asset_type|institution,assets
APP-000057-DOC-13,APP-000057,BORR-000068,asset_verification,2026-07-01,2026-07-02,financial_institution,third_party,VERIFIED,true,true,false,authoritative_evidence,false,false,synthetic_data/applicant_documents/APP-000057/21_asset_verification_04.txt,verified_balance|asset_type|institution,assets
APP-000057-DOC-14,APP-000057,BORR-000068,purchase_agreement,2026-06-12,2026-06-14,settlement_parties,applicant_supplied,RECEIVED,true,true,false,customer_evidence,false,false,synthetic_data/applicant_documents/APP-000057/30_purchase_agreement.txt,purchase_price|contract_date|earnest_money|seller_credits,properties|loans
APP-000057-DOC-15,APP-000057,,appraisal_report,2026-06-14,2026-06-17,appraiser,third_party,VERIFIED,true,true,false,authoritative_evidence,false,false,synthetic_data/applicant_documents/APP-000057/40_appraisal_report.txt,appraised_value|effective_date|condition_rating|property_type,appraisals|properties
APP-000057-DOC-16,APP-000057,,title_report,2026-07-02,2026-07-02,title_provider,third_party,VERIFIED,true,true,false,authoritative_evidence,false,false,synthetic_data/applicant_documents/APP-000057/41_title_report.txt,lien_position|exception_count|vesting,title_records|properties
APP-000057-DOC-17,APP-000057,BORR-000068,homeowner_insurance_evidence,2026-07-05,2026-07-06,insurer,third_party,VERIFIED,true,true,false,authoritative_evidence,false,false,synthetic_data/applicant_documents/APP-000057/42_homeowner_insurance_evidence.txt,coverage_amount|annual_premium|effective_date,insurance_records|properties
APP-000058-DOC-01,APP-000058,BORR-000070,loan_application_summary,2026-09-04,2026-09-04,applicant,applicant_supplied,RECEIVED,true,true,false,customer_evidence,false,false,synthetic_data/applicant_documents/APP-000058/01_loan_application_summary.txt,application_id|loan_purpose|requested_loan_amount|occupancy_type|declared_monthly_income,applications|loans|properties|income
APP-000058-DOC-02,APP-000058,BORR-000070,identity_verification_summary,2026-08-27,2026-08-27,third_party_provider,verification_service,VERIFIED,true,true,false,authoritative_evidence,false,false,synthetic_data/applicant_documents/APP-000058/02_identity_verification_summary.txt,identity_verification_status|verified_name|verified_date_of_birth,verifications|borrowers
APP-000058-DOC-03,APP-000058,BORR-000070,credit_report_summary,2026-08-14,2026-08-14,credit_bureau,third_party,VERIFIED,true,true,false,authoritative_evidence,false,false,synthetic_data/applicant_documents/APP-000058/03_credit_report_summary.txt,score_1|score_2|score_3|report_date|revolving_balance|revolving_limit|monthly_liability_payments,credit_profiles|credit_accounts|liabilities
APP-000058-DOC-04,APP-000058,BORR-000070,paystub,2026-08-24,2026-08-26,employer,applicant_supplied,RECEIVED,true,true,false,customer_evidence,false,false,synthetic_data/applicant_documents/APP-000058/10_paystub_BORR-000070.txt,employer_name|pay_period_end|gross_per_period|ytd_gross|pay_frequency,employment|income
APP-000058-DOC-05,APP-000058,BORR-000070,w2,2025-12-31,2026-08-22,employer,applicant_supplied,RECEIVED,true,true,false,customer_evidence,false,false,synthetic_data/applicant_documents/APP-000058/11_w2_BORR-000070.txt,tax_year|employer_name|annual_wages,employment|income
APP-000058-DOC-06,APP-000058,BORR-000070,employment_verification,2026-08-27,2026-08-27,employer,third_party,VERIFIED,true,true,false,authoritative_evidence,false,false,synthetic_data/applicant_documents/APP-000058/12_employment_verification_BORR-000070.txt,employer_name|employment_start_date|employment_status|position,employment|verifications
APP-000058-DOC-07,APP-000058,BORR-000070,bank_statement,2026-08-26,2026-08-28,financial_institution,applicant_supplied,RECEIVED,true,true,false,customer_evidence,false,false,synthetic_data/applicant_documents/APP-000058/20_bank_statement_01.txt,institution|account_masked|closing_balance|statement_period_end,assets|asset_transactions
APP-000058-DOC-08,APP-000058,BORR-000070,bank_statement,2026-08-26,2026-08-28,financial_institution,applicant_supplied,RECEIVED,true,true,false,customer_evidence,false,false,synthetic_data/applicant_documents/APP-000058/20_bank_statement_02.txt,institution|account_masked|closing_balance|statement_period_end,assets|asset_transactions
APP-000058-DOC-09,APP-000058,BORR-000070,asset_verification,2026-08-28,2026-08-29,financial_institution,third_party,VERIFIED,true,true,false,authoritative_evidence,false,false,synthetic_data/applicant_documents/APP-000058/21_asset_verification_03.txt,verified_balance|asset_type|institution,assets
APP-000058-DOC-10,APP-000058,BORR-000070,asset_verification,2026-08-28,2026-08-29,financial_institution,third_party,VERIFIED,true,true,false,authoritative_evidence,false,false,synthetic_data/applicant_documents/APP-000058/21_asset_verification_04.txt,verified_balance|asset_type|institution,assets
APP-000058-DOC-11,APP-000058,BORR-000070,purchase_agreement,2026-08-09,2026-08-11,settlement_parties,applicant_supplied,RECEIVED,true,true,false,customer_evidence,false,false,synthetic_data/applicant_documents/APP-000058/30_purchase_agreement.txt,purchase_price|contract_date|earnest_money|seller_credits,properties|loans
APP-000058-DOC-12,APP-000058,,appraisal_report,2026-08-11,2026-08-14,appraiser,third_party,VERIFIED,true,true,false,authoritative_evidence,false,false,synthetic_data/applicant_documents/APP-000058/40_appraisal_report.txt,appraised_value|effective_date|condition_rating|property_type,appraisals|properties
APP-000058-DOC-13,APP-000058,,title_report,2026-08-29,2026-08-29,title_provider,third_party,VERIFIED,true,true,false,authoritative_evidence,false,false,synthetic_data/applicant_documents/APP-000058/41_title_report.txt,lien_position|exception_count|vesting,title_records|properties
APP-000058-DOC-14,APP-000058,BORR-000070,homeowner_insurance_evidence,2026-09-01,2026-09-02,insurer,third_party,VERIFIED,true,true,false,authoritative_evidence,false,false,synthetic_data/applicant_documents/APP-000058/42_homeowner_insurance_evidence.txt,coverage_amount|annual_premium|effective_date,insurance_records|properties
APP-000059-DOC-01,APP-000059,BORR-000071,loan_application_summary,2026-09-04,2026-09-04,applicant,applicant_supplied,RECEIVED,true,true,false,customer_evidence,false,false,synthetic_data/applicant_documents/APP-000059/01_loan_application_summary.txt,application_id|loan_purpose|requested_loan_amount|occupancy_type|declared_monthly_income,applications|loans|properties|income
APP-000059-DOC-02,APP-000059,BORR-000071,identity_verification_summary,2026-08-27,2026-08-27,third_party_provider,verification_service,VERIFIED,true,true,false,authoritative_evidence,false,false,synthetic_data/applicant_documents/APP-000059/02_identity_verification_summary.txt,identity_verification_status|verified_name|verified_date_of_birth,verifications|borrowers
APP-000059-DOC-03,APP-000059,BORR-000071,credit_report_summary,2026-08-14,2026-08-14,credit_bureau,third_party,VERIFIED,true,true,false,authoritative_evidence,false,false,synthetic_data/applicant_documents/APP-000059/03_credit_report_summary.txt,score_1|score_2|score_3|report_date|revolving_balance|revolving_limit|monthly_liability_payments,credit_profiles|credit_accounts|liabilities
APP-000059-DOC-04,APP-000059,BORR-000071,paystub,2026-08-24,2026-08-26,employer,applicant_supplied,RECEIVED,true,true,false,customer_evidence,false,false,synthetic_data/applicant_documents/APP-000059/10_paystub_BORR-000071.txt,employer_name|pay_period_end|gross_per_period|ytd_gross|pay_frequency,employment|income
APP-000059-DOC-05,APP-000059,BORR-000071,w2,2025-12-31,2026-08-22,employer,applicant_supplied,RECEIVED,true,true,false,customer_evidence,false,false,synthetic_data/applicant_documents/APP-000059/11_w2_BORR-000071.txt,tax_year|employer_name|annual_wages,employment|income
APP-000059-DOC-06,APP-000059,BORR-000071,employment_verification,2026-08-27,2026-08-27,employer,third_party,VERIFIED,true,true,false,authoritative_evidence,false,false,synthetic_data/applicant_documents/APP-000059/12_employment_verification_BORR-000071.txt,employer_name|employment_start_date|employment_status|position,employment|verifications
APP-000059-DOC-07,APP-000059,BORR-000071,bank_statement,2026-08-26,2026-08-28,financial_institution,applicant_supplied,RECEIVED,true,true,false,customer_evidence,false,false,synthetic_data/applicant_documents/APP-000059/20_bank_statement_01.txt,institution|account_masked|closing_balance|statement_period_end,assets|asset_transactions
APP-000059-DOC-08,APP-000059,BORR-000071,bank_statement,2026-08-26,2026-08-28,financial_institution,applicant_supplied,RECEIVED,true,true,false,customer_evidence,false,false,synthetic_data/applicant_documents/APP-000059/20_bank_statement_02.txt,institution|account_masked|closing_balance|statement_period_end,assets|asset_transactions
APP-000059-DOC-09,APP-000059,BORR-000071,asset_verification,2026-08-28,2026-08-29,financial_institution,third_party,VERIFIED,true,true,false,authoritative_evidence,false,false,synthetic_data/applicant_documents/APP-000059/21_asset_verification_03.txt,verified_balance|asset_type|institution,assets
APP-000059-DOC-10,APP-000059,BORR-000071,asset_verification,2026-08-28,2026-08-29,financial_institution,third_party,VERIFIED,true,true,false,authoritative_evidence,false,false,synthetic_data/applicant_documents/APP-000059/21_asset_verification_04.txt,verified_balance|asset_type|institution,assets
APP-000059-DOC-11,APP-000059,BORR-000071,purchase_agreement,2026-08-09,2026-08-11,settlement_parties,applicant_supplied,RECEIVED,true,true,false,customer_evidence,false,false,synthetic_data/applicant_documents/APP-000059/30_purchase_agreement.txt,purchase_price|contract_date|earnest_money|seller_credits,properties|loans
APP-000059-DOC-12,APP-000059,,appraisal_report,2026-08-11,2026-08-14,appraiser,third_party,VERIFIED,true,true,false,authoritative_evidence,false,false,synthetic_data/applicant_documents/APP-000059/40_appraisal_report.txt,appraised_value|effective_date|condition_rating|property_type,appraisals|properties
APP-000059-DOC-13,APP-000059,,title_report,2026-08-29,2026-08-29,title_provider,third_party,VERIFIED,true,true,false,authoritative_evidence,false,false,synthetic_data/applicant_documents/APP-000059/41_title_report.txt,lien_position|exception_count|vesting,title_records|properties
APP-000059-DOC-14,APP-000059,BORR-000071,homeowner_insurance_evidence,2026-09-01,2026-09-02,insurer,third_party,VERIFIED,true,true,false,authoritative_evidence,false,false,synthetic_data/applicant_documents/APP-000059/42_homeowner_insurance_evidence.txt,coverage_amount|annual_premium|effective_date,insurance_records|properties
APP-000060-DOC-01,APP-000060,BORR-000072,loan_application_summary,2026-08-12,2026-08-12,applicant,applicant_supplied,RECEIVED,true,true,false,customer_evidence,false,false,synthetic_data/applicant_documents/APP-000060/01_loan_application_summary.txt,application_id|loan_purpose|requested_loan_amount|occupancy_type|declared_monthly_income,applications|loans|properties|income
APP-000060-DOC-02,APP-000060,BORR-000072,identity_verification_summary,2026-08-04,2026-08-04,third_party_provider,verification_service,VERIFIED,true,true,false,authoritative_evidence,false,false,synthetic_data/applicant_documents/APP-000060/02_identity_verification_summary.txt,identity_verification_status|verified_name|verified_date_of_birth,verifications|borrowers
APP-000060-DOC-03,APP-000060,BORR-000072,credit_report_summary,2026-07-22,2026-07-22,credit_bureau,third_party,VERIFIED,true,true,false,authoritative_evidence,false,false,synthetic_data/applicant_documents/APP-000060/03_credit_report_summary.txt,score_1|score_2|score_3|report_date|revolving_balance|revolving_limit|monthly_liability_payments,credit_profiles|credit_accounts|liabilities
APP-000060-DOC-04,APP-000060,BORR-000072,paystub,2026-08-01,2026-08-03,employer,applicant_supplied,RECEIVED,true,true,false,customer_evidence,false,false,synthetic_data/applicant_documents/APP-000060/10_paystub_BORR-000072.txt,employer_name|pay_period_end|gross_per_period|ytd_gross|pay_frequency,employment|income
APP-000060-DOC-05,APP-000060,BORR-000072,w2,2025-12-31,2026-07-30,employer,applicant_supplied,RECEIVED,true,true,false,customer_evidence,false,false,synthetic_data/applicant_documents/APP-000060/11_w2_BORR-000072.txt,tax_year|employer_name|annual_wages,employment|income
APP-000060-DOC-06,APP-000060,BORR-000072,employment_verification,2026-08-04,2026-08-04,employer,third_party,VERIFIED,true,true,false,authoritative_evidence,false,false,synthetic_data/applicant_documents/APP-000060/12_employment_verification_BORR-000072.txt,employer_name|employment_start_date|employment_status|position,employment|verifications
APP-000060-DOC-07,APP-000060,BORR-000072,bank_statement,2026-08-03,2026-08-05,financial_institution,applicant_supplied,RECEIVED,true,true,false,customer_evidence,false,false,synthetic_data/applicant_documents/APP-000060/20_bank_statement_01.txt,institution|account_masked|closing_balance|statement_period_end,assets|asset_transactions
APP-000060-DOC-08,APP-000060,BORR-000072,bank_statement,2026-08-03,2026-08-05,financial_institution,applicant_supplied,RECEIVED,true,true,false,customer_evidence,false,false,synthetic_data/applicant_documents/APP-000060/20_bank_statement_02.txt,institution|account_masked|closing_balance|statement_period_end,assets|asset_transactions
APP-000060-DOC-09,APP-000060,BORR-000072,asset_verification,2026-08-05,2026-08-06,financial_institution,third_party,VERIFIED,true,true,false,authoritative_evidence,false,false,synthetic_data/applicant_documents/APP-000060/21_asset_verification_03.txt,verified_balance|asset_type|institution,assets
APP-000060-DOC-10,APP-000060,BORR-000072,asset_verification,2026-08-05,2026-08-06,financial_institution,third_party,VERIFIED,true,true,false,authoritative_evidence,false,false,synthetic_data/applicant_documents/APP-000060/21_asset_verification_04.txt,verified_balance|asset_type|institution,assets
APP-000060-DOC-11,APP-000060,BORR-000072,purchase_agreement,2026-07-17,2026-07-19,settlement_parties,applicant_supplied,RECEIVED,true,true,false,customer_evidence,false,false,synthetic_data/applicant_documents/APP-000060/30_purchase_agreement.txt,purchase_price|contract_date|earnest_money|seller_credits,properties|loans
APP-000060-DOC-12,APP-000060,,appraisal_report,2026-07-19,2026-07-22,appraiser,third_party,VERIFIED,true,true,false,authoritative_evidence,false,false,synthetic_data/applicant_documents/APP-000060/40_appraisal_report.txt,appraised_value|effective_date|condition_rating|property_type,appraisals|properties
APP-000060-DOC-13,APP-000060,,title_report,2026-08-06,2026-08-06,title_provider,third_party,VERIFIED,true,true,false,authoritative_evidence,false,false,synthetic_data/applicant_documents/APP-000060/41_title_report.txt,lien_position|exception_count|vesting,title_records|properties
APP-000060-DOC-14,APP-000060,BORR-000072,homeowner_insurance_evidence,2026-08-09,2026-08-10,insurer,third_party,VERIFIED,true,true,false,authoritative_evidence,false,false,synthetic_data/applicant_documents/APP-000060/42_homeowner_insurance_evidence.txt,coverage_amount|annual_premium|effective_date,insurance_records|properties
APP-000061-DOC-01,APP-000061,BORR-000073,loan_application_summary,2026-08-12,2026-08-12,applicant,applicant_supplied,RECEIVED,true,true,false,customer_evidence,false,false,synthetic_data/applicant_documents/APP-000061/01_loan_application_summary.txt,application_id|loan_purpose|requested_loan_amount|occupancy_type|declared_monthly_income,applications|loans|properties|income
APP-000061-DOC-02,APP-000061,BORR-000073,identity_verification_summary,2026-08-04,2026-08-04,third_party_provider,verification_service,VERIFIED,true,true,false,authoritative_evidence,false,false,synthetic_data/applicant_documents/APP-000061/02_identity_verification_summary.txt,identity_verification_status|verified_name|verified_date_of_birth,verifications|borrowers
APP-000061-DOC-03,APP-000061,BORR-000073,credit_report_summary,2026-07-22,2026-07-22,credit_bureau,third_party,VERIFIED,true,true,false,authoritative_evidence,false,false,synthetic_data/applicant_documents/APP-000061/03_credit_report_summary.txt,score_1|score_2|score_3|report_date|revolving_balance|revolving_limit|monthly_liability_payments,credit_profiles|credit_accounts|liabilities
APP-000061-DOC-04,APP-000061,BORR-000073,paystub,2026-08-01,2026-08-03,employer,applicant_supplied,RECEIVED,true,true,false,customer_evidence,false,false,synthetic_data/applicant_documents/APP-000061/10_paystub_BORR-000073.txt,employer_name|pay_period_end|gross_per_period|ytd_gross|pay_frequency,employment|income
APP-000061-DOC-05,APP-000061,BORR-000073,w2,2025-12-31,2026-07-30,employer,applicant_supplied,RECEIVED,true,true,false,customer_evidence,false,false,synthetic_data/applicant_documents/APP-000061/11_w2_BORR-000073.txt,tax_year|employer_name|annual_wages,employment|income
APP-000061-DOC-06,APP-000061,BORR-000073,employment_verification,2026-08-04,2026-08-04,employer,third_party,VERIFIED,true,true,false,authoritative_evidence,false,false,synthetic_data/applicant_documents/APP-000061/12_employment_verification_BORR-000073.txt,employer_name|employment_start_date|employment_status|position,employment|verifications
APP-000061-DOC-07,APP-000061,BORR-000074,paystub,2026-08-01,2026-08-03,employer,applicant_supplied,RECEIVED,true,true,false,customer_evidence,false,false,synthetic_data/applicant_documents/APP-000061/10_paystub_BORR-000074.txt,employer_name|pay_period_end|gross_per_period|ytd_gross|pay_frequency,employment|income
APP-000061-DOC-08,APP-000061,BORR-000074,w2,2025-12-31,2026-07-30,employer,applicant_supplied,RECEIVED,true,true,false,customer_evidence,false,false,synthetic_data/applicant_documents/APP-000061/11_w2_BORR-000074.txt,tax_year|employer_name|annual_wages,employment|income
APP-000061-DOC-09,APP-000061,BORR-000074,employment_verification,2026-08-04,2026-08-04,employer,third_party,VERIFIED,true,true,false,authoritative_evidence,false,false,synthetic_data/applicant_documents/APP-000061/12_employment_verification_BORR-000074.txt,employer_name|employment_start_date|employment_status|position,employment|verifications
APP-000061-DOC-10,APP-000061,BORR-000073,bank_statement,2026-08-03,2026-08-05,financial_institution,applicant_supplied,RECEIVED,true,true,false,customer_evidence,false,false,synthetic_data/applicant_documents/APP-000061/20_bank_statement_01.txt,institution|account_masked|closing_balance|statement_period_end,assets|asset_transactions
APP-000061-DOC-11,APP-000061,BORR-000073,bank_statement,2026-08-03,2026-08-05,financial_institution,applicant_supplied,RECEIVED,true,true,false,customer_evidence,false,false,synthetic_data/applicant_documents/APP-000061/20_bank_statement_02.txt,institution|account_masked|closing_balance|statement_period_end,assets|asset_transactions
APP-000061-DOC-12,APP-000061,BORR-000073,asset_verification,2026-08-05,2026-08-06,financial_institution,third_party,VERIFIED,true,true,false,authoritative_evidence,false,false,synthetic_data/applicant_documents/APP-000061/21_asset_verification_03.txt,verified_balance|asset_type|institution,assets
APP-000061-DOC-13,APP-000061,BORR-000073,asset_verification,2026-08-05,2026-08-06,financial_institution,third_party,VERIFIED,true,true,false,authoritative_evidence,false,false,synthetic_data/applicant_documents/APP-000061/21_asset_verification_04.txt,verified_balance|asset_type|institution,assets
APP-000061-DOC-14,APP-000061,BORR-000073,purchase_agreement,2026-07-17,2026-07-19,settlement_parties,applicant_supplied,RECEIVED,true,true,false,customer_evidence,false,false,synthetic_data/applicant_documents/APP-000061/30_purchase_agreement.txt,purchase_price|contract_date|earnest_money|seller_credits,properties|loans
APP-000061-DOC-15,APP-000061,,appraisal_report,2026-07-19,2026-07-22,appraiser,third_party,VERIFIED,true,true,false,authoritative_evidence,false,false,synthetic_data/applicant_documents/APP-000061/40_appraisal_report.txt,appraised_value|effective_date|condition_rating|property_type,appraisals|properties
APP-000061-DOC-16,APP-000061,,title_report,2026-08-06,2026-08-06,title_provider,third_party,VERIFIED,true,true,false,authoritative_evidence,false,false,synthetic_data/applicant_documents/APP-000061/41_title_report.txt,lien_position|exception_count|vesting,title_records|properties
APP-000061-DOC-17,APP-000061,BORR-000073,homeowner_insurance_evidence,2026-08-09,2026-08-10,insurer,third_party,VERIFIED,true,true,false,authoritative_evidence,false,false,synthetic_data/applicant_documents/APP-000061/42_homeowner_insurance_evidence.txt,coverage_amount|annual_premium|effective_date,insurance_records|properties
APP-000062-DOC-01,APP-000062,BORR-000075,loan_application_summary,2026-08-12,2026-08-12,applicant,applicant_supplied,RECEIVED,true,true,false,customer_evidence,false,false,synthetic_data/applicant_documents/APP-000062/01_loan_application_summary.txt,application_id|loan_purpose|requested_loan_amount|occupancy_type|declared_monthly_income,applications|loans|properties|income
APP-000062-DOC-02,APP-000062,BORR-000075,identity_verification_summary,2026-08-04,2026-08-04,third_party_provider,verification_service,VERIFIED,true,true,false,authoritative_evidence,false,false,synthetic_data/applicant_documents/APP-000062/02_identity_verification_summary.txt,identity_verification_status|verified_name|verified_date_of_birth,verifications|borrowers
APP-000062-DOC-03,APP-000062,BORR-000075,credit_report_summary,2026-07-22,2026-07-22,credit_bureau,third_party,VERIFIED,true,true,false,authoritative_evidence,false,false,synthetic_data/applicant_documents/APP-000062/03_credit_report_summary.txt,score_1|score_2|score_3|report_date|revolving_balance|revolving_limit|monthly_liability_payments,credit_profiles|credit_accounts|liabilities
APP-000062-DOC-04,APP-000062,BORR-000075,paystub,2026-08-01,2026-08-03,employer,applicant_supplied,RECEIVED,true,true,false,customer_evidence,false,false,synthetic_data/applicant_documents/APP-000062/10_paystub_BORR-000075.txt,employer_name|pay_period_end|gross_per_period|ytd_gross|pay_frequency,employment|income
APP-000062-DOC-05,APP-000062,BORR-000075,w2,2025-12-31,2026-07-30,employer,applicant_supplied,RECEIVED,true,true,false,customer_evidence,false,false,synthetic_data/applicant_documents/APP-000062/11_w2_BORR-000075.txt,tax_year|employer_name|annual_wages,employment|income
APP-000062-DOC-06,APP-000062,BORR-000075,employment_verification,2026-08-04,2026-08-04,employer,third_party,VERIFIED,true,true,false,authoritative_evidence,false,false,synthetic_data/applicant_documents/APP-000062/12_employment_verification_BORR-000075.txt,employer_name|employment_start_date|employment_status|position,employment|verifications
APP-000062-DOC-07,APP-000062,BORR-000076,paystub,2026-08-01,2026-08-03,employer,applicant_supplied,RECEIVED,true,true,false,customer_evidence,false,false,synthetic_data/applicant_documents/APP-000062/10_paystub_BORR-000076.txt,employer_name|pay_period_end|gross_per_period|ytd_gross|pay_frequency,employment|income
APP-000062-DOC-08,APP-000062,BORR-000076,w2,2025-12-31,2026-07-30,employer,applicant_supplied,RECEIVED,true,true,false,customer_evidence,false,false,synthetic_data/applicant_documents/APP-000062/11_w2_BORR-000076.txt,tax_year|employer_name|annual_wages,employment|income
APP-000062-DOC-09,APP-000062,BORR-000076,employment_verification,2026-08-04,2026-08-04,employer,third_party,VERIFIED,true,true,false,authoritative_evidence,false,false,synthetic_data/applicant_documents/APP-000062/12_employment_verification_BORR-000076.txt,employer_name|employment_start_date|employment_status|position,employment|verifications
APP-000062-DOC-10,APP-000062,BORR-000075,bank_statement,2026-08-03,2026-08-05,financial_institution,applicant_supplied,RECEIVED,true,true,false,customer_evidence,false,false,synthetic_data/applicant_documents/APP-000062/20_bank_statement_01.txt,institution|account_masked|closing_balance|statement_period_end,assets|asset_transactions
APP-000062-DOC-11,APP-000062,BORR-000075,bank_statement,2026-08-03,2026-08-05,financial_institution,applicant_supplied,RECEIVED,true,true,false,customer_evidence,false,false,synthetic_data/applicant_documents/APP-000062/20_bank_statement_02.txt,institution|account_masked|closing_balance|statement_period_end,assets|asset_transactions
APP-000062-DOC-12,APP-000062,BORR-000075,asset_verification,2026-08-05,2026-08-06,financial_institution,third_party,VERIFIED,true,true,false,authoritative_evidence,false,false,synthetic_data/applicant_documents/APP-000062/21_asset_verification_03.txt,verified_balance|asset_type|institution,assets
APP-000062-DOC-13,APP-000062,BORR-000075,asset_verification,2026-08-05,2026-08-06,financial_institution,third_party,VERIFIED,true,true,false,authoritative_evidence,false,false,synthetic_data/applicant_documents/APP-000062/21_asset_verification_04.txt,verified_balance|asset_type|institution,assets
APP-000062-DOC-14,APP-000062,BORR-000075,purchase_agreement,2026-07-17,2026-07-19,settlement_parties,applicant_supplied,RECEIVED,true,true,false,customer_evidence,false,false,synthetic_data/applicant_documents/APP-000062/30_purchase_agreement.txt,purchase_price|contract_date|earnest_money|seller_credits,properties|loans
APP-000062-DOC-15,APP-000062,,appraisal_report,2026-07-19,2026-07-22,appraiser,third_party,VERIFIED,true,true,false,authoritative_evidence,false,false,synthetic_data/applicant_documents/APP-000062/40_appraisal_report.txt,appraised_value|effective_date|condition_rating|property_type,appraisals|properties
APP-000062-DOC-16,APP-000062,,title_report,2026-08-06,2026-08-06,title_provider,third_party,VERIFIED,true,true,false,authoritative_evidence,false,false,synthetic_data/applicant_documents/APP-000062/41_title_report.txt,lien_position|exception_count|vesting,title_records|properties
APP-000062-DOC-17,APP-000062,BORR-000075,homeowner_insurance_evidence,2026-08-09,2026-08-10,insurer,third_party,VERIFIED,true,true,false,authoritative_evidence,false,false,synthetic_data/applicant_documents/APP-000062/42_homeowner_insurance_evidence.txt,coverage_amount|annual_premium|effective_date,insurance_records|properties
APP-000063-DOC-01,APP-000063,BORR-000001,loan_application_summary,2026-09-04,2026-09-04,applicant,applicant_supplied,RECEIVED,true,true,false,customer_evidence,false,false,synthetic_data/applicant_documents/APP-000063/01_loan_application_summary.txt,application_id|loan_purpose|requested_loan_amount|occupancy_type|declared_monthly_income,applications|loans|properties|income
APP-000063-DOC-02,APP-000063,BORR-000001,identity_verification_summary,2026-08-27,2026-08-27,third_party_provider,verification_service,VERIFIED,true,true,false,authoritative_evidence,false,false,synthetic_data/applicant_documents/APP-000063/02_identity_verification_summary.txt,identity_verification_status|verified_name|verified_date_of_birth,verifications|borrowers
APP-000063-DOC-03,APP-000063,BORR-000001,credit_report_summary,2026-08-14,2026-08-14,credit_bureau,third_party,VERIFIED,true,true,false,authoritative_evidence,false,false,synthetic_data/applicant_documents/APP-000063/03_credit_report_summary.txt,score_1|score_2|score_3|report_date|revolving_balance|revolving_limit|monthly_liability_payments,credit_profiles|credit_accounts|liabilities
APP-000063-DOC-04,APP-000063,BORR-000001,paystub,2026-08-24,2026-08-26,employer,applicant_supplied,RECEIVED,true,true,false,customer_evidence,false,false,synthetic_data/applicant_documents/APP-000063/10_paystub_BORR-000001.txt,employer_name|pay_period_end|gross_per_period|ytd_gross|pay_frequency,employment|income
APP-000063-DOC-05,APP-000063,BORR-000001,w2,2025-12-31,2026-08-22,employer,applicant_supplied,RECEIVED,true,true,false,customer_evidence,false,false,synthetic_data/applicant_documents/APP-000063/11_w2_BORR-000001.txt,tax_year|employer_name|annual_wages,employment|income
APP-000063-DOC-06,APP-000063,BORR-000001,employment_verification,2026-08-27,2026-08-27,employer,third_party,VERIFIED,true,true,false,authoritative_evidence,false,false,synthetic_data/applicant_documents/APP-000063/12_employment_verification_BORR-000001.txt,employer_name|employment_start_date|employment_status|position,employment|verifications
APP-000063-DOC-07,APP-000063,BORR-000001,bank_statement,2026-08-26,2026-08-28,financial_institution,applicant_supplied,RECEIVED,true,true,false,customer_evidence,false,false,synthetic_data/applicant_documents/APP-000063/20_bank_statement_01.txt,institution|account_masked|closing_balance|statement_period_end,assets|asset_transactions
APP-000063-DOC-08,APP-000063,BORR-000001,bank_statement,2026-08-26,2026-08-28,financial_institution,applicant_supplied,RECEIVED,true,true,false,customer_evidence,false,false,synthetic_data/applicant_documents/APP-000063/20_bank_statement_02.txt,institution|account_masked|closing_balance|statement_period_end,assets|asset_transactions
APP-000063-DOC-09,APP-000063,BORR-000001,asset_verification,2026-08-28,2026-08-29,financial_institution,third_party,VERIFIED,true,true,false,authoritative_evidence,false,false,synthetic_data/applicant_documents/APP-000063/21_asset_verification_03.txt,verified_balance|asset_type|institution,assets
APP-000063-DOC-10,APP-000063,BORR-000001,asset_verification,2026-08-28,2026-08-29,financial_institution,third_party,VERIFIED,true,true,false,authoritative_evidence,false,false,synthetic_data/applicant_documents/APP-000063/21_asset_verification_04.txt,verified_balance|asset_type|institution,assets
APP-000063-DOC-11,APP-000063,BORR-000001,purchase_agreement,2026-08-09,2026-08-11,settlement_parties,applicant_supplied,RECEIVED,true,true,false,customer_evidence,false,false,synthetic_data/applicant_documents/APP-000063/30_purchase_agreement.txt,purchase_price|contract_date|earnest_money|seller_credits,properties|loans
APP-000063-DOC-12,APP-000063,,appraisal_report,2026-08-11,2026-08-14,appraiser,third_party,VERIFIED,true,true,false,authoritative_evidence,false,false,synthetic_data/applicant_documents/APP-000063/40_appraisal_report.txt,appraised_value|effective_date|condition_rating|property_type,appraisals|properties
APP-000063-DOC-13,APP-000063,,title_report,2026-08-29,2026-08-29,title_provider,third_party,VERIFIED,true,true,false,authoritative_evidence,false,false,synthetic_data/applicant_documents/APP-000063/41_title_report.txt,lien_position|exception_count|vesting,title_records|properties
APP-000063-DOC-14,APP-000063,BORR-000001,homeowner_insurance_evidence,2026-09-01,2026-09-02,insurer,third_party,VERIFIED,true,true,false,authoritative_evidence,false,false,synthetic_data/applicant_documents/APP-000063/42_homeowner_insurance_evidence.txt,coverage_amount|annual_premium|effective_date,insurance_records|properties
APP-000064-DOC-01,APP-000064,BORR-000011,loan_application_summary,2026-09-04,2026-09-04,applicant,applicant_supplied,RECEIVED,true,true,false,customer_evidence,false,false,synthetic_data/applicant_documents/APP-000064/01_loan_application_summary.txt,application_id|loan_purpose|requested_loan_amount|occupancy_type|declared_monthly_income,applications|loans|properties|income
APP-000064-DOC-02,APP-000064,BORR-000011,identity_verification_summary,2026-08-27,2026-08-27,third_party_provider,verification_service,VERIFIED,true,true,false,authoritative_evidence,false,false,synthetic_data/applicant_documents/APP-000064/02_identity_verification_summary.txt,identity_verification_status|verified_name|verified_date_of_birth,verifications|borrowers
APP-000064-DOC-03,APP-000064,BORR-000011,credit_report_summary,2026-08-14,2026-08-14,credit_bureau,third_party,VERIFIED,true,true,false,authoritative_evidence,false,false,synthetic_data/applicant_documents/APP-000064/03_credit_report_summary.txt,score_1|score_2|score_3|report_date|revolving_balance|revolving_limit|monthly_liability_payments,credit_profiles|credit_accounts|liabilities
APP-000064-DOC-04,APP-000064,BORR-000011,paystub,2026-08-24,2026-08-26,employer,applicant_supplied,RECEIVED,true,true,false,customer_evidence,false,false,synthetic_data/applicant_documents/APP-000064/10_paystub_BORR-000011.txt,employer_name|pay_period_end|gross_per_period|ytd_gross|pay_frequency,employment|income
APP-000064-DOC-05,APP-000064,BORR-000011,w2,2025-12-31,2026-08-22,employer,applicant_supplied,RECEIVED,true,true,false,customer_evidence,false,false,synthetic_data/applicant_documents/APP-000064/11_w2_BORR-000011.txt,tax_year|employer_name|annual_wages,employment|income
APP-000064-DOC-06,APP-000064,BORR-000011,employment_verification,2026-08-27,2026-08-27,employer,third_party,VERIFIED,true,true,false,authoritative_evidence,false,false,synthetic_data/applicant_documents/APP-000064/12_employment_verification_BORR-000011.txt,employer_name|employment_start_date|employment_status|position,employment|verifications
APP-000064-DOC-07,APP-000064,BORR-000011,bank_statement,2026-08-26,2026-08-28,financial_institution,applicant_supplied,RECEIVED,true,true,false,customer_evidence,false,false,synthetic_data/applicant_documents/APP-000064/20_bank_statement_01.txt,institution|account_masked|closing_balance|statement_period_end,assets|asset_transactions
APP-000064-DOC-08,APP-000064,BORR-000011,bank_statement,2026-08-26,2026-08-28,financial_institution,applicant_supplied,RECEIVED,true,true,false,customer_evidence,false,false,synthetic_data/applicant_documents/APP-000064/20_bank_statement_02.txt,institution|account_masked|closing_balance|statement_period_end,assets|asset_transactions
APP-000064-DOC-09,APP-000064,BORR-000011,asset_verification,2026-08-28,2026-08-29,financial_institution,third_party,VERIFIED,true,true,false,authoritative_evidence,false,false,synthetic_data/applicant_documents/APP-000064/21_asset_verification_03.txt,verified_balance|asset_type|institution,assets
APP-000064-DOC-10,APP-000064,BORR-000011,asset_verification,2026-08-28,2026-08-29,financial_institution,third_party,VERIFIED,true,true,false,authoritative_evidence,false,false,synthetic_data/applicant_documents/APP-000064/21_asset_verification_04.txt,verified_balance|asset_type|institution,assets
APP-000064-DOC-11,APP-000064,BORR-000011,purchase_agreement,2026-08-09,2026-08-11,settlement_parties,applicant_supplied,RECEIVED,true,true,false,customer_evidence,false,false,synthetic_data/applicant_documents/APP-000064/30_purchase_agreement.txt,purchase_price|contract_date|earnest_money|seller_credits,properties|loans
APP-000064-DOC-12,APP-000064,,appraisal_report,2026-08-11,2026-08-14,appraiser,third_party,VERIFIED,true,true,false,authoritative_evidence,false,false,synthetic_data/applicant_documents/APP-000064/40_appraisal_report.txt,appraised_value|effective_date|condition_rating|property_type,appraisals|properties
APP-000064-DOC-13,APP-000064,,title_report,2026-08-29,2026-08-29,title_provider,third_party,VERIFIED,true,true,false,authoritative_evidence,false,false,synthetic_data/applicant_documents/APP-000064/41_title_report.txt,lien_position|exception_count|vesting,title_records|properties
APP-000064-DOC-14,APP-000064,BORR-000011,homeowner_insurance_evidence,2026-09-01,2026-09-02,insurer,third_party,VERIFIED,true,true,false,authoritative_evidence,false,false,synthetic_data/applicant_documents/APP-000064/42_homeowner_insurance_evidence.txt,coverage_amount|annual_premium|effective_date,insurance_records|properties
APP-000065-DOC-01,APP-000065,BORR-000077,loan_application_summary,2026-08-12,2026-08-12,applicant,applicant_supplied,RECEIVED,true,true,false,customer_evidence,false,false,synthetic_data/applicant_documents/APP-000065/01_loan_application_summary.txt,application_id|loan_purpose|requested_loan_amount|occupancy_type|declared_monthly_income,applications|loans|properties|income
APP-000065-DOC-02,APP-000065,BORR-000077,identity_verification_summary,2026-08-04,2026-08-04,third_party_provider,verification_service,VERIFIED,true,true,false,authoritative_evidence,false,false,synthetic_data/applicant_documents/APP-000065/02_identity_verification_summary.txt,identity_verification_status|verified_name|verified_date_of_birth,verifications|borrowers
APP-000065-DOC-03,APP-000065,BORR-000077,credit_report_summary,2026-07-22,2026-07-22,credit_bureau,third_party,VERIFIED,true,true,false,authoritative_evidence,false,false,synthetic_data/applicant_documents/APP-000065/03_credit_report_summary.txt,score_1|score_2|score_3|report_date|revolving_balance|revolving_limit|monthly_liability_payments,credit_profiles|credit_accounts|liabilities
APP-000065-DOC-04,APP-000065,BORR-000077,paystub,2026-08-01,2026-08-03,employer,applicant_supplied,RECEIVED,true,true,false,customer_evidence,false,false,synthetic_data/applicant_documents/APP-000065/10_paystub_BORR-000077.txt,employer_name|pay_period_end|gross_per_period|ytd_gross|pay_frequency,employment|income
APP-000065-DOC-05,APP-000065,BORR-000077,w2,2025-12-31,2026-07-30,employer,applicant_supplied,RECEIVED,true,true,false,customer_evidence,false,false,synthetic_data/applicant_documents/APP-000065/11_w2_BORR-000077.txt,tax_year|employer_name|annual_wages,employment|income
APP-000065-DOC-06,APP-000065,BORR-000077,employment_verification,2026-08-04,2026-08-04,employer,third_party,VERIFIED,true,true,false,authoritative_evidence,false,false,synthetic_data/applicant_documents/APP-000065/12_employment_verification_BORR-000077.txt,employer_name|employment_start_date|employment_status|position,employment|verifications
APP-000065-DOC-07,APP-000065,BORR-000078,paystub,2026-08-01,2026-08-03,employer,applicant_supplied,RECEIVED,true,true,false,customer_evidence,false,false,synthetic_data/applicant_documents/APP-000065/10_paystub_BORR-000078.txt,employer_name|pay_period_end|gross_per_period|ytd_gross|pay_frequency,employment|income
APP-000065-DOC-08,APP-000065,BORR-000078,w2,2025-12-31,2026-07-30,employer,applicant_supplied,RECEIVED,true,true,false,customer_evidence,false,false,synthetic_data/applicant_documents/APP-000065/11_w2_BORR-000078.txt,tax_year|employer_name|annual_wages,employment|income
APP-000065-DOC-09,APP-000065,BORR-000078,employment_verification,2026-08-04,2026-08-04,employer,third_party,VERIFIED,true,true,false,authoritative_evidence,false,false,synthetic_data/applicant_documents/APP-000065/12_employment_verification_BORR-000078.txt,employer_name|employment_start_date|employment_status|position,employment|verifications
APP-000065-DOC-10,APP-000065,BORR-000077,bank_statement,2026-08-03,2026-08-05,financial_institution,applicant_supplied,RECEIVED,true,true,false,customer_evidence,false,false,synthetic_data/applicant_documents/APP-000065/20_bank_statement_01.txt,institution|account_masked|closing_balance|statement_period_end,assets|asset_transactions
APP-000065-DOC-11,APP-000065,BORR-000077,bank_statement,2026-08-03,2026-08-05,financial_institution,applicant_supplied,RECEIVED,true,true,false,customer_evidence,false,false,synthetic_data/applicant_documents/APP-000065/20_bank_statement_02.txt,institution|account_masked|closing_balance|statement_period_end,assets|asset_transactions
APP-000065-DOC-12,APP-000065,BORR-000077,asset_verification,2026-08-05,2026-08-06,financial_institution,third_party,VERIFIED,true,true,false,authoritative_evidence,false,false,synthetic_data/applicant_documents/APP-000065/21_asset_verification_03.txt,verified_balance|asset_type|institution,assets
APP-000065-DOC-13,APP-000065,BORR-000077,asset_verification,2026-08-05,2026-08-06,financial_institution,third_party,VERIFIED,true,true,false,authoritative_evidence,false,false,synthetic_data/applicant_documents/APP-000065/21_asset_verification_04.txt,verified_balance|asset_type|institution,assets
APP-000065-DOC-14,APP-000065,BORR-000077,purchase_agreement,2026-07-17,2026-07-19,settlement_parties,applicant_supplied,RECEIVED,true,true,false,customer_evidence,false,false,synthetic_data/applicant_documents/APP-000065/30_purchase_agreement.txt,purchase_price|contract_date|earnest_money|seller_credits,properties|loans
APP-000065-DOC-15,APP-000065,,appraisal_report,2026-07-19,2026-07-22,appraiser,third_party,VERIFIED,true,true,false,authoritative_evidence,false,false,synthetic_data/applicant_documents/APP-000065/40_appraisal_report.txt,appraised_value|effective_date|condition_rating|property_type,appraisals|properties
APP-000065-DOC-16,APP-000065,,title_report,2026-08-06,2026-08-06,title_provider,third_party,VERIFIED,true,true,false,authoritative_evidence,false,false,synthetic_data/applicant_documents/APP-000065/41_title_report.txt,lien_position|exception_count|vesting,title_records|properties
APP-000065-DOC-17,APP-000065,BORR-000077,homeowner_insurance_evidence,2026-08-09,2026-08-10,insurer,third_party,VERIFIED,true,true,false,authoritative_evidence,false,false,synthetic_data/applicant_documents/APP-000065/42_homeowner_insurance_evidence.txt,coverage_amount|annual_premium|effective_date,insurance_records|properties
APP-000065-DOC-18,APP-000065,BORR-000077,letter_of_explanation,2026-08-07,2026-08-07,applicant,applicant_supplied,QUARANTINED,true,true,false,customer_evidence,true,false,synthetic_data/applicant_documents/APP-000065/60_applicant_untrusted_text.txt,applicant_statement|security_event_type,security_events
APP-000066-DOC-01,APP-000066,BORR-000079,loan_application_summary,2026-08-12,2026-08-12,applicant,applicant_supplied,RECEIVED,true,true,false,customer_evidence,false,false,synthetic_data/applicant_documents/APP-000066/01_loan_application_summary.txt,application_id|loan_purpose|requested_loan_amount|occupancy_type|declared_monthly_income,applications|loans|properties|income
APP-000066-DOC-02,APP-000066,BORR-000079,identity_verification_summary,2026-08-04,2026-08-04,third_party_provider,verification_service,VERIFIED,true,true,false,authoritative_evidence,false,false,synthetic_data/applicant_documents/APP-000066/02_identity_verification_summary.txt,identity_verification_status|verified_name|verified_date_of_birth,verifications|borrowers
APP-000066-DOC-03,APP-000066,BORR-000079,credit_report_summary,2026-07-22,2026-07-22,credit_bureau,third_party,VERIFIED,true,true,false,authoritative_evidence,false,false,synthetic_data/applicant_documents/APP-000066/03_credit_report_summary.txt,score_1|score_2|score_3|report_date|revolving_balance|revolving_limit|monthly_liability_payments,credit_profiles|credit_accounts|liabilities
APP-000066-DOC-04,APP-000066,BORR-000079,paystub,2026-08-01,2026-08-03,employer,applicant_supplied,RECEIVED,true,true,false,customer_evidence,false,false,synthetic_data/applicant_documents/APP-000066/10_paystub_BORR-000079.txt,employer_name|pay_period_end|gross_per_period|ytd_gross|pay_frequency,employment|income
APP-000066-DOC-05,APP-000066,BORR-000079,w2,2025-12-31,2026-07-30,employer,applicant_supplied,RECEIVED,true,true,false,customer_evidence,false,false,synthetic_data/applicant_documents/APP-000066/11_w2_BORR-000079.txt,tax_year|employer_name|annual_wages,employment|income
APP-000066-DOC-06,APP-000066,BORR-000079,employment_verification,2026-08-04,2026-08-04,employer,third_party,VERIFIED,true,true,false,authoritative_evidence,false,false,synthetic_data/applicant_documents/APP-000066/12_employment_verification_BORR-000079.txt,employer_name|employment_start_date|employment_status|position,employment|verifications
APP-000066-DOC-07,APP-000066,BORR-000079,bank_statement,2026-08-03,2026-08-05,financial_institution,applicant_supplied,RECEIVED,true,true,false,customer_evidence,false,false,synthetic_data/applicant_documents/APP-000066/20_bank_statement_01.txt,institution|account_masked|closing_balance|statement_period_end,assets|asset_transactions
APP-000066-DOC-08,APP-000066,BORR-000079,bank_statement,2026-08-03,2026-08-05,financial_institution,applicant_supplied,RECEIVED,true,true,false,customer_evidence,false,false,synthetic_data/applicant_documents/APP-000066/20_bank_statement_02.txt,institution|account_masked|closing_balance|statement_period_end,assets|asset_transactions
APP-000066-DOC-09,APP-000066,BORR-000079,asset_verification,2026-08-05,2026-08-06,financial_institution,third_party,VERIFIED,true,true,false,authoritative_evidence,false,false,synthetic_data/applicant_documents/APP-000066/21_asset_verification_03.txt,verified_balance|asset_type|institution,assets
APP-000066-DOC-10,APP-000066,BORR-000079,asset_verification,2026-08-05,2026-08-06,financial_institution,third_party,VERIFIED,true,true,false,authoritative_evidence,false,false,synthetic_data/applicant_documents/APP-000066/21_asset_verification_04.txt,verified_balance|asset_type|institution,assets
APP-000066-DOC-11,APP-000066,BORR-000079,purchase_agreement,2026-07-17,2026-07-19,settlement_parties,applicant_supplied,RECEIVED,true,true,false,customer_evidence,false,false,synthetic_data/applicant_documents/APP-000066/30_purchase_agreement.txt,purchase_price|contract_date|earnest_money|seller_credits,properties|loans
APP-000066-DOC-12,APP-000066,,appraisal_report,2026-07-19,2026-07-22,appraiser,third_party,VERIFIED,true,true,false,authoritative_evidence,false,false,synthetic_data/applicant_documents/APP-000066/40_appraisal_report.txt,appraised_value|effective_date|condition_rating|property_type,appraisals|properties
APP-000066-DOC-13,APP-000066,,title_report,2026-08-06,2026-08-06,title_provider,third_party,VERIFIED,true,true,false,authoritative_evidence,false,false,synthetic_data/applicant_documents/APP-000066/41_title_report.txt,lien_position|exception_count|vesting,title_records|properties
APP-000066-DOC-14,APP-000066,BORR-000079,homeowner_insurance_evidence,2026-08-09,2026-08-10,insurer,third_party,VERIFIED,true,true,false,authoritative_evidence,false,false,synthetic_data/applicant_documents/APP-000066/42_homeowner_insurance_evidence.txt,coverage_amount|annual_premium|effective_date,insurance_records|properties
APP-000066-DOC-15,APP-000066,BORR-000079,letter_of_explanation,2026-08-07,2026-08-07,applicant,applicant_supplied,QUARANTINED,true,true,false,customer_evidence,true,false,synthetic_data/applicant_documents/APP-000066/60_applicant_untrusted_text.txt,applicant_statement|security_event_type,security_events
APP-000067-DOC-01,APP-000067,BORR-000080,loan_application_summary,2026-08-12,2026-08-12,applicant,applicant_supplied,RECEIVED,true,true,false,customer_evidence,false,false,synthetic_data/applicant_documents/APP-000067/01_loan_application_summary.txt,application_id|loan_purpose|requested_loan_amount|occupancy_type|declared_monthly_income,applications|loans|properties|income
APP-000067-DOC-02,APP-000067,BORR-000080,identity_verification_summary,2026-08-04,2026-08-04,third_party_provider,verification_service,VERIFIED,true,true,false,authoritative_evidence,false,false,synthetic_data/applicant_documents/APP-000067/02_identity_verification_summary.txt,identity_verification_status|verified_name|verified_date_of_birth,verifications|borrowers
APP-000067-DOC-03,APP-000067,BORR-000080,credit_report_summary,2026-07-22,2026-07-22,credit_bureau,third_party,VERIFIED,true,true,false,authoritative_evidence,false,false,synthetic_data/applicant_documents/APP-000067/03_credit_report_summary.txt,score_1|score_2|score_3|report_date|revolving_balance|revolving_limit|monthly_liability_payments,credit_profiles|credit_accounts|liabilities
APP-000067-DOC-04,APP-000067,BORR-000080,paystub,2026-08-01,2026-08-03,employer,applicant_supplied,RECEIVED,true,true,false,customer_evidence,false,false,synthetic_data/applicant_documents/APP-000067/10_paystub_BORR-000080.txt,employer_name|pay_period_end|gross_per_period|ytd_gross|pay_frequency,employment|income
APP-000067-DOC-05,APP-000067,BORR-000080,w2,2025-12-31,2026-07-30,employer,applicant_supplied,RECEIVED,true,true,false,customer_evidence,false,false,synthetic_data/applicant_documents/APP-000067/11_w2_BORR-000080.txt,tax_year|employer_name|annual_wages,employment|income
APP-000067-DOC-06,APP-000067,BORR-000080,employment_verification,2026-08-04,2026-08-04,employer,third_party,VERIFIED,true,true,false,authoritative_evidence,false,false,synthetic_data/applicant_documents/APP-000067/12_employment_verification_BORR-000080.txt,employer_name|employment_start_date|employment_status|position,employment|verifications
APP-000067-DOC-07,APP-000067,BORR-000080,bank_statement,2026-08-03,2026-08-05,financial_institution,applicant_supplied,RECEIVED,true,true,false,customer_evidence,false,false,synthetic_data/applicant_documents/APP-000067/20_bank_statement_01.txt,institution|account_masked|closing_balance|statement_period_end,assets|asset_transactions
APP-000067-DOC-08,APP-000067,BORR-000080,bank_statement,2026-08-03,2026-08-05,financial_institution,applicant_supplied,RECEIVED,true,true,false,customer_evidence,false,false,synthetic_data/applicant_documents/APP-000067/20_bank_statement_02.txt,institution|account_masked|closing_balance|statement_period_end,assets|asset_transactions
APP-000067-DOC-09,APP-000067,BORR-000080,asset_verification,2026-08-05,2026-08-06,financial_institution,third_party,VERIFIED,true,true,false,authoritative_evidence,false,false,synthetic_data/applicant_documents/APP-000067/21_asset_verification_03.txt,verified_balance|asset_type|institution,assets
APP-000067-DOC-10,APP-000067,BORR-000080,asset_verification,2026-08-05,2026-08-06,financial_institution,third_party,VERIFIED,true,true,false,authoritative_evidence,false,false,synthetic_data/applicant_documents/APP-000067/21_asset_verification_04.txt,verified_balance|asset_type|institution,assets
APP-000067-DOC-11,APP-000067,BORR-000080,purchase_agreement,2026-07-17,2026-07-19,settlement_parties,applicant_supplied,RECEIVED,true,true,false,customer_evidence,false,false,synthetic_data/applicant_documents/APP-000067/30_purchase_agreement.txt,purchase_price|contract_date|earnest_money|seller_credits,properties|loans
APP-000067-DOC-12,APP-000067,,appraisal_report,2026-07-19,2026-07-22,appraiser,third_party,VERIFIED,true,true,false,authoritative_evidence,false,false,synthetic_data/applicant_documents/APP-000067/40_appraisal_report.txt,appraised_value|effective_date|condition_rating|property_type,appraisals|properties
APP-000067-DOC-13,APP-000067,,title_report,2026-08-06,2026-08-06,title_provider,third_party,VERIFIED,true,true,false,authoritative_evidence,false,false,synthetic_data/applicant_documents/APP-000067/41_title_report.txt,lien_position|exception_count|vesting,title_records|properties
APP-000067-DOC-14,APP-000067,BORR-000080,homeowner_insurance_evidence,2026-08-09,2026-08-10,insurer,third_party,VERIFIED,true,true,false,authoritative_evidence,false,false,synthetic_data/applicant_documents/APP-000067/42_homeowner_insurance_evidence.txt,coverage_amount|annual_premium|effective_date,insurance_records|properties
APP-000067-DOC-15,APP-000067,BORR-000080,letter_of_explanation,2026-08-07,2026-08-07,applicant,applicant_supplied,QUARANTINED,true,true,false,customer_evidence,true,false,synthetic_data/applicant_documents/APP-000067/60_applicant_untrusted_text.txt,applicant_statement|security_event_type,security_events
APP-000068-DOC-01,APP-000068,BORR-000081,loan_application_summary,2026-08-12,2026-08-12,applicant,applicant_supplied,RECEIVED,true,true,false,customer_evidence,false,false,synthetic_data/applicant_documents/APP-000068/01_loan_application_summary.txt,application_id|loan_purpose|requested_loan_amount|occupancy_type|declared_monthly_income,applications|loans|properties|income
APP-000068-DOC-02,APP-000068,BORR-000081,identity_verification_summary,2026-08-04,2026-08-04,third_party_provider,verification_service,VERIFIED,true,true,false,authoritative_evidence,false,false,synthetic_data/applicant_documents/APP-000068/02_identity_verification_summary.txt,identity_verification_status|verified_name|verified_date_of_birth,verifications|borrowers
APP-000068-DOC-03,APP-000068,BORR-000081,credit_report_summary,2026-07-22,2026-07-22,credit_bureau,third_party,VERIFIED,true,true,false,authoritative_evidence,false,false,synthetic_data/applicant_documents/APP-000068/03_credit_report_summary.txt,score_1|score_2|score_3|report_date|revolving_balance|revolving_limit|monthly_liability_payments,credit_profiles|credit_accounts|liabilities
APP-000068-DOC-04,APP-000068,BORR-000081,paystub,2026-08-01,2026-08-03,employer,applicant_supplied,RECEIVED,true,true,false,customer_evidence,false,false,synthetic_data/applicant_documents/APP-000068/10_paystub_BORR-000081.txt,employer_name|pay_period_end|gross_per_period|ytd_gross|pay_frequency,employment|income
APP-000068-DOC-05,APP-000068,BORR-000081,w2,2025-12-31,2026-07-30,employer,applicant_supplied,RECEIVED,true,true,false,customer_evidence,false,false,synthetic_data/applicant_documents/APP-000068/11_w2_BORR-000081.txt,tax_year|employer_name|annual_wages,employment|income
APP-000068-DOC-06,APP-000068,BORR-000081,employment_verification,2026-08-04,2026-08-04,employer,third_party,VERIFIED,true,true,false,authoritative_evidence,false,false,synthetic_data/applicant_documents/APP-000068/12_employment_verification_BORR-000081.txt,employer_name|employment_start_date|employment_status|position,employment|verifications
APP-000068-DOC-07,APP-000068,BORR-000081,bank_statement,2026-08-03,2026-08-05,financial_institution,applicant_supplied,RECEIVED,true,true,false,customer_evidence,false,false,synthetic_data/applicant_documents/APP-000068/20_bank_statement_01.txt,institution|account_masked|closing_balance|statement_period_end,assets|asset_transactions
APP-000068-DOC-08,APP-000068,BORR-000081,bank_statement,2026-08-03,2026-08-05,financial_institution,applicant_supplied,RECEIVED,true,true,false,customer_evidence,false,false,synthetic_data/applicant_documents/APP-000068/20_bank_statement_02.txt,institution|account_masked|closing_balance|statement_period_end,assets|asset_transactions
APP-000068-DOC-09,APP-000068,BORR-000081,asset_verification,2026-08-05,2026-08-06,financial_institution,third_party,VERIFIED,true,true,false,authoritative_evidence,false,false,synthetic_data/applicant_documents/APP-000068/21_asset_verification_03.txt,verified_balance|asset_type|institution,assets
APP-000068-DOC-10,APP-000068,BORR-000081,asset_verification,2026-08-05,2026-08-06,financial_institution,third_party,VERIFIED,true,true,false,authoritative_evidence,false,false,synthetic_data/applicant_documents/APP-000068/21_asset_verification_04.txt,verified_balance|asset_type|institution,assets
APP-000068-DOC-11,APP-000068,BORR-000081,purchase_agreement,2026-07-17,2026-07-19,settlement_parties,applicant_supplied,RECEIVED,true,true,false,customer_evidence,false,false,synthetic_data/applicant_documents/APP-000068/30_purchase_agreement.txt,purchase_price|contract_date|earnest_money|seller_credits,properties|loans
APP-000068-DOC-12,APP-000068,,appraisal_report,2026-07-19,2026-07-22,appraiser,third_party,VERIFIED,true,true,false,authoritative_evidence,false,false,synthetic_data/applicant_documents/APP-000068/40_appraisal_report.txt,appraised_value|effective_date|condition_rating|property_type,appraisals|properties
APP-000068-DOC-13,APP-000068,,title_report,2026-08-06,2026-08-06,title_provider,third_party,VERIFIED,true,true,false,authoritative_evidence,false,false,synthetic_data/applicant_documents/APP-000068/41_title_report.txt,lien_position|exception_count|vesting,title_records|properties
APP-000068-DOC-14,APP-000068,BORR-000081,homeowner_insurance_evidence,2026-08-09,2026-08-10,insurer,third_party,VERIFIED,true,true,false,authoritative_evidence,false,false,synthetic_data/applicant_documents/APP-000068/42_homeowner_insurance_evidence.txt,coverage_amount|annual_premium|effective_date,insurance_records|properties
APP-000068-DOC-15,APP-000068,BORR-000081,letter_of_explanation,2026-08-07,2026-08-07,applicant,applicant_supplied,QUARANTINED,true,true,false,customer_evidence,true,false,synthetic_data/applicant_documents/APP-000068/60_applicant_untrusted_text.txt,applicant_statement|security_event_type,security_events
APP-000069-DOC-01,APP-000069,BORR-000082,loan_application_summary,2026-08-12,2026-08-12,applicant,applicant_supplied,RECEIVED,true,true,false,customer_evidence,false,false,synthetic_data/applicant_documents/APP-000069/01_loan_application_summary.txt,application_id|loan_purpose|requested_loan_amount|occupancy_type|declared_monthly_income,applications|loans|properties|income
APP-000069-DOC-02,APP-000069,BORR-000082,identity_verification_summary,2026-08-04,2026-08-04,third_party_provider,verification_service,VERIFIED,true,true,false,authoritative_evidence,false,false,synthetic_data/applicant_documents/APP-000069/02_identity_verification_summary.txt,identity_verification_status|verified_name|verified_date_of_birth,verifications|borrowers
APP-000069-DOC-03,APP-000069,BORR-000082,credit_report_summary,2026-07-22,2026-07-22,credit_bureau,third_party,VERIFIED,true,true,false,authoritative_evidence,false,false,synthetic_data/applicant_documents/APP-000069/03_credit_report_summary.txt,score_1|score_2|score_3|report_date|revolving_balance|revolving_limit|monthly_liability_payments,credit_profiles|credit_accounts|liabilities
APP-000069-DOC-04,APP-000069,BORR-000082,paystub,2026-08-01,2026-08-03,employer,applicant_supplied,RECEIVED,true,true,false,customer_evidence,false,false,synthetic_data/applicant_documents/APP-000069/10_paystub_BORR-000082.txt,employer_name|pay_period_end|gross_per_period|ytd_gross|pay_frequency,employment|income
APP-000069-DOC-05,APP-000069,BORR-000082,w2,2025-12-31,2026-07-30,employer,applicant_supplied,RECEIVED,true,true,false,customer_evidence,false,false,synthetic_data/applicant_documents/APP-000069/11_w2_BORR-000082.txt,tax_year|employer_name|annual_wages,employment|income
APP-000069-DOC-06,APP-000069,BORR-000082,employment_verification,2026-08-04,2026-08-04,employer,third_party,VERIFIED,true,true,false,authoritative_evidence,false,false,synthetic_data/applicant_documents/APP-000069/12_employment_verification_BORR-000082.txt,employer_name|employment_start_date|employment_status|position,employment|verifications
APP-000069-DOC-07,APP-000069,BORR-000082,bank_statement,2026-08-03,2026-08-05,financial_institution,applicant_supplied,RECEIVED,true,true,false,customer_evidence,true,false,synthetic_data/applicant_documents/APP-000069/20_bank_statement_01.txt,institution|account_masked|closing_balance|statement_period_end,assets|asset_transactions
APP-000069-DOC-08,APP-000069,BORR-000082,bank_statement,2026-08-03,2026-08-05,financial_institution,applicant_supplied,RECEIVED,true,true,false,customer_evidence,true,false,synthetic_data/applicant_documents/APP-000069/20_bank_statement_02.txt,institution|account_masked|closing_balance|statement_period_end,assets|asset_transactions
APP-000069-DOC-09,APP-000069,BORR-000082,asset_verification,2026-08-05,2026-08-06,financial_institution,third_party,VERIFIED,true,true,false,authoritative_evidence,false,false,synthetic_data/applicant_documents/APP-000069/21_asset_verification_03.txt,verified_balance|asset_type|institution,assets
APP-000069-DOC-10,APP-000069,BORR-000082,asset_verification,2026-08-05,2026-08-06,financial_institution,third_party,VERIFIED,true,true,false,authoritative_evidence,false,false,synthetic_data/applicant_documents/APP-000069/21_asset_verification_04.txt,verified_balance|asset_type|institution,assets
APP-000069-DOC-11,APP-000069,BORR-000082,purchase_agreement,2026-07-17,2026-07-19,settlement_parties,applicant_supplied,RECEIVED,true,true,false,customer_evidence,false,false,synthetic_data/applicant_documents/APP-000069/30_purchase_agreement.txt,purchase_price|contract_date|earnest_money|seller_credits,properties|loans
APP-000069-DOC-12,APP-000069,,appraisal_report,2026-07-19,2026-07-22,appraiser,third_party,VERIFIED,true,true,false,authoritative_evidence,false,false,synthetic_data/applicant_documents/APP-000069/40_appraisal_report.txt,appraised_value|effective_date|condition_rating|property_type,appraisals|properties
APP-000069-DOC-13,APP-000069,,title_report,2026-08-06,2026-08-06,title_provider,third_party,VERIFIED,true,true,false,authoritative_evidence,false,false,synthetic_data/applicant_documents/APP-000069/41_title_report.txt,lien_position|exception_count|vesting,title_records|properties
APP-000069-DOC-14,APP-000069,BORR-000082,homeowner_insurance_evidence,2026-08-09,2026-08-10,insurer,third_party,VERIFIED,true,true,false,authoritative_evidence,false,false,synthetic_data/applicant_documents/APP-000069/42_homeowner_insurance_evidence.txt,coverage_amount|annual_premium|effective_date,insurance_records|properties
APP-000069-DOC-15,APP-000069,BORR-000082,letter_of_explanation,2026-08-07,2026-08-07,applicant,applicant_supplied,QUARANTINED,true,true,false,customer_evidence,true,false,synthetic_data/applicant_documents/APP-000069/60_applicant_untrusted_text.txt,applicant_statement|security_event_type,security_events
APP-000070-DOC-01,APP-000070,BORR-000083,loan_application_summary,2026-08-12,2026-08-12,applicant,applicant_supplied,RECEIVED,true,true,false,customer_evidence,false,false,synthetic_data/applicant_documents/APP-000070/01_loan_application_summary.txt,application_id|loan_purpose|requested_loan_amount|occupancy_type|declared_monthly_income,applications|loans|properties|income
APP-000070-DOC-02,APP-000070,BORR-000083,identity_verification_summary,2026-08-04,2026-08-04,third_party_provider,verification_service,VERIFIED,true,true,false,authoritative_evidence,false,false,synthetic_data/applicant_documents/APP-000070/02_identity_verification_summary.txt,identity_verification_status|verified_name|verified_date_of_birth,verifications|borrowers
APP-000070-DOC-03,APP-000070,BORR-000083,credit_report_summary,2026-07-22,2026-07-22,credit_bureau,third_party,VERIFIED,true,true,false,authoritative_evidence,false,false,synthetic_data/applicant_documents/APP-000070/03_credit_report_summary.txt,score_1|score_2|score_3|report_date|revolving_balance|revolving_limit|monthly_liability_payments,credit_profiles|credit_accounts|liabilities
APP-000070-DOC-04,APP-000070,BORR-000083,paystub,2026-08-01,2026-08-03,employer,applicant_supplied,RECEIVED,true,true,false,customer_evidence,false,false,synthetic_data/applicant_documents/APP-000070/10_paystub_BORR-000083.txt,employer_name|pay_period_end|gross_per_period|ytd_gross|pay_frequency,employment|income
APP-000070-DOC-05,APP-000070,BORR-000083,w2,2025-12-31,2026-07-30,employer,applicant_supplied,RECEIVED,true,true,false,customer_evidence,false,false,synthetic_data/applicant_documents/APP-000070/11_w2_BORR-000083.txt,tax_year|employer_name|annual_wages,employment|income
APP-000070-DOC-06,APP-000070,BORR-000083,employment_verification,2026-08-04,2026-08-04,employer,third_party,VERIFIED,true,true,false,authoritative_evidence,false,false,synthetic_data/applicant_documents/APP-000070/12_employment_verification_BORR-000083.txt,employer_name|employment_start_date|employment_status|position,employment|verifications
APP-000070-DOC-07,APP-000070,BORR-000083,bank_statement,2026-08-03,2026-08-05,financial_institution,applicant_supplied,RECEIVED,true,true,false,customer_evidence,false,false,synthetic_data/applicant_documents/APP-000070/20_bank_statement_01.txt,institution|account_masked|closing_balance|statement_period_end,assets|asset_transactions
APP-000070-DOC-08,APP-000070,BORR-000083,bank_statement,2026-08-03,2026-08-05,financial_institution,applicant_supplied,RECEIVED,true,true,false,customer_evidence,false,false,synthetic_data/applicant_documents/APP-000070/20_bank_statement_02.txt,institution|account_masked|closing_balance|statement_period_end,assets|asset_transactions
APP-000070-DOC-09,APP-000070,BORR-000083,asset_verification,2026-08-05,2026-08-06,financial_institution,third_party,VERIFIED,true,true,false,authoritative_evidence,false,false,synthetic_data/applicant_documents/APP-000070/21_asset_verification_03.txt,verified_balance|asset_type|institution,assets
APP-000070-DOC-10,APP-000070,BORR-000083,asset_verification,2026-08-05,2026-08-06,financial_institution,third_party,VERIFIED,true,true,false,authoritative_evidence,false,false,synthetic_data/applicant_documents/APP-000070/21_asset_verification_04.txt,verified_balance|asset_type|institution,assets
APP-000070-DOC-11,APP-000070,BORR-000083,purchase_agreement,2026-07-17,2026-07-19,settlement_parties,applicant_supplied,RECEIVED,true,true,false,customer_evidence,false,false,synthetic_data/applicant_documents/APP-000070/30_purchase_agreement.txt,purchase_price|contract_date|earnest_money|seller_credits,properties|loans
APP-000070-DOC-12,APP-000070,,appraisal_report,2026-07-19,2026-07-22,appraiser,third_party,VERIFIED,true,true,false,authoritative_evidence,false,false,synthetic_data/applicant_documents/APP-000070/40_appraisal_report.txt,appraised_value|effective_date|condition_rating|property_type,appraisals|properties
APP-000070-DOC-13,APP-000070,,title_report,2026-08-06,2026-08-06,title_provider,third_party,VERIFIED,true,true,false,authoritative_evidence,false,false,synthetic_data/applicant_documents/APP-000070/41_title_report.txt,lien_position|exception_count|vesting,title_records|properties
APP-000070-DOC-14,APP-000070,BORR-000083,homeowner_insurance_evidence,2026-08-09,2026-08-10,insurer,third_party,VERIFIED,true,true,false,authoritative_evidence,false,false,synthetic_data/applicant_documents/APP-000070/42_homeowner_insurance_evidence.txt,coverage_amount|annual_premium|effective_date,insurance_records|properties
APP-000070-DOC-15,APP-000070,BORR-000083,letter_of_explanation,2026-08-07,2026-08-07,applicant,applicant_supplied,QUARANTINED,true,true,false,customer_evidence,true,false,synthetic_data/applicant_documents/APP-000070/60_applicant_untrusted_text.txt,applicant_statement|security_event_type,security_events
APP-000071-DOC-01,APP-000071,BORR-000084,loan_application_summary,2026-08-12,2026-08-12,applicant,applicant_supplied,RECEIVED,true,true,false,customer_evidence,false,false,synthetic_data/applicant_documents/APP-000071/01_loan_application_summary.txt,application_id|loan_purpose|requested_loan_amount|occupancy_type|declared_monthly_income,applications|loans|properties|income
APP-000071-DOC-02,APP-000071,BORR-000084,identity_verification_summary,2026-08-04,2026-08-04,third_party_provider,verification_service,VERIFIED,true,true,false,authoritative_evidence,false,false,synthetic_data/applicant_documents/APP-000071/02_identity_verification_summary.txt,identity_verification_status|verified_name|verified_date_of_birth,verifications|borrowers
APP-000071-DOC-03,APP-000071,BORR-000084,credit_report_summary,2026-07-22,2026-07-22,credit_bureau,third_party,VERIFIED,true,true,false,authoritative_evidence,false,false,synthetic_data/applicant_documents/APP-000071/03_credit_report_summary.txt,score_1|score_2|score_3|report_date|revolving_balance|revolving_limit|monthly_liability_payments,credit_profiles|credit_accounts|liabilities
APP-000071-DOC-04,APP-000071,BORR-000084,paystub,2026-08-01,2026-08-03,employer,applicant_supplied,RECEIVED,true,true,false,customer_evidence,false,false,synthetic_data/applicant_documents/APP-000071/10_paystub_BORR-000084.txt,employer_name|pay_period_end|gross_per_period|ytd_gross|pay_frequency,employment|income
APP-000071-DOC-05,APP-000071,BORR-000084,w2,2025-12-31,2026-07-30,employer,applicant_supplied,RECEIVED,true,true,false,customer_evidence,false,false,synthetic_data/applicant_documents/APP-000071/11_w2_BORR-000084.txt,tax_year|employer_name|annual_wages,employment|income
APP-000071-DOC-06,APP-000071,BORR-000084,employment_verification,2026-08-04,2026-08-04,employer,third_party,VERIFIED,true,true,false,authoritative_evidence,false,false,synthetic_data/applicant_documents/APP-000071/12_employment_verification_BORR-000084.txt,employer_name|employment_start_date|employment_status|position,employment|verifications
APP-000071-DOC-07,APP-000071,BORR-000085,paystub,2026-08-01,2026-08-03,employer,applicant_supplied,RECEIVED,true,true,false,customer_evidence,false,false,synthetic_data/applicant_documents/APP-000071/10_paystub_BORR-000085.txt,employer_name|pay_period_end|gross_per_period|ytd_gross|pay_frequency,employment|income
APP-000071-DOC-08,APP-000071,BORR-000085,w2,2025-12-31,2026-07-30,employer,applicant_supplied,RECEIVED,true,true,false,customer_evidence,false,false,synthetic_data/applicant_documents/APP-000071/11_w2_BORR-000085.txt,tax_year|employer_name|annual_wages,employment|income
APP-000071-DOC-09,APP-000071,BORR-000085,employment_verification,2026-08-04,2026-08-04,employer,third_party,VERIFIED,true,true,false,authoritative_evidence,false,false,synthetic_data/applicant_documents/APP-000071/12_employment_verification_BORR-000085.txt,employer_name|employment_start_date|employment_status|position,employment|verifications
APP-000071-DOC-10,APP-000071,BORR-000084,bank_statement,2026-08-03,2026-08-05,financial_institution,applicant_supplied,RECEIVED,true,true,false,customer_evidence,false,false,synthetic_data/applicant_documents/APP-000071/20_bank_statement_01.txt,institution|account_masked|closing_balance|statement_period_end,assets|asset_transactions
APP-000071-DOC-11,APP-000071,BORR-000084,bank_statement,2026-08-03,2026-08-05,financial_institution,applicant_supplied,RECEIVED,true,true,false,customer_evidence,false,false,synthetic_data/applicant_documents/APP-000071/20_bank_statement_02.txt,institution|account_masked|closing_balance|statement_period_end,assets|asset_transactions
APP-000071-DOC-12,APP-000071,BORR-000084,asset_verification,2026-08-05,2026-08-06,financial_institution,third_party,VERIFIED,true,true,false,authoritative_evidence,false,false,synthetic_data/applicant_documents/APP-000071/21_asset_verification_03.txt,verified_balance|asset_type|institution,assets
APP-000071-DOC-13,APP-000071,BORR-000084,asset_verification,2026-08-05,2026-08-06,financial_institution,third_party,VERIFIED,true,true,false,authoritative_evidence,false,false,synthetic_data/applicant_documents/APP-000071/21_asset_verification_04.txt,verified_balance|asset_type|institution,assets
APP-000071-DOC-14,APP-000071,BORR-000084,purchase_agreement,2026-07-17,2026-07-19,settlement_parties,applicant_supplied,RECEIVED,true,true,false,customer_evidence,false,false,synthetic_data/applicant_documents/APP-000071/30_purchase_agreement.txt,purchase_price|contract_date|earnest_money|seller_credits,properties|loans
APP-000071-DOC-15,APP-000071,,appraisal_report,2026-07-19,2026-07-22,appraiser,third_party,VERIFIED,true,true,false,authoritative_evidence,false,false,synthetic_data/applicant_documents/APP-000071/40_appraisal_report.txt,appraised_value|effective_date|condition_rating|property_type,appraisals|properties
APP-000071-DOC-16,APP-000071,,title_report,2026-08-06,2026-08-06,title_provider,third_party,VERIFIED,true,true,false,authoritative_evidence,false,false,synthetic_data/applicant_documents/APP-000071/41_title_report.txt,lien_position|exception_count|vesting,title_records|properties
APP-000071-DOC-17,APP-000071,BORR-000084,homeowner_insurance_evidence,2026-08-09,2026-08-10,insurer,third_party,VERIFIED,true,true,false,authoritative_evidence,false,false,synthetic_data/applicant_documents/APP-000071/42_homeowner_insurance_evidence.txt,coverage_amount|annual_premium|effective_date,insurance_records|properties
APP-000072-DOC-01,APP-000072,BORR-000086,loan_application_summary,2026-08-12,2026-08-12,applicant,applicant_supplied,RECEIVED,true,true,false,customer_evidence,false,false,synthetic_data/applicant_documents/APP-000072/01_loan_application_summary.txt,application_id|loan_purpose|requested_loan_amount|occupancy_type|declared_monthly_income,applications|loans|properties|income
APP-000072-DOC-02,APP-000072,BORR-000086,identity_verification_summary,2026-08-04,2026-08-04,third_party_provider,verification_service,VERIFIED,true,true,false,authoritative_evidence,false,false,synthetic_data/applicant_documents/APP-000072/02_identity_verification_summary.txt,identity_verification_status|verified_name|verified_date_of_birth,verifications|borrowers
APP-000072-DOC-03,APP-000072,BORR-000086,credit_report_summary,2026-07-22,2026-07-22,credit_bureau,third_party,VERIFIED,true,true,false,authoritative_evidence,false,false,synthetic_data/applicant_documents/APP-000072/03_credit_report_summary.txt,score_1|score_2|score_3|report_date|revolving_balance|revolving_limit|monthly_liability_payments,credit_profiles|credit_accounts|liabilities
APP-000072-DOC-04,APP-000072,BORR-000086,paystub,2026-08-01,2026-08-03,employer,applicant_supplied,RECEIVED,true,true,false,customer_evidence,false,false,synthetic_data/applicant_documents/APP-000072/10_paystub_BORR-000086.txt,employer_name|pay_period_end|gross_per_period|ytd_gross|pay_frequency,employment|income
APP-000072-DOC-05,APP-000072,BORR-000086,w2,2025-12-31,2026-07-30,employer,applicant_supplied,RECEIVED,true,true,false,customer_evidence,false,false,synthetic_data/applicant_documents/APP-000072/11_w2_BORR-000086.txt,tax_year|employer_name|annual_wages,employment|income
APP-000072-DOC-06,APP-000072,BORR-000086,employment_verification,2026-08-04,2026-08-04,employer,third_party,VERIFIED,true,true,false,authoritative_evidence,false,false,synthetic_data/applicant_documents/APP-000072/12_employment_verification_BORR-000086.txt,employer_name|employment_start_date|employment_status|position,employment|verifications
APP-000072-DOC-07,APP-000072,BORR-000086,bank_statement,2026-08-03,2026-08-05,financial_institution,applicant_supplied,RECEIVED,true,true,false,customer_evidence,false,false,synthetic_data/applicant_documents/APP-000072/20_bank_statement_01.txt,institution|account_masked|closing_balance|statement_period_end,assets|asset_transactions
APP-000072-DOC-08,APP-000072,BORR-000086,bank_statement,2026-08-03,2026-08-05,financial_institution,applicant_supplied,RECEIVED,true,true,false,customer_evidence,false,false,synthetic_data/applicant_documents/APP-000072/20_bank_statement_02.txt,institution|account_masked|closing_balance|statement_period_end,assets|asset_transactions
APP-000072-DOC-09,APP-000072,BORR-000086,asset_verification,2026-08-05,2026-08-06,financial_institution,third_party,VERIFIED,true,true,false,authoritative_evidence,false,false,synthetic_data/applicant_documents/APP-000072/21_asset_verification_03.txt,verified_balance|asset_type|institution,assets
APP-000072-DOC-10,APP-000072,BORR-000086,asset_verification,2026-08-05,2026-08-06,financial_institution,third_party,VERIFIED,true,true,false,authoritative_evidence,false,false,synthetic_data/applicant_documents/APP-000072/21_asset_verification_04.txt,verified_balance|asset_type|institution,assets
APP-000072-DOC-11,APP-000072,BORR-000086,purchase_agreement,2026-07-17,2026-07-19,settlement_parties,applicant_supplied,RECEIVED,true,true,false,customer_evidence,false,false,synthetic_data/applicant_documents/APP-000072/30_purchase_agreement.txt,purchase_price|contract_date|earnest_money|seller_credits,properties|loans
APP-000072-DOC-12,APP-000072,,appraisal_report,2026-07-19,2026-07-22,appraiser,third_party,VERIFIED,true,true,false,authoritative_evidence,false,false,synthetic_data/applicant_documents/APP-000072/40_appraisal_report.txt,appraised_value|effective_date|condition_rating|property_type,appraisals|properties
APP-000072-DOC-13,APP-000072,,title_report,2026-08-06,2026-08-06,title_provider,third_party,VERIFIED,true,true,false,authoritative_evidence,false,false,synthetic_data/applicant_documents/APP-000072/41_title_report.txt,lien_position|exception_count|vesting,title_records|properties
APP-000072-DOC-14,APP-000072,BORR-000086,homeowner_insurance_evidence,2026-08-09,2026-08-10,insurer,third_party,VERIFIED,true,true,false,authoritative_evidence,false,false,synthetic_data/applicant_documents/APP-000072/42_homeowner_insurance_evidence.txt,coverage_amount|annual_premium|effective_date,insurance_records|properties
APP-000073-DOC-01,APP-000073,BORR-000087,loan_application_summary,2026-08-12,2026-08-12,applicant,applicant_supplied,RECEIVED,true,true,false,customer_evidence,false,false,synthetic_data/applicant_documents/APP-000073/01_loan_application_summary.txt,application_id|loan_purpose|requested_loan_amount|occupancy_type|declared_monthly_income,applications|loans|properties|income
APP-000073-DOC-02,APP-000073,BORR-000087,identity_verification_summary,2026-08-04,2026-08-04,third_party_provider,verification_service,VERIFIED,true,true,false,authoritative_evidence,false,false,synthetic_data/applicant_documents/APP-000073/02_identity_verification_summary.txt,identity_verification_status|verified_name|verified_date_of_birth,verifications|borrowers
APP-000073-DOC-03,APP-000073,BORR-000087,credit_report_summary,2026-07-22,2026-07-22,credit_bureau,third_party,VERIFIED,true,true,false,authoritative_evidence,false,false,synthetic_data/applicant_documents/APP-000073/03_credit_report_summary.txt,score_1|score_2|score_3|report_date|revolving_balance|revolving_limit|monthly_liability_payments,credit_profiles|credit_accounts|liabilities
APP-000073-DOC-04,APP-000073,BORR-000087,paystub,2026-08-01,2026-08-03,employer,applicant_supplied,RECEIVED,true,true,false,customer_evidence,false,false,synthetic_data/applicant_documents/APP-000073/10_paystub_BORR-000087.txt,employer_name|pay_period_end|gross_per_period|ytd_gross|pay_frequency,employment|income
APP-000073-DOC-05,APP-000073,BORR-000087,w2,2025-12-31,2026-07-30,employer,applicant_supplied,RECEIVED,true,true,false,customer_evidence,false,false,synthetic_data/applicant_documents/APP-000073/11_w2_BORR-000087.txt,tax_year|employer_name|annual_wages,employment|income
APP-000073-DOC-06,APP-000073,BORR-000087,employment_verification,2026-08-04,2026-08-04,employer,third_party,VERIFIED,true,true,false,authoritative_evidence,false,false,synthetic_data/applicant_documents/APP-000073/12_employment_verification_BORR-000087.txt,employer_name|employment_start_date|employment_status|position,employment|verifications
APP-000073-DOC-07,APP-000073,BORR-000088,paystub,2026-08-01,2026-08-03,employer,applicant_supplied,RECEIVED,true,true,false,customer_evidence,false,false,synthetic_data/applicant_documents/APP-000073/10_paystub_BORR-000088.txt,employer_name|pay_period_end|gross_per_period|ytd_gross|pay_frequency,employment|income
APP-000073-DOC-08,APP-000073,BORR-000088,w2,2025-12-31,2026-07-30,employer,applicant_supplied,RECEIVED,true,true,false,customer_evidence,false,false,synthetic_data/applicant_documents/APP-000073/11_w2_BORR-000088.txt,tax_year|employer_name|annual_wages,employment|income
APP-000073-DOC-09,APP-000073,BORR-000088,employment_verification,2026-08-04,2026-08-04,employer,third_party,VERIFIED,true,true,false,authoritative_evidence,false,false,synthetic_data/applicant_documents/APP-000073/12_employment_verification_BORR-000088.txt,employer_name|employment_start_date|employment_status|position,employment|verifications
APP-000073-DOC-10,APP-000073,BORR-000087,bank_statement,2026-08-03,2026-08-05,financial_institution,applicant_supplied,RECEIVED,true,true,false,customer_evidence,false,false,synthetic_data/applicant_documents/APP-000073/20_bank_statement_01.txt,institution|account_masked|closing_balance|statement_period_end,assets|asset_transactions
APP-000073-DOC-11,APP-000073,BORR-000087,bank_statement,2026-08-03,2026-08-05,financial_institution,applicant_supplied,RECEIVED,true,true,false,customer_evidence,false,false,synthetic_data/applicant_documents/APP-000073/20_bank_statement_02.txt,institution|account_masked|closing_balance|statement_period_end,assets|asset_transactions
APP-000073-DOC-12,APP-000073,BORR-000087,asset_verification,2026-08-05,2026-08-06,financial_institution,third_party,VERIFIED,true,true,false,authoritative_evidence,false,false,synthetic_data/applicant_documents/APP-000073/21_asset_verification_03.txt,verified_balance|asset_type|institution,assets
APP-000073-DOC-13,APP-000073,BORR-000087,asset_verification,2026-08-05,2026-08-06,financial_institution,third_party,VERIFIED,true,true,false,authoritative_evidence,false,false,synthetic_data/applicant_documents/APP-000073/21_asset_verification_04.txt,verified_balance|asset_type|institution,assets
APP-000073-DOC-14,APP-000073,BORR-000087,purchase_agreement,2026-07-17,2026-07-19,settlement_parties,applicant_supplied,RECEIVED,true,true,false,customer_evidence,false,false,synthetic_data/applicant_documents/APP-000073/30_purchase_agreement.txt,purchase_price|contract_date|earnest_money|seller_credits,properties|loans
APP-000073-DOC-15,APP-000073,,appraisal_report,2026-07-19,2026-07-22,appraiser,third_party,VERIFIED,true,true,false,authoritative_evidence,false,false,synthetic_data/applicant_documents/APP-000073/40_appraisal_report.txt,appraised_value|effective_date|condition_rating|property_type,appraisals|properties
APP-000073-DOC-16,APP-000073,,title_report,2026-08-06,2026-08-06,title_provider,third_party,VERIFIED,true,true,false,authoritative_evidence,false,false,synthetic_data/applicant_documents/APP-000073/41_title_report.txt,lien_position|exception_count|vesting,title_records|properties
APP-000073-DOC-17,APP-000073,BORR-000087,homeowner_insurance_evidence,2026-08-09,2026-08-10,insurer,third_party,VERIFIED,true,true,false,authoritative_evidence,false,false,synthetic_data/applicant_documents/APP-000073/42_homeowner_insurance_evidence.txt,coverage_amount|annual_premium|effective_date,insurance_records|properties
APP-000073-DOC-18,APP-000073,BORR-000087,lease_agreement,2026-05-09,2026-08-02,applicant,applicant_supplied,RECEIVED,true,true,false,customer_evidence,false,false,synthetic_data/applicant_documents/APP-000073/50_lease_agreement.txt,monthly_rent|premises_address|lease_term,income|properties
APP-000074-DOC-01,APP-000074,BORR-000089,loan_application_summary,2026-08-12,2026-08-12,applicant,applicant_supplied,RECEIVED,true,true,false,customer_evidence,false,false,synthetic_data/applicant_documents/APP-000074/01_loan_application_summary.txt,application_id|loan_purpose|requested_loan_amount|occupancy_type|declared_monthly_income,applications|loans|properties|income
APP-000074-DOC-02,APP-000074,BORR-000089,identity_verification_summary,2026-08-04,2026-08-04,third_party_provider,verification_service,VERIFIED,true,true,false,authoritative_evidence,false,false,synthetic_data/applicant_documents/APP-000074/02_identity_verification_summary.txt,identity_verification_status|verified_name|verified_date_of_birth,verifications|borrowers
APP-000074-DOC-03,APP-000074,BORR-000089,credit_report_summary,2026-07-22,2026-07-22,credit_bureau,third_party,VERIFIED,true,true,false,authoritative_evidence,false,false,synthetic_data/applicant_documents/APP-000074/03_credit_report_summary.txt,score_1|score_2|score_3|report_date|revolving_balance|revolving_limit|monthly_liability_payments,credit_profiles|credit_accounts|liabilities
APP-000074-DOC-04,APP-000074,BORR-000089,paystub,2026-08-01,2026-08-03,employer,applicant_supplied,RECEIVED,true,true,false,customer_evidence,false,false,synthetic_data/applicant_documents/APP-000074/10_paystub_BORR-000089.txt,employer_name|pay_period_end|gross_per_period|ytd_gross|pay_frequency,employment|income
APP-000074-DOC-05,APP-000074,BORR-000089,w2,2025-12-31,2026-07-30,employer,applicant_supplied,RECEIVED,true,true,false,customer_evidence,false,false,synthetic_data/applicant_documents/APP-000074/11_w2_BORR-000089.txt,tax_year|employer_name|annual_wages,employment|income
APP-000074-DOC-06,APP-000074,BORR-000089,employment_verification,2026-08-04,2026-08-04,employer,third_party,VERIFIED,true,true,false,authoritative_evidence,false,false,synthetic_data/applicant_documents/APP-000074/12_employment_verification_BORR-000089.txt,employer_name|employment_start_date|employment_status|position,employment|verifications
APP-000074-DOC-07,APP-000074,BORR-000089,bank_statement,2026-08-03,2026-08-05,financial_institution,applicant_supplied,RECEIVED,true,true,false,customer_evidence,false,false,synthetic_data/applicant_documents/APP-000074/20_bank_statement_01.txt,institution|account_masked|closing_balance|statement_period_end,assets|asset_transactions
APP-000074-DOC-08,APP-000074,BORR-000089,bank_statement,2026-08-03,2026-08-05,financial_institution,applicant_supplied,RECEIVED,true,true,false,customer_evidence,false,false,synthetic_data/applicant_documents/APP-000074/20_bank_statement_02.txt,institution|account_masked|closing_balance|statement_period_end,assets|asset_transactions
APP-000074-DOC-09,APP-000074,BORR-000089,asset_verification,2026-08-05,2026-08-06,financial_institution,third_party,VERIFIED,true,true,false,authoritative_evidence,false,false,synthetic_data/applicant_documents/APP-000074/21_asset_verification_03.txt,verified_balance|asset_type|institution,assets
APP-000074-DOC-10,APP-000074,BORR-000089,asset_verification,2026-08-05,2026-08-06,financial_institution,third_party,VERIFIED,true,true,false,authoritative_evidence,false,false,synthetic_data/applicant_documents/APP-000074/21_asset_verification_04.txt,verified_balance|asset_type|institution,assets
APP-000074-DOC-11,APP-000074,BORR-000089,purchase_agreement,2026-07-17,2026-07-19,settlement_parties,applicant_supplied,RECEIVED,true,true,false,customer_evidence,false,false,synthetic_data/applicant_documents/APP-000074/30_purchase_agreement.txt,purchase_price|contract_date|earnest_money|seller_credits,properties|loans
APP-000074-DOC-12,APP-000074,,appraisal_report,2026-07-19,2026-07-22,appraiser,third_party,VERIFIED,true,true,false,authoritative_evidence,false,false,synthetic_data/applicant_documents/APP-000074/40_appraisal_report.txt,appraised_value|effective_date|condition_rating|property_type,appraisals|properties
APP-000074-DOC-13,APP-000074,,title_report,2026-08-06,2026-08-06,title_provider,third_party,VERIFIED,true,true,false,authoritative_evidence,false,false,synthetic_data/applicant_documents/APP-000074/41_title_report.txt,lien_position|exception_count|vesting,title_records|properties
APP-000074-DOC-14,APP-000074,BORR-000089,homeowner_insurance_evidence,2026-08-09,2026-08-10,insurer,third_party,VERIFIED,true,true,false,authoritative_evidence,false,false,synthetic_data/applicant_documents/APP-000074/42_homeowner_insurance_evidence.txt,coverage_amount|annual_premium|effective_date,insurance_records|properties
APP-000075-DOC-01,APP-000075,BORR-000090,loan_application_summary,2026-08-12,2026-08-12,applicant,applicant_supplied,RECEIVED,true,true,false,customer_evidence,false,false,synthetic_data/applicant_documents/APP-000075/01_loan_application_summary.txt,application_id|loan_purpose|requested_loan_amount|occupancy_type|declared_monthly_income,applications|loans|properties|income
APP-000075-DOC-02,APP-000075,BORR-000090,identity_verification_summary,2026-08-04,2026-08-04,third_party_provider,verification_service,VERIFIED,true,true,false,authoritative_evidence,false,false,synthetic_data/applicant_documents/APP-000075/02_identity_verification_summary.txt,identity_verification_status|verified_name|verified_date_of_birth,verifications|borrowers
APP-000075-DOC-03,APP-000075,BORR-000090,credit_report_summary,2026-07-22,2026-07-22,credit_bureau,third_party,VERIFIED,true,true,false,authoritative_evidence,false,false,synthetic_data/applicant_documents/APP-000075/03_credit_report_summary.txt,score_1|score_2|score_3|report_date|revolving_balance|revolving_limit|monthly_liability_payments,credit_profiles|credit_accounts|liabilities
APP-000075-DOC-04,APP-000075,BORR-000090,paystub,2026-08-01,2026-08-03,employer,applicant_supplied,RECEIVED,true,true,false,customer_evidence,false,false,synthetic_data/applicant_documents/APP-000075/10_paystub_BORR-000090.txt,employer_name|pay_period_end|gross_per_period|ytd_gross|pay_frequency,employment|income
APP-000075-DOC-05,APP-000075,BORR-000090,w2,2025-12-31,2026-07-30,employer,applicant_supplied,RECEIVED,true,true,false,customer_evidence,false,false,synthetic_data/applicant_documents/APP-000075/11_w2_BORR-000090.txt,tax_year|employer_name|annual_wages,employment|income
APP-000075-DOC-06,APP-000075,BORR-000090,employment_verification,2026-08-04,2026-08-04,employer,third_party,VERIFIED,true,true,false,authoritative_evidence,false,false,synthetic_data/applicant_documents/APP-000075/12_employment_verification_BORR-000090.txt,employer_name|employment_start_date|employment_status|position,employment|verifications
APP-000075-DOC-07,APP-000075,BORR-000090,bank_statement,2026-08-03,2026-08-05,financial_institution,applicant_supplied,RECEIVED,true,true,false,customer_evidence,false,false,synthetic_data/applicant_documents/APP-000075/20_bank_statement_01.txt,institution|account_masked|closing_balance|statement_period_end,assets|asset_transactions
APP-000075-DOC-08,APP-000075,BORR-000090,bank_statement,2026-08-03,2026-08-05,financial_institution,applicant_supplied,RECEIVED,true,true,false,customer_evidence,false,false,synthetic_data/applicant_documents/APP-000075/20_bank_statement_02.txt,institution|account_masked|closing_balance|statement_period_end,assets|asset_transactions
APP-000075-DOC-09,APP-000075,BORR-000090,asset_verification,2026-08-05,2026-08-06,financial_institution,third_party,VERIFIED,true,true,false,authoritative_evidence,false,false,synthetic_data/applicant_documents/APP-000075/21_asset_verification_03.txt,verified_balance|asset_type|institution,assets
APP-000075-DOC-10,APP-000075,BORR-000090,asset_verification,2026-08-05,2026-08-06,financial_institution,third_party,VERIFIED,true,true,false,authoritative_evidence,false,false,synthetic_data/applicant_documents/APP-000075/21_asset_verification_04.txt,verified_balance|asset_type|institution,assets
APP-000075-DOC-11,APP-000075,BORR-000090,purchase_agreement,2026-07-17,2026-07-19,settlement_parties,applicant_supplied,RECEIVED,true,true,false,customer_evidence,false,false,synthetic_data/applicant_documents/APP-000075/30_purchase_agreement.txt,purchase_price|contract_date|earnest_money|seller_credits,properties|loans
APP-000075-DOC-12,APP-000075,,appraisal_report,2026-07-19,2026-07-22,appraiser,third_party,VERIFIED,true,true,false,authoritative_evidence,false,false,synthetic_data/applicant_documents/APP-000075/40_appraisal_report.txt,appraised_value|effective_date|condition_rating|property_type,appraisals|properties
APP-000075-DOC-13,APP-000075,,title_report,2026-08-06,2026-08-06,title_provider,third_party,VERIFIED,true,true,false,authoritative_evidence,false,false,synthetic_data/applicant_documents/APP-000075/41_title_report.txt,lien_position|exception_count|vesting,title_records|properties
APP-000075-DOC-14,APP-000075,BORR-000090,homeowner_insurance_evidence,2026-08-09,2026-08-10,insurer,third_party,VERIFIED,true,true,false,authoritative_evidence,false,false,synthetic_data/applicant_documents/APP-000075/42_homeowner_insurance_evidence.txt,coverage_amount|annual_premium|effective_date,insurance_records|properties
