evaluation_id,application_id,rule_id,policy_id,policy_version,policy_effective_date,source_category,severity,outcome,observed_value,comparator,threshold_value,input_fields,requires_human_review,reason
APP-000001-EVAL-001,APP-000001,SEC-INJ-001,POL-SEC-001,1.0,2026-01-01,SYNTHETIC_INTERNAL_POLICY,HARD_FAIL,PASS,,,,documents.contains_untrusted_text,false,No applicant-supplied text required quarantine beyond the standard trust-class handling.
APP-000001-EVAL-002,APP-000001,KYC-IDV-001,POL-KYC-001,1.0,2026-01-01,REGULATORY,HARD_FAIL,PASS,VERIFIED,==,VERIFIED,verifications.identity,false,"Identity verified; name, date of birth, address and a tokenised identification number were collected and matched."
APP-000001-EVAL-003,APP-000001,FRD-IND-001,POL-FRD-001,1.0,2026-01-01,SYNTHETIC_INTERNAL_POLICY,REFER,PASS,0,==,0,documents|verifications,false,No cross-source inconsistency without an innocent arithmetic explanation was identified.
APP-000001-EVAL-004,APP-000001,GEN-ELG-003,POL-GEN-001,1.0,2026-01-01,AGENCY_INVESTOR,HARD_FAIL,PASS,320000.00,<=,832750,loans.base_loan_amount,false,Base loan amount is within the applicable one-unit conforming limit.
APP-000001-EVAL-005,APP-000001,PRP-ELG-001,POL-PRP-001,1.0,2026-01-01,SYNTHETIC_INTERNAL_POLICY,HARD_FAIL,PASS,single_family_detached/1,in,"1-4 units, eligible type",properties.property_type|properties.units,false,Property type 'single_family_detached' with 1 unit(s) is eligible.
APP-000001-EVAL-006,APP-000001,CONV-PUR-002,POL-CONV-001,1.0,2026-01-01,SYNTHETIC_INTERNAL_POLICY,HARD_FAIL,PASS,0.8000,<=,0.97,loans.loan_amount|properties.value_used_for_ltv|underwriting_calculations.ltv,false,Loan-to-value 80.00% against the primary_residence limit of 97.00% for this programme.
APP-000001-EVAL-007,APP-000001,CRD-SCR-003,POL-CRD-001,2.0,2026-07-01,SYNTHETIC_INTERNAL_POLICY,HARD_FAIL,PASS,742,>=,620,credit_profiles.representative_score,false,Representative score 742 against the applicable floor of 620.
APP-000001-EVAL-008,APP-000001,CRD-SCR-004,POL-CRD-001,2.0,2026-07-01,SYNTHETIC_INTERNAL_POLICY,CONDITIONAL,PASS,21,<=,90,credit_profiles.report_date,false,Credit report is 21 days old against the 90-day window in force on the as-of date.
APP-000001-EVAL-009,APP-000001,CRD-SCR-007,POL-CRD-001,2.0,2026-07-01,SYNTHETIC_INTERNAL_POLICY,CONDITIONAL,PASS,1,<,4,credit_profiles.recent_inquiries_90d,false,"1 inquiries in the 90-day lookback, below the explanation trigger."
APP-000001-EVAL-010,APP-000001,CRD-DLQ-001,POL-CRD-003,1.0,2026-01-01,SYNTHETIC_INTERNAL_POLICY,REFER,PASS,0,==,0,credit_accounts.housing_late_history,false,No housing payment 30 or more days past due in the last 12 months.
APP-000001-EVAL-011,APP-000001,CRD-DLQ-003,POL-CRD-003,1.0,2026-01-01,SYNTHETIC_INTERNAL_POLICY,ADVISORY,PASS,0.2800,<=,0.8,underwriting_calculations.credit_utilization,false,Revolving utilisation 28.00% is within the risk-note threshold.
APP-000001-EVAL-012,APP-000001,EMP-CNT-001,POL-EMP-002,1.0,2026-01-01,SYNTHETIC_INTERNAL_POLICY,CONDITIONAL,PASS,60,>=,24,employment.start_date,false,Employment history of 60 months meets the 24-month requirement.
APP-000001-EVAL-013,APP-000001,DTI-CONV-001,POL-DTI-001,2.0,2026-07-01,SYNTHETIC_INTERNAL_POLICY,HARD_FAIL,PASS,0.3200,<=,0.43,underwriting_calculations.total_monthly_debt|underwriting_calculations.qualifying_monthly_income|underwriting_calculations.back_end_dti,false,Back-end debt-to-income 32.00% against the applicable limit of 43.00%.
APP-000001-EVAL-014,APP-000001,DTI-CONV-002,POL-DTI-001,2.0,2026-07-01,SYNTHETIC_INTERNAL_POLICY,ADVISORY,PASS,0.2900,<=,0.38,underwriting_calculations.front_end_dti,false,Housing ratio 29.00% recorded; this measure is advisory on this programme.
APP-000001-EVAL-015,APP-000001,DTI-CALC-003,POL-DTI-001,2.0,2026-07-01,SYNTHETIC_INTERNAL_POLICY,ADVISORY,PASS,5661.00,,,underwriting_calculations.residual_income_monthly,false,"Monthly disposable income 5,661.00 recorded alongside the ratio."
APP-000001-EVAL-016,APP-000001,AST-FTC-003,POL-AST-002,1.0,2026-01-01,SYNTHETIC_INTERNAL_POLICY,HARD_FAIL,PASS,95002.17,>=,75687.85,underwriting_calculations.funds_to_close_required|underwriting_calculations.funds_to_close_available,false,"Eligible funds available 95,002.17 against 75,687.85 required at settlement."
APP-000001-EVAL-017,APP-000001,AST-RSV-002,POL-AST-003,2.0,2026-07-01,SYNTHETIC_INTERNAL_POLICY,CONDITIONAL,PASS,10.00,>=,0,underwriting_calculations.post_close_reserves|underwriting_calculations.months_reserves,false,"Post-closing reserves of 10.00 months against the 0-month requirement for this occupancy, leverage and affordability profile."
APP-000001-EVAL-018,APP-000001,VAL-APR-001,POL-VAL-001,2.0,2026-07-01,SYNTHETIC_INTERNAL_POLICY,CONDITIONAL,PASS,full_appraisal,==,full_appraisal,appraisals.valuation_method,false,Valuation method 'full_appraisal' satisfies the requirement for this transaction.
APP-000001-EVAL-019,APP-000001,VAL-APR-003,POL-VAL-001,2.0,2026-07-01,SYNTHETIC_INTERNAL_POLICY,CONDITIONAL,PASS,24,<=,120,appraisals.appraisal_date,false,"Valuation is 24 days old, within the 120-day window."
APP-000001-EVAL-020,APP-000001,DOC-REQ-003,POL-DOC-001,1.0,2026-01-01,SYNTHETIC_INTERNAL_POLICY,CONDITIONAL,PASS,1.0000,==,1.0000,documents,false,Document completeness 100.00% (0 of 0 required documents received and current).
APP-000001-EVAL-021,APP-000001,GEN-ELG-005,POL-GEN-001,1.0,2026-01-01,SYNTHETIC_INTERNAL_POLICY,CONDITIONAL,PASS,0,==,0,rule_evaluations|documents,false,"Every rule in scope had the inputs it needed, so none evaluated to INDETERMINATE."
APP-000001-EVAL-022,APP-000001,DEC-REC-001,POL-DEC-001,1.0,2026-01-01,SYNTHETIC_INTERNAL_POLICY,HARD_FAIL,PASS,,,,decisions|decision_reasons,false,"The recommendation is drawn from the controlled vocabulary and carries the rule ids, policy versions and calculation records supporting it."
APP-000001-EVAL-023,APP-000001,DEC-AUD-001,POL-DEC-001,1.0,2026-01-01,SYNTHETIC_INTERNAL_POLICY,HARD_FAIL,PASS,,,,audit_events,false,"The decision record carries the full chain: policy version, rule, calculation, evidence and reason."
APP-000002-EVAL-001,APP-000002,SEC-INJ-001,POL-SEC-001,1.0,2026-01-01,SYNTHETIC_INTERNAL_POLICY,HARD_FAIL,PASS,,,,documents.contains_untrusted_text,false,No applicant-supplied text required quarantine beyond the standard trust-class handling.
APP-000002-EVAL-002,APP-000002,KYC-IDV-001,POL-KYC-001,1.0,2026-01-01,REGULATORY,HARD_FAIL,PASS,VERIFIED,==,VERIFIED,verifications.identity,false,"Identity verified; name, date of birth, address and a tokenised identification number were collected and matched."
APP-000002-EVAL-003,APP-000002,FRD-IND-001,POL-FRD-001,1.0,2026-01-01,SYNTHETIC_INTERNAL_POLICY,REFER,PASS,0,==,0,documents|verifications,false,No cross-source inconsistency without an innocent arithmetic explanation was identified.
APP-000002-EVAL-004,APP-000002,GEN-ELG-003,POL-GEN-001,1.0,2026-01-01,AGENCY_INVESTOR,HARD_FAIL,PASS,328000.00,<=,832750,loans.base_loan_amount,false,Base loan amount is within the applicable one-unit conforming limit.
APP-000002-EVAL-005,APP-000002,PRP-ELG-001,POL-PRP-001,1.0,2026-01-01,SYNTHETIC_INTERNAL_POLICY,HARD_FAIL,PASS,single_family_detached/1,in,"1-4 units, eligible type",properties.property_type|properties.units,false,Property type 'single_family_detached' with 1 unit(s) is eligible.
APP-000002-EVAL-006,APP-000002,CONV-PUR-002,POL-CONV-001,1.0,2026-01-01,SYNTHETIC_INTERNAL_POLICY,HARD_FAIL,PASS,0.8000,<=,0.97,loans.loan_amount|properties.value_used_for_ltv|underwriting_calculations.ltv,false,Loan-to-value 80.00% against the primary_residence limit of 97.00% for this programme.
APP-000002-EVAL-007,APP-000002,CRD-SCR-003,POL-CRD-001,2.0,2026-07-01,SYNTHETIC_INTERNAL_POLICY,HARD_FAIL,PASS,742,>=,620,credit_profiles.representative_score,false,Representative score 742 against the applicable floor of 620.
APP-000002-EVAL-008,APP-000002,CRD-SCR-004,POL-CRD-001,2.0,2026-07-01,SYNTHETIC_INTERNAL_POLICY,CONDITIONAL,PASS,21,<=,90,credit_profiles.report_date,false,Credit report is 21 days old against the 90-day window in force on the as-of date.
APP-000002-EVAL-009,APP-000002,CRD-SCR-007,POL-CRD-001,2.0,2026-07-01,SYNTHETIC_INTERNAL_POLICY,CONDITIONAL,PASS,1,<,4,credit_profiles.recent_inquiries_90d,false,"1 inquiries in the 90-day lookback, below the explanation trigger."
APP-000002-EVAL-010,APP-000002,CRD-DLQ-001,POL-CRD-003,1.0,2026-01-01,SYNTHETIC_INTERNAL_POLICY,REFER,PASS,0,==,0,credit_accounts.housing_late_history,false,No housing payment 30 or more days past due in the last 12 months.
APP-000002-EVAL-011,APP-000002,CRD-DLQ-003,POL-CRD-003,1.0,2026-01-01,SYNTHETIC_INTERNAL_POLICY,ADVISORY,PASS,0.2800,<=,0.8,underwriting_calculations.credit_utilization,false,Revolving utilisation 28.00% is within the risk-note threshold.
APP-000002-EVAL-012,APP-000002,EMP-CNT-001,POL-EMP-002,1.0,2026-01-01,SYNTHETIC_INTERNAL_POLICY,CONDITIONAL,PASS,60,>=,24,employment.start_date,false,Employment history of 60 months meets the 24-month requirement.
APP-000002-EVAL-013,APP-000002,DTI-CONV-001,POL-DTI-001,2.0,2026-07-01,SYNTHETIC_INTERNAL_POLICY,HARD_FAIL,PASS,0.4200,<=,0.43,underwriting_calculations.total_monthly_debt|underwriting_calculations.qualifying_monthly_income|underwriting_calculations.back_end_dti,false,Back-end debt-to-income 42.00% against the applicable limit of 43.00%.
APP-000002-EVAL-014,APP-000002,UWR-HRV-001,POL-UWR-001,1.0,2026-01-01,SYNTHETIC_INTERNAL_POLICY,REFER,REFER,0.4200,<=,0.43,underwriting_calculations.back_end_dti,true,"Affordability result 42.00% is within 2.00% of its 43.00% limit, which is a mandatory human-review trigger."
APP-000002-EVAL-015,APP-000002,DTI-CONV-002,POL-DTI-001,2.0,2026-07-01,SYNTHETIC_INTERNAL_POLICY,ADVISORY,PASS,0.3101,<=,0.38,underwriting_calculations.front_end_dti,false,Housing ratio 31.01% recorded; this measure is advisory on this programme.
APP-000002-EVAL-016,APP-000002,DTI-CALC-003,POL-DTI-001,2.0,2026-07-01,SYNTHETIC_INTERNAL_POLICY,ADVISORY,PASS,5490.67,,,underwriting_calculations.residual_income_monthly,false,"Monthly disposable income 5,490.67 recorded alongside the ratio."
APP-000002-EVAL-017,APP-000002,AST-FTC-003,POL-AST-002,1.0,2026-01-01,SYNTHETIC_INTERNAL_POLICY,HARD_FAIL,PASS,96512.40,>=,87117.55,underwriting_calculations.funds_to_close_required|underwriting_calculations.funds_to_close_available,false,"Eligible funds available 96,512.40 against 87,117.55 required at settlement."
APP-000002-EVAL-018,APP-000002,AST-RSV-002,POL-AST-003,2.0,2026-07-01,SYNTHETIC_INTERNAL_POLICY,CONDITIONAL,PASS,4.00,>=,0,underwriting_calculations.post_close_reserves|underwriting_calculations.months_reserves,false,"Post-closing reserves of 4.00 months against the 0-month requirement for this occupancy, leverage and affordability profile."
APP-000002-EVAL-019,APP-000002,VAL-APR-001,POL-VAL-001,2.0,2026-07-01,SYNTHETIC_INTERNAL_POLICY,CONDITIONAL,PASS,full_appraisal,==,full_appraisal,appraisals.valuation_method,false,Valuation method 'full_appraisal' satisfies the requirement for this transaction.
APP-000002-EVAL-020,APP-000002,VAL-APR-003,POL-VAL-001,2.0,2026-07-01,SYNTHETIC_INTERNAL_POLICY,CONDITIONAL,PASS,24,<=,120,appraisals.appraisal_date,false,"Valuation is 24 days old, within the 120-day window."
APP-000002-EVAL-021,APP-000002,DOC-REQ-003,POL-DOC-001,1.0,2026-01-01,SYNTHETIC_INTERNAL_POLICY,CONDITIONAL,PASS,1.0000,==,1.0000,documents,false,Document completeness 100.00% (0 of 0 required documents received and current).
APP-000002-EVAL-022,APP-000002,GEN-ELG-005,POL-GEN-001,1.0,2026-01-01,SYNTHETIC_INTERNAL_POLICY,CONDITIONAL,PASS,0,==,0,rule_evaluations|documents,false,"Every rule in scope had the inputs it needed, so none evaluated to INDETERMINATE."
APP-000002-EVAL-023,APP-000002,UWR-HRV-001,POL-UWR-001,1.0,2026-01-01,SYNTHETIC_INTERNAL_POLICY,REFER,REFER,1,==,0,rule_evaluations,true,1 mandatory human-review trigger(s) present.
APP-000002-EVAL-024,APP-000002,DEC-REC-001,POL-DEC-001,1.0,2026-01-01,SYNTHETIC_INTERNAL_POLICY,HARD_FAIL,PASS,,,,decisions|decision_reasons,false,"The recommendation is drawn from the controlled vocabulary and carries the rule ids, policy versions and calculation records supporting it."
APP-000002-EVAL-025,APP-000002,DEC-AUD-001,POL-DEC-001,1.0,2026-01-01,SYNTHETIC_INTERNAL_POLICY,HARD_FAIL,PASS,,,,audit_events,false,"The decision record carries the full chain: policy version, rule, calculation, evidence and reason."
APP-000003-EVAL-001,APP-000003,SEC-INJ-001,POL-SEC-001,1.0,2026-01-01,SYNTHETIC_INTERNAL_POLICY,HARD_FAIL,PASS,,,,documents.contains_untrusted_text,false,No applicant-supplied text required quarantine beyond the standard trust-class handling.
APP-000003-EVAL-002,APP-000003,KYC-IDV-001,POL-KYC-001,1.0,2026-01-01,REGULATORY,HARD_FAIL,PASS,VERIFIED,==,VERIFIED,verifications.identity,false,"Identity verified; name, date of birth, address and a tokenised identification number were collected and matched."
APP-000003-EVAL-003,APP-000003,FRD-IND-001,POL-FRD-001,1.0,2026-01-01,SYNTHETIC_INTERNAL_POLICY,REFER,PASS,0,==,0,documents|verifications,false,No cross-source inconsistency without an innocent arithmetic explanation was identified.
APP-000003-EVAL-004,APP-000003,GEN-ELG-003,POL-GEN-001,1.0,2026-01-01,AGENCY_INVESTOR,HARD_FAIL,PASS,432000.00,<=,832750,loans.base_loan_amount,false,Base loan amount is within the applicable one-unit conforming limit.
APP-000003-EVAL-005,APP-000003,PRP-ELG-001,POL-PRP-001,1.0,2026-01-01,SYNTHETIC_INTERNAL_POLICY,HARD_FAIL,PASS,single_family_detached/1,in,"1-4 units, eligible type",properties.property_type|properties.units,false,Property type 'single_family_detached' with 1 unit(s) is eligible.
APP-000003-EVAL-006,APP-000003,CONV-PUR-002,POL-CONV-001,1.0,2026-01-01,SYNTHETIC_INTERNAL_POLICY,HARD_FAIL,PASS,0.8000,<=,0.97,loans.loan_amount|properties.value_used_for_ltv|underwriting_calculations.ltv,false,Loan-to-value 80.00% against the primary_residence limit of 97.00% for this programme.
APP-000003-EVAL-007,APP-000003,CRD-SCR-003,POL-CRD-001,2.0,2026-07-01,SYNTHETIC_INTERNAL_POLICY,HARD_FAIL,FAIL,598,>=,620,credit_profiles.representative_score,false,Representative score 598 against the applicable floor of 620. The credit floor is not met.
APP-000003-EVAL-008,APP-000003,CRD-SCR-004,POL-CRD-001,2.0,2026-07-01,SYNTHETIC_INTERNAL_POLICY,CONDITIONAL,PASS,21,<=,90,credit_profiles.report_date,false,Credit report is 21 days old against the 90-day window in force on the as-of date.
APP-000003-EVAL-009,APP-000003,CRD-SCR-007,POL-CRD-001,2.0,2026-07-01,SYNTHETIC_INTERNAL_POLICY,CONDITIONAL,PASS,1,<,4,credit_profiles.recent_inquiries_90d,false,"1 inquiries in the 90-day lookback, below the explanation trigger."
APP-000003-EVAL-010,APP-000003,CRD-DLQ-001,POL-CRD-003,1.0,2026-01-01,SYNTHETIC_INTERNAL_POLICY,REFER,PASS,0,==,0,credit_accounts.housing_late_history,false,No housing payment 30 or more days past due in the last 12 months.
APP-000003-EVAL-011,APP-000003,CRD-DLQ-003,POL-CRD-003,1.0,2026-01-01,SYNTHETIC_INTERNAL_POLICY,ADVISORY,PASS,0.2800,<=,0.8,underwriting_calculations.credit_utilization,false,Revolving utilisation 28.00% is within the risk-note threshold.
APP-000003-EVAL-012,APP-000003,EMP-CNT-001,POL-EMP-002,1.0,2026-01-01,SYNTHETIC_INTERNAL_POLICY,CONDITIONAL,PASS,60,>=,24,employment.start_date,false,Employment history of 60 months meets the 24-month requirement.
APP-000003-EVAL-013,APP-000003,DTI-CONV-001,POL-DTI-001,2.0,2026-07-01,SYNTHETIC_INTERNAL_POLICY,HARD_FAIL,PASS,0.3400,<=,0.43,underwriting_calculations.total_monthly_debt|underwriting_calculations.qualifying_monthly_income|underwriting_calculations.back_end_dti,false,Back-end debt-to-income 34.00% against the applicable limit of 43.00%.
APP-000003-EVAL-014,APP-000003,DTI-CONV-002,POL-DTI-001,2.0,2026-07-01,SYNTHETIC_INTERNAL_POLICY,ADVISORY,PASS,0.2899,<=,0.38,underwriting_calculations.front_end_dti,false,Housing ratio 28.99% recorded; this measure is advisory on this programme.
APP-000003-EVAL-015,APP-000003,DTI-CALC-003,POL-DTI-001,2.0,2026-07-01,SYNTHETIC_INTERNAL_POLICY,ADVISORY,PASS,7419.50,,,underwriting_calculations.residual_income_monthly,false,"Monthly disposable income 7,419.50 recorded alongside the ratio."
APP-000003-EVAL-016,APP-000003,AST-FTC-003,POL-AST-002,1.0,2026-01-01,SYNTHETIC_INTERNAL_POLICY,HARD_FAIL,PASS,122390.56,>=,101531.10,underwriting_calculations.funds_to_close_required|underwriting_calculations.funds_to_close_available,false,"Eligible funds available 122,390.56 against 101,531.10 required at settlement."
APP-000003-EVAL-017,APP-000003,AST-RSV-002,POL-AST-003,2.0,2026-07-01,SYNTHETIC_INTERNAL_POLICY,CONDITIONAL,PASS,8.00,>=,0,underwriting_calculations.post_close_reserves|underwriting_calculations.months_reserves,false,"Post-closing reserves of 8.00 months against the 0-month requirement for this occupancy, leverage and affordability profile."
APP-000003-EVAL-018,APP-000003,VAL-APR-001,POL-VAL-001,2.0,2026-07-01,SYNTHETIC_INTERNAL_POLICY,CONDITIONAL,PASS,full_appraisal,==,full_appraisal,appraisals.valuation_method,false,Valuation method 'full_appraisal' satisfies the requirement for this transaction.
APP-000003-EVAL-019,APP-000003,VAL-APR-003,POL-VAL-001,2.0,2026-07-01,SYNTHETIC_INTERNAL_POLICY,CONDITIONAL,PASS,24,<=,120,appraisals.appraisal_date,false,"Valuation is 24 days old, within the 120-day window."
APP-000003-EVAL-020,APP-000003,DOC-REQ-003,POL-DOC-001,1.0,2026-01-01,SYNTHETIC_INTERNAL_POLICY,CONDITIONAL,PASS,1.0000,==,1.0000,documents,false,Document completeness 100.00% (0 of 0 required documents received and current).
APP-000003-EVAL-021,APP-000003,GEN-ELG-005,POL-GEN-001,1.0,2026-01-01,SYNTHETIC_INTERNAL_POLICY,CONDITIONAL,PASS,0,==,0,rule_evaluations|documents,false,"Every rule in scope had the inputs it needed, so none evaluated to INDETERMINATE."
APP-000003-EVAL-022,APP-000003,DEC-REC-001,POL-DEC-001,1.0,2026-01-01,SYNTHETIC_INTERNAL_POLICY,HARD_FAIL,PASS,,,,decisions|decision_reasons,false,"The recommendation is drawn from the controlled vocabulary and carries the rule ids, policy versions and calculation records supporting it."
APP-000003-EVAL-023,APP-000003,DEC-AUD-001,POL-DEC-001,1.0,2026-01-01,SYNTHETIC_INTERNAL_POLICY,HARD_FAIL,PASS,,,,audit_events,false,"The decision record carries the full chain: policy version, rule, calculation, evidence and reason."
APP-000004-EVAL-001,APP-000004,SEC-INJ-001,POL-SEC-001,1.0,2026-01-01,SYNTHETIC_INTERNAL_POLICY,HARD_FAIL,PASS,,,,documents.contains_untrusted_text,false,No applicant-supplied text required quarantine beyond the standard trust-class handling.
APP-000004-EVAL-002,APP-000004,KYC-IDV-001,POL-KYC-001,1.0,2026-01-01,REGULATORY,HARD_FAIL,PASS,VERIFIED,==,VERIFIED,verifications.identity,false,"Identity verified; name, date of birth, address and a tokenised identification number were collected and matched."
APP-000004-EVAL-003,APP-000004,FRD-IND-001,POL-FRD-001,1.0,2026-01-01,SYNTHETIC_INTERNAL_POLICY,REFER,PASS,0,==,0,documents|verifications,false,No cross-source inconsistency without an innocent arithmetic explanation was identified.
APP-000004-EVAL-004,APP-000004,GEN-ELG-003,POL-GEN-001,1.0,2026-01-01,AGENCY_INVESTOR,HARD_FAIL,PASS,304000.00,<=,832750,loans.base_loan_amount,false,Base loan amount is within the applicable one-unit conforming limit.
APP-000004-EVAL-005,APP-000004,PRP-ELG-001,POL-PRP-001,1.0,2026-01-01,SYNTHETIC_INTERNAL_POLICY,HARD_FAIL,PASS,single_family_detached/1,in,"1-4 units, eligible type",properties.property_type|properties.units,false,Property type 'single_family_detached' with 1 unit(s) is eligible.
APP-000004-EVAL-006,APP-000004,CONV-PUR-002,POL-CONV-001,1.0,2026-01-01,SYNTHETIC_INTERNAL_POLICY,HARD_FAIL,PASS,0.8000,<=,0.97,loans.loan_amount|properties.value_used_for_ltv|underwriting_calculations.ltv,false,Loan-to-value 80.00% against the primary_residence limit of 97.00% for this programme.
APP-000004-EVAL-007,APP-000004,CRD-SCR-003,POL-CRD-001,2.0,2026-07-01,SYNTHETIC_INTERNAL_POLICY,HARD_FAIL,PASS,742,>=,620,credit_profiles.representative_score,false,Representative score 742 against the applicable floor of 620.
APP-000004-EVAL-008,APP-000004,CRD-SCR-004,POL-CRD-001,2.0,2026-07-01,SYNTHETIC_INTERNAL_POLICY,CONDITIONAL,PASS,21,<=,90,credit_profiles.report_date,false,Credit report is 21 days old against the 90-day window in force on the as-of date.
APP-000004-EVAL-009,APP-000004,CRD-SCR-007,POL-CRD-001,2.0,2026-07-01,SYNTHETIC_INTERNAL_POLICY,CONDITIONAL,PASS,1,<,4,credit_profiles.recent_inquiries_90d,false,"1 inquiries in the 90-day lookback, below the explanation trigger."
APP-000004-EVAL-010,APP-000004,CRD-DLQ-001,POL-CRD-003,1.0,2026-01-01,SYNTHETIC_INTERNAL_POLICY,REFER,PASS,0,==,0,credit_accounts.housing_late_history,false,No housing payment 30 or more days past due in the last 12 months.
APP-000004-EVAL-011,APP-000004,CRD-DLQ-003,POL-CRD-003,1.0,2026-01-01,SYNTHETIC_INTERNAL_POLICY,ADVISORY,PASS,0.2800,<=,0.8,underwriting_calculations.credit_utilization,false,Revolving utilisation 28.00% is within the risk-note threshold.
APP-000004-EVAL-012,APP-000004,EMP-CNT-001,POL-EMP-002,1.0,2026-01-01,SYNTHETIC_INTERNAL_POLICY,CONDITIONAL,PASS,60,>=,24,employment.start_date,false,Employment history of 60 months meets the 24-month requirement.
APP-000004-EVAL-013,APP-000004,DTI-CONV-001,POL-DTI-001,2.0,2026-07-01,SYNTHETIC_INTERNAL_POLICY,HARD_FAIL,FAIL,0.4900,<=,0.43,underwriting_calculations.total_monthly_debt|underwriting_calculations.qualifying_monthly_income|underwriting_calculations.back_end_dti,false,Back-end debt-to-income 49.00% against the applicable limit of 43.00%. The extension to 45.00% was not available: 1 documented compensating factor(s) against the 2 required. The affordability limit is breached.
APP-000004-EVAL-014,APP-000004,DTI-BRE-001,POL-DTI-001,2.0,2026-07-01,SYNTHETIC_INTERNAL_POLICY,HARD_FAIL,PASS,0.4900,<=,0.43,rule_evaluations,false,"The breach is reported with its computed value 49.00%, the threshold 43.00% it failed, the rule DTI-CONV-001 and the policy version that set it."
APP-000004-EVAL-015,APP-000004,DTI-CONV-002,POL-DTI-001,2.0,2026-07-01,SYNTHETIC_INTERNAL_POLICY,ADVISORY,PASS,0.2999,<=,0.38,underwriting_calculations.front_end_dti,false,Housing ratio 29.99% recorded; this measure is advisory on this programme.
APP-000004-EVAL-016,APP-000004,DTI-CALC-003,POL-DTI-001,2.0,2026-07-01,SYNTHETIC_INTERNAL_POLICY,ADVISORY,PASS,4029.00,,,underwriting_calculations.residual_income_monthly,false,"Monthly disposable income 4,029.00 recorded alongside the ratio."
APP-000004-EVAL-017,APP-000004,AST-FTC-003,POL-AST-002,1.0,2026-01-01,SYNTHETIC_INTERNAL_POLICY,HARD_FAIL,PASS,77910.93,>=,72223.96,underwriting_calculations.funds_to_close_required|underwriting_calculations.funds_to_close_available,false,"Eligible funds available 77,910.93 against 72,223.96 required at settlement."
APP-000004-EVAL-018,APP-000004,AST-RSV-002,POL-AST-003,2.0,2026-07-01,SYNTHETIC_INTERNAL_POLICY,CONDITIONAL,PASS,3.00,>=,2,underwriting_calculations.post_close_reserves|underwriting_calculations.months_reserves,false,"Post-closing reserves of 3.00 months against the 2-month requirement for this occupancy, leverage and affordability profile."
APP-000004-EVAL-019,APP-000004,VAL-APR-001,POL-VAL-001,2.0,2026-07-01,SYNTHETIC_INTERNAL_POLICY,CONDITIONAL,PASS,full_appraisal,==,full_appraisal,appraisals.valuation_method,false,Valuation method 'full_appraisal' satisfies the requirement for this transaction.
APP-000004-EVAL-020,APP-000004,VAL-APR-003,POL-VAL-001,2.0,2026-07-01,SYNTHETIC_INTERNAL_POLICY,CONDITIONAL,PASS,24,<=,120,appraisals.appraisal_date,false,"Valuation is 24 days old, within the 120-day window."
APP-000004-EVAL-021,APP-000004,DOC-REQ-003,POL-DOC-001,1.0,2026-01-01,SYNTHETIC_INTERNAL_POLICY,CONDITIONAL,PASS,1.0000,==,1.0000,documents,false,Document completeness 100.00% (0 of 0 required documents received and current).
APP-000004-EVAL-022,APP-000004,GEN-ELG-005,POL-GEN-001,1.0,2026-01-01,SYNTHETIC_INTERNAL_POLICY,CONDITIONAL,PASS,0,==,0,rule_evaluations|documents,false,"Every rule in scope had the inputs it needed, so none evaluated to INDETERMINATE."
APP-000004-EVAL-023,APP-000004,DEC-REC-001,POL-DEC-001,1.0,2026-01-01,SYNTHETIC_INTERNAL_POLICY,HARD_FAIL,PASS,,,,decisions|decision_reasons,false,"The recommendation is drawn from the controlled vocabulary and carries the rule ids, policy versions and calculation records supporting it."
APP-000004-EVAL-024,APP-000004,DEC-AUD-001,POL-DEC-001,1.0,2026-01-01,SYNTHETIC_INTERNAL_POLICY,HARD_FAIL,PASS,,,,audit_events,false,"The decision record carries the full chain: policy version, rule, calculation, evidence and reason."
APP-000005-EVAL-001,APP-000005,SEC-INJ-001,POL-SEC-001,1.0,2026-01-01,SYNTHETIC_INTERNAL_POLICY,HARD_FAIL,PASS,,,,documents.contains_untrusted_text,false,No applicant-supplied text required quarantine beyond the standard trust-class handling.
APP-000005-EVAL-002,APP-000005,KYC-IDV-001,POL-KYC-001,1.0,2026-01-01,REGULATORY,HARD_FAIL,PASS,VERIFIED,==,VERIFIED,verifications.identity,false,"Identity verified; name, date of birth, address and a tokenised identification number were collected and matched."
APP-000005-EVAL-003,APP-000005,FRD-IND-001,POL-FRD-001,1.0,2026-01-01,SYNTHETIC_INTERNAL_POLICY,REFER,PASS,0,==,0,documents|verifications,false,No cross-source inconsistency without an innocent arithmetic explanation was identified.
APP-000005-EVAL-004,APP-000005,GEN-ELG-003,POL-GEN-001,1.0,2026-01-01,AGENCY_INVESTOR,HARD_FAIL,PASS,485000.00,<=,832750,loans.base_loan_amount,false,Base loan amount is within the applicable one-unit conforming limit.
APP-000005-EVAL-005,APP-000005,PRP-ELG-001,POL-PRP-001,1.0,2026-01-01,SYNTHETIC_INTERNAL_POLICY,HARD_FAIL,PASS,single_family_detached/1,in,"1-4 units, eligible type",properties.property_type|properties.units,false,Property type 'single_family_detached' with 1 unit(s) is eligible.
APP-000005-EVAL-006,APP-000005,CONV-PUR-002,POL-CONV-001,1.0,2026-01-01,SYNTHETIC_INTERNAL_POLICY,HARD_FAIL,PASS,0.9700,<=,0.97,loans.loan_amount|properties.value_used_for_ltv|underwriting_calculations.ltv,false,Loan-to-value 97.00% against the primary_residence limit of 97.00% for this programme.
APP-000005-EVAL-007,APP-000005,CONV-PUR-003,POL-CONV-001,1.0,2026-01-01,SYNTHETIC_INTERNAL_POLICY,CONDITIONAL,PASS,0.9700,>,0.80,underwriting_calculations.ltv|loans.monthly_mi,false,Mortgage insurance is required above 80 percent leverage and its premium is included in the qualifying housing expense.
APP-000005-EVAL-008,APP-000005,CRD-SCR-003,POL-CRD-001,2.0,2026-07-01,SYNTHETIC_INTERNAL_POLICY,HARD_FAIL,PASS,688,>=,640,credit_profiles.representative_score,false,Representative score 688 against the applicable floor of 640.
APP-000005-EVAL-009,APP-000005,CRD-SCR-004,POL-CRD-001,2.0,2026-07-01,SYNTHETIC_INTERNAL_POLICY,CONDITIONAL,PASS,21,<=,90,credit_profiles.report_date,false,Credit report is 21 days old against the 90-day window in force on the as-of date.
APP-000005-EVAL-010,APP-000005,CRD-SCR-007,POL-CRD-001,2.0,2026-07-01,SYNTHETIC_INTERNAL_POLICY,CONDITIONAL,PASS,1,<,4,credit_profiles.recent_inquiries_90d,false,"1 inquiries in the 90-day lookback, below the explanation trigger."
APP-000005-EVAL-011,APP-000005,CRD-DLQ-001,POL-CRD-003,1.0,2026-01-01,SYNTHETIC_INTERNAL_POLICY,REFER,PASS,0,==,0,credit_accounts.housing_late_history,false,No housing payment 30 or more days past due in the last 12 months.
APP-000005-EVAL-012,APP-000005,CRD-DLQ-003,POL-CRD-003,1.0,2026-01-01,SYNTHETIC_INTERNAL_POLICY,ADVISORY,PASS,0.2800,<=,0.8,underwriting_calculations.credit_utilization,false,Revolving utilisation 28.00% is within the risk-note threshold.
APP-000005-EVAL-013,APP-000005,EMP-CNT-001,POL-EMP-002,1.0,2026-01-01,SYNTHETIC_INTERNAL_POLICY,CONDITIONAL,PASS,60,>=,24,employment.start_date,false,Employment history of 60 months meets the 24-month requirement.
APP-000005-EVAL-014,APP-000005,DTI-CONV-001,POL-DTI-001,2.0,2026-07-01,SYNTHETIC_INTERNAL_POLICY,HARD_FAIL,PASS,0.3900,<=,0.43,underwriting_calculations.total_monthly_debt|underwriting_calculations.qualifying_monthly_income|underwriting_calculations.back_end_dti,false,Back-end debt-to-income 39.00% against the applicable limit of 43.00%.
APP-000005-EVAL-015,APP-000005,DTI-CONV-002,POL-DTI-001,2.0,2026-07-01,SYNTHETIC_INTERNAL_POLICY,ADVISORY,PASS,0.2900,<=,0.38,underwriting_calculations.front_end_dti,false,Housing ratio 29.00% recorded; this measure is advisory on this programme.
APP-000005-EVAL-016,APP-000005,DTI-CALC-003,POL-DTI-001,2.0,2026-07-01,SYNTHETIC_INTERNAL_POLICY,ADVISORY,PASS,8138.42,,,underwriting_calculations.residual_income_monthly,false,"Monthly disposable income 8,138.42 recorded alongside the ratio."
APP-000005-EVAL-017,APP-000005,AST-FTC-003,POL-AST-002,1.0,2026-01-01,SYNTHETIC_INTERNAL_POLICY,HARD_FAIL,PASS,32596.16,>=,20217.12,underwriting_calculations.funds_to_close_required|underwriting_calculations.funds_to_close_available,false,"Eligible funds available 32,596.16 against 20,217.12 required at settlement."
APP-000005-EVAL-018,APP-000005,AST-RSV-002,POL-AST-003,2.0,2026-07-01,SYNTHETIC_INTERNAL_POLICY,CONDITIONAL,PASS,4.00,>=,2,underwriting_calculations.post_close_reserves|underwriting_calculations.months_reserves,false,"Post-closing reserves of 4.00 months against the 2-month requirement for this occupancy, leverage and affordability profile."
APP-000005-EVAL-019,APP-000005,VAL-APR-001,POL-VAL-001,2.0,2026-07-01,SYNTHETIC_INTERNAL_POLICY,CONDITIONAL,PASS,full_appraisal,==,full_appraisal,appraisals.valuation_method,false,Valuation method 'full_appraisal' satisfies the requirement for this transaction.
APP-000005-EVAL-020,APP-000005,VAL-APR-003,POL-VAL-001,2.0,2026-07-01,SYNTHETIC_INTERNAL_POLICY,CONDITIONAL,PASS,24,<=,120,appraisals.appraisal_date,false,"Valuation is 24 days old, within the 120-day window."
APP-000005-EVAL-021,APP-000005,DOC-REQ-003,POL-DOC-001,1.0,2026-01-01,SYNTHETIC_INTERNAL_POLICY,CONDITIONAL,PASS,1.0000,==,1.0000,documents,false,Document completeness 100.00% (0 of 0 required documents received and current).
APP-000005-EVAL-022,APP-000005,GEN-ELG-005,POL-GEN-001,1.0,2026-01-01,SYNTHETIC_INTERNAL_POLICY,CONDITIONAL,PASS,0,==,0,rule_evaluations|documents,false,"Every rule in scope had the inputs it needed, so none evaluated to INDETERMINATE."
APP-000005-EVAL-023,APP-000005,DEC-REC-001,POL-DEC-001,1.0,2026-01-01,SYNTHETIC_INTERNAL_POLICY,HARD_FAIL,PASS,,,,decisions|decision_reasons,false,"The recommendation is drawn from the controlled vocabulary and carries the rule ids, policy versions and calculation records supporting it."
APP-000005-EVAL-024,APP-000005,DEC-AUD-001,POL-DEC-001,1.0,2026-01-01,SYNTHETIC_INTERNAL_POLICY,HARD_FAIL,PASS,,,,audit_events,false,"The decision record carries the full chain: policy version, rule, calculation, evidence and reason."
APP-000006-EVAL-001,APP-000006,SEC-INJ-001,POL-SEC-001,1.0,2026-01-01,SYNTHETIC_INTERNAL_POLICY,HARD_FAIL,PASS,,,,documents.contains_untrusted_text,false,No applicant-supplied text required quarantine beyond the standard trust-class handling.
APP-000006-EVAL-002,APP-000006,KYC-IDV-001,POL-KYC-001,1.0,2026-01-01,REGULATORY,HARD_FAIL,PASS,VERIFIED,==,VERIFIED,verifications.identity,false,"Identity verified; name, date of birth, address and a tokenised identification number were collected and matched."
APP-000006-EVAL-003,APP-000006,FRD-IND-001,POL-FRD-001,1.0,2026-01-01,SYNTHETIC_INTERNAL_POLICY,REFER,PASS,0,==,0,documents|verifications,false,No cross-source inconsistency without an innocent arithmetic explanation was identified.
APP-000006-EVAL-004,APP-000006,GEN-ELG-003,POL-GEN-001,1.0,2026-01-01,AGENCY_INVESTOR,HARD_FAIL,PASS,312000.00,<=,832750,loans.base_loan_amount,false,Base loan amount is within the applicable one-unit conforming limit.
APP-000006-EVAL-005,APP-000006,PRP-ELG-001,POL-PRP-001,1.0,2026-01-01,SYNTHETIC_INTERNAL_POLICY,HARD_FAIL,PASS,single_family_detached/1,in,"1-4 units, eligible type",properties.property_type|properties.units,false,Property type 'single_family_detached' with 1 unit(s) is eligible.
APP-000006-EVAL-006,APP-000006,CONV-PUR-002,POL-CONV-001,1.0,2026-01-01,SYNTHETIC_INTERNAL_POLICY,HARD_FAIL,PASS,0.8000,<=,0.97,loans.loan_amount|properties.value_used_for_ltv|underwriting_calculations.ltv,false,Loan-to-value 80.00% against the primary_residence limit of 97.00% for this programme.
APP-000006-EVAL-007,APP-000006,CRD-SCR-003,POL-CRD-001,2.0,2026-07-01,SYNTHETIC_INTERNAL_POLICY,HARD_FAIL,PASS,742,>=,620,credit_profiles.representative_score,false,Representative score 742 against the applicable floor of 620.
APP-000006-EVAL-008,APP-000006,CRD-SCR-004,POL-CRD-001,2.0,2026-07-01,SYNTHETIC_INTERNAL_POLICY,CONDITIONAL,PASS,21,<=,90,credit_profiles.report_date,false,Credit report is 21 days old against the 90-day window in force on the as-of date.
APP-000006-EVAL-009,APP-000006,CRD-SCR-007,POL-CRD-001,2.0,2026-07-01,SYNTHETIC_INTERNAL_POLICY,CONDITIONAL,PASS,1,<,4,credit_profiles.recent_inquiries_90d,false,"1 inquiries in the 90-day lookback, below the explanation trigger."
APP-000006-EVAL-010,APP-000006,CRD-DLQ-001,POL-CRD-003,1.0,2026-01-01,SYNTHETIC_INTERNAL_POLICY,REFER,PASS,0,==,0,credit_accounts.housing_late_history,false,No housing payment 30 or more days past due in the last 12 months.
APP-000006-EVAL-011,APP-000006,CRD-DLQ-003,POL-CRD-003,1.0,2026-01-01,SYNTHETIC_INTERNAL_POLICY,ADVISORY,PASS,0.2800,<=,0.8,underwriting_calculations.credit_utilization,false,Revolving utilisation 28.00% is within the risk-note threshold.
APP-000006-EVAL-012,APP-000006,EMP-CNT-001,POL-EMP-002,1.0,2026-01-01,SYNTHETIC_INTERNAL_POLICY,CONDITIONAL,PASS,60,>=,24,employment.start_date,false,Employment history of 60 months meets the 24-month requirement.
APP-000006-EVAL-013,APP-000006,DTI-CONV-001,POL-DTI-001,2.0,2026-07-01,SYNTHETIC_INTERNAL_POLICY,HARD_FAIL,PASS,0.3500,<=,0.43,underwriting_calculations.total_monthly_debt|underwriting_calculations.qualifying_monthly_income|underwriting_calculations.back_end_dti,false,Back-end debt-to-income 35.00% against the applicable limit of 43.00%.
APP-000006-EVAL-014,APP-000006,DTI-CONV-002,POL-DTI-001,2.0,2026-07-01,SYNTHETIC_INTERNAL_POLICY,ADVISORY,PASS,0.2900,<=,0.38,underwriting_calculations.front_end_dti,false,Housing ratio 29.00% recorded; this measure is advisory on this programme.
APP-000006-EVAL-015,APP-000006,DTI-CALC-003,POL-DTI-001,2.0,2026-07-01,SYNTHETIC_INTERNAL_POLICY,ADVISORY,PASS,5866.25,,,underwriting_calculations.residual_income_monthly,false,"Monthly disposable income 5,866.25 recorded alongside the ratio."
APP-000006-EVAL-016,APP-000006,AST-FTC-003,POL-AST-002,1.0,2026-01-01,SYNTHETIC_INTERNAL_POLICY,HARD_FAIL,FAIL,59350.80,>=,82431.66,underwriting_calculations.funds_to_close_required|underwriting_calculations.funds_to_close_available,false,"Eligible funds available 59,350.80 against 82,431.66 required at settlement; a shortfall of 23,080.86. This is a deterministic arithmetic failure that no compensating factor cures."
APP-000006-EVAL-017,APP-000006,AST-RSV-002,POL-AST-003,2.0,2026-07-01,SYNTHETIC_INTERNAL_POLICY,CONDITIONAL,PASS,0.00,>=,0,underwriting_calculations.post_close_reserves|underwriting_calculations.months_reserves,false,"Post-closing reserves of 0.00 months against the 0-month requirement for this occupancy, leverage and affordability profile."
APP-000006-EVAL-018,APP-000006,VAL-APR-001,POL-VAL-001,2.0,2026-07-01,SYNTHETIC_INTERNAL_POLICY,CONDITIONAL,PASS,full_appraisal,==,full_appraisal,appraisals.valuation_method,false,Valuation method 'full_appraisal' satisfies the requirement for this transaction.
APP-000006-EVAL-019,APP-000006,VAL-APR-003,POL-VAL-001,2.0,2026-07-01,SYNTHETIC_INTERNAL_POLICY,CONDITIONAL,PASS,24,<=,120,appraisals.appraisal_date,false,"Valuation is 24 days old, within the 120-day window."
APP-000006-EVAL-020,APP-000006,DOC-REQ-003,POL-DOC-001,1.0,2026-01-01,SYNTHETIC_INTERNAL_POLICY,CONDITIONAL,PASS,1.0000,==,1.0000,documents,false,Document completeness 100.00% (0 of 0 required documents received and current).
APP-000006-EVAL-021,APP-000006,GEN-ELG-005,POL-GEN-001,1.0,2026-01-01,SYNTHETIC_INTERNAL_POLICY,CONDITIONAL,PASS,0,==,0,rule_evaluations|documents,false,"Every rule in scope had the inputs it needed, so none evaluated to INDETERMINATE."
APP-000006-EVAL-022,APP-000006,DEC-REC-001,POL-DEC-001,1.0,2026-01-01,SYNTHETIC_INTERNAL_POLICY,HARD_FAIL,PASS,,,,decisions|decision_reasons,false,"The recommendation is drawn from the controlled vocabulary and carries the rule ids, policy versions and calculation records supporting it."
APP-000006-EVAL-023,APP-000006,DEC-AUD-001,POL-DEC-001,1.0,2026-01-01,SYNTHETIC_INTERNAL_POLICY,HARD_FAIL,PASS,,,,audit_events,false,"The decision record carries the full chain: policy version, rule, calculation, evidence and reason."
APP-000007-EVAL-001,APP-000007,SEC-INJ-001,POL-SEC-001,1.0,2026-01-01,SYNTHETIC_INTERNAL_POLICY,HARD_FAIL,PASS,,,,documents.contains_untrusted_text,false,No applicant-supplied text required quarantine beyond the standard trust-class handling.
APP-000007-EVAL-002,APP-000007,KYC-IDV-001,POL-KYC-001,1.0,2026-01-01,REGULATORY,HARD_FAIL,PASS,VERIFIED,==,VERIFIED,verifications.identity,false,"Identity verified; name, date of birth, address and a tokenised identification number were collected and matched."
APP-000007-EVAL-003,APP-000007,FRD-IND-001,POL-FRD-001,1.0,2026-01-01,SYNTHETIC_INTERNAL_POLICY,REFER,PASS,0,==,0,documents|verifications,false,No cross-source inconsistency without an innocent arithmetic explanation was identified.
APP-000007-EVAL-004,APP-000007,GEN-ELG-003,POL-GEN-001,1.0,2026-01-01,AGENCY_INVESTOR,HARD_FAIL,PASS,399000.00,<=,832750,loans.base_loan_amount,false,Base loan amount is within the applicable one-unit conforming limit.
APP-000007-EVAL-005,APP-000007,PRP-ELG-001,POL-PRP-001,1.0,2026-01-01,SYNTHETIC_INTERNAL_POLICY,HARD_FAIL,PASS,single_family_detached/1,in,"1-4 units, eligible type",properties.property_type|properties.units,false,Property type 'single_family_detached' with 1 unit(s) is eligible.
APP-000007-EVAL-006,APP-000007,CONV-PUR-002,POL-CONV-001,1.0,2026-01-01,SYNTHETIC_INTERNAL_POLICY,HARD_FAIL,PASS,0.9500,<=,0.97,loans.loan_amount|properties.value_used_for_ltv|underwriting_calculations.ltv,false,Loan-to-value 95.00% against the primary_residence limit of 97.00% for this programme.
APP-000007-EVAL-007,APP-000007,CONV-PUR-003,POL-CONV-001,1.0,2026-01-01,SYNTHETIC_INTERNAL_POLICY,CONDITIONAL,PASS,0.9500,>,0.80,underwriting_calculations.ltv|loans.monthly_mi,false,Mortgage insurance is required above 80 percent leverage and its premium is included in the qualifying housing expense.
APP-000007-EVAL-008,APP-000007,CRD-SCR-003,POL-CRD-001,2.0,2026-07-01,SYNTHETIC_INTERNAL_POLICY,HARD_FAIL,PASS,706,>=,640,credit_profiles.representative_score,false,Representative score 706 against the applicable floor of 640.
APP-000007-EVAL-009,APP-000007,CRD-SCR-004,POL-CRD-001,2.0,2026-07-01,SYNTHETIC_INTERNAL_POLICY,CONDITIONAL,PASS,21,<=,90,credit_profiles.report_date,false,Credit report is 21 days old against the 90-day window in force on the as-of date.
APP-000007-EVAL-010,APP-000007,CRD-SCR-007,POL-CRD-001,2.0,2026-07-01,SYNTHETIC_INTERNAL_POLICY,CONDITIONAL,PASS,1,<,4,credit_profiles.recent_inquiries_90d,false,"1 inquiries in the 90-day lookback, below the explanation trigger."
APP-000007-EVAL-011,APP-000007,CRD-DLQ-001,POL-CRD-003,1.0,2026-01-01,SYNTHETIC_INTERNAL_POLICY,REFER,PASS,0,==,0,credit_accounts.housing_late_history,false,No housing payment 30 or more days past due in the last 12 months.
APP-000007-EVAL-012,APP-000007,CRD-DLQ-003,POL-CRD-003,1.0,2026-01-01,SYNTHETIC_INTERNAL_POLICY,ADVISORY,PASS,0.2800,<=,0.8,underwriting_calculations.credit_utilization,false,Revolving utilisation 28.00% is within the risk-note threshold.
APP-000007-EVAL-013,APP-000007,EMP-CNT-001,POL-EMP-002,1.0,2026-01-01,SYNTHETIC_INTERNAL_POLICY,CONDITIONAL,PASS,60,>=,24,employment.start_date,false,Employment history of 60 months meets the 24-month requirement.
APP-000007-EVAL-014,APP-000007,DTI-CONV-001,POL-DTI-001,2.0,2026-07-01,SYNTHETIC_INTERNAL_POLICY,HARD_FAIL,FAIL,0.4400,<=,0.43,underwriting_calculations.total_monthly_debt|underwriting_calculations.qualifying_monthly_income|underwriting_calculations.back_end_dti,false,Back-end debt-to-income 44.00% against the applicable limit of 43.00%. The extension to 45.00% was not available: 0 documented compensating factor(s) against the 2 required. The affordability limit is breached.
APP-000007-EVAL-015,APP-000007,DTI-BRE-001,POL-DTI-001,2.0,2026-07-01,SYNTHETIC_INTERNAL_POLICY,HARD_FAIL,PASS,0.4400,<=,0.43,rule_evaluations,false,"The breach is reported with its computed value 44.00%, the threshold 43.00% it failed, the rule DTI-CONV-001 and the policy version that set it."
APP-000007-EVAL-016,APP-000007,DTI-CONV-002,POL-DTI-001,2.0,2026-07-01,SYNTHETIC_INTERNAL_POLICY,ADVISORY,PASS,0.3300,<=,0.38,underwriting_calculations.front_end_dti,false,Housing ratio 33.00% recorded; this measure is advisory on this programme.
APP-000007-EVAL-017,APP-000007,DTI-CALC-003,POL-DTI-001,2.0,2026-07-01,SYNTHETIC_INTERNAL_POLICY,ADVISORY,PASS,6230.00,,,underwriting_calculations.residual_income_monthly,false,"Monthly disposable income 6,230.00 recorded alongside the ratio."
APP-000007-EVAL-018,APP-000007,AST-FTC-003,POL-AST-002,1.0,2026-01-01,SYNTHETIC_INTERNAL_POLICY,HARD_FAIL,PASS,28992.57,>=,27156.92,underwriting_calculations.funds_to_close_required|underwriting_calculations.funds_to_close_available,false,"Eligible funds available 28,992.57 against 27,156.92 required at settlement."
APP-000007-EVAL-019,APP-000007,AST-RSV-002,POL-AST-003,2.0,2026-07-01,SYNTHETIC_INTERNAL_POLICY,CONDITIONAL,FAIL,0.50,>=,4,underwriting_calculations.post_close_reserves|underwriting_calculations.months_reserves,false,"Post-closing reserves of 0.50 months against the 4-month requirement for this occupancy, leverage and affordability profile."
APP-000007-EVAL-020,APP-000007,VAL-APR-001,POL-VAL-001,2.0,2026-07-01,SYNTHETIC_INTERNAL_POLICY,CONDITIONAL,PASS,full_appraisal,==,full_appraisal,appraisals.valuation_method,false,Valuation method 'full_appraisal' satisfies the requirement for this transaction.
APP-000007-EVAL-021,APP-000007,VAL-APR-003,POL-VAL-001,2.0,2026-07-01,SYNTHETIC_INTERNAL_POLICY,CONDITIONAL,PASS,24,<=,120,appraisals.appraisal_date,false,"Valuation is 24 days old, within the 120-day window."
APP-000007-EVAL-022,APP-000007,DOC-REQ-003,POL-DOC-001,1.0,2026-01-01,SYNTHETIC_INTERNAL_POLICY,CONDITIONAL,PASS,1.0000,==,1.0000,documents,false,Document completeness 100.00% (0 of 0 required documents received and current).
APP-000007-EVAL-023,APP-000007,GEN-ELG-005,POL-GEN-001,1.0,2026-01-01,SYNTHETIC_INTERNAL_POLICY,CONDITIONAL,PASS,0,==,0,rule_evaluations|documents,false,"Every rule in scope had the inputs it needed, so none evaluated to INDETERMINATE."
APP-000007-EVAL-024,APP-000007,DEC-REC-001,POL-DEC-001,1.0,2026-01-01,SYNTHETIC_INTERNAL_POLICY,HARD_FAIL,PASS,,,,decisions|decision_reasons,false,"The recommendation is drawn from the controlled vocabulary and carries the rule ids, policy versions and calculation records supporting it."
APP-000007-EVAL-025,APP-000007,DEC-AUD-001,POL-DEC-001,1.0,2026-01-01,SYNTHETIC_INTERNAL_POLICY,HARD_FAIL,PASS,,,,audit_events,false,"The decision record carries the full chain: policy version, rule, calculation, evidence and reason."
APP-000008-EVAL-001,APP-000008,SEC-INJ-001,POL-SEC-001,1.0,2026-01-01,SYNTHETIC_INTERNAL_POLICY,HARD_FAIL,PASS,,,,documents.contains_untrusted_text,false,No applicant-supplied text required quarantine beyond the standard trust-class handling.
APP-000008-EVAL-002,APP-000008,KYC-IDV-001,POL-KYC-001,1.0,2026-01-01,REGULATORY,HARD_FAIL,PASS,VERIFIED,==,VERIFIED,verifications.identity,false,"Identity verified; name, date of birth, address and a tokenised identification number were collected and matched."
APP-000008-EVAL-003,APP-000008,FRD-IND-001,POL-FRD-001,1.0,2026-01-01,SYNTHETIC_INTERNAL_POLICY,REFER,PASS,0,==,0,documents|verifications,false,No cross-source inconsistency without an innocent arithmetic explanation was identified.
APP-000008-EVAL-004,APP-000008,GEN-ELG-003,POL-GEN-001,1.0,2026-01-01,AGENCY_INVESTOR,HARD_FAIL,PASS,352000.00,<=,832750,loans.base_loan_amount,false,Base loan amount is within the applicable one-unit conforming limit.
APP-000008-EVAL-005,APP-000008,PRP-ELG-001,POL-PRP-001,1.0,2026-01-01,SYNTHETIC_INTERNAL_POLICY,HARD_FAIL,PASS,single_family_detached/1,in,"1-4 units, eligible type",properties.property_type|properties.units,false,Property type 'single_family_detached' with 1 unit(s) is eligible.
APP-000008-EVAL-006,APP-000008,CONV-PUR-002,POL-CONV-001,1.0,2026-01-01,SYNTHETIC_INTERNAL_POLICY,HARD_FAIL,PASS,0.8000,<=,0.97,loans.loan_amount|properties.value_used_for_ltv|underwriting_calculations.ltv,false,Loan-to-value 80.00% against the primary_residence limit of 97.00% for this programme.
APP-000008-EVAL-007,APP-000008,CRD-SCR-003,POL-CRD-001,2.0,2026-07-01,SYNTHETIC_INTERNAL_POLICY,HARD_FAIL,PASS,742,>=,620,credit_profiles.representative_score,false,Representative score 742 against the applicable floor of 620.
APP-000008-EVAL-008,APP-000008,CRD-SCR-004,POL-CRD-001,2.0,2026-07-01,SYNTHETIC_INTERNAL_POLICY,CONDITIONAL,PASS,21,<=,90,credit_profiles.report_date,false,Credit report is 21 days old against the 90-day window in force on the as-of date.
APP-000008-EVAL-009,APP-000008,CRD-SCR-007,POL-CRD-001,2.0,2026-07-01,SYNTHETIC_INTERNAL_POLICY,CONDITIONAL,PASS,1,<,4,credit_profiles.recent_inquiries_90d,false,"1 inquiries in the 90-day lookback, below the explanation trigger."
APP-000008-EVAL-010,APP-000008,CRD-DLQ-001,POL-CRD-003,1.0,2026-01-01,SYNTHETIC_INTERNAL_POLICY,REFER,PASS,0,==,0,credit_accounts.housing_late_history,false,No housing payment 30 or more days past due in the last 12 months.
APP-000008-EVAL-011,APP-000008,CRD-DLQ-003,POL-CRD-003,1.0,2026-01-01,SYNTHETIC_INTERNAL_POLICY,ADVISORY,PASS,0.2800,<=,0.8,underwriting_calculations.credit_utilization,false,Revolving utilisation 28.00% is within the risk-note threshold.
APP-000008-EVAL-012,APP-000008,EMP-CNT-001,POL-EMP-002,1.0,2026-01-01,SYNTHETIC_INTERNAL_POLICY,CONDITIONAL,REFER,16,>=,24,employment.start_date,true,"Combined employment history of 16 months is below the 24-month requirement; the file is reviewed rather than failed, because a shorter history with strong continuity can still support the income."
APP-000008-EVAL-013,APP-000008,DTI-CONV-001,POL-DTI-001,2.0,2026-07-01,SYNTHETIC_INTERNAL_POLICY,HARD_FAIL,PASS,0.3300,<=,0.43,underwriting_calculations.total_monthly_debt|underwriting_calculations.qualifying_monthly_income|underwriting_calculations.back_end_dti,false,Back-end debt-to-income 33.00% against the applicable limit of 43.00%.
APP-000008-EVAL-014,APP-000008,DTI-CONV-002,POL-DTI-001,2.0,2026-07-01,SYNTHETIC_INTERNAL_POLICY,ADVISORY,PASS,0.2899,<=,0.38,underwriting_calculations.front_end_dti,false,Housing ratio 28.99% recorded; this measure is advisory on this programme.
APP-000008-EVAL-015,APP-000008,DTI-CALC-003,POL-DTI-001,2.0,2026-07-01,SYNTHETIC_INTERNAL_POLICY,ADVISORY,PASS,6298.00,,,underwriting_calculations.residual_income_monthly,false,"Monthly disposable income 6,298.00 recorded alongside the ratio."
APP-000008-EVAL-016,APP-000008,AST-FTC-003,POL-AST-002,1.0,2026-01-01,SYNTHETIC_INTERNAL_POLICY,HARD_FAIL,PASS,100723.05,>=,83280.62,underwriting_calculations.funds_to_close_required|underwriting_calculations.funds_to_close_available,false,"Eligible funds available 100,723.05 against 83,280.62 required at settlement."
APP-000008-EVAL-017,APP-000008,AST-RSV-002,POL-AST-003,2.0,2026-07-01,SYNTHETIC_INTERNAL_POLICY,CONDITIONAL,PASS,8.00,>=,0,underwriting_calculations.post_close_reserves|underwriting_calculations.months_reserves,false,"Post-closing reserves of 8.00 months against the 0-month requirement for this occupancy, leverage and affordability profile."
APP-000008-EVAL-018,APP-000008,VAL-APR-001,POL-VAL-001,2.0,2026-07-01,SYNTHETIC_INTERNAL_POLICY,CONDITIONAL,PASS,full_appraisal,==,full_appraisal,appraisals.valuation_method,false,Valuation method 'full_appraisal' satisfies the requirement for this transaction.
APP-000008-EVAL-019,APP-000008,VAL-APR-003,POL-VAL-001,2.0,2026-07-01,SYNTHETIC_INTERNAL_POLICY,CONDITIONAL,PASS,24,<=,120,appraisals.appraisal_date,false,"Valuation is 24 days old, within the 120-day window."
APP-000008-EVAL-020,APP-000008,DOC-REQ-003,POL-DOC-001,1.0,2026-01-01,SYNTHETIC_INTERNAL_POLICY,CONDITIONAL,PASS,1.0000,==,1.0000,documents,false,Document completeness 100.00% (0 of 0 required documents received and current).
APP-000008-EVAL-021,APP-000008,GEN-ELG-005,POL-GEN-001,1.0,2026-01-01,SYNTHETIC_INTERNAL_POLICY,CONDITIONAL,PASS,0,==,0,rule_evaluations|documents,false,"Every rule in scope had the inputs it needed, so none evaluated to INDETERMINATE."
APP-000008-EVAL-022,APP-000008,UWR-HRV-001,POL-UWR-001,1.0,2026-01-01,SYNTHETIC_INTERNAL_POLICY,REFER,REFER,1,==,0,rule_evaluations,true,1 mandatory human-review trigger(s) present.
APP-000008-EVAL-023,APP-000008,DEC-REC-001,POL-DEC-001,1.0,2026-01-01,SYNTHETIC_INTERNAL_POLICY,HARD_FAIL,PASS,,,,decisions|decision_reasons,false,"The recommendation is drawn from the controlled vocabulary and carries the rule ids, policy versions and calculation records supporting it."
APP-000008-EVAL-024,APP-000008,DEC-AUD-001,POL-DEC-001,1.0,2026-01-01,SYNTHETIC_INTERNAL_POLICY,HARD_FAIL,PASS,,,,audit_events,false,"The decision record carries the full chain: policy version, rule, calculation, evidence and reason."
APP-000009-EVAL-001,APP-000009,SEC-INJ-001,POL-SEC-001,1.0,2026-01-01,SYNTHETIC_INTERNAL_POLICY,HARD_FAIL,PASS,,,,documents.contains_untrusted_text,false,No applicant-supplied text required quarantine beyond the standard trust-class handling.
APP-000009-EVAL-002,APP-000009,KYC-IDV-001,POL-KYC-001,1.0,2026-01-01,REGULATORY,HARD_FAIL,PASS,VERIFIED,==,VERIFIED,verifications.identity,false,"Identity verified; name, date of birth, address and a tokenised identification number were collected and matched."
APP-000009-EVAL-003,APP-000009,FRD-IND-001,POL-FRD-001,1.0,2026-01-01,SYNTHETIC_INTERNAL_POLICY,REFER,PASS,0,==,0,documents|verifications,false,No cross-source inconsistency without an innocent arithmetic explanation was identified.
APP-000009-EVAL-004,APP-000009,GEN-ELG-003,POL-GEN-001,1.0,2026-01-01,AGENCY_INVESTOR,HARD_FAIL,PASS,320000.00,<=,832750,loans.base_loan_amount,false,Base loan amount is within the applicable one-unit conforming limit.
APP-000009-EVAL-005,APP-000009,PRP-ELG-001,POL-PRP-001,1.0,2026-01-01,SYNTHETIC_INTERNAL_POLICY,HARD_FAIL,PASS,single_family_detached/1,in,"1-4 units, eligible type",properties.property_type|properties.units,false,Property type 'single_family_detached' with 1 unit(s) is eligible.
APP-000009-EVAL-006,APP-000009,CONV-PUR-002,POL-CONV-001,1.0,2026-01-01,SYNTHETIC_INTERNAL_POLICY,HARD_FAIL,PASS,0.8000,<=,0.97,loans.loan_amount|properties.value_used_for_ltv|underwriting_calculations.ltv,false,Loan-to-value 80.00% against the primary_residence limit of 97.00% for this programme.
APP-000009-EVAL-007,APP-000009,CRD-SCR-003,POL-CRD-001,2.0,2026-07-01,SYNTHETIC_INTERNAL_POLICY,HARD_FAIL,PASS,742,>=,620,credit_profiles.representative_score,false,Representative score 742 against the applicable floor of 620.
APP-000009-EVAL-008,APP-000009,CRD-SCR-004,POL-CRD-001,2.0,2026-07-01,SYNTHETIC_INTERNAL_POLICY,CONDITIONAL,PASS,21,<=,90,credit_profiles.report_date,false,Credit report is 21 days old against the 90-day window in force on the as-of date.
APP-000009-EVAL-009,APP-000009,CRD-SCR-007,POL-CRD-001,2.0,2026-07-01,SYNTHETIC_INTERNAL_POLICY,CONDITIONAL,PASS,1,<,4,credit_profiles.recent_inquiries_90d,false,"1 inquiries in the 90-day lookback, below the explanation trigger."
APP-000009-EVAL-010,APP-000009,CRD-DLQ-001,POL-CRD-003,1.0,2026-01-01,SYNTHETIC_INTERNAL_POLICY,REFER,PASS,0,==,0,credit_accounts.housing_late_history,false,No housing payment 30 or more days past due in the last 12 months.
APP-000009-EVAL-011,APP-000009,CRD-DLQ-003,POL-CRD-003,1.0,2026-01-01,SYNTHETIC_INTERNAL_POLICY,ADVISORY,PASS,0.2800,<=,0.8,underwriting_calculations.credit_utilization,false,Revolving utilisation 28.00% is within the risk-note threshold.
APP-000009-EVAL-012,APP-000009,EMP-CNT-001,POL-EMP-002,1.0,2026-01-01,SYNTHETIC_INTERNAL_POLICY,CONDITIONAL,PASS,71,>=,24,employment.start_date,false,Employment history of 71 months meets the 24-month requirement.
APP-000009-EVAL-013,APP-000009,EMP-CNT-002,POL-EMP-002,1.0,2026-01-01,SYNTHETIC_INTERNAL_POLICY,CONDITIONAL,REFER,field/structure change,==,"same field, same structure",employment.start_date|employment.occupation,true,"Recent change of employer involved a change of field or compensation structure, so the prior history no longer predicts the new earnings; underwriter review required."
APP-000009-EVAL-014,APP-000009,DTI-CONV-001,POL-DTI-001,2.0,2026-07-01,SYNTHETIC_INTERNAL_POLICY,HARD_FAIL,PASS,0.3700,<=,0.43,underwriting_calculations.total_monthly_debt|underwriting_calculations.qualifying_monthly_income|underwriting_calculations.back_end_dti,false,Back-end debt-to-income 37.00% against the applicable limit of 43.00%.
APP-000009-EVAL-015,APP-000009,DTI-CONV-002,POL-DTI-001,2.0,2026-07-01,SYNTHETIC_INTERNAL_POLICY,ADVISORY,PASS,0.2901,<=,0.38,underwriting_calculations.front_end_dti,false,Housing ratio 29.01% recorded; this measure is advisory on this programme.
APP-000009-EVAL-016,APP-000009,DTI-CALC-003,POL-DTI-001,2.0,2026-07-01,SYNTHETIC_INTERNAL_POLICY,ADVISORY,PASS,5727.75,,,underwriting_calculations.residual_income_monthly,false,"Monthly disposable income 5,727.75 recorded alongside the ratio."
APP-000009-EVAL-017,APP-000009,AST-FTC-003,POL-AST-002,1.0,2026-01-01,SYNTHETIC_INTERNAL_POLICY,HARD_FAIL,PASS,101238.70,>=,84357.87,underwriting_calculations.funds_to_close_required|underwriting_calculations.funds_to_close_available,false,"Eligible funds available 101,238.70 against 84,357.87 required at settlement."
APP-000009-EVAL-018,APP-000009,AST-RSV-002,POL-AST-003,2.0,2026-07-01,SYNTHETIC_INTERNAL_POLICY,CONDITIONAL,PASS,8.00,>=,0,underwriting_calculations.post_close_reserves|underwriting_calculations.months_reserves,false,"Post-closing reserves of 8.00 months against the 0-month requirement for this occupancy, leverage and affordability profile."
APP-000009-EVAL-019,APP-000009,VAL-APR-001,POL-VAL-001,2.0,2026-07-01,SYNTHETIC_INTERNAL_POLICY,CONDITIONAL,PASS,full_appraisal,==,full_appraisal,appraisals.valuation_method,false,Valuation method 'full_appraisal' satisfies the requirement for this transaction.
APP-000009-EVAL-020,APP-000009,VAL-APR-003,POL-VAL-001,2.0,2026-07-01,SYNTHETIC_INTERNAL_POLICY,CONDITIONAL,PASS,24,<=,120,appraisals.appraisal_date,false,"Valuation is 24 days old, within the 120-day window."
APP-000009-EVAL-021,APP-000009,DOC-REQ-003,POL-DOC-001,1.0,2026-01-01,SYNTHETIC_INTERNAL_POLICY,CONDITIONAL,PASS,1.0000,==,1.0000,documents,false,Document completeness 100.00% (0 of 0 required documents received and current).
APP-000009-EVAL-022,APP-000009,GEN-ELG-005,POL-GEN-001,1.0,2026-01-01,SYNTHETIC_INTERNAL_POLICY,CONDITIONAL,PASS,0,==,0,rule_evaluations|documents,false,"Every rule in scope had the inputs it needed, so none evaluated to INDETERMINATE."
APP-000009-EVAL-023,APP-000009,UWR-HRV-001,POL-UWR-001,1.0,2026-01-01,SYNTHETIC_INTERNAL_POLICY,REFER,REFER,1,==,0,rule_evaluations,true,1 mandatory human-review trigger(s) present.
APP-000009-EVAL-024,APP-000009,DEC-REC-001,POL-DEC-001,1.0,2026-01-01,SYNTHETIC_INTERNAL_POLICY,HARD_FAIL,PASS,,,,decisions|decision_reasons,false,"The recommendation is drawn from the controlled vocabulary and carries the rule ids, policy versions and calculation records supporting it."
APP-000009-EVAL-025,APP-000009,DEC-AUD-001,POL-DEC-001,1.0,2026-01-01,SYNTHETIC_INTERNAL_POLICY,HARD_FAIL,PASS,,,,audit_events,false,"The decision record carries the full chain: policy version, rule, calculation, evidence and reason."
APP-000010-EVAL-001,APP-000010,SEC-INJ-001,POL-SEC-001,1.0,2026-01-01,SYNTHETIC_INTERNAL_POLICY,HARD_FAIL,PASS,,,,documents.contains_untrusted_text,false,No applicant-supplied text required quarantine beyond the standard trust-class handling.
APP-000010-EVAL-002,APP-000010,KYC-IDV-001,POL-KYC-001,1.0,2026-01-01,REGULATORY,HARD_FAIL,PASS,VERIFIED,==,VERIFIED,verifications.identity,false,"Identity verified; name, date of birth, address and a tokenised identification number were collected and matched."
APP-000010-EVAL-003,APP-000010,FRD-IND-001,POL-FRD-001,1.0,2026-01-01,SYNTHETIC_INTERNAL_POLICY,REFER,PASS,0,==,0,documents|verifications,false,No cross-source inconsistency without an innocent arithmetic explanation was identified.
APP-000010-EVAL-004,APP-000010,GEN-ELG-003,POL-GEN-001,1.0,2026-01-01,AGENCY_INVESTOR,HARD_FAIL,PASS,312000.00,<=,832750,loans.base_loan_amount,false,Base loan amount is within the applicable one-unit conforming limit.
APP-000010-EVAL-005,APP-000010,PRP-ELG-001,POL-PRP-001,1.0,2026-01-01,SYNTHETIC_INTERNAL_POLICY,HARD_FAIL,PASS,single_family_detached/1,in,"1-4 units, eligible type",properties.property_type|properties.units,false,Property type 'single_family_detached' with 1 unit(s) is eligible.
APP-000010-EVAL-006,APP-000010,CONV-PUR-002,POL-CONV-001,1.0,2026-01-01,SYNTHETIC_INTERNAL_POLICY,HARD_FAIL,PASS,0.8000,<=,0.97,loans.loan_amount|properties.value_used_for_ltv|underwriting_calculations.ltv,false,Loan-to-value 80.00% against the primary_residence limit of 97.00% for this programme.
APP-000010-EVAL-007,APP-000010,CRD-SCR-003,POL-CRD-001,2.0,2026-07-01,SYNTHETIC_INTERNAL_POLICY,HARD_FAIL,PASS,712,>=,620,credit_profiles.representative_score,false,Representative score 712 against the applicable floor of 620.
APP-000010-EVAL-008,APP-000010,CRD-SCR-004,POL-CRD-001,2.0,2026-07-01,SYNTHETIC_INTERNAL_POLICY,CONDITIONAL,PASS,21,<=,90,credit_profiles.report_date,false,Credit report is 21 days old against the 90-day window in force on the as-of date.
APP-000010-EVAL-009,APP-000010,CRD-SCR-007,POL-CRD-001,2.0,2026-07-01,SYNTHETIC_INTERNAL_POLICY,CONDITIONAL,PASS,1,<,4,credit_profiles.recent_inquiries_90d,false,"1 inquiries in the 90-day lookback, below the explanation trigger."
APP-000010-EVAL-010,APP-000010,CRD-DLQ-001,POL-CRD-003,1.0,2026-01-01,SYNTHETIC_INTERNAL_POLICY,REFER,PASS,0,==,0,credit_accounts.housing_late_history,false,No housing payment 30 or more days past due in the last 12 months.
APP-000010-EVAL-011,APP-000010,CRD-DLQ-003,POL-CRD-003,1.0,2026-01-01,SYNTHETIC_INTERNAL_POLICY,ADVISORY,PASS,0.2800,<=,0.8,underwriting_calculations.credit_utilization,false,Revolving utilisation 28.00% is within the risk-note threshold.
APP-000010-EVAL-012,APP-000010,INC-VAR-001,POL-INC-004,2.0,2026-07-01,SYNTHETIC_INTERNAL_POLICY,HARD_FAIL,PASS,26,>=,24,income_history,false,Variable earnings history of 26 months meets the 24-month requirement.
APP-000010-EVAL-013,APP-000010,EMP-CNT-001,POL-EMP-002,1.0,2026-01-01,SYNTHETIC_INTERNAL_POLICY,CONDITIONAL,PASS,60,>=,24,employment.start_date,false,Employment history of 60 months meets the 24-month requirement.
APP-000010-EVAL-014,APP-000010,DTI-CONV-001,POL-DTI-001,2.0,2026-07-01,SYNTHETIC_INTERNAL_POLICY,HARD_FAIL,PASS,0.3800,<=,0.43,underwriting_calculations.total_monthly_debt|underwriting_calculations.qualifying_monthly_income|underwriting_calculations.back_end_dti,false,Back-end debt-to-income 38.00% against the applicable limit of 43.00%.
APP-000010-EVAL-015,APP-000010,DTI-CONV-002,POL-DTI-001,2.0,2026-07-01,SYNTHETIC_INTERNAL_POLICY,ADVISORY,PASS,0.2901,<=,0.38,underwriting_calculations.front_end_dti,false,Housing ratio 29.01% recorded; this measure is advisory on this programme.
APP-000010-EVAL-016,APP-000010,DTI-CALC-003,POL-DTI-001,2.0,2026-07-01,SYNTHETIC_INTERNAL_POLICY,ADVISORY,PASS,5502.50,,,underwriting_calculations.residual_income_monthly,false,"Monthly disposable income 5,502.50 recorded alongside the ratio."
APP-000010-EVAL-017,APP-000010,AST-FTC-003,POL-AST-002,1.0,2026-01-01,SYNTHETIC_INTERNAL_POLICY,HARD_FAIL,PASS,84804.63,>=,74504.91,underwriting_calculations.funds_to_close_required|underwriting_calculations.funds_to_close_available,false,"Eligible funds available 84,804.63 against 74,504.91 required at settlement."
APP-000010-EVAL-018,APP-000010,AST-RSV-002,POL-AST-003,2.0,2026-07-01,SYNTHETIC_INTERNAL_POLICY,CONDITIONAL,PASS,5.00,>=,0,underwriting_calculations.post_close_reserves|underwriting_calculations.months_reserves,false,"Post-closing reserves of 5.00 months against the 0-month requirement for this occupancy, leverage and affordability profile."
APP-000010-EVAL-019,APP-000010,VAL-APR-001,POL-VAL-001,2.0,2026-07-01,SYNTHETIC_INTERNAL_POLICY,CONDITIONAL,PASS,full_appraisal,==,full_appraisal,appraisals.valuation_method,false,Valuation method 'full_appraisal' satisfies the requirement for this transaction.
APP-000010-EVAL-020,APP-000010,VAL-APR-003,POL-VAL-001,2.0,2026-07-01,SYNTHETIC_INTERNAL_POLICY,CONDITIONAL,PASS,24,<=,120,appraisals.appraisal_date,false,"Valuation is 24 days old, within the 120-day window."
APP-000010-EVAL-021,APP-000010,DOC-REQ-003,POL-DOC-001,1.0,2026-01-01,SYNTHETIC_INTERNAL_POLICY,CONDITIONAL,PASS,1.0000,==,1.0000,documents,false,Document completeness 100.00% (0 of 0 required documents received and current).
APP-000010-EVAL-022,APP-000010,GEN-ELG-005,POL-GEN-001,1.0,2026-01-01,SYNTHETIC_INTERNAL_POLICY,CONDITIONAL,PASS,0,==,0,rule_evaluations|documents,false,"Every rule in scope had the inputs it needed, so none evaluated to INDETERMINATE."
APP-000010-EVAL-023,APP-000010,DEC-REC-001,POL-DEC-001,1.0,2026-01-01,SYNTHETIC_INTERNAL_POLICY,HARD_FAIL,PASS,,,,decisions|decision_reasons,false,"The recommendation is drawn from the controlled vocabulary and carries the rule ids, policy versions and calculation records supporting it."
APP-000010-EVAL-024,APP-000010,DEC-AUD-001,POL-DEC-001,1.0,2026-01-01,SYNTHETIC_INTERNAL_POLICY,HARD_FAIL,PASS,,,,audit_events,false,"The decision record carries the full chain: policy version, rule, calculation, evidence and reason."
APP-000011-EVAL-001,APP-000011,SEC-INJ-001,POL-SEC-001,1.0,2026-01-01,SYNTHETIC_INTERNAL_POLICY,HARD_FAIL,PASS,,,,documents.contains_untrusted_text,false,No applicant-supplied text required quarantine beyond the standard trust-class handling.
APP-000011-EVAL-002,APP-000011,KYC-IDV-001,POL-KYC-001,1.0,2026-01-01,REGULATORY,HARD_FAIL,PASS,VERIFIED,==,VERIFIED,verifications.identity,false,"Identity verified; name, date of birth, address and a tokenised identification number were collected and matched."
APP-000011-EVAL-003,APP-000011,FRD-IND-001,POL-FRD-001,1.0,2026-01-01,SYNTHETIC_INTERNAL_POLICY,REFER,PASS,0,==,0,documents|verifications,false,No cross-source inconsistency without an innocent arithmetic explanation was identified.
APP-000011-EVAL-004,APP-000011,GEN-ELG-003,POL-GEN-001,1.0,2026-01-01,AGENCY_INVESTOR,HARD_FAIL,PASS,336000.00,<=,832750,loans.base_loan_amount,false,Base loan amount is within the applicable one-unit conforming limit.
APP-000011-EVAL-005,APP-000011,PRP-ELG-001,POL-PRP-001,1.0,2026-01-01,SYNTHETIC_INTERNAL_POLICY,HARD_FAIL,PASS,single_family_detached/1,in,"1-4 units, eligible type",properties.property_type|properties.units,false,Property type 'single_family_detached' with 1 unit(s) is eligible.
APP-000011-EVAL-006,APP-000011,CONV-PUR-002,POL-CONV-001,1.0,2026-01-01,SYNTHETIC_INTERNAL_POLICY,HARD_FAIL,PASS,0.8000,<=,0.97,loans.loan_amount|properties.value_used_for_ltv|underwriting_calculations.ltv,false,Loan-to-value 80.00% against the primary_residence limit of 97.00% for this programme.
APP-000011-EVAL-007,APP-000011,CRD-SCR-003,POL-CRD-001,2.0,2026-07-01,SYNTHETIC_INTERNAL_POLICY,HARD_FAIL,PASS,742,>=,620,credit_profiles.representative_score,false,Representative score 742 against the applicable floor of 620.
APP-000011-EVAL-008,APP-000011,CRD-SCR-004,POL-CRD-001,2.0,2026-07-01,SYNTHETIC_INTERNAL_POLICY,CONDITIONAL,PASS,21,<=,90,credit_profiles.report_date,false,Credit report is 21 days old against the 90-day window in force on the as-of date.
APP-000011-EVAL-009,APP-000011,CRD-SCR-007,POL-CRD-001,2.0,2026-07-01,SYNTHETIC_INTERNAL_POLICY,CONDITIONAL,PASS,1,<,4,credit_profiles.recent_inquiries_90d,false,"1 inquiries in the 90-day lookback, below the explanation trigger."
APP-000011-EVAL-010,APP-000011,CRD-DLQ-001,POL-CRD-003,1.0,2026-01-01,SYNTHETIC_INTERNAL_POLICY,REFER,PASS,0,==,0,credit_accounts.housing_late_history,false,No housing payment 30 or more days past due in the last 12 months.
APP-000011-EVAL-011,APP-000011,CRD-DLQ-003,POL-CRD-003,1.0,2026-01-01,SYNTHETIC_INTERNAL_POLICY,ADVISORY,PASS,0.2800,<=,0.8,underwriting_calculations.credit_utilization,false,Revolving utilisation 28.00% is within the risk-note threshold.
APP-000011-EVAL-012,APP-000011,INC-SEB-006,POL-INC-005,1.0,2026-01-01,SYNTHETIC_INTERNAL_POLICY,REFER,REFER,self-employed,==,human review mandatory,employment.self_employed_flag,true,Self-employment income requires human underwriting review before a recommendation is issued; cash-flow and add-back judgement is outside what an automated component may settle.
APP-000011-EVAL-013,APP-000011,EMP-CNT-001,POL-EMP-002,1.0,2026-01-01,SYNTHETIC_INTERNAL_POLICY,CONDITIONAL,PASS,60,>=,24,employment.start_date,false,Employment history of 60 months meets the 24-month requirement.
APP-000011-EVAL-014,APP-000011,DTI-CONV-001,POL-DTI-001,2.0,2026-07-01,SYNTHETIC_INTERNAL_POLICY,HARD_FAIL,PASS,0.3600,<=,0.43,underwriting_calculations.total_monthly_debt|underwriting_calculations.qualifying_monthly_income|underwriting_calculations.back_end_dti,false,Back-end debt-to-income 36.00% against the applicable limit of 43.00%.
APP-000011-EVAL-015,APP-000011,DTI-CONV-002,POL-DTI-001,2.0,2026-07-01,SYNTHETIC_INTERNAL_POLICY,ADVISORY,PASS,0.2900,<=,0.38,underwriting_calculations.front_end_dti,false,Housing ratio 29.00% recorded; this measure is advisory on this programme.
APP-000011-EVAL-016,APP-000011,DTI-CALC-003,POL-DTI-001,2.0,2026-07-01,SYNTHETIC_INTERNAL_POLICY,ADVISORY,PASS,5456.00,,,underwriting_calculations.residual_income_monthly,false,"Monthly disposable income 5,456.00 recorded alongside the ratio."
APP-000011-EVAL-017,APP-000011,AST-FTC-003,POL-AST-002,1.0,2026-01-01,SYNTHETIC_INTERNAL_POLICY,HARD_FAIL,PASS,105389.15,>=,87590.75,underwriting_calculations.funds_to_close_required|underwriting_calculations.funds_to_close_available,false,"Eligible funds available 105,389.15 against 87,590.75 required at settlement."
APP-000011-EVAL-018,APP-000011,AST-RSV-002,POL-AST-003,2.0,2026-07-01,SYNTHETIC_INTERNAL_POLICY,CONDITIONAL,PASS,9.00,>=,0,underwriting_calculations.post_close_reserves|underwriting_calculations.months_reserves,false,"Post-closing reserves of 9.00 months against the 0-month requirement for this occupancy, leverage and affordability profile."
APP-000011-EVAL-019,APP-000011,VAL-APR-001,POL-VAL-001,2.0,2026-07-01,SYNTHETIC_INTERNAL_POLICY,CONDITIONAL,PASS,full_appraisal,==,full_appraisal,appraisals.valuation_method,false,Valuation method 'full_appraisal' satisfies the requirement for this transaction.
APP-000011-EVAL-020,APP-000011,VAL-APR-003,POL-VAL-001,2.0,2026-07-01,SYNTHETIC_INTERNAL_POLICY,CONDITIONAL,PASS,24,<=,120,appraisals.appraisal_date,false,"Valuation is 24 days old, within the 120-day window."
APP-000011-EVAL-021,APP-000011,DOC-REQ-003,POL-DOC-001,1.0,2026-01-01,SYNTHETIC_INTERNAL_POLICY,CONDITIONAL,PASS,1.0000,==,1.0000,documents,false,Document completeness 100.00% (0 of 0 required documents received and current).
APP-000011-EVAL-022,APP-000011,GEN-ELG-005,POL-GEN-001,1.0,2026-01-01,SYNTHETIC_INTERNAL_POLICY,CONDITIONAL,PASS,0,==,0,rule_evaluations|documents,false,"Every rule in scope had the inputs it needed, so none evaluated to INDETERMINATE."
APP-000011-EVAL-023,APP-000011,UWR-HRV-001,POL-UWR-001,1.0,2026-01-01,SYNTHETIC_INTERNAL_POLICY,REFER,REFER,1,==,0,rule_evaluations,true,1 mandatory human-review trigger(s) present.
APP-000011-EVAL-024,APP-000011,DEC-REC-001,POL-DEC-001,1.0,2026-01-01,SYNTHETIC_INTERNAL_POLICY,HARD_FAIL,PASS,,,,decisions|decision_reasons,false,"The recommendation is drawn from the controlled vocabulary and carries the rule ids, policy versions and calculation records supporting it."
APP-000011-EVAL-025,APP-000011,DEC-AUD-001,POL-DEC-001,1.0,2026-01-01,SYNTHETIC_INTERNAL_POLICY,HARD_FAIL,PASS,,,,audit_events,false,"The decision record carries the full chain: policy version, rule, calculation, evidence and reason."
APP-000012-EVAL-001,APP-000012,SEC-INJ-001,POL-SEC-001,1.0,2026-01-01,SYNTHETIC_INTERNAL_POLICY,HARD_FAIL,PASS,,,,documents.contains_untrusted_text,false,No applicant-supplied text required quarantine beyond the standard trust-class handling.
APP-000012-EVAL-002,APP-000012,KYC-IDV-001,POL-KYC-001,1.0,2026-01-01,REGULATORY,HARD_FAIL,PASS,VERIFIED,==,VERIFIED,verifications.identity,false,"Identity verified; name, date of birth, address and a tokenised identification number were collected and matched."
APP-000012-EVAL-003,APP-000012,FRD-IND-001,POL-FRD-001,1.0,2026-01-01,SYNTHETIC_INTERNAL_POLICY,REFER,PASS,0,==,0,documents|verifications,false,No cross-source inconsistency without an innocent arithmetic explanation was identified.
APP-000012-EVAL-004,APP-000012,GEN-ELG-003,POL-GEN-001,1.0,2026-01-01,AGENCY_INVESTOR,HARD_FAIL,PASS,384000.00,<=,832750,loans.base_loan_amount,false,Base loan amount is within the applicable one-unit conforming limit.
APP-000012-EVAL-005,APP-000012,PRP-ELG-001,POL-PRP-001,1.0,2026-01-01,SYNTHETIC_INTERNAL_POLICY,HARD_FAIL,PASS,single_family_detached/1,in,"1-4 units, eligible type",properties.property_type|properties.units,false,Property type 'single_family_detached' with 1 unit(s) is eligible.
APP-000012-EVAL-006,APP-000012,CONV-PUR-002,POL-CONV-001,1.0,2026-01-01,SYNTHETIC_INTERNAL_POLICY,HARD_FAIL,PASS,0.8000,<=,0.97,loans.loan_amount|properties.value_used_for_ltv|underwriting_calculations.ltv,false,Loan-to-value 80.00% against the primary_residence limit of 97.00% for this programme.
APP-000012-EVAL-007,APP-000012,CRD-SCR-003,POL-CRD-001,2.0,2026-07-01,SYNTHETIC_INTERNAL_POLICY,HARD_FAIL,PASS,742,>=,620,credit_profiles.representative_score,false,Representative score 742 against the applicable floor of 620.
APP-000012-EVAL-008,APP-000012,CRD-SCR-004,POL-CRD-001,2.0,2026-07-01,SYNTHETIC_INTERNAL_POLICY,CONDITIONAL,PASS,21,<=,90,credit_profiles.report_date,false,Credit report is 21 days old against the 90-day window in force on the as-of date.
APP-000012-EVAL-009,APP-000012,CRD-SCR-007,POL-CRD-001,2.0,2026-07-01,SYNTHETIC_INTERNAL_POLICY,CONDITIONAL,PASS,1,<,4,credit_profiles.recent_inquiries_90d,false,"1 inquiries in the 90-day lookback, below the explanation trigger."
APP-000012-EVAL-010,APP-000012,CRD-DLQ-001,POL-CRD-003,1.0,2026-01-01,SYNTHETIC_INTERNAL_POLICY,REFER,PASS,0,==,0,credit_accounts.housing_late_history,false,No housing payment 30 or more days past due in the last 12 months.
APP-000012-EVAL-011,APP-000012,CRD-DLQ-003,POL-CRD-003,1.0,2026-01-01,SYNTHETIC_INTERNAL_POLICY,ADVISORY,PASS,0.2800,<=,0.8,underwriting_calculations.credit_utilization,false,Revolving utilisation 28.00% is within the risk-note threshold.
APP-000012-EVAL-012,APP-000012,INC-VAR-001,POL-INC-004,2.0,2026-07-01,SYNTHETIC_INTERNAL_POLICY,HARD_FAIL,REFER,14,>=,12,income_history,true,Variable earnings history of 14 months is below the 24-month standard but meets the 12-month allowance with 3 documented positive factors; a haircut applies and the file is reviewed.
APP-000012-EVAL-013,APP-000012,EMP-CNT-001,POL-EMP-002,1.0,2026-01-01,SYNTHETIC_INTERNAL_POLICY,CONDITIONAL,PASS,60,>=,24,employment.start_date,false,Employment history of 60 months meets the 24-month requirement.
APP-000012-EVAL-014,APP-000012,DTI-CONV-001,POL-DTI-001,2.0,2026-07-01,SYNTHETIC_INTERNAL_POLICY,HARD_FAIL,PASS,0.3700,<=,0.43,underwriting_calculations.total_monthly_debt|underwriting_calculations.qualifying_monthly_income|underwriting_calculations.back_end_dti,false,Back-end debt-to-income 37.00% against the applicable limit of 43.00%.
APP-000012-EVAL-015,APP-000012,DTI-CONV-002,POL-DTI-001,2.0,2026-07-01,SYNTHETIC_INTERNAL_POLICY,ADVISORY,PASS,0.2899,<=,0.38,underwriting_calculations.front_end_dti,false,Housing ratio 28.99% recorded; this measure is advisory on this programme.
APP-000012-EVAL-016,APP-000012,DTI-CALC-003,POL-DTI-001,2.0,2026-07-01,SYNTHETIC_INTERNAL_POLICY,ADVISORY,PASS,6504.75,,,underwriting_calculations.residual_income_monthly,false,"Monthly disposable income 6,504.75 recorded alongside the ratio."
APP-000012-EVAL-017,APP-000012,AST-FTC-003,POL-AST-002,1.0,2026-01-01,SYNTHETIC_INTERNAL_POLICY,HARD_FAIL,PASS,119499.58,>=,100343.42,underwriting_calculations.funds_to_close_required|underwriting_calculations.funds_to_close_available,false,"Eligible funds available 119,499.58 against 100,343.42 required at settlement."
APP-000012-EVAL-018,APP-000012,AST-RSV-002,POL-AST-003,2.0,2026-07-01,SYNTHETIC_INTERNAL_POLICY,CONDITIONAL,PASS,8.00,>=,0,underwriting_calculations.post_close_reserves|underwriting_calculations.months_reserves,false,"Post-closing reserves of 8.00 months against the 0-month requirement for this occupancy, leverage and affordability profile."
APP-000012-EVAL-019,APP-000012,VAL-APR-001,POL-VAL-001,2.0,2026-07-01,SYNTHETIC_INTERNAL_POLICY,CONDITIONAL,PASS,full_appraisal,==,full_appraisal,appraisals.valuation_method,false,Valuation method 'full_appraisal' satisfies the requirement for this transaction.
APP-000012-EVAL-020,APP-000012,VAL-APR-003,POL-VAL-001,2.0,2026-07-01,SYNTHETIC_INTERNAL_POLICY,CONDITIONAL,PASS,24,<=,120,appraisals.appraisal_date,false,"Valuation is 24 days old, within the 120-day window."
APP-000012-EVAL-021,APP-000012,DOC-REQ-003,POL-DOC-001,1.0,2026-01-01,SYNTHETIC_INTERNAL_POLICY,CONDITIONAL,PASS,1.0000,==,1.0000,documents,false,Document completeness 100.00% (0 of 0 required documents received and current).
APP-000012-EVAL-022,APP-000012,GEN-ELG-005,POL-GEN-001,1.0,2026-01-01,SYNTHETIC_INTERNAL_POLICY,CONDITIONAL,PASS,0,==,0,rule_evaluations|documents,false,"Every rule in scope had the inputs it needed, so none evaluated to INDETERMINATE."
APP-000012-EVAL-023,APP-000012,UWR-HRV-001,POL-UWR-001,1.0,2026-01-01,SYNTHETIC_INTERNAL_POLICY,REFER,REFER,1,==,0,rule_evaluations,true,1 mandatory human-review trigger(s) present.
APP-000012-EVAL-024,APP-000012,DEC-REC-001,POL-DEC-001,1.0,2026-01-01,SYNTHETIC_INTERNAL_POLICY,HARD_FAIL,PASS,,,,decisions|decision_reasons,false,"The recommendation is drawn from the controlled vocabulary and carries the rule ids, policy versions and calculation records supporting it."
APP-000012-EVAL-025,APP-000012,DEC-AUD-001,POL-DEC-001,1.0,2026-01-01,SYNTHETIC_INTERNAL_POLICY,HARD_FAIL,PASS,,,,audit_events,false,"The decision record carries the full chain: policy version, rule, calculation, evidence and reason."
APP-000013-EVAL-001,APP-000013,SEC-INJ-001,POL-SEC-001,1.0,2026-01-01,SYNTHETIC_INTERNAL_POLICY,HARD_FAIL,PASS,,,,documents.contains_untrusted_text,false,No applicant-supplied text required quarantine beyond the standard trust-class handling.
APP-000013-EVAL-002,APP-000013,KYC-IDV-001,POL-KYC-001,1.0,2026-01-01,REGULATORY,HARD_FAIL,PASS,VERIFIED,==,VERIFIED,verifications.identity,false,"Identity verified; name, date of birth, address and a tokenised identification number were collected and matched."
APP-000013-EVAL-003,APP-000013,FRD-IND-001,POL-FRD-001,1.0,2026-01-01,SYNTHETIC_INTERNAL_POLICY,REFER,PASS,0,==,0,documents|verifications,false,No cross-source inconsistency without an innocent arithmetic explanation was identified.
APP-000013-EVAL-004,APP-000013,GEN-ELG-003,POL-GEN-001,1.0,2026-01-01,AGENCY_INVESTOR,HARD_FAIL,PASS,424000.00,<=,832750,loans.base_loan_amount,false,Base loan amount is within the applicable one-unit conforming limit.
APP-000013-EVAL-005,APP-000013,PRP-ELG-001,POL-PRP-001,1.0,2026-01-01,SYNTHETIC_INTERNAL_POLICY,HARD_FAIL,PASS,single_family_detached/1,in,"1-4 units, eligible type",properties.property_type|properties.units,false,Property type 'single_family_detached' with 1 unit(s) is eligible.
APP-000013-EVAL-006,APP-000013,CONV-PUR-002,POL-CONV-001,1.0,2026-01-01,SYNTHETIC_INTERNAL_POLICY,HARD_FAIL,PASS,0.8000,<=,0.97,loans.loan_amount|properties.value_used_for_ltv|underwriting_calculations.ltv,false,Loan-to-value 80.00% against the primary_residence limit of 97.00% for this programme.
APP-000013-EVAL-007,APP-000013,CRD-SCR-003,POL-CRD-001,2.0,2026-07-01,SYNTHETIC_INTERNAL_POLICY,HARD_FAIL,PASS,742,>=,620,credit_profiles.representative_score,false,Representative score 742 against the applicable floor of 620.
APP-000013-EVAL-008,APP-000013,CRD-SCR-004,POL-CRD-001,2.0,2026-07-01,SYNTHETIC_INTERNAL_POLICY,CONDITIONAL,PASS,21,<=,90,credit_profiles.report_date,false,Credit report is 21 days old against the 90-day window in force on the as-of date.
APP-000013-EVAL-009,APP-000013,CRD-SCR-007,POL-CRD-001,2.0,2026-07-01,SYNTHETIC_INTERNAL_POLICY,CONDITIONAL,PASS,1,<,4,credit_profiles.recent_inquiries_90d,false,"1 inquiries in the 90-day lookback, below the explanation trigger."
APP-000013-EVAL-010,APP-000013,CRD-DLQ-001,POL-CRD-003,1.0,2026-01-01,SYNTHETIC_INTERNAL_POLICY,REFER,PASS,0,==,0,credit_accounts.housing_late_history,false,No housing payment 30 or more days past due in the last 12 months.
APP-000013-EVAL-011,APP-000013,CRD-DLQ-003,POL-CRD-003,1.0,2026-01-01,SYNTHETIC_INTERNAL_POLICY,ADVISORY,PASS,0.2800,<=,0.8,underwriting_calculations.credit_utilization,false,Revolving utilisation 28.00% is within the risk-note threshold.
APP-000013-EVAL-012,APP-000013,EMP-CNT-001,POL-EMP-002,1.0,2026-01-01,SYNTHETIC_INTERNAL_POLICY,CONDITIONAL,PASS,60,>=,24,employment.start_date,false,Employment history of 60 months meets the 24-month requirement.
APP-000013-EVAL-013,APP-000013,DTI-CONV-001,POL-DTI-001,2.0,2026-07-01,SYNTHETIC_INTERNAL_POLICY,HARD_FAIL,PASS,0.3600,<=,0.43,underwriting_calculations.total_monthly_debt|underwriting_calculations.qualifying_monthly_income|underwriting_calculations.back_end_dti,false,Back-end debt-to-income 36.00% against the applicable limit of 43.00%.
APP-000013-EVAL-014,APP-000013,DTI-CONV-002,POL-DTI-001,2.0,2026-07-01,SYNTHETIC_INTERNAL_POLICY,ADVISORY,PASS,0.2900,<=,0.38,underwriting_calculations.front_end_dti,false,Housing ratio 29.00% recorded; this measure is advisory on this programme.
APP-000013-EVAL-015,APP-000013,DTI-CALC-003,POL-DTI-001,2.0,2026-07-01,SYNTHETIC_INTERNAL_POLICY,ADVISORY,PASS,7216.00,,,underwriting_calculations.residual_income_monthly,false,"Monthly disposable income 7,216.00 recorded alongside the ratio."
APP-000013-EVAL-016,APP-000013,AST-FTC-003,POL-AST-002,1.0,2026-01-01,SYNTHETIC_INTERNAL_POLICY,HARD_FAIL,PASS,126191.17,>=,110497.14,underwriting_calculations.funds_to_close_required|underwriting_calculations.funds_to_close_available,false,"Eligible funds available 126,191.17 against 110,497.14 required at settlement."
APP-000013-EVAL-017,APP-000013,AST-RSV-002,POL-AST-003,2.0,2026-07-01,SYNTHETIC_INTERNAL_POLICY,CONDITIONAL,PASS,6.00,>=,2,underwriting_calculations.post_close_reserves|underwriting_calculations.months_reserves,false,"Post-closing reserves of 6.00 months against the 2-month requirement for this occupancy, leverage and affordability profile."
APP-000013-EVAL-018,APP-000013,VAL-APR-001,POL-VAL-001,2.0,2026-07-01,SYNTHETIC_INTERNAL_POLICY,CONDITIONAL,PASS,full_appraisal,==,full_appraisal,appraisals.valuation_method,false,Valuation method 'full_appraisal' satisfies the requirement for this transaction.
APP-000013-EVAL-019,APP-000013,VAL-APR-003,POL-VAL-001,2.0,2026-07-01,SYNTHETIC_INTERNAL_POLICY,CONDITIONAL,PASS,24,<=,120,appraisals.appraisal_date,false,"Valuation is 24 days old, within the 120-day window."
APP-000013-EVAL-020,APP-000013,DOC-REQ-003,POL-DOC-001,1.0,2026-01-01,SYNTHETIC_INTERNAL_POLICY,CONDITIONAL,PASS,1.0000,==,1.0000,documents,false,Document completeness 100.00% (0 of 0 required documents received and current).
APP-000013-EVAL-021,APP-000013,GEN-ELG-005,POL-GEN-001,1.0,2026-01-01,SYNTHETIC_INTERNAL_POLICY,CONDITIONAL,PASS,0,==,0,rule_evaluations|documents,false,"Every rule in scope had the inputs it needed, so none evaluated to INDETERMINATE."
APP-000013-EVAL-022,APP-000013,DEC-REC-001,POL-DEC-001,1.0,2026-01-01,SYNTHETIC_INTERNAL_POLICY,HARD_FAIL,PASS,,,,decisions|decision_reasons,false,"The recommendation is drawn from the controlled vocabulary and carries the rule ids, policy versions and calculation records supporting it."
APP-000013-EVAL-023,APP-000013,DEC-AUD-001,POL-DEC-001,1.0,2026-01-01,SYNTHETIC_INTERNAL_POLICY,HARD_FAIL,PASS,,,,audit_events,false,"The decision record carries the full chain: policy version, rule, calculation, evidence and reason."
APP-000014-EVAL-001,APP-000014,SEC-INJ-001,POL-SEC-001,1.0,2026-01-01,SYNTHETIC_INTERNAL_POLICY,HARD_FAIL,PASS,,,,documents.contains_untrusted_text,false,No applicant-supplied text required quarantine beyond the standard trust-class handling.
APP-000014-EVAL-002,APP-000014,KYC-IDV-001,POL-KYC-001,1.0,2026-01-01,REGULATORY,HARD_FAIL,PASS,VERIFIED,==,VERIFIED,verifications.identity,false,"Identity verified; name, date of birth, address and a tokenised identification number were collected and matched."
APP-000014-EVAL-003,APP-000014,FRD-IND-001,POL-FRD-001,1.0,2026-01-01,SYNTHETIC_INTERNAL_POLICY,REFER,PASS,0,==,0,documents|verifications,false,No cross-source inconsistency without an innocent arithmetic explanation was identified.
APP-000014-EVAL-004,APP-000014,GEN-ELG-003,POL-GEN-001,1.0,2026-01-01,AGENCY_INVESTOR,HARD_FAIL,PASS,304000.00,<=,832750,loans.base_loan_amount,false,Base loan amount is within the applicable one-unit conforming limit.
APP-000014-EVAL-005,APP-000014,PRP-ELG-001,POL-PRP-001,1.0,2026-01-01,SYNTHETIC_INTERNAL_POLICY,HARD_FAIL,PASS,single_family_detached/1,in,"1-4 units, eligible type",properties.property_type|properties.units,false,Property type 'single_family_detached' with 1 unit(s) is eligible.
APP-000014-EVAL-006,APP-000014,CONV-PUR-002,POL-CONV-001,1.0,2026-01-01,SYNTHETIC_INTERNAL_POLICY,HARD_FAIL,PASS,0.8000,<=,0.97,loans.loan_amount|properties.value_used_for_ltv|underwriting_calculations.ltv,false,Loan-to-value 80.00% against the primary_residence limit of 97.00% for this programme.
APP-000014-EVAL-007,APP-000014,CRD-SCR-003,POL-CRD-001,2.0,2026-07-01,SYNTHETIC_INTERNAL_POLICY,HARD_FAIL,PASS,742,>=,620,credit_profiles.representative_score,false,Representative score 742 against the applicable floor of 620.
APP-000014-EVAL-008,APP-000014,CRD-SCR-004,POL-CRD-001,2.0,2026-07-01,SYNTHETIC_INTERNAL_POLICY,CONDITIONAL,PASS,21,<=,90,credit_profiles.report_date,false,Credit report is 21 days old against the 90-day window in force on the as-of date.
APP-000014-EVAL-009,APP-000014,CRD-SCR-007,POL-CRD-001,2.0,2026-07-01,SYNTHETIC_INTERNAL_POLICY,CONDITIONAL,PASS,1,<,4,credit_profiles.recent_inquiries_90d,false,"1 inquiries in the 90-day lookback, below the explanation trigger."
APP-000014-EVAL-010,APP-000014,CRD-DLQ-001,POL-CRD-003,1.0,2026-01-01,SYNTHETIC_INTERNAL_POLICY,REFER,PASS,0,==,0,credit_accounts.housing_late_history,false,No housing payment 30 or more days past due in the last 12 months.
APP-000014-EVAL-011,APP-000014,CRD-DLQ-003,POL-CRD-003,1.0,2026-01-01,SYNTHETIC_INTERNAL_POLICY,ADVISORY,PASS,0.2800,<=,0.8,underwriting_calculations.credit_utilization,false,Revolving utilisation 28.00% is within the risk-note threshold.
APP-000014-EVAL-012,APP-000014,EMP-CNT-001,POL-EMP-002,1.0,2026-01-01,SYNTHETIC_INTERNAL_POLICY,CONDITIONAL,PASS,60,>=,24,employment.start_date,false,Employment history of 60 months meets the 24-month requirement.
APP-000014-EVAL-013,APP-000014,DTI-CONV-001,POL-DTI-001,2.0,2026-07-01,SYNTHETIC_INTERNAL_POLICY,HARD_FAIL,FAIL,0.4600,<=,0.43,underwriting_calculations.total_monthly_debt|underwriting_calculations.qualifying_monthly_income|underwriting_calculations.back_end_dti,false,Back-end debt-to-income 46.00% against the applicable limit of 43.00%. The extension to 45.00% was not available: 1 documented compensating factor(s) against the 2 required. The affordability limit is breached.
APP-000014-EVAL-014,APP-000014,DTI-BRE-001,POL-DTI-001,2.0,2026-07-01,SYNTHETIC_INTERNAL_POLICY,HARD_FAIL,PASS,0.4600,<=,0.43,rule_evaluations,false,"The breach is reported with its computed value 46.00%, the threshold 43.00% it failed, the rule DTI-CONV-001 and the policy version that set it."
APP-000014-EVAL-015,APP-000014,DTI-CONV-002,POL-DTI-001,2.0,2026-07-01,SYNTHETIC_INTERNAL_POLICY,ADVISORY,PASS,0.2999,<=,0.38,underwriting_calculations.front_end_dti,false,Housing ratio 29.99% recorded; this measure is advisory on this programme.
APP-000014-EVAL-016,APP-000014,DTI-CALC-003,POL-DTI-001,2.0,2026-07-01,SYNTHETIC_INTERNAL_POLICY,ADVISORY,PASS,4158.00,,,underwriting_calculations.residual_income_monthly,false,"Monthly disposable income 4,158.00 recorded alongside the ratio."
APP-000014-EVAL-017,APP-000014,AST-FTC-003,POL-AST-002,1.0,2026-01-01,SYNTHETIC_INTERNAL_POLICY,HARD_FAIL,PASS,88881.05,>=,79643.45,underwriting_calculations.funds_to_close_required|underwriting_calculations.funds_to_close_available,false,"Eligible funds available 88,881.05 against 79,643.45 required at settlement."
APP-000014-EVAL-018,APP-000014,AST-RSV-002,POL-AST-003,2.0,2026-07-01,SYNTHETIC_INTERNAL_POLICY,CONDITIONAL,PASS,5.00,>=,4,underwriting_calculations.post_close_reserves|underwriting_calculations.months_reserves,false,"Post-closing reserves of 5.00 months against the 4-month requirement for this occupancy, leverage and affordability profile."
APP-000014-EVAL-019,APP-000014,VAL-APR-001,POL-VAL-001,2.0,2026-07-01,SYNTHETIC_INTERNAL_POLICY,CONDITIONAL,PASS,full_appraisal,==,full_appraisal,appraisals.valuation_method,false,Valuation method 'full_appraisal' satisfies the requirement for this transaction.
APP-000014-EVAL-020,APP-000014,VAL-APR-003,POL-VAL-001,2.0,2026-07-01,SYNTHETIC_INTERNAL_POLICY,CONDITIONAL,PASS,24,<=,120,appraisals.appraisal_date,false,"Valuation is 24 days old, within the 120-day window."
APP-000014-EVAL-021,APP-000014,DOC-REQ-003,POL-DOC-001,1.0,2026-01-01,SYNTHETIC_INTERNAL_POLICY,CONDITIONAL,PASS,1.0000,==,1.0000,documents,false,Document completeness 100.00% (0 of 0 required documents received and current).
APP-000014-EVAL-022,APP-000014,GEN-ELG-005,POL-GEN-001,1.0,2026-01-01,SYNTHETIC_INTERNAL_POLICY,CONDITIONAL,PASS,0,==,0,rule_evaluations|documents,false,"Every rule in scope had the inputs it needed, so none evaluated to INDETERMINATE."
APP-000014-EVAL-023,APP-000014,DEC-REC-001,POL-DEC-001,1.0,2026-01-01,SYNTHETIC_INTERNAL_POLICY,HARD_FAIL,PASS,,,,decisions|decision_reasons,false,"The recommendation is drawn from the controlled vocabulary and carries the rule ids, policy versions and calculation records supporting it."
APP-000014-EVAL-024,APP-000014,DEC-AUD-001,POL-DEC-001,1.0,2026-01-01,SYNTHETIC_INTERNAL_POLICY,HARD_FAIL,PASS,,,,audit_events,false,"The decision record carries the full chain: policy version, rule, calculation, evidence and reason."
APP-000015-EVAL-001,APP-000015,SEC-INJ-001,POL-SEC-001,1.0,2026-01-01,SYNTHETIC_INTERNAL_POLICY,HARD_FAIL,PASS,,,,documents.contains_untrusted_text,false,No applicant-supplied text required quarantine beyond the standard trust-class handling.
APP-000015-EVAL-002,APP-000015,KYC-IDV-001,POL-KYC-001,1.0,2026-01-01,REGULATORY,HARD_FAIL,PASS,VERIFIED,==,VERIFIED,verifications.identity,false,"Identity verified; name, date of birth, address and a tokenised identification number were collected and matched."
APP-000015-EVAL-003,APP-000015,FRD-IND-001,POL-FRD-001,1.0,2026-01-01,SYNTHETIC_INTERNAL_POLICY,REFER,PASS,0,==,0,documents|verifications,false,No cross-source inconsistency without an innocent arithmetic explanation was identified.
APP-000015-EVAL-004,APP-000015,GEN-ELG-003,POL-GEN-001,1.0,2026-01-01,AGENCY_INVESTOR,HARD_FAIL,PASS,384000.00,<=,832750,loans.base_loan_amount,false,Base loan amount is within the applicable one-unit conforming limit.
APP-000015-EVAL-005,APP-000015,PRP-ELG-001,POL-PRP-001,1.0,2026-01-01,SYNTHETIC_INTERNAL_POLICY,HARD_FAIL,PASS,single_family_detached/1,in,"1-4 units, eligible type",properties.property_type|properties.units,false,Property type 'single_family_detached' with 1 unit(s) is eligible.
APP-000015-EVAL-006,APP-000015,CONV-PUR-002,POL-CONV-001,1.0,2026-01-01,SYNTHETIC_INTERNAL_POLICY,HARD_FAIL,PASS,0.8000,<=,0.97,loans.loan_amount|properties.value_used_for_ltv|underwriting_calculations.ltv,false,Loan-to-value 80.00% against the primary_residence limit of 97.00% for this programme.
APP-000015-EVAL-007,APP-000015,CRD-SCR-003,POL-CRD-001,2.0,2026-07-01,SYNTHETIC_INTERNAL_POLICY,HARD_FAIL,PASS,742,>=,620,credit_profiles.representative_score,false,Representative score 742 against the applicable floor of 620.
APP-000015-EVAL-008,APP-000015,CRD-SCR-004,POL-CRD-001,2.0,2026-07-01,SYNTHETIC_INTERNAL_POLICY,CONDITIONAL,PASS,21,<=,90,credit_profiles.report_date,false,Credit report is 21 days old against the 90-day window in force on the as-of date.
APP-000015-EVAL-009,APP-000015,CRD-SCR-007,POL-CRD-001,2.0,2026-07-01,SYNTHETIC_INTERNAL_POLICY,CONDITIONAL,PASS,1,<,4,credit_profiles.recent_inquiries_90d,false,"1 inquiries in the 90-day lookback, below the explanation trigger."
APP-000015-EVAL-010,APP-000015,CRD-DLQ-001,POL-CRD-003,1.0,2026-01-01,SYNTHETIC_INTERNAL_POLICY,REFER,PASS,0,==,0,credit_accounts.housing_late_history,false,No housing payment 30 or more days past due in the last 12 months.
APP-000015-EVAL-011,APP-000015,CRD-DLQ-003,POL-CRD-003,1.0,2026-01-01,SYNTHETIC_INTERNAL_POLICY,ADVISORY,PASS,0.2800,<=,0.8,underwriting_calculations.credit_utilization,false,Revolving utilisation 28.00% is within the risk-note threshold.
APP-000015-EVAL-012,APP-000015,INC-VAR-001,POL-INC-004,2.0,2026-07-01,SYNTHETIC_INTERNAL_POLICY,HARD_FAIL,PASS,27,>=,24,income_history,false,Variable earnings history of 27 months meets the 24-month requirement.
APP-000015-EVAL-013,APP-000015,EMP-CNT-001,POL-EMP-002,1.0,2026-01-01,SYNTHETIC_INTERNAL_POLICY,CONDITIONAL,PASS,60,>=,24,employment.start_date,false,Employment history of 60 months meets the 24-month requirement.
APP-000015-EVAL-014,APP-000015,DTI-CONV-001,POL-DTI-001,2.0,2026-07-01,SYNTHETIC_INTERNAL_POLICY,HARD_FAIL,PASS,0.3500,<=,0.43,underwriting_calculations.total_monthly_debt|underwriting_calculations.qualifying_monthly_income|underwriting_calculations.back_end_dti,false,Back-end debt-to-income 35.00% against the applicable limit of 43.00%.
APP-000015-EVAL-015,APP-000015,DTI-CONV-002,POL-DTI-001,2.0,2026-07-01,SYNTHETIC_INTERNAL_POLICY,ADVISORY,PASS,0.2901,<=,0.38,underwriting_calculations.front_end_dti,false,Housing ratio 29.01% recorded; this measure is advisory on this programme.
APP-000015-EVAL-016,APP-000015,DTI-CALC-003,POL-DTI-001,2.0,2026-07-01,SYNTHETIC_INTERNAL_POLICY,ADVISORY,PASS,7101.25,,,underwriting_calculations.residual_income_monthly,false,"Monthly disposable income 7,101.25 recorded alongside the ratio."
APP-000015-EVAL-017,APP-000015,AST-FTC-003,POL-AST-002,1.0,2026-01-01,SYNTHETIC_INTERNAL_POLICY,HARD_FAIL,PASS,118618.66,>=,100871.42,underwriting_calculations.funds_to_close_required|underwriting_calculations.funds_to_close_available,false,"Eligible funds available 118,618.66 against 100,871.42 required at settlement."
APP-000015-EVAL-018,APP-000015,AST-RSV-002,POL-AST-003,2.0,2026-07-01,SYNTHETIC_INTERNAL_POLICY,CONDITIONAL,PASS,7.00,>=,0,underwriting_calculations.post_close_reserves|underwriting_calculations.months_reserves,false,"Post-closing reserves of 7.00 months against the 0-month requirement for this occupancy, leverage and affordability profile."
APP-000015-EVAL-019,APP-000015,VAL-APR-001,POL-VAL-001,2.0,2026-07-01,SYNTHETIC_INTERNAL_POLICY,CONDITIONAL,PASS,full_appraisal,==,full_appraisal,appraisals.valuation_method,false,Valuation method 'full_appraisal' satisfies the requirement for this transaction.
APP-000015-EVAL-020,APP-000015,VAL-APR-003,POL-VAL-001,2.0,2026-07-01,SYNTHETIC_INTERNAL_POLICY,CONDITIONAL,PASS,24,<=,120,appraisals.appraisal_date,false,"Valuation is 24 days old, within the 120-day window."
APP-000015-EVAL-021,APP-000015,DOC-REQ-003,POL-DOC-001,1.0,2026-01-01,SYNTHETIC_INTERNAL_POLICY,CONDITIONAL,PASS,1.0000,==,1.0000,documents,false,Document completeness 100.00% (0 of 0 required documents received and current).
APP-000015-EVAL-022,APP-000015,GEN-ELG-005,POL-GEN-001,1.0,2026-01-01,SYNTHETIC_INTERNAL_POLICY,CONDITIONAL,PASS,0,==,0,rule_evaluations|documents,false,"Every rule in scope had the inputs it needed, so none evaluated to INDETERMINATE."
APP-000015-EVAL-023,APP-000015,DEC-REC-001,POL-DEC-001,1.0,2026-01-01,SYNTHETIC_INTERNAL_POLICY,HARD_FAIL,PASS,,,,decisions|decision_reasons,false,"The recommendation is drawn from the controlled vocabulary and carries the rule ids, policy versions and calculation records supporting it."
APP-000015-EVAL-024,APP-000015,DEC-AUD-001,POL-DEC-001,1.0,2026-01-01,SYNTHETIC_INTERNAL_POLICY,HARD_FAIL,PASS,,,,audit_events,false,"The decision record carries the full chain: policy version, rule, calculation, evidence and reason."
APP-000016-EVAL-001,APP-000016,SEC-INJ-001,POL-SEC-001,1.0,2026-01-01,SYNTHETIC_INTERNAL_POLICY,HARD_FAIL,PASS,,,,documents.contains_untrusted_text,false,No applicant-supplied text required quarantine beyond the standard trust-class handling.
APP-000016-EVAL-002,APP-000016,KYC-IDV-001,POL-KYC-001,1.0,2026-01-01,REGULATORY,HARD_FAIL,PASS,VERIFIED,==,VERIFIED,verifications.identity,false,"Identity verified; name, date of birth, address and a tokenised identification number were collected and matched."
APP-000016-EVAL-003,APP-000016,FRD-IND-001,POL-FRD-001,1.0,2026-01-01,SYNTHETIC_INTERNAL_POLICY,REFER,PASS,0,==,0,documents|verifications,false,No cross-source inconsistency without an innocent arithmetic explanation was identified.
APP-000016-EVAL-004,APP-000016,GEN-ELG-003,POL-GEN-001,1.0,2026-01-01,AGENCY_INVESTOR,HARD_FAIL,PASS,424000.00,<=,832750,loans.base_loan_amount,false,Base loan amount is within the applicable one-unit conforming limit.
APP-000016-EVAL-005,APP-000016,PRP-ELG-001,POL-PRP-001,1.0,2026-01-01,SYNTHETIC_INTERNAL_POLICY,HARD_FAIL,PASS,single_family_detached/1,in,"1-4 units, eligible type",properties.property_type|properties.units,false,Property type 'single_family_detached' with 1 unit(s) is eligible.
APP-000016-EVAL-006,APP-000016,CONV-PUR-002,POL-CONV-001,1.0,2026-01-01,SYNTHETIC_INTERNAL_POLICY,HARD_FAIL,PASS,0.8000,<=,0.97,loans.loan_amount|properties.value_used_for_ltv|underwriting_calculations.ltv,false,Loan-to-value 80.00% against the primary_residence limit of 97.00% for this programme.
APP-000016-EVAL-007,APP-000016,CRD-SCR-003,POL-CRD-001,2.0,2026-07-01,SYNTHETIC_INTERNAL_POLICY,HARD_FAIL,PASS,742,>=,620,credit_profiles.representative_score,false,Representative score 742 against the applicable floor of 620.
APP-000016-EVAL-008,APP-000016,CRD-SCR-004,POL-CRD-001,2.0,2026-07-01,SYNTHETIC_INTERNAL_POLICY,CONDITIONAL,PASS,21,<=,90,credit_profiles.report_date,false,Credit report is 21 days old against the 90-day window in force on the as-of date.
APP-000016-EVAL-009,APP-000016,CRD-SCR-007,POL-CRD-001,2.0,2026-07-01,SYNTHETIC_INTERNAL_POLICY,CONDITIONAL,PASS,1,<,4,credit_profiles.recent_inquiries_90d,false,"1 inquiries in the 90-day lookback, below the explanation trigger."
APP-000016-EVAL-010,APP-000016,CRD-DLQ-001,POL-CRD-003,1.0,2026-01-01,SYNTHETIC_INTERNAL_POLICY,REFER,PASS,0,==,0,credit_accounts.housing_late_history,false,No housing payment 30 or more days past due in the last 12 months.
APP-000016-EVAL-011,APP-000016,CRD-DLQ-003,POL-CRD-003,1.0,2026-01-01,SYNTHETIC_INTERNAL_POLICY,ADVISORY,PASS,0.2800,<=,0.8,underwriting_calculations.credit_utilization,false,Revolving utilisation 28.00% is within the risk-note threshold.
APP-000016-EVAL-012,APP-000016,EMP-CNT-001,POL-EMP-002,1.0,2026-01-01,SYNTHETIC_INTERNAL_POLICY,CONDITIONAL,PASS,48,>=,24,employment.start_date,false,Employment history of 48 months meets the 24-month requirement.
APP-000016-EVAL-013,APP-000016,EMP-CNT-004,POL-EMP-002,1.0,2026-01-01,SYNTHETIC_INTERNAL_POLICY,CONDITIONAL,REFER,61,<=,90,employment.start_date,true,"Employment begins in 61 days against the 90-day window; a non-contingent offer and reserves covering the gap period are required, and the file is reviewed in every case."
APP-000016-EVAL-014,APP-000016,DTI-CONV-001,POL-DTI-001,2.0,2026-07-01,SYNTHETIC_INTERNAL_POLICY,HARD_FAIL,PASS,0.3400,<=,0.43,underwriting_calculations.total_monthly_debt|underwriting_calculations.qualifying_monthly_income|underwriting_calculations.back_end_dti,false,Back-end debt-to-income 34.00% against the applicable limit of 43.00%.
APP-000016-EVAL-015,APP-000016,DTI-CONV-002,POL-DTI-001,2.0,2026-07-01,SYNTHETIC_INTERNAL_POLICY,ADVISORY,PASS,0.2900,<=,0.38,underwriting_calculations.front_end_dti,false,Housing ratio 29.00% recorded; this measure is advisory on this programme.
APP-000016-EVAL-016,APP-000016,DTI-CALC-003,POL-DTI-001,2.0,2026-07-01,SYNTHETIC_INTERNAL_POLICY,ADVISORY,PASS,7210.50,,,underwriting_calculations.residual_income_monthly,false,"Monthly disposable income 7,210.50 recorded alongside the ratio."
APP-000016-EVAL-017,APP-000016,AST-FTC-003,POL-AST-002,1.0,2026-01-01,SYNTHETIC_INTERNAL_POLICY,HARD_FAIL,PASS,130005.30,>=,99592.40,underwriting_calculations.funds_to_close_required|underwriting_calculations.funds_to_close_available,false,"Eligible funds available 130,005.30 against 99,592.40 required at settlement."
APP-000016-EVAL-018,APP-000016,AST-RSV-002,POL-AST-003,2.0,2026-07-01,SYNTHETIC_INTERNAL_POLICY,CONDITIONAL,PASS,12.00,>=,0,underwriting_calculations.post_close_reserves|underwriting_calculations.months_reserves,false,"Post-closing reserves of 12.00 months against the 0-month requirement for this occupancy, leverage and affordability profile."
APP-000016-EVAL-019,APP-000016,VAL-APR-001,POL-VAL-001,2.0,2026-07-01,SYNTHETIC_INTERNAL_POLICY,CONDITIONAL,PASS,full_appraisal,==,full_appraisal,appraisals.valuation_method,false,Valuation method 'full_appraisal' satisfies the requirement for this transaction.
APP-000016-EVAL-020,APP-000016,VAL-APR-003,POL-VAL-001,2.0,2026-07-01,SYNTHETIC_INTERNAL_POLICY,CONDITIONAL,PASS,24,<=,120,appraisals.appraisal_date,false,"Valuation is 24 days old, within the 120-day window."
APP-000016-EVAL-021,APP-000016,DOC-REQ-003,POL-DOC-001,1.0,2026-01-01,SYNTHETIC_INTERNAL_POLICY,CONDITIONAL,PASS,1.0000,==,1.0000,documents,false,Document completeness 100.00% (0 of 0 required documents received and current).
APP-000016-EVAL-022,APP-000016,GEN-ELG-005,POL-GEN-001,1.0,2026-01-01,SYNTHETIC_INTERNAL_POLICY,CONDITIONAL,PASS,0,==,0,rule_evaluations|documents,false,"Every rule in scope had the inputs it needed, so none evaluated to INDETERMINATE."
APP-000016-EVAL-023,APP-000016,UWR-HRV-001,POL-UWR-001,1.0,2026-01-01,SYNTHETIC_INTERNAL_POLICY,REFER,REFER,1,==,0,rule_evaluations,true,1 mandatory human-review trigger(s) present.
APP-000016-EVAL-024,APP-000016,DEC-REC-001,POL-DEC-001,1.0,2026-01-01,SYNTHETIC_INTERNAL_POLICY,HARD_FAIL,PASS,,,,decisions|decision_reasons,false,"The recommendation is drawn from the controlled vocabulary and carries the rule ids, policy versions and calculation records supporting it."
APP-000016-EVAL-025,APP-000016,DEC-AUD-001,POL-DEC-001,1.0,2026-01-01,SYNTHETIC_INTERNAL_POLICY,HARD_FAIL,PASS,,,,audit_events,false,"The decision record carries the full chain: policy version, rule, calculation, evidence and reason."
APP-000017-EVAL-001,APP-000017,SEC-INJ-001,POL-SEC-001,1.0,2026-01-01,SYNTHETIC_INTERNAL_POLICY,HARD_FAIL,PASS,,,,documents.contains_untrusted_text,false,No applicant-supplied text required quarantine beyond the standard trust-class handling.
APP-000017-EVAL-002,APP-000017,KYC-IDV-001,POL-KYC-001,1.0,2026-01-01,REGULATORY,HARD_FAIL,PASS,VERIFIED,==,VERIFIED,verifications.identity,false,"Identity verified; name, date of birth, address and a tokenised identification number were collected and matched."
APP-000017-EVAL-003,APP-000017,FRD-IND-001,POL-FRD-001,1.0,2026-01-01,SYNTHETIC_INTERNAL_POLICY,REFER,PASS,0,==,0,documents|verifications,false,No cross-source inconsistency without an innocent arithmetic explanation was identified.
APP-000017-EVAL-004,APP-000017,JMB-ELG-001,POL-JUMBO-001,2.0,2026-07-01,SYNTHETIC_INTERNAL_POLICY,HARD_FAIL,PASS,986400.00,>,832750,loans.base_loan_amount,false,"Loan amount exceeds the applicable conforming limit, so the jumbo overlay governs."
APP-000017-EVAL-005,APP-000017,JMB-ELG-004,POL-JUMBO-001,2.0,2026-07-01,SYNTHETIC_INTERNAL_POLICY,REFER,REFER,jumbo,==,human review mandatory,loans.base_loan_amount|applications.product_family,true,Jumbo exposure: every file under this overlay is reviewed by a human underwriter because real jumbo criteria are set by private investor overlays that are not publicly documented.
APP-000017-EVAL-006,APP-000017,PRP-ELG-001,POL-PRP-001,1.0,2026-01-01,SYNTHETIC_INTERNAL_POLICY,HARD_FAIL,PASS,single_family_detached/1,in,"1-4 units, eligible type",properties.property_type|properties.units,false,Property type 'single_family_detached' with 1 unit(s) is eligible.
APP-000017-EVAL-007,APP-000017,JMB-ELG-002,POL-JUMBO-001,2.0,2026-07-01,SYNTHETIC_INTERNAL_POLICY,HARD_FAIL,PASS,0.7200,<=,0.75,loans.loan_amount|properties.value_used_for_ltv|underwriting_calculations.ltv,false,Loan-to-value 72.00% against the primary_residence limit of 75.00% for this programme.
APP-000017-EVAL-008,APP-000017,JMB-ELG-002,POL-JUMBO-001,2.0,2026-07-01,SYNTHETIC_INTERNAL_POLICY,HARD_FAIL,PASS,768,>=,720,credit_profiles.representative_score,false,Representative score 768 against the applicable floor of 720.
APP-000017-EVAL-009,APP-000017,CRD-SCR-004,POL-CRD-001,2.0,2026-07-01,SYNTHETIC_INTERNAL_POLICY,CONDITIONAL,PASS,21,<=,90,credit_profiles.report_date,false,Credit report is 21 days old against the 90-day window in force on the as-of date.
APP-000017-EVAL-010,APP-000017,CRD-SCR-007,POL-CRD-001,2.0,2026-07-01,SYNTHETIC_INTERNAL_POLICY,CONDITIONAL,PASS,1,<,4,credit_profiles.recent_inquiries_90d,false,"1 inquiries in the 90-day lookback, below the explanation trigger."
APP-000017-EVAL-011,APP-000017,CRD-DLQ-001,POL-CRD-003,1.0,2026-01-01,SYNTHETIC_INTERNAL_POLICY,REFER,PASS,0,==,0,credit_accounts.housing_late_history,false,No housing payment 30 or more days past due in the last 12 months.
APP-000017-EVAL-012,APP-000017,CRD-DLQ-003,POL-CRD-003,1.0,2026-01-01,SYNTHETIC_INTERNAL_POLICY,ADVISORY,PASS,0.2800,<=,0.8,underwriting_calculations.credit_utilization,false,Revolving utilisation 28.00% is within the risk-note threshold.
APP-000017-EVAL-013,APP-000017,EMP-CNT-001,POL-EMP-002,1.0,2026-01-01,SYNTHETIC_INTERNAL_POLICY,CONDITIONAL,PASS,60,>=,24,employment.start_date,false,Employment history of 60 months meets the 24-month requirement.
APP-000017-EVAL-014,APP-000017,DTI-CONV-001,POL-DTI-001,2.0,2026-07-01,SYNTHETIC_INTERNAL_POLICY,HARD_FAIL,PASS,0.3400,<=,0.43,underwriting_calculations.total_monthly_debt|underwriting_calculations.qualifying_monthly_income|underwriting_calculations.back_end_dti,false,Back-end debt-to-income 34.00% against the applicable limit of 43.00%.
APP-000017-EVAL-015,APP-000017,DTI-CONV-002,POL-DTI-001,2.0,2026-07-01,SYNTHETIC_INTERNAL_POLICY,ADVISORY,PASS,0.2900,<=,0.38,underwriting_calculations.front_end_dti,false,Housing ratio 29.00% recorded; this measure is advisory on this programme.
APP-000017-EVAL-016,APP-000017,DTI-CALC-003,POL-DTI-001,2.0,2026-07-01,SYNTHETIC_INTERNAL_POLICY,ADVISORY,PASS,19321.50,,,underwriting_calculations.residual_income_monthly,false,"Monthly disposable income 19,321.50 recorded alongside the ratio."
APP-000017-EVAL-017,APP-000017,AST-FTC-003,POL-AST-002,1.0,2026-01-01,SYNTHETIC_INTERNAL_POLICY,HARD_FAIL,PASS,446954.24,>=,365449.38,underwriting_calculations.funds_to_close_required|underwriting_calculations.funds_to_close_available,false,"Eligible funds available 446,954.24 against 365,449.38 required at settlement."
APP-000017-EVAL-018,APP-000017,AST-RSV-002,POL-AST-003,2.0,2026-07-01,SYNTHETIC_INTERNAL_POLICY,CONDITIONAL,PASS,12.00,>=,0,underwriting_calculations.post_close_reserves|underwriting_calculations.months_reserves,false,"Post-closing reserves of 12.00 months against the 0-month requirement for this occupancy, leverage and affordability profile."
APP-000017-EVAL-019,APP-000017,JMB-ELG-003,POL-JUMBO-001,2.0,2026-07-01,SYNTHETIC_INTERNAL_POLICY,CONDITIONAL,PASS,12.00,>=,9,underwriting_calculations.months_reserves,false,Jumbo reserves of 12.00 months against the 9-month overlay requirement in force on the as-of date.
APP-000017-EVAL-020,APP-000017,VAL-APR-001,POL-VAL-001,2.0,2026-07-01,SYNTHETIC_INTERNAL_POLICY,CONDITIONAL,PASS,full_appraisal,==,full_appraisal,appraisals.valuation_method,false,Valuation method 'full_appraisal' satisfies the requirement for this transaction.
APP-000017-EVAL-021,APP-000017,VAL-APR-003,POL-VAL-001,2.0,2026-07-01,SYNTHETIC_INTERNAL_POLICY,CONDITIONAL,PASS,24,<=,120,appraisals.appraisal_date,false,"Valuation is 24 days old, within the 120-day window."
APP-000017-EVAL-022,APP-000017,DOC-REQ-003,POL-DOC-001,1.0,2026-01-01,SYNTHETIC_INTERNAL_POLICY,CONDITIONAL,PASS,1.0000,==,1.0000,documents,false,Document completeness 100.00% (0 of 0 required documents received and current).
APP-000017-EVAL-023,APP-000017,GEN-ELG-005,POL-GEN-001,1.0,2026-01-01,SYNTHETIC_INTERNAL_POLICY,CONDITIONAL,PASS,0,==,0,rule_evaluations|documents,false,"Every rule in scope had the inputs it needed, so none evaluated to INDETERMINATE."
APP-000017-EVAL-024,APP-000017,UWR-HRV-001,POL-UWR-001,1.0,2026-01-01,SYNTHETIC_INTERNAL_POLICY,REFER,REFER,1,==,0,rule_evaluations,true,1 mandatory human-review trigger(s) present.
APP-000017-EVAL-025,APP-000017,DEC-REC-001,POL-DEC-001,1.0,2026-01-01,SYNTHETIC_INTERNAL_POLICY,HARD_FAIL,PASS,,,,decisions|decision_reasons,false,"The recommendation is drawn from the controlled vocabulary and carries the rule ids, policy versions and calculation records supporting it."
APP-000017-EVAL-026,APP-000017,DEC-AUD-001,POL-DEC-001,1.0,2026-01-01,SYNTHETIC_INTERNAL_POLICY,HARD_FAIL,PASS,,,,audit_events,false,"The decision record carries the full chain: policy version, rule, calculation, evidence and reason."
APP-000018-EVAL-001,APP-000018,SEC-INJ-001,POL-SEC-001,1.0,2026-01-01,SYNTHETIC_INTERNAL_POLICY,HARD_FAIL,PASS,,,,documents.contains_untrusted_text,false,No applicant-supplied text required quarantine beyond the standard trust-class handling.
APP-000018-EVAL-002,APP-000018,KYC-IDV-001,POL-KYC-001,1.0,2026-01-01,REGULATORY,HARD_FAIL,PASS,VERIFIED,==,VERIFIED,verifications.identity,false,"Identity verified; name, date of birth, address and a tokenised identification number were collected and matched."
APP-000018-EVAL-003,APP-000018,FRD-IND-001,POL-FRD-001,1.0,2026-01-01,SYNTHETIC_INTERNAL_POLICY,REFER,PASS,0,==,0,documents|verifications,false,No cross-source inconsistency without an innocent arithmetic explanation was identified.
APP-000018-EVAL-004,APP-000018,JMB-ELG-001,POL-JUMBO-001,2.0,2026-07-01,SYNTHETIC_INTERNAL_POLICY,HARD_FAIL,PASS,1645000.00,>,832750,loans.base_loan_amount,false,"Loan amount exceeds the applicable conforming limit, so the jumbo overlay governs."
APP-000018-EVAL-005,APP-000018,JMB-ELG-004,POL-JUMBO-001,2.0,2026-07-01,SYNTHETIC_INTERNAL_POLICY,REFER,REFER,jumbo,==,human review mandatory,loans.base_loan_amount|applications.product_family,true,Jumbo exposure: every file under this overlay is reviewed by a human underwriter because real jumbo criteria are set by private investor overlays that are not publicly documented.
APP-000018-EVAL-006,APP-000018,PRP-ELG-001,POL-PRP-001,1.0,2026-01-01,SYNTHETIC_INTERNAL_POLICY,HARD_FAIL,PASS,single_family_detached/1,in,"1-4 units, eligible type",properties.property_type|properties.units,false,Property type 'single_family_detached' with 1 unit(s) is eligible.
APP-000018-EVAL-007,APP-000018,JMB-ELG-002,POL-JUMBO-001,2.0,2026-07-01,SYNTHETIC_INTERNAL_POLICY,HARD_FAIL,PASS,0.7000,<=,0.75,loans.loan_amount|properties.value_used_for_ltv|underwriting_calculations.ltv,false,Loan-to-value 70.00% against the primary_residence limit of 75.00% for this programme.
APP-000018-EVAL-008,APP-000018,JMB-ELG-002,POL-JUMBO-001,2.0,2026-07-01,SYNTHETIC_INTERNAL_POLICY,HARD_FAIL,PASS,784,>=,720,credit_profiles.representative_score,false,Representative score 784 against the applicable floor of 720.
APP-000018-EVAL-009,APP-000018,CRD-SCR-004,POL-CRD-001,2.0,2026-07-01,SYNTHETIC_INTERNAL_POLICY,CONDITIONAL,PASS,21,<=,90,credit_profiles.report_date,false,Credit report is 21 days old against the 90-day window in force on the as-of date.
APP-000018-EVAL-010,APP-000018,CRD-SCR-007,POL-CRD-001,2.0,2026-07-01,SYNTHETIC_INTERNAL_POLICY,CONDITIONAL,PASS,1,<,4,credit_profiles.recent_inquiries_90d,false,"1 inquiries in the 90-day lookback, below the explanation trigger."
APP-000018-EVAL-011,APP-000018,CRD-DLQ-001,POL-CRD-003,1.0,2026-01-01,SYNTHETIC_INTERNAL_POLICY,REFER,PASS,0,==,0,credit_accounts.housing_late_history,false,No housing payment 30 or more days past due in the last 12 months.
APP-000018-EVAL-012,APP-000018,CRD-DLQ-003,POL-CRD-003,1.0,2026-01-01,SYNTHETIC_INTERNAL_POLICY,ADVISORY,PASS,0.2800,<=,0.8,underwriting_calculations.credit_utilization,false,Revolving utilisation 28.00% is within the risk-note threshold.
APP-000018-EVAL-013,APP-000018,EMP-CNT-001,POL-EMP-002,1.0,2026-01-01,SYNTHETIC_INTERNAL_POLICY,CONDITIONAL,PASS,60,>=,24,employment.start_date,false,Employment history of 60 months meets the 24-month requirement.
APP-000018-EVAL-014,APP-000018,DTI-CONV-001,POL-DTI-001,2.0,2026-07-01,SYNTHETIC_INTERNAL_POLICY,HARD_FAIL,PASS,0.3100,<=,0.43,underwriting_calculations.total_monthly_debt|underwriting_calculations.qualifying_monthly_income|underwriting_calculations.back_end_dti,false,Back-end debt-to-income 31.00% against the applicable limit of 43.00%.
APP-000018-EVAL-015,APP-000018,DTI-CONV-002,POL-DTI-001,2.0,2026-07-01,SYNTHETIC_INTERNAL_POLICY,ADVISORY,PASS,0.2900,<=,0.38,underwriting_calculations.front_end_dti,false,Housing ratio 29.00% recorded; this measure is advisory on this programme.
APP-000018-EVAL-016,APP-000018,DTI-CALC-003,POL-DTI-001,2.0,2026-07-01,SYNTHETIC_INTERNAL_POLICY,ADVISORY,PASS,31044.25,,,underwriting_calculations.residual_income_monthly,false,"Monthly disposable income 31,044.25 recorded alongside the ratio."
APP-000018-EVAL-017,APP-000018,AST-FTC-003,POL-AST-002,1.0,2026-01-01,SYNTHETIC_INTERNAL_POLICY,HARD_FAIL,PASS,861314.92,>=,715183.93,underwriting_calculations.funds_to_close_required|underwriting_calculations.funds_to_close_available,false,"Eligible funds available 861,314.92 against 715,183.93 required at settlement."
APP-000018-EVAL-018,APP-000018,AST-RSV-002,POL-AST-003,2.0,2026-07-01,SYNTHETIC_INTERNAL_POLICY,CONDITIONAL,PASS,14.00,>=,0,underwriting_calculations.post_close_reserves|underwriting_calculations.months_reserves,false,"Post-closing reserves of 14.00 months against the 0-month requirement for this occupancy, leverage and affordability profile."
APP-000018-EVAL-019,APP-000018,JMB-ELG-003,POL-JUMBO-001,2.0,2026-07-01,SYNTHETIC_INTERNAL_POLICY,CONDITIONAL,PASS,14.00,>=,12,underwriting_calculations.months_reserves,false,Jumbo reserves of 14.00 months against the 12-month overlay requirement in force on the as-of date.
APP-000018-EVAL-020,APP-000018,VAL-APR-001,POL-VAL-001,2.0,2026-07-01,SYNTHETIC_INTERNAL_POLICY,CONDITIONAL,PASS,full_appraisal,==,full_appraisal,appraisals.valuation_method,false,Valuation method 'full_appraisal' satisfies the requirement for this transaction.
APP-000018-EVAL-021,APP-000018,VAL-APR-003,POL-VAL-001,2.0,2026-07-01,SYNTHETIC_INTERNAL_POLICY,CONDITIONAL,PASS,24,<=,120,appraisals.appraisal_date,false,"Valuation is 24 days old, within the 120-day window."
APP-000018-EVAL-022,APP-000018,DOC-REQ-003,POL-DOC-001,1.0,2026-01-01,SYNTHETIC_INTERNAL_POLICY,CONDITIONAL,PASS,1.0000,==,1.0000,documents,false,Document completeness 100.00% (0 of 0 required documents received and current).
APP-000018-EVAL-023,APP-000018,GEN-ELG-005,POL-GEN-001,1.0,2026-01-01,SYNTHETIC_INTERNAL_POLICY,CONDITIONAL,PASS,0,==,0,rule_evaluations|documents,false,"Every rule in scope had the inputs it needed, so none evaluated to INDETERMINATE."
APP-000018-EVAL-024,APP-000018,UWR-HRV-001,POL-UWR-001,1.0,2026-01-01,SYNTHETIC_INTERNAL_POLICY,REFER,REFER,1,==,0,rule_evaluations,true,1 mandatory human-review trigger(s) present.
APP-000018-EVAL-025,APP-000018,DEC-REC-001,POL-DEC-001,1.0,2026-01-01,SYNTHETIC_INTERNAL_POLICY,HARD_FAIL,PASS,,,,decisions|decision_reasons,false,"The recommendation is drawn from the controlled vocabulary and carries the rule ids, policy versions and calculation records supporting it."
APP-000018-EVAL-026,APP-000018,DEC-AUD-001,POL-DEC-001,1.0,2026-01-01,SYNTHETIC_INTERNAL_POLICY,HARD_FAIL,PASS,,,,audit_events,false,"The decision record carries the full chain: policy version, rule, calculation, evidence and reason."
APP-000019-EVAL-001,APP-000019,SEC-INJ-001,POL-SEC-001,1.0,2026-01-01,SYNTHETIC_INTERNAL_POLICY,HARD_FAIL,PASS,,,,documents.contains_untrusted_text,false,No applicant-supplied text required quarantine beyond the standard trust-class handling.
APP-000019-EVAL-002,APP-000019,KYC-IDV-001,POL-KYC-001,1.0,2026-01-01,REGULATORY,HARD_FAIL,PASS,VERIFIED,==,VERIFIED,verifications.identity,false,"Identity verified; name, date of birth, address and a tokenised identification number were collected and matched."
APP-000019-EVAL-003,APP-000019,FRD-IND-001,POL-FRD-001,1.0,2026-01-01,SYNTHETIC_INTERNAL_POLICY,REFER,PASS,0,==,0,documents|verifications,false,No cross-source inconsistency without an innocent arithmetic explanation was identified.
APP-000019-EVAL-004,APP-000019,PRP-ELG-001,POL-PRP-001,1.0,2026-01-01,SYNTHETIC_INTERNAL_POLICY,HARD_FAIL,PASS,single_family_detached/1,in,"1-4 units, eligible type",properties.property_type|properties.units,false,Property type 'single_family_detached' with 1 unit(s) is eligible.
APP-000019-EVAL-005,APP-000019,FHA-OVL-002,POL-FHA-001,1.0,2026-01-01,SYNTHETIC_INTERNAL_POLICY,HARD_FAIL,PASS,0.9650,<=,0.965,loans.loan_amount|properties.value_used_for_ltv|underwriting_calculations.ltv,false,Loan-to-value 96.50% against the primary_residence limit of 96.50% for this programme.
APP-000019-EVAL-006,APP-000019,FHA-OVL-002,POL-FHA-001,1.0,2026-01-01,SYNTHETIC_INTERNAL_POLICY,HARD_FAIL,PASS,642,>=,500,credit_profiles.representative_score,false,Representative score 642 against the applicable floor of 500.
APP-000019-EVAL-007,APP-000019,CRD-SCR-004,POL-CRD-001,2.0,2026-07-01,SYNTHETIC_INTERNAL_POLICY,CONDITIONAL,PASS,21,<=,90,credit_profiles.report_date,false,Credit report is 21 days old against the 90-day window in force on the as-of date.
APP-000019-EVAL-008,APP-000019,CRD-SCR-007,POL-CRD-001,2.0,2026-07-01,SYNTHETIC_INTERNAL_POLICY,CONDITIONAL,PASS,1,<,4,credit_profiles.recent_inquiries_90d,false,"1 inquiries in the 90-day lookback, below the explanation trigger."
APP-000019-EVAL-009,APP-000019,CRD-DLQ-001,POL-CRD-003,1.0,2026-01-01,SYNTHETIC_INTERNAL_POLICY,REFER,PASS,0,==,0,credit_accounts.housing_late_history,false,No housing payment 30 or more days past due in the last 12 months.
APP-000019-EVAL-010,APP-000019,CRD-DLQ-003,POL-CRD-003,1.0,2026-01-01,SYNTHETIC_INTERNAL_POLICY,ADVISORY,PASS,0.2800,<=,0.8,underwriting_calculations.credit_utilization,false,Revolving utilisation 28.00% is within the risk-note threshold.
APP-000019-EVAL-011,APP-000019,EMP-CNT-001,POL-EMP-002,1.0,2026-01-01,SYNTHETIC_INTERNAL_POLICY,CONDITIONAL,PASS,60,>=,24,employment.start_date,false,Employment history of 60 months meets the 24-month requirement.
APP-000019-EVAL-012,APP-000019,FHA-OVL-004,POL-FHA-001,1.0,2026-01-01,SYNTHETIC_INTERNAL_POLICY,HARD_FAIL,PASS,0.3800,<=,0.43,underwriting_calculations.total_monthly_debt|underwriting_calculations.qualifying_monthly_income|underwriting_calculations.back_end_dti,false,Back-end debt-to-income 38.00% against the applicable limit of 43.00%.
APP-000019-EVAL-013,APP-000019,DTI-CONV-002,POL-DTI-001,2.0,2026-07-01,SYNTHETIC_INTERNAL_POLICY,ADVISORY,PASS,0.2902,<=,0.38,underwriting_calculations.front_end_dti,false,Housing ratio 29.02% recorded; this measure is advisory on this programme.
APP-000019-EVAL-014,APP-000019,DTI-CALC-003,POL-DTI-001,2.0,2026-07-01,SYNTHETIC_INTERNAL_POLICY,ADVISORY,PASS,3270.50,,,underwriting_calculations.residual_income_monthly,false,"Monthly disposable income 3,270.50 recorded alongside the ratio."
APP-000019-EVAL-015,APP-000019,AST-FTC-003,POL-AST-002,1.0,2026-01-01,SYNTHETIC_INTERNAL_POLICY,HARD_FAIL,PASS,13996.70,>=,10323.07,underwriting_calculations.funds_to_close_required|underwriting_calculations.funds_to_close_available,false,"Eligible funds available 13,996.70 against 10,323.07 required at settlement."
APP-000019-EVAL-016,APP-000019,AST-RSV-002,POL-AST-003,2.0,2026-07-01,SYNTHETIC_INTERNAL_POLICY,CONDITIONAL,PASS,3.00,>=,2,underwriting_calculations.post_close_reserves|underwriting_calculations.months_reserves,false,"Post-closing reserves of 3.00 months against the 2-month requirement for this occupancy, leverage and affordability profile."
APP-000019-EVAL-017,APP-000019,VAL-APR-001,POL-VAL-001,2.0,2026-07-01,SYNTHETIC_INTERNAL_POLICY,CONDITIONAL,PASS,full_appraisal,==,full_appraisal,appraisals.valuation_method,false,Valuation method 'full_appraisal' satisfies the requirement for this transaction.
APP-000019-EVAL-018,APP-000019,VAL-APR-003,POL-VAL-001,2.0,2026-07-01,SYNTHETIC_INTERNAL_POLICY,CONDITIONAL,PASS,24,<=,120,appraisals.appraisal_date,false,"Valuation is 24 days old, within the 120-day window."
APP-000019-EVAL-019,APP-000019,DOC-REQ-003,POL-DOC-001,1.0,2026-01-01,SYNTHETIC_INTERNAL_POLICY,CONDITIONAL,PASS,1.0000,==,1.0000,documents,false,Document completeness 100.00% (0 of 0 required documents received and current).
APP-000019-EVAL-020,APP-000019,GEN-ELG-005,POL-GEN-001,1.0,2026-01-01,SYNTHETIC_INTERNAL_POLICY,CONDITIONAL,PASS,0,==,0,rule_evaluations|documents,false,"Every rule in scope had the inputs it needed, so none evaluated to INDETERMINATE."
APP-000019-EVAL-021,APP-000019,DEC-REC-001,POL-DEC-001,1.0,2026-01-01,SYNTHETIC_INTERNAL_POLICY,HARD_FAIL,PASS,,,,decisions|decision_reasons,false,"The recommendation is drawn from the controlled vocabulary and carries the rule ids, policy versions and calculation records supporting it."
APP-000019-EVAL-022,APP-000019,DEC-AUD-001,POL-DEC-001,1.0,2026-01-01,SYNTHETIC_INTERNAL_POLICY,HARD_FAIL,PASS,,,,audit_events,false,"The decision record carries the full chain: policy version, rule, calculation, evidence and reason."
APP-000020-EVAL-001,APP-000020,SEC-INJ-001,POL-SEC-001,1.0,2026-01-01,SYNTHETIC_INTERNAL_POLICY,HARD_FAIL,PASS,,,,documents.contains_untrusted_text,false,No applicant-supplied text required quarantine beyond the standard trust-class handling.
APP-000020-EVAL-002,APP-000020,KYC-IDV-001,POL-KYC-001,1.0,2026-01-01,REGULATORY,HARD_FAIL,PASS,VERIFIED,==,VERIFIED,verifications.identity,false,"Identity verified; name, date of birth, address and a tokenised identification number were collected and matched."
APP-000020-EVAL-003,APP-000020,FRD-IND-001,POL-FRD-001,1.0,2026-01-01,SYNTHETIC_INTERNAL_POLICY,REFER,PASS,0,==,0,documents|verifications,false,No cross-source inconsistency without an innocent arithmetic explanation was identified.
APP-000020-EVAL-004,APP-000020,PRP-ELG-001,POL-PRP-001,1.0,2026-01-01,SYNTHETIC_INTERNAL_POLICY,HARD_FAIL,PASS,single_family_detached/1,in,"1-4 units, eligible type",properties.property_type|properties.units,false,Property type 'single_family_detached' with 1 unit(s) is eligible.
APP-000020-EVAL-005,APP-000020,VA-OVL-002,POL-VA-001,1.0,2026-01-01,AGENCY_INVESTOR,ADVISORY,PASS,1.0000,<=,1.0,loans.loan_amount|properties.value_used_for_ltv|underwriting_calculations.ltv,false,Loan-to-value 100.00% against the primary_residence limit of 100.00% for this programme.
APP-000020-EVAL-006,APP-000020,CRD-SCR-003,POL-CRD-001,2.0,2026-07-01,SYNTHETIC_INTERNAL_POLICY,HARD_FAIL,PASS,698,>=,640,credit_profiles.representative_score,false,Representative score 698 against the applicable floor of 640.
APP-000020-EVAL-007,APP-000020,CRD-SCR-004,POL-CRD-001,2.0,2026-07-01,SYNTHETIC_INTERNAL_POLICY,CONDITIONAL,PASS,21,<=,90,credit_profiles.report_date,false,Credit report is 21 days old against the 90-day window in force on the as-of date.
APP-000020-EVAL-008,APP-000020,CRD-SCR-007,POL-CRD-001,2.0,2026-07-01,SYNTHETIC_INTERNAL_POLICY,CONDITIONAL,PASS,1,<,4,credit_profiles.recent_inquiries_90d,false,"1 inquiries in the 90-day lookback, below the explanation trigger."
APP-000020-EVAL-009,APP-000020,CRD-DLQ-001,POL-CRD-003,1.0,2026-01-01,SYNTHETIC_INTERNAL_POLICY,REFER,PASS,0,==,0,credit_accounts.housing_late_history,false,No housing payment 30 or more days past due in the last 12 months.
APP-000020-EVAL-010,APP-000020,CRD-DLQ-003,POL-CRD-003,1.0,2026-01-01,SYNTHETIC_INTERNAL_POLICY,ADVISORY,PASS,0.2800,<=,0.8,underwriting_calculations.credit_utilization,false,Revolving utilisation 28.00% is within the risk-note threshold.
APP-000020-EVAL-011,APP-000020,EMP-CNT-001,POL-EMP-002,1.0,2026-01-01,SYNTHETIC_INTERNAL_POLICY,CONDITIONAL,PASS,60,>=,24,employment.start_date,false,Employment history of 60 months meets the 24-month requirement.
APP-000020-EVAL-012,APP-000020,VA-OVL-003,POL-VA-001,1.0,2026-01-01,SYNTHETIC_INTERNAL_POLICY,HARD_FAIL,FAIL,1302.00,>=,1416.00,underwriting_calculations.residual_income_monthly|underwriting_calculations.back_end_dti|applications.household_size,false,"Back-end debt-to-income 58.00% exceeds the 41.00% guideline, which is permitted only where residual income reaches 1,416.00. Residual income is 1,302.00, so the guideline governs."
APP-000020-EVAL-013,APP-000020,DTI-CALC-003,POL-DTI-001,2.0,2026-07-01,SYNTHETIC_INTERNAL_POLICY,ADVISORY,PASS,1302.00,,,underwriting_calculations.residual_income_monthly,false,"Monthly disposable income 1,302.00 recorded alongside the ratio."
APP-000020-EVAL-014,APP-000020,AST-FTC-003,POL-AST-002,1.0,2026-01-01,SYNTHETIC_INTERNAL_POLICY,HARD_FAIL,PASS,8854.43,>=,3900.48,underwriting_calculations.funds_to_close_required|underwriting_calculations.funds_to_close_available,false,"Eligible funds available 8,854.43 against 3,900.48 required at settlement."
APP-000020-EVAL-015,APP-000020,AST-RSV-002,POL-AST-003,2.0,2026-07-01,SYNTHETIC_INTERNAL_POLICY,CONDITIONAL,PASS,4.00,>=,4,underwriting_calculations.post_close_reserves|underwriting_calculations.months_reserves,false,"Post-closing reserves of 4.00 months against the 4-month requirement for this occupancy, leverage and affordability profile."
APP-000020-EVAL-016,APP-000020,VAL-APR-001,POL-VAL-001,2.0,2026-07-01,SYNTHETIC_INTERNAL_POLICY,CONDITIONAL,PASS,full_appraisal,==,full_appraisal,appraisals.valuation_method,false,Valuation method 'full_appraisal' satisfies the requirement for this transaction.
APP-000020-EVAL-017,APP-000020,VAL-APR-003,POL-VAL-001,2.0,2026-07-01,SYNTHETIC_INTERNAL_POLICY,CONDITIONAL,PASS,24,<=,120,appraisals.appraisal_date,false,"Valuation is 24 days old, within the 120-day window."
APP-000020-EVAL-018,APP-000020,DOC-REQ-003,POL-DOC-001,1.0,2026-01-01,SYNTHETIC_INTERNAL_POLICY,CONDITIONAL,PASS,1.0000,==,1.0000,documents,false,Document completeness 100.00% (0 of 0 required documents received and current).
APP-000020-EVAL-019,APP-000020,GEN-ELG-005,POL-GEN-001,1.0,2026-01-01,SYNTHETIC_INTERNAL_POLICY,CONDITIONAL,PASS,0,==,0,rule_evaluations|documents,false,"Every rule in scope had the inputs it needed, so none evaluated to INDETERMINATE."
APP-000020-EVAL-020,APP-000020,DEC-REC-001,POL-DEC-001,1.0,2026-01-01,SYNTHETIC_INTERNAL_POLICY,HARD_FAIL,PASS,,,,decisions|decision_reasons,false,"The recommendation is drawn from the controlled vocabulary and carries the rule ids, policy versions and calculation records supporting it."
APP-000020-EVAL-021,APP-000020,DEC-AUD-001,POL-DEC-001,1.0,2026-01-01,SYNTHETIC_INTERNAL_POLICY,HARD_FAIL,PASS,,,,audit_events,false,"The decision record carries the full chain: policy version, rule, calculation, evidence and reason."
APP-000021-EVAL-001,APP-000021,SEC-INJ-001,POL-SEC-001,1.0,2026-01-01,SYNTHETIC_INTERNAL_POLICY,HARD_FAIL,PASS,,,,documents.contains_untrusted_text,false,No applicant-supplied text required quarantine beyond the standard trust-class handling.
APP-000021-EVAL-002,APP-000021,KYC-IDV-001,POL-KYC-001,1.0,2026-01-01,REGULATORY,HARD_FAIL,PASS,VERIFIED,==,VERIFIED,verifications.identity,false,"Identity verified; name, date of birth, address and a tokenised identification number were collected and matched."
APP-000021-EVAL-003,APP-000021,FRD-IND-001,POL-FRD-001,1.0,2026-01-01,SYNTHETIC_INTERNAL_POLICY,REFER,PASS,0,==,0,documents|verifications,false,No cross-source inconsistency without an innocent arithmetic explanation was identified.
APP-000021-EVAL-004,APP-000021,PRP-ELG-001,POL-PRP-001,1.0,2026-01-01,SYNTHETIC_INTERNAL_POLICY,HARD_FAIL,PASS,single_family_detached/1,in,"1-4 units, eligible type",properties.property_type|properties.units,false,Property type 'single_family_detached' with 1 unit(s) is eligible.
APP-000021-EVAL-005,APP-000021,USD-OVL-002,POL-USDA-001,1.0,2026-01-01,SYNTHETIC_INTERNAL_POLICY,HARD_FAIL,FAIL,138400.00,<=,121500,income.household_annual_income,false,Adjusted household income exceeds the programme limit for the household size.
APP-000021-EVAL-006,APP-000021,USD-OVL-003,POL-USDA-001,1.0,2026-01-01,SYNTHETIC_INTERNAL_POLICY,ADVISORY,PASS,1.0000,<=,1.0,loans.loan_amount|properties.value_used_for_ltv|underwriting_calculations.ltv,false,Loan-to-value 100.00% against the primary_residence limit of 100.00% for this programme.
APP-000021-EVAL-007,APP-000021,CRD-SCR-003,POL-CRD-001,2.0,2026-07-01,SYNTHETIC_INTERNAL_POLICY,HARD_FAIL,PASS,704,>=,640,credit_profiles.representative_score,false,Representative score 704 against the applicable floor of 640.
APP-000021-EVAL-008,APP-000021,CRD-SCR-004,POL-CRD-001,2.0,2026-07-01,SYNTHETIC_INTERNAL_POLICY,CONDITIONAL,PASS,21,<=,90,credit_profiles.report_date,false,Credit report is 21 days old against the 90-day window in force on the as-of date.
APP-000021-EVAL-009,APP-000021,CRD-SCR-007,POL-CRD-001,2.0,2026-07-01,SYNTHETIC_INTERNAL_POLICY,CONDITIONAL,PASS,1,<,4,credit_profiles.recent_inquiries_90d,false,"1 inquiries in the 90-day lookback, below the explanation trigger."
APP-000021-EVAL-010,APP-000021,CRD-DLQ-001,POL-CRD-003,1.0,2026-01-01,SYNTHETIC_INTERNAL_POLICY,REFER,PASS,0,==,0,credit_accounts.housing_late_history,false,No housing payment 30 or more days past due in the last 12 months.
APP-000021-EVAL-011,APP-000021,CRD-DLQ-003,POL-CRD-003,1.0,2026-01-01,SYNTHETIC_INTERNAL_POLICY,ADVISORY,PASS,0.2800,<=,0.8,underwriting_calculations.credit_utilization,false,Revolving utilisation 28.00% is within the risk-note threshold.
APP-000021-EVAL-012,APP-000021,EMP-CNT-001,POL-EMP-002,1.0,2026-01-01,SYNTHETIC_INTERNAL_POLICY,CONDITIONAL,PASS,60,>=,24,employment.start_date,false,Employment history of 60 months meets the 24-month requirement.
APP-000021-EVAL-013,APP-000021,USD-OVL-004,POL-USDA-001,1.0,2026-01-01,SYNTHETIC_INTERNAL_POLICY,HARD_FAIL,PASS,0.3000,<=,0.44,underwriting_calculations.total_monthly_debt|underwriting_calculations.qualifying_monthly_income|underwriting_calculations.back_end_dti,false,Back-end debt-to-income 30.00% against the applicable limit of 44.00%.
APP-000021-EVAL-014,APP-000021,USD-OVL-004,POL-USDA-001,1.0,2026-01-01,SYNTHETIC_INTERNAL_POLICY,HARD_FAIL,PASS,0.2799,<=,0.34,underwriting_calculations.front_end_dti,false,Housing ratio 27.99% against the programme's hard limit of 34.00%.
APP-000021-EVAL-015,APP-000021,DTI-CALC-003,POL-DTI-001,2.0,2026-07-01,SYNTHETIC_INTERNAL_POLICY,ADVISORY,PASS,4054.17,,,underwriting_calculations.residual_income_monthly,false,"Monthly disposable income 4,054.17 recorded alongside the ratio."
APP-000021-EVAL-016,APP-000021,AST-FTC-003,POL-AST-002,1.0,2026-01-01,SYNTHETIC_INTERNAL_POLICY,HARD_FAIL,PASS,8700.79,>=,3512.89,underwriting_calculations.funds_to_close_required|underwriting_calculations.funds_to_close_available,false,"Eligible funds available 8,700.79 against 3,512.89 required at settlement."
APP-000021-EVAL-017,APP-000021,AST-RSV-002,POL-AST-003,2.0,2026-07-01,SYNTHETIC_INTERNAL_POLICY,CONDITIONAL,PASS,4.00,>=,2,underwriting_calculations.post_close_reserves|underwriting_calculations.months_reserves,false,"Post-closing reserves of 4.00 months against the 2-month requirement for this occupancy, leverage and affordability profile."
APP-000021-EVAL-018,APP-000021,VAL-APR-001,POL-VAL-001,2.0,2026-07-01,SYNTHETIC_INTERNAL_POLICY,CONDITIONAL,PASS,full_appraisal,==,full_appraisal,appraisals.valuation_method,false,Valuation method 'full_appraisal' satisfies the requirement for this transaction.
APP-000021-EVAL-019,APP-000021,VAL-APR-003,POL-VAL-001,2.0,2026-07-01,SYNTHETIC_INTERNAL_POLICY,CONDITIONAL,PASS,24,<=,120,appraisals.appraisal_date,false,"Valuation is 24 days old, within the 120-day window."
APP-000021-EVAL-020,APP-000021,DOC-REQ-003,POL-DOC-001,1.0,2026-01-01,SYNTHETIC_INTERNAL_POLICY,CONDITIONAL,PASS,1.0000,==,1.0000,documents,false,Document completeness 100.00% (0 of 0 required documents received and current).
APP-000021-EVAL-021,APP-000021,GEN-ELG-005,POL-GEN-001,1.0,2026-01-01,SYNTHETIC_INTERNAL_POLICY,CONDITIONAL,PASS,0,==,0,rule_evaluations|documents,false,"Every rule in scope had the inputs it needed, so none evaluated to INDETERMINATE."
APP-000021-EVAL-022,APP-000021,DEC-REC-001,POL-DEC-001,1.0,2026-01-01,SYNTHETIC_INTERNAL_POLICY,HARD_FAIL,PASS,,,,decisions|decision_reasons,false,"The recommendation is drawn from the controlled vocabulary and carries the rule ids, policy versions and calculation records supporting it."
APP-000021-EVAL-023,APP-000021,DEC-AUD-001,POL-DEC-001,1.0,2026-01-01,SYNTHETIC_INTERNAL_POLICY,HARD_FAIL,PASS,,,,audit_events,false,"The decision record carries the full chain: policy version, rule, calculation, evidence and reason."
APP-000022-EVAL-001,APP-000022,SEC-INJ-001,POL-SEC-001,1.0,2026-01-01,SYNTHETIC_INTERNAL_POLICY,HARD_FAIL,PASS,,,,documents.contains_untrusted_text,false,No applicant-supplied text required quarantine beyond the standard trust-class handling.
APP-000022-EVAL-002,APP-000022,KYC-IDV-001,POL-KYC-001,1.0,2026-01-01,REGULATORY,HARD_FAIL,PASS,VERIFIED,==,VERIFIED,verifications.identity,false,"Identity verified; name, date of birth, address and a tokenised identification number were collected and matched."
APP-000022-EVAL-003,APP-000022,FRD-IND-001,POL-FRD-001,1.0,2026-01-01,SYNTHETIC_INTERNAL_POLICY,REFER,PASS,0,==,0,documents|verifications,false,No cross-source inconsistency without an innocent arithmetic explanation was identified.
APP-000022-EVAL-004,APP-000022,GEN-ELG-003,POL-GEN-001,1.0,2026-01-01,AGENCY_INVESTOR,HARD_FAIL,PASS,381888.00,<=,832750,loans.base_loan_amount,false,Base loan amount is within the applicable one-unit conforming limit.
APP-000022-EVAL-005,APP-000022,PRP-ELG-001,POL-PRP-001,1.0,2026-01-01,SYNTHETIC_INTERNAL_POLICY,HARD_FAIL,PASS,single_family_detached/1,in,"1-4 units, eligible type",properties.property_type|properties.units,false,Property type 'single_family_detached' with 1 unit(s) is eligible.
APP-000022-EVAL-006,APP-000022,CONV-RTR-002,POL-CONV-002,1.0,2026-01-01,SYNTHETIC_INTERNAL_POLICY,HARD_FAIL,PASS,0.7800,<=,0.95,loans.loan_amount|properties.value_used_for_ltv|underwriting_calculations.ltv,false,Loan-to-value 78.00% against the primary_residence limit of 95.00% for this programme.
APP-000022-EVAL-007,APP-000022,CRD-SCR-003,POL-CRD-001,2.0,2026-07-01,SYNTHETIC_INTERNAL_POLICY,HARD_FAIL,PASS,738,>=,620,credit_profiles.representative_score,false,Representative score 738 against the applicable floor of 620.
APP-000022-EVAL-008,APP-000022,CRD-SCR-004,POL-CRD-001,2.0,2026-07-01,SYNTHETIC_INTERNAL_POLICY,CONDITIONAL,PASS,21,<=,90,credit_profiles.report_date,false,Credit report is 21 days old against the 90-day window in force on the as-of date.
APP-000022-EVAL-009,APP-000022,CRD-SCR-007,POL-CRD-001,2.0,2026-07-01,SYNTHETIC_INTERNAL_POLICY,CONDITIONAL,PASS,1,<,4,credit_profiles.recent_inquiries_90d,false,"1 inquiries in the 90-day lookback, below the explanation trigger."
APP-000022-EVAL-010,APP-000022,CRD-DLQ-001,POL-CRD-003,1.0,2026-01-01,SYNTHETIC_INTERNAL_POLICY,REFER,PASS,0,==,0,credit_accounts.housing_late_history,false,No housing payment 30 or more days past due in the last 12 months.
APP-000022-EVAL-011,APP-000022,CRD-DLQ-003,POL-CRD-003,1.0,2026-01-01,SYNTHETIC_INTERNAL_POLICY,ADVISORY,PASS,0.2800,<=,0.8,underwriting_calculations.credit_utilization,false,Revolving utilisation 28.00% is within the risk-note threshold.
APP-000022-EVAL-012,APP-000022,EMP-CNT-001,POL-EMP-002,1.0,2026-01-01,SYNTHETIC_INTERNAL_POLICY,CONDITIONAL,PASS,60,>=,24,employment.start_date,false,Employment history of 60 months meets the 24-month requirement.
APP-000022-EVAL-013,APP-000022,DTI-CONV-001,POL-DTI-001,2.0,2026-07-01,SYNTHETIC_INTERNAL_POLICY,HARD_FAIL,PASS,0.3500,<=,0.43,underwriting_calculations.total_monthly_debt|underwriting_calculations.qualifying_monthly_income|underwriting_calculations.back_end_dti,false,Back-end debt-to-income 35.00% against the applicable limit of 43.00%.
APP-000022-EVAL-014,APP-000022,DTI-CONV-002,POL-DTI-001,2.0,2026-07-01,SYNTHETIC_INTERNAL_POLICY,ADVISORY,PASS,0.2900,<=,0.38,underwriting_calculations.front_end_dti,false,Housing ratio 29.00% recorded; this measure is advisory on this programme.
APP-000022-EVAL-015,APP-000022,DTI-CALC-003,POL-DTI-001,2.0,2026-07-01,SYNTHETIC_INTERNAL_POLICY,ADVISORY,PASS,7469.59,,,underwriting_calculations.residual_income_monthly,false,"Monthly disposable income 7,469.59 recorded alongside the ratio."
APP-000022-EVAL-016,APP-000022,AST-FTC-003,POL-AST-002,1.0,2026-01-01,SYNTHETIC_INTERNAL_POLICY,HARD_FAIL,PASS,26166.07,>=,10168.29,underwriting_calculations.funds_to_close_required|underwriting_calculations.funds_to_close_available,false,"Eligible funds available 26,166.07 against 10,168.29 required at settlement."
APP-000022-EVAL-017,APP-000022,AST-RSV-002,POL-AST-003,2.0,2026-07-01,SYNTHETIC_INTERNAL_POLICY,CONDITIONAL,PASS,6.00,>=,0,underwriting_calculations.post_close_reserves|underwriting_calculations.months_reserves,false,"Post-closing reserves of 6.00 months against the 0-month requirement for this occupancy, leverage and affordability profile."
APP-000022-EVAL-018,APP-000022,VAL-APR-001,POL-VAL-001,2.0,2026-07-01,SYNTHETIC_INTERNAL_POLICY,CONDITIONAL,PASS,full_appraisal,==,full_appraisal,appraisals.valuation_method,false,Valuation method 'full_appraisal' satisfies the requirement for this transaction.
APP-000022-EVAL-019,APP-000022,VAL-APR-003,POL-VAL-001,2.0,2026-07-01,SYNTHETIC_INTERNAL_POLICY,CONDITIONAL,PASS,24,<=,120,appraisals.appraisal_date,false,"Valuation is 24 days old, within the 120-day window."
APP-000022-EVAL-020,APP-000022,DOC-REQ-003,POL-DOC-001,1.0,2026-01-01,SYNTHETIC_INTERNAL_POLICY,CONDITIONAL,PASS,1.0000,==,1.0000,documents,false,Document completeness 100.00% (0 of 0 required documents received and current).
APP-000022-EVAL-021,APP-000022,GEN-ELG-005,POL-GEN-001,1.0,2026-01-01,SYNTHETIC_INTERNAL_POLICY,CONDITIONAL,PASS,0,==,0,rule_evaluations|documents,false,"Every rule in scope had the inputs it needed, so none evaluated to INDETERMINATE."
APP-000022-EVAL-022,APP-000022,DEC-REC-001,POL-DEC-001,1.0,2026-01-01,SYNTHETIC_INTERNAL_POLICY,HARD_FAIL,PASS,,,,decisions|decision_reasons,false,"The recommendation is drawn from the controlled vocabulary and carries the rule ids, policy versions and calculation records supporting it."
APP-000022-EVAL-023,APP-000022,DEC-AUD-001,POL-DEC-001,1.0,2026-01-01,SYNTHETIC_INTERNAL_POLICY,HARD_FAIL,PASS,,,,audit_events,false,"The decision record carries the full chain: policy version, rule, calculation, evidence and reason."
APP-000023-EVAL-001,APP-000023,SEC-INJ-001,POL-SEC-001,1.0,2026-01-01,SYNTHETIC_INTERNAL_POLICY,HARD_FAIL,PASS,,,,documents.contains_untrusted_text,false,No applicant-supplied text required quarantine beyond the standard trust-class handling.
APP-000023-EVAL-002,APP-000023,KYC-IDV-001,POL-KYC-001,1.0,2026-01-01,REGULATORY,HARD_FAIL,PASS,VERIFIED,==,VERIFIED,verifications.identity,false,"Identity verified; name, date of birth, address and a tokenised identification number were collected and matched."
APP-000023-EVAL-003,APP-000023,FRD-IND-001,POL-FRD-001,1.0,2026-01-01,SYNTHETIC_INTERNAL_POLICY,REFER,PASS,0,==,0,documents|verifications,false,No cross-source inconsistency without an innocent arithmetic explanation was identified.
APP-000023-EVAL-004,APP-000023,GEN-ELG-003,POL-GEN-001,1.0,2026-01-01,AGENCY_INVESTOR,HARD_FAIL,PASS,332112.00,<=,832750,loans.base_loan_amount,false,Base loan amount is within the applicable one-unit conforming limit.
APP-000023-EVAL-005,APP-000023,PRP-ELG-001,POL-PRP-001,1.0,2026-01-01,SYNTHETIC_INTERNAL_POLICY,HARD_FAIL,PASS,single_family_detached/1,in,"1-4 units, eligible type",properties.property_type|properties.units,false,Property type 'single_family_detached' with 1 unit(s) is eligible.
APP-000023-EVAL-006,APP-000023,CONV-COR-001,POL-CONV-003,1.0,2026-01-01,SYNTHETIC_INTERNAL_POLICY,HARD_FAIL,PASS,38,>=,6,properties.ownership_months,false,The borrower has held title for 38 months against the 6-month requirement for equity extraction.
APP-000023-EVAL-007,APP-000023,CONV-COR-002,POL-CONV-003,1.0,2026-01-01,SYNTHETIC_INTERNAL_POLICY,HARD_FAIL,PASS,0.7400,<=,0.8,loans.loan_amount|properties.value_used_for_ltv|underwriting_calculations.ltv,false,Loan-to-value 74.00% against the primary_residence limit of 80.00% for this programme.
APP-000023-EVAL-008,APP-000023,CONV-COR-003,POL-CONV-003,1.0,2026-01-01,SYNTHETIC_INTERNAL_POLICY,HARD_FAIL,PASS,724,>=,680,credit_profiles.representative_score,false,Representative score 724 against the applicable floor of 680.
APP-000023-EVAL-009,APP-000023,CRD-SCR-004,POL-CRD-001,2.0,2026-07-01,SYNTHETIC_INTERNAL_POLICY,CONDITIONAL,PASS,21,<=,90,credit_profiles.report_date,false,Credit report is 21 days old against the 90-day window in force on the as-of date.
APP-000023-EVAL-010,APP-000023,CRD-SCR-007,POL-CRD-001,2.0,2026-07-01,SYNTHETIC_INTERNAL_POLICY,CONDITIONAL,PASS,1,<,4,credit_profiles.recent_inquiries_90d,false,"1 inquiries in the 90-day lookback, below the explanation trigger."
APP-000023-EVAL-011,APP-000023,CRD-DLQ-001,POL-CRD-003,1.0,2026-01-01,SYNTHETIC_INTERNAL_POLICY,REFER,PASS,0,==,0,credit_accounts.housing_late_history,false,No housing payment 30 or more days past due in the last 12 months.
APP-000023-EVAL-012,APP-000023,CRD-DLQ-003,POL-CRD-003,1.0,2026-01-01,SYNTHETIC_INTERNAL_POLICY,ADVISORY,PASS,0.2800,<=,0.8,underwriting_calculations.credit_utilization,false,Revolving utilisation 28.00% is within the risk-note threshold.
APP-000023-EVAL-013,APP-000023,EMP-CNT-001,POL-EMP-002,1.0,2026-01-01,SYNTHETIC_INTERNAL_POLICY,CONDITIONAL,PASS,60,>=,24,employment.start_date,false,Employment history of 60 months meets the 24-month requirement.
APP-000023-EVAL-014,APP-000023,DTI-CONV-001,POL-DTI-001,2.0,2026-07-01,SYNTHETIC_INTERNAL_POLICY,HARD_FAIL,PASS,0.3600,<=,0.43,underwriting_calculations.total_monthly_debt|underwriting_calculations.qualifying_monthly_income|underwriting_calculations.back_end_dti,false,Back-end debt-to-income 36.00% against the applicable limit of 43.00%.
APP-000023-EVAL-015,APP-000023,DTI-CONV-002,POL-DTI-001,2.0,2026-07-01,SYNTHETIC_INTERNAL_POLICY,ADVISORY,PASS,0.2900,<=,0.38,underwriting_calculations.front_end_dti,false,Housing ratio 29.00% recorded; this measure is advisory on this programme.
APP-000023-EVAL-016,APP-000023,DTI-CALC-003,POL-DTI-001,2.0,2026-07-01,SYNTHETIC_INTERNAL_POLICY,ADVISORY,PASS,5728.00,,,underwriting_calculations.residual_income_monthly,false,"Monthly disposable income 5,728.00 recorded alongside the ratio."
APP-000023-EVAL-017,APP-000023,AST-FTC-003,POL-AST-002,1.0,2026-01-01,SYNTHETIC_INTERNAL_POLICY,HARD_FAIL,PASS,16613.12,>=,0.00,underwriting_calculations.funds_to_close_required|underwriting_calculations.funds_to_close_available,false,"Eligible funds available 16,613.12 against 0.00 required at settlement."
APP-000023-EVAL-018,APP-000023,AST-RSV-002,POL-AST-003,2.0,2026-07-01,SYNTHETIC_INTERNAL_POLICY,CONDITIONAL,PASS,8.00,>=,0,underwriting_calculations.post_close_reserves|underwriting_calculations.months_reserves,false,"Post-closing reserves of 8.00 months against the 0-month requirement for this occupancy, leverage and affordability profile."
APP-000023-EVAL-019,APP-000023,CONV-COR-004,POL-CONV-003,1.0,2026-01-01,SYNTHETIC_INTERNAL_POLICY,CONDITIONAL,PASS,8.00,>=,6,underwriting_calculations.months_reserves,false,"Cash-out reserves of 8.00 months against the 6-month requirement, counted from assets other than loan proceeds."
APP-000023-EVAL-020,APP-000023,VAL-APR-001,POL-VAL-001,2.0,2026-07-01,SYNTHETIC_INTERNAL_POLICY,CONDITIONAL,PASS,full_appraisal,==,full_appraisal,appraisals.valuation_method,false,Valuation method 'full_appraisal' satisfies the requirement for this transaction.
APP-000023-EVAL-021,APP-000023,VAL-APR-003,POL-VAL-001,2.0,2026-07-01,SYNTHETIC_INTERNAL_POLICY,CONDITIONAL,PASS,24,<=,120,appraisals.appraisal_date,false,"Valuation is 24 days old, within the 120-day window."
APP-000023-EVAL-022,APP-000023,DOC-REQ-003,POL-DOC-001,1.0,2026-01-01,SYNTHETIC_INTERNAL_POLICY,CONDITIONAL,PASS,1.0000,==,1.0000,documents,false,Document completeness 100.00% (0 of 0 required documents received and current).
APP-000023-EVAL-023,APP-000023,GEN-ELG-005,POL-GEN-001,1.0,2026-01-01,SYNTHETIC_INTERNAL_POLICY,CONDITIONAL,PASS,0,==,0,rule_evaluations|documents,false,"Every rule in scope had the inputs it needed, so none evaluated to INDETERMINATE."
APP-000023-EVAL-024,APP-000023,DEC-REC-001,POL-DEC-001,1.0,2026-01-01,SYNTHETIC_INTERNAL_POLICY,HARD_FAIL,PASS,,,,decisions|decision_reasons,false,"The recommendation is drawn from the controlled vocabulary and carries the rule ids, policy versions and calculation records supporting it."
APP-000023-EVAL-025,APP-000023,DEC-AUD-001,POL-DEC-001,1.0,2026-01-01,SYNTHETIC_INTERNAL_POLICY,HARD_FAIL,PASS,,,,audit_events,false,"The decision record carries the full chain: policy version, rule, calculation, evidence and reason."
APP-000024-EVAL-001,APP-000024,SEC-INJ-001,POL-SEC-001,1.0,2026-01-01,SYNTHETIC_INTERNAL_POLICY,HARD_FAIL,PASS,,,,documents.contains_untrusted_text,false,No applicant-supplied text required quarantine beyond the standard trust-class handling.
APP-000024-EVAL-002,APP-000024,KYC-IDV-001,POL-KYC-001,1.0,2026-01-01,REGULATORY,HARD_FAIL,PASS,VERIFIED,==,VERIFIED,verifications.identity,false,"Identity verified; name, date of birth, address and a tokenised identification number were collected and matched."
APP-000024-EVAL-003,APP-000024,FRD-IND-001,POL-FRD-001,1.0,2026-01-01,SYNTHETIC_INTERNAL_POLICY,REFER,PASS,0,==,0,documents|verifications,false,No cross-source inconsistency without an innocent arithmetic explanation was identified.
APP-000024-EVAL-004,APP-000024,GEN-ELG-003,POL-GEN-001,1.0,2026-01-01,AGENCY_INVESTOR,HARD_FAIL,PASS,349860.00,<=,832750,loans.base_loan_amount,false,Base loan amount is within the applicable one-unit conforming limit.
APP-000024-EVAL-005,APP-000024,PRP-ELG-001,POL-PRP-001,1.0,2026-01-01,SYNTHETIC_INTERNAL_POLICY,HARD_FAIL,PASS,single_family_detached/1,in,"1-4 units, eligible type",properties.property_type|properties.units,false,Property type 'single_family_detached' with 1 unit(s) is eligible.
APP-000024-EVAL-006,APP-000024,CONV-COR-001,POL-CONV-003,1.0,2026-01-01,SYNTHETIC_INTERNAL_POLICY,HARD_FAIL,FAIL,4,>=,6,properties.ownership_months,false,The borrower has held title for 4 months against the 6-month requirement for equity extraction.
APP-000024-EVAL-007,APP-000024,CONV-COR-002,POL-CONV-003,1.0,2026-01-01,SYNTHETIC_INTERNAL_POLICY,HARD_FAIL,PASS,0.7000,<=,0.8,loans.loan_amount|properties.value_used_for_ltv|underwriting_calculations.ltv,false,Loan-to-value 70.00% against the primary_residence limit of 80.00% for this programme.
APP-000024-EVAL-008,APP-000024,CONV-COR-003,POL-CONV-003,1.0,2026-01-01,SYNTHETIC_INTERNAL_POLICY,HARD_FAIL,PASS,736,>=,680,credit_profiles.representative_score,false,Representative score 736 against the applicable floor of 680.
APP-000024-EVAL-009,APP-000024,CRD-SCR-004,POL-CRD-001,2.0,2026-07-01,SYNTHETIC_INTERNAL_POLICY,CONDITIONAL,PASS,21,<=,90,credit_profiles.report_date,false,Credit report is 21 days old against the 90-day window in force on the as-of date.
APP-000024-EVAL-010,APP-000024,CRD-SCR-007,POL-CRD-001,2.0,2026-07-01,SYNTHETIC_INTERNAL_POLICY,CONDITIONAL,PASS,1,<,4,credit_profiles.recent_inquiries_90d,false,"1 inquiries in the 90-day lookback, below the explanation trigger."
APP-000024-EVAL-011,APP-000024,CRD-DLQ-001,POL-CRD-003,1.0,2026-01-01,SYNTHETIC_INTERNAL_POLICY,REFER,PASS,0,==,0,credit_accounts.housing_late_history,false,No housing payment 30 or more days past due in the last 12 months.
APP-000024-EVAL-012,APP-000024,CRD-DLQ-003,POL-CRD-003,1.0,2026-01-01,SYNTHETIC_INTERNAL_POLICY,ADVISORY,PASS,0.2800,<=,0.8,underwriting_calculations.credit_utilization,false,Revolving utilisation 28.00% is within the risk-note threshold.
APP-000024-EVAL-013,APP-000024,EMP-CNT-001,POL-EMP-002,1.0,2026-01-01,SYNTHETIC_INTERNAL_POLICY,CONDITIONAL,PASS,60,>=,24,employment.start_date,false,Employment history of 60 months meets the 24-month requirement.
APP-000024-EVAL-014,APP-000024,DTI-CONV-001,POL-DTI-001,2.0,2026-07-01,SYNTHETIC_INTERNAL_POLICY,HARD_FAIL,PASS,0.3300,<=,0.43,underwriting_calculations.total_monthly_debt|underwriting_calculations.qualifying_monthly_income|underwriting_calculations.back_end_dti,false,Back-end debt-to-income 33.00% against the applicable limit of 43.00%.
APP-000024-EVAL-015,APP-000024,DTI-CONV-002,POL-DTI-001,2.0,2026-07-01,SYNTHETIC_INTERNAL_POLICY,ADVISORY,PASS,0.2900,<=,0.38,underwriting_calculations.front_end_dti,false,Housing ratio 29.00% recorded; this measure is advisory on this programme.
APP-000024-EVAL-016,APP-000024,DTI-CALC-003,POL-DTI-001,2.0,2026-07-01,SYNTHETIC_INTERNAL_POLICY,ADVISORY,PASS,6873.08,,,underwriting_calculations.residual_income_monthly,false,"Monthly disposable income 6,873.08 recorded alongside the ratio."
APP-000024-EVAL-017,APP-000024,AST-FTC-003,POL-AST-002,1.0,2026-01-01,SYNTHETIC_INTERNAL_POLICY,HARD_FAIL,PASS,21418.99,>=,0.00,underwriting_calculations.funds_to_close_required|underwriting_calculations.funds_to_close_available,false,"Eligible funds available 21,418.99 against 0.00 required at settlement."
APP-000024-EVAL-018,APP-000024,AST-RSV-002,POL-AST-003,2.0,2026-07-01,SYNTHETIC_INTERNAL_POLICY,CONDITIONAL,PASS,9.00,>=,0,underwriting_calculations.post_close_reserves|underwriting_calculations.months_reserves,false,"Post-closing reserves of 9.00 months against the 0-month requirement for this occupancy, leverage and affordability profile."
APP-000024-EVAL-019,APP-000024,CONV-COR-004,POL-CONV-003,1.0,2026-01-01,SYNTHETIC_INTERNAL_POLICY,CONDITIONAL,PASS,9.00,>=,6,underwriting_calculations.months_reserves,false,"Cash-out reserves of 9.00 months against the 6-month requirement, counted from assets other than loan proceeds."
APP-000024-EVAL-020,APP-000024,VAL-APR-001,POL-VAL-001,2.0,2026-07-01,SYNTHETIC_INTERNAL_POLICY,CONDITIONAL,PASS,full_appraisal,==,full_appraisal,appraisals.valuation_method,false,Valuation method 'full_appraisal' satisfies the requirement for this transaction.
APP-000024-EVAL-021,APP-000024,VAL-APR-003,POL-VAL-001,2.0,2026-07-01,SYNTHETIC_INTERNAL_POLICY,CONDITIONAL,PASS,24,<=,120,appraisals.appraisal_date,false,"Valuation is 24 days old, within the 120-day window."
APP-000024-EVAL-022,APP-000024,DOC-REQ-003,POL-DOC-001,1.0,2026-01-01,SYNTHETIC_INTERNAL_POLICY,CONDITIONAL,PASS,1.0000,==,1.0000,documents,false,Document completeness 100.00% (0 of 0 required documents received and current).
APP-000024-EVAL-023,APP-000024,GEN-ELG-005,POL-GEN-001,1.0,2026-01-01,SYNTHETIC_INTERNAL_POLICY,CONDITIONAL,PASS,0,==,0,rule_evaluations|documents,false,"Every rule in scope had the inputs it needed, so none evaluated to INDETERMINATE."
APP-000024-EVAL-024,APP-000024,DEC-REC-001,POL-DEC-001,1.0,2026-01-01,SYNTHETIC_INTERNAL_POLICY,HARD_FAIL,PASS,,,,decisions|decision_reasons,false,"The recommendation is drawn from the controlled vocabulary and carries the rule ids, policy versions and calculation records supporting it."
APP-000024-EVAL-025,APP-000024,DEC-AUD-001,POL-DEC-001,1.0,2026-01-01,SYNTHETIC_INTERNAL_POLICY,HARD_FAIL,PASS,,,,audit_events,false,"The decision record carries the full chain: policy version, rule, calculation, evidence and reason."
APP-000025-EVAL-001,APP-000025,SEC-INJ-001,POL-SEC-001,1.0,2026-01-01,SYNTHETIC_INTERNAL_POLICY,HARD_FAIL,PASS,,,,documents.contains_untrusted_text,false,No applicant-supplied text required quarantine beyond the standard trust-class handling.
APP-000025-EVAL-002,APP-000025,KYC-IDV-001,POL-KYC-001,1.0,2026-01-01,REGULATORY,HARD_FAIL,PASS,VERIFIED,==,VERIFIED,verifications.identity,false,"Identity verified; name, date of birth, address and a tokenised identification number were collected and matched."
APP-000025-EVAL-003,APP-000025,FRD-IND-001,POL-FRD-001,1.0,2026-01-01,SYNTHETIC_INTERNAL_POLICY,REFER,PASS,0,==,0,documents|verifications,false,No cross-source inconsistency without an innocent arithmetic explanation was identified.
APP-000025-EVAL-004,APP-000025,GEN-ELG-003,POL-GEN-001,1.0,2026-01-01,AGENCY_INVESTOR,HARD_FAIL,PASS,348500.00,<=,832750,loans.base_loan_amount,false,Base loan amount is within the applicable one-unit conforming limit.
APP-000025-EVAL-005,APP-000025,PRP-ELG-001,POL-PRP-001,1.0,2026-01-01,SYNTHETIC_INTERNAL_POLICY,HARD_FAIL,PASS,single_family_detached/1,in,"1-4 units, eligible type",properties.property_type|properties.units,false,Property type 'single_family_detached' with 1 unit(s) is eligible.
APP-000025-EVAL-006,APP-000025,CONV-PUR-002,POL-CONV-001,1.0,2026-01-01,SYNTHETIC_INTERNAL_POLICY,HARD_FAIL,PASS,0.8500,<=,0.9,loans.loan_amount|properties.value_used_for_ltv|underwriting_calculations.ltv,false,Loan-to-value 85.00% against the second_home limit of 90.00% for this programme.
APP-000025-EVAL-007,APP-000025,CONV-PUR-003,POL-CONV-001,1.0,2026-01-01,SYNTHETIC_INTERNAL_POLICY,CONDITIONAL,PASS,0.8500,>,0.80,underwriting_calculations.ltv|loans.monthly_mi,false,Mortgage insurance is required above 80 percent leverage and its premium is included in the qualifying housing expense.
APP-000025-EVAL-008,APP-000025,CRD-SCR-003,POL-CRD-001,2.0,2026-07-01,SYNTHETIC_INTERNAL_POLICY,HARD_FAIL,PASS,756,>=,620,credit_profiles.representative_score,false,Representative score 756 against the applicable floor of 620.
APP-000025-EVAL-009,APP-000025,CRD-SCR-004,POL-CRD-001,2.0,2026-07-01,SYNTHETIC_INTERNAL_POLICY,CONDITIONAL,PASS,21,<=,90,credit_profiles.report_date,false,Credit report is 21 days old against the 90-day window in force on the as-of date.
APP-000025-EVAL-010,APP-000025,CRD-SCR-007,POL-CRD-001,2.0,2026-07-01,SYNTHETIC_INTERNAL_POLICY,CONDITIONAL,PASS,1,<,4,credit_profiles.recent_inquiries_90d,false,"1 inquiries in the 90-day lookback, below the explanation trigger."
APP-000025-EVAL-011,APP-000025,CRD-DLQ-001,POL-CRD-003,1.0,2026-01-01,SYNTHETIC_INTERNAL_POLICY,REFER,PASS,0,==,0,credit_accounts.housing_late_history,false,No housing payment 30 or more days past due in the last 12 months.
APP-000025-EVAL-012,APP-000025,CRD-DLQ-003,POL-CRD-003,1.0,2026-01-01,SYNTHETIC_INTERNAL_POLICY,ADVISORY,PASS,0.2800,<=,0.8,underwriting_calculations.credit_utilization,false,Revolving utilisation 28.00% is within the risk-note threshold.
APP-000025-EVAL-013,APP-000025,EMP-CNT-001,POL-EMP-002,1.0,2026-01-01,SYNTHETIC_INTERNAL_POLICY,CONDITIONAL,PASS,60,>=,24,employment.start_date,false,Employment history of 60 months meets the 24-month requirement.
APP-000025-EVAL-014,APP-000025,DTI-CONV-001,POL-DTI-001,2.0,2026-07-01,SYNTHETIC_INTERNAL_POLICY,HARD_FAIL,PASS,0.3400,<=,0.43,underwriting_calculations.total_monthly_debt|underwriting_calculations.qualifying_monthly_income|underwriting_calculations.back_end_dti,false,Back-end debt-to-income 34.00% against the applicable limit of 43.00%.
APP-000025-EVAL-015,APP-000025,DTI-CONV-002,POL-DTI-001,2.0,2026-07-01,SYNTHETIC_INTERNAL_POLICY,ADVISORY,PASS,0.2899,<=,0.38,underwriting_calculations.front_end_dti,false,Housing ratio 28.99% recorded; this measure is advisory on this programme.
APP-000025-EVAL-016,APP-000025,DTI-CALC-003,POL-DTI-001,2.0,2026-07-01,SYNTHETIC_INTERNAL_POLICY,ADVISORY,PASS,6292.00,,,underwriting_calculations.residual_income_monthly,false,"Monthly disposable income 6,292.00 recorded alongside the ratio."
APP-000025-EVAL-017,APP-000025,AST-FTC-003,POL-AST-002,1.0,2026-01-01,SYNTHETIC_INTERNAL_POLICY,HARD_FAIL,PASS,79008.44,>=,65740.81,underwriting_calculations.funds_to_close_required|underwriting_calculations.funds_to_close_available,false,"Eligible funds available 79,008.44 against 65,740.81 required at settlement."
APP-000025-EVAL-018,APP-000025,AST-RSV-002,POL-AST-003,2.0,2026-07-01,SYNTHETIC_INTERNAL_POLICY,CONDITIONAL,PASS,6.00,>=,2,underwriting_calculations.post_close_reserves|underwriting_calculations.months_reserves,false,"Post-closing reserves of 6.00 months against the 2-month requirement for this occupancy, leverage and affordability profile."
APP-000025-EVAL-019,APP-000025,AST-SRC-001,POL-AST-004,1.0,2026-01-01,SYNTHETIC_INTERNAL_POLICY,CONDITIONAL,PASS,25000.00,==,"documented, eligible donor",assets|documents.gift_letter,false,"Gift of 25,000.00 is from an eligible donor with a signed letter and transfer evidence, and is excluded from reserves."
APP-000025-EVAL-020,APP-000025,CONV-PUR-004,POL-CONV-001,1.0,2026-01-01,SYNTHETIC_INTERNAL_POLICY,CONDITIONAL,PASS,0.0890,>=,0.05,assets|underwriting_calculations.down_payment_amount,false,Borrower's own funds 8.90% of purchase price against the 5.00% minimum for second_home.
APP-000025-EVAL-021,APP-000025,VAL-APR-001,POL-VAL-001,2.0,2026-07-01,SYNTHETIC_INTERNAL_POLICY,CONDITIONAL,PASS,full_appraisal,==,full_appraisal,appraisals.valuation_method,false,Valuation method 'full_appraisal' satisfies the requirement for this transaction.
APP-000025-EVAL-022,APP-000025,VAL-APR-003,POL-VAL-001,2.0,2026-07-01,SYNTHETIC_INTERNAL_POLICY,CONDITIONAL,PASS,24,<=,120,appraisals.appraisal_date,false,"Valuation is 24 days old, within the 120-day window."
APP-000025-EVAL-023,APP-000025,DOC-REQ-003,POL-DOC-001,1.0,2026-01-01,SYNTHETIC_INTERNAL_POLICY,CONDITIONAL,PASS,1.0000,==,1.0000,documents,false,Document completeness 100.00% (0 of 0 required documents received and current).
APP-000025-EVAL-024,APP-000025,GEN-ELG-005,POL-GEN-001,1.0,2026-01-01,SYNTHETIC_INTERNAL_POLICY,CONDITIONAL,PASS,0,==,0,rule_evaluations|documents,false,"Every rule in scope had the inputs it needed, so none evaluated to INDETERMINATE."
APP-000025-EVAL-025,APP-000025,DEC-REC-001,POL-DEC-001,1.0,2026-01-01,SYNTHETIC_INTERNAL_POLICY,HARD_FAIL,PASS,,,,decisions|decision_reasons,false,"The recommendation is drawn from the controlled vocabulary and carries the rule ids, policy versions and calculation records supporting it."
APP-000025-EVAL-026,APP-000025,DEC-AUD-001,POL-DEC-001,1.0,2026-01-01,SYNTHETIC_INTERNAL_POLICY,HARD_FAIL,PASS,,,,audit_events,false,"The decision record carries the full chain: policy version, rule, calculation, evidence and reason."
APP-000026-EVAL-001,APP-000026,SEC-INJ-001,POL-SEC-001,1.0,2026-01-01,SYNTHETIC_INTERNAL_POLICY,HARD_FAIL,PASS,,,,documents.contains_untrusted_text,false,No applicant-supplied text required quarantine beyond the standard trust-class handling.
APP-000026-EVAL-002,APP-000026,KYC-IDV-001,POL-KYC-001,1.0,2026-01-01,REGULATORY,HARD_FAIL,PASS,VERIFIED,==,VERIFIED,verifications.identity,false,"Identity verified; name, date of birth, address and a tokenised identification number were collected and matched."
APP-000026-EVAL-003,APP-000026,FRD-IND-001,POL-FRD-001,1.0,2026-01-01,SYNTHETIC_INTERNAL_POLICY,REFER,PASS,0,==,0,documents|verifications,false,No cross-source inconsistency without an innocent arithmetic explanation was identified.
APP-000026-EVAL-004,APP-000026,GEN-ELG-003,POL-GEN-001,1.0,2026-01-01,AGENCY_INVESTOR,HARD_FAIL,PASS,312000.00,<=,832750,loans.base_loan_amount,false,Base loan amount is within the applicable one-unit conforming limit.
APP-000026-EVAL-005,APP-000026,PRP-ELG-001,POL-PRP-001,1.0,2026-01-01,SYNTHETIC_INTERNAL_POLICY,HARD_FAIL,PASS,single_family_detached/1,in,"1-4 units, eligible type",properties.property_type|properties.units,false,Property type 'single_family_detached' with 1 unit(s) is eligible.
APP-000026-EVAL-006,APP-000026,CONV-PUR-002,POL-CONV-001,1.0,2026-01-01,SYNTHETIC_INTERNAL_POLICY,HARD_FAIL,PASS,0.8000,<=,0.85,loans.loan_amount|properties.value_used_for_ltv|underwriting_calculations.ltv,false,Loan-to-value 80.00% against the investment limit of 85.00% for this programme.
APP-000026-EVAL-007,APP-000026,CRD-SCR-003,POL-CRD-001,2.0,2026-07-01,SYNTHETIC_INTERNAL_POLICY,HARD_FAIL,PASS,762,>=,620,credit_profiles.representative_score,false,Representative score 762 against the applicable floor of 620.
APP-000026-EVAL-008,APP-000026,CRD-SCR-004,POL-CRD-001,2.0,2026-07-01,SYNTHETIC_INTERNAL_POLICY,CONDITIONAL,PASS,21,<=,90,credit_profiles.report_date,false,Credit report is 21 days old against the 90-day window in force on the as-of date.
APP-000026-EVAL-009,APP-000026,CRD-SCR-007,POL-CRD-001,2.0,2026-07-01,SYNTHETIC_INTERNAL_POLICY,CONDITIONAL,PASS,1,<,4,credit_profiles.recent_inquiries_90d,false,"1 inquiries in the 90-day lookback, below the explanation trigger."
APP-000026-EVAL-010,APP-000026,CRD-DLQ-001,POL-CRD-003,1.0,2026-01-01,SYNTHETIC_INTERNAL_POLICY,REFER,PASS,0,==,0,credit_accounts.housing_late_history,false,No housing payment 30 or more days past due in the last 12 months.
APP-000026-EVAL-011,APP-000026,CRD-DLQ-003,POL-CRD-003,1.0,2026-01-01,SYNTHETIC_INTERNAL_POLICY,ADVISORY,PASS,0.2800,<=,0.8,underwriting_calculations.credit_utilization,false,Revolving utilisation 28.00% is within the risk-note threshold.
APP-000026-EVAL-012,APP-000026,EMP-CNT-001,POL-EMP-002,1.0,2026-01-01,SYNTHETIC_INTERNAL_POLICY,CONDITIONAL,PASS,60,>=,24,employment.start_date,false,Employment history of 60 months meets the 24-month requirement.
APP-000026-EVAL-013,APP-000026,DTI-CONV-001,POL-DTI-001,2.0,2026-07-01,SYNTHETIC_INTERNAL_POLICY,HARD_FAIL,PASS,0.3500,<=,0.43,underwriting_calculations.total_monthly_debt|underwriting_calculations.qualifying_monthly_income|underwriting_calculations.back_end_dti,false,Back-end debt-to-income 35.00% against the applicable limit of 43.00%.
APP-000026-EVAL-014,APP-000026,DTI-CONV-002,POL-DTI-001,2.0,2026-07-01,SYNTHETIC_INTERNAL_POLICY,ADVISORY,PASS,0.2901,<=,0.38,underwriting_calculations.front_end_dti,false,Housing ratio 29.01% recorded; this measure is advisory on this programme.
APP-000026-EVAL-015,APP-000026,DTI-CALC-003,POL-DTI-001,2.0,2026-07-01,SYNTHETIC_INTERNAL_POLICY,ADVISORY,PASS,6061.25,,,underwriting_calculations.residual_income_monthly,false,"Monthly disposable income 6,061.25 recorded alongside the ratio."
APP-000026-EVAL-016,APP-000026,AST-FTC-003,POL-AST-002,1.0,2026-01-01,SYNTHETIC_INTERNAL_POLICY,HARD_FAIL,FAIL,70006.46,>=,82694.91,underwriting_calculations.funds_to_close_required|underwriting_calculations.funds_to_close_available,false,"Eligible funds available 70,006.46 against 82,694.91 required at settlement; a shortfall of 12,688.45. This is a deterministic arithmetic failure that no compensating factor cures."
APP-000026-EVAL-017,APP-000026,AST-RSV-002,POL-AST-003,2.0,2026-07-01,SYNTHETIC_INTERNAL_POLICY,CONDITIONAL,FAIL,1.60,>=,8,underwriting_calculations.post_close_reserves|underwriting_calculations.months_reserves,false,"Post-closing reserves of 1.60 months against the 8-month requirement for this occupancy, leverage and affordability profile."
APP-000026-EVAL-018,APP-000026,AST-SRC-001,POL-AST-004,1.0,2026-01-01,SYNTHETIC_INTERNAL_POLICY,CONDITIONAL,FAIL,gift funds present,==,no gift on investment,assets.asset_type,false,Gift funds are not permitted on an investment-property transaction.
APP-000026-EVAL-019,APP-000026,CONV-PUR-004,POL-CONV-001,1.0,2026-01-01,SYNTHETIC_INTERNAL_POLICY,CONDITIONAL,PASS,0.1231,>=,0.05,assets|underwriting_calculations.down_payment_amount,false,Borrower's own funds 12.31% of purchase price against the 5.00% minimum for investment.
APP-000026-EVAL-020,APP-000026,VAL-APR-001,POL-VAL-001,2.0,2026-07-01,SYNTHETIC_INTERNAL_POLICY,CONDITIONAL,PASS,full_appraisal,==,full_appraisal,appraisals.valuation_method,false,Valuation method 'full_appraisal' satisfies the requirement for this transaction.
APP-000026-EVAL-021,APP-000026,VAL-APR-003,POL-VAL-001,2.0,2026-07-01,SYNTHETIC_INTERNAL_POLICY,CONDITIONAL,PASS,24,<=,120,appraisals.appraisal_date,false,"Valuation is 24 days old, within the 120-day window."
APP-000026-EVAL-022,APP-000026,DOC-REQ-003,POL-DOC-001,1.0,2026-01-01,SYNTHETIC_INTERNAL_POLICY,CONDITIONAL,PASS,1.0000,==,1.0000,documents,false,Document completeness 100.00% (0 of 0 required documents received and current).
APP-000026-EVAL-023,APP-000026,GEN-ELG-005,POL-GEN-001,1.0,2026-01-01,SYNTHETIC_INTERNAL_POLICY,CONDITIONAL,PASS,0,==,0,rule_evaluations|documents,false,"Every rule in scope had the inputs it needed, so none evaluated to INDETERMINATE."
APP-000026-EVAL-024,APP-000026,DEC-REC-001,POL-DEC-001,1.0,2026-01-01,SYNTHETIC_INTERNAL_POLICY,HARD_FAIL,PASS,,,,decisions|decision_reasons,false,"The recommendation is drawn from the controlled vocabulary and carries the rule ids, policy versions and calculation records supporting it."
APP-000026-EVAL-025,APP-000026,DEC-AUD-001,POL-DEC-001,1.0,2026-01-01,SYNTHETIC_INTERNAL_POLICY,HARD_FAIL,PASS,,,,audit_events,false,"The decision record carries the full chain: policy version, rule, calculation, evidence and reason."
APP-000027-EVAL-001,APP-000027,SEC-INJ-001,POL-SEC-001,1.0,2026-01-01,SYNTHETIC_INTERNAL_POLICY,HARD_FAIL,PASS,,,,documents.contains_untrusted_text,false,No applicant-supplied text required quarantine beyond the standard trust-class handling.
APP-000027-EVAL-002,APP-000027,KYC-IDV-001,POL-KYC-001,1.0,2026-01-01,REGULATORY,HARD_FAIL,PASS,VERIFIED,==,VERIFIED,verifications.identity,false,"Identity verified; name, date of birth, address and a tokenised identification number were collected and matched."
APP-000027-EVAL-003,APP-000027,FRD-IND-001,POL-FRD-001,1.0,2026-01-01,SYNTHETIC_INTERNAL_POLICY,REFER,PASS,0,==,0,documents|verifications,false,No cross-source inconsistency without an innocent arithmetic explanation was identified.
APP-000027-EVAL-004,APP-000027,GEN-ELG-003,POL-GEN-001,1.0,2026-01-01,AGENCY_INVESTOR,HARD_FAIL,PASS,384000.00,<=,832750,loans.base_loan_amount,false,Base loan amount is within the applicable one-unit conforming limit.
APP-000027-EVAL-005,APP-000027,PRP-ELG-001,POL-PRP-001,1.0,2026-01-01,SYNTHETIC_INTERNAL_POLICY,HARD_FAIL,PASS,single_family_detached/1,in,"1-4 units, eligible type",properties.property_type|properties.units,false,Property type 'single_family_detached' with 1 unit(s) is eligible.
APP-000027-EVAL-006,APP-000027,CONV-PUR-002,POL-CONV-001,1.0,2026-01-01,SYNTHETIC_INTERNAL_POLICY,HARD_FAIL,PASS,0.8000,<=,0.97,loans.loan_amount|properties.value_used_for_ltv|underwriting_calculations.ltv,false,Loan-to-value 80.00% against the primary_residence limit of 97.00% for this programme.
APP-000027-EVAL-007,APP-000027,CRD-SCR-003,POL-CRD-001,2.0,2026-07-01,SYNTHETIC_INTERNAL_POLICY,HARD_FAIL,PASS,688,>=,620,credit_profiles.representative_score,false,Representative score 688 against the applicable floor of 620.
APP-000027-EVAL-008,APP-000027,CRD-SCR-004,POL-CRD-001,2.0,2026-07-01,SYNTHETIC_INTERNAL_POLICY,CONDITIONAL,PASS,21,<=,90,credit_profiles.report_date,false,Credit report is 21 days old against the 90-day window in force on the as-of date.
APP-000027-EVAL-009,APP-000027,CRD-SCR-007,POL-CRD-001,2.0,2026-07-01,SYNTHETIC_INTERNAL_POLICY,CONDITIONAL,PASS,1,<,4,credit_profiles.recent_inquiries_90d,false,"1 inquiries in the 90-day lookback, below the explanation trigger."
APP-000027-EVAL-010,APP-000027,CRD-EVT-001,POL-CRD-002,1.0,2026-01-01,SYNTHETIC_INTERNAL_POLICY,HARD_FAIL,PASS,62,>=,48,credit_events.anchor_date|credit_events.event_type,false,chapter_7_bankruptcy anchored at 2021-06-12 is 62 months seasoned against the 48-month requirement.
APP-000027-EVAL-011,APP-000027,CRD-DLQ-001,POL-CRD-003,1.0,2026-01-01,SYNTHETIC_INTERNAL_POLICY,REFER,PASS,0,==,0,credit_accounts.housing_late_history,false,No housing payment 30 or more days past due in the last 12 months.
APP-000027-EVAL-012,APP-000027,CRD-DLQ-003,POL-CRD-003,1.0,2026-01-01,SYNTHETIC_INTERNAL_POLICY,ADVISORY,PASS,0.2800,<=,0.8,underwriting_calculations.credit_utilization,false,Revolving utilisation 28.00% is within the risk-note threshold.
APP-000027-EVAL-013,APP-000027,EMP-CNT-001,POL-EMP-002,1.0,2026-01-01,SYNTHETIC_INTERNAL_POLICY,CONDITIONAL,PASS,60,>=,24,employment.start_date,false,Employment history of 60 months meets the 24-month requirement.
APP-000027-EVAL-014,APP-000027,DTI-CONV-001,POL-DTI-001,2.0,2026-07-01,SYNTHETIC_INTERNAL_POLICY,HARD_FAIL,PASS,0.3700,<=,0.43,underwriting_calculations.total_monthly_debt|underwriting_calculations.qualifying_monthly_income|underwriting_calculations.back_end_dti,false,Back-end debt-to-income 37.00% against the applicable limit of 43.00%.
APP-000027-EVAL-015,APP-000027,DTI-CONV-002,POL-DTI-001,2.0,2026-07-01,SYNTHETIC_INTERNAL_POLICY,ADVISORY,PASS,0.2901,<=,0.38,underwriting_calculations.front_end_dti,false,Housing ratio 29.01% recorded; this measure is advisory on this programme.
APP-000027-EVAL-016,APP-000027,DTI-CALC-003,POL-DTI-001,2.0,2026-07-01,SYNTHETIC_INTERNAL_POLICY,ADVISORY,PASS,6431.25,,,underwriting_calculations.residual_income_monthly,false,"Monthly disposable income 6,431.25 recorded alongside the ratio."
APP-000027-EVAL-017,APP-000027,AST-FTC-003,POL-AST-002,1.0,2026-01-01,SYNTHETIC_INTERNAL_POLICY,HARD_FAIL,PASS,112092.02,>=,100247.42,underwriting_calculations.funds_to_close_required|underwriting_calculations.funds_to_close_available,false,"Eligible funds available 112,092.02 against 100,247.42 required at settlement."
APP-000027-EVAL-018,APP-000027,AST-RSV-002,POL-AST-003,2.0,2026-07-01,SYNTHETIC_INTERNAL_POLICY,CONDITIONAL,PASS,5.00,>=,0,underwriting_calculations.post_close_reserves|underwriting_calculations.months_reserves,false,"Post-closing reserves of 5.00 months against the 0-month requirement for this occupancy, leverage and affordability profile."
APP-000027-EVAL-019,APP-000027,VAL-APR-001,POL-VAL-001,2.0,2026-07-01,SYNTHETIC_INTERNAL_POLICY,CONDITIONAL,PASS,full_appraisal,==,full_appraisal,appraisals.valuation_method,false,Valuation method 'full_appraisal' satisfies the requirement for this transaction.
APP-000027-EVAL-020,APP-000027,VAL-APR-003,POL-VAL-001,2.0,2026-07-01,SYNTHETIC_INTERNAL_POLICY,CONDITIONAL,PASS,24,<=,120,appraisals.appraisal_date,false,"Valuation is 24 days old, within the 120-day window."
APP-000027-EVAL-021,APP-000027,DOC-REQ-003,POL-DOC-001,1.0,2026-01-01,SYNTHETIC_INTERNAL_POLICY,CONDITIONAL,PASS,1.0000,==,1.0000,documents,false,Document completeness 100.00% (0 of 0 required documents received and current).
APP-000027-EVAL-022,APP-000027,GEN-ELG-005,POL-GEN-001,1.0,2026-01-01,SYNTHETIC_INTERNAL_POLICY,CONDITIONAL,PASS,0,==,0,rule_evaluations|documents,false,"Every rule in scope had the inputs it needed, so none evaluated to INDETERMINATE."
APP-000027-EVAL-023,APP-000027,DEC-REC-001,POL-DEC-001,1.0,2026-01-01,SYNTHETIC_INTERNAL_POLICY,HARD_FAIL,PASS,,,,decisions|decision_reasons,false,"The recommendation is drawn from the controlled vocabulary and carries the rule ids, policy versions and calculation records supporting it."
APP-000027-EVAL-024,APP-000027,DEC-AUD-001,POL-DEC-001,1.0,2026-01-01,SYNTHETIC_INTERNAL_POLICY,HARD_FAIL,PASS,,,,audit_events,false,"The decision record carries the full chain: policy version, rule, calculation, evidence and reason."
APP-000028-EVAL-001,APP-000028,SEC-INJ-001,POL-SEC-001,1.0,2026-01-01,SYNTHETIC_INTERNAL_POLICY,HARD_FAIL,PASS,,,,documents.contains_untrusted_text,false,No applicant-supplied text required quarantine beyond the standard trust-class handling.
APP-000028-EVAL-002,APP-000028,KYC-IDV-001,POL-KYC-001,1.0,2026-01-01,REGULATORY,HARD_FAIL,PASS,VERIFIED,==,VERIFIED,verifications.identity,false,"Identity verified; name, date of birth, address and a tokenised identification number were collected and matched."
APP-000028-EVAL-003,APP-000028,FRD-IND-001,POL-FRD-001,1.0,2026-01-01,SYNTHETIC_INTERNAL_POLICY,REFER,PASS,0,==,0,documents|verifications,false,No cross-source inconsistency without an innocent arithmetic explanation was identified.
APP-000028-EVAL-004,APP-000028,GEN-ELG-003,POL-GEN-001,1.0,2026-01-01,AGENCY_INVESTOR,HARD_FAIL,PASS,312000.00,<=,832750,loans.base_loan_amount,false,Base loan amount is within the applicable one-unit conforming limit.
APP-000028-EVAL-005,APP-000028,PRP-ELG-001,POL-PRP-001,1.0,2026-01-01,SYNTHETIC_INTERNAL_POLICY,HARD_FAIL,PASS,single_family_detached/1,in,"1-4 units, eligible type",properties.property_type|properties.units,false,Property type 'single_family_detached' with 1 unit(s) is eligible.
APP-000028-EVAL-006,APP-000028,CONV-PUR-002,POL-CONV-001,1.0,2026-01-01,SYNTHETIC_INTERNAL_POLICY,HARD_FAIL,PASS,0.8000,<=,0.97,loans.loan_amount|properties.value_used_for_ltv|underwriting_calculations.ltv,false,Loan-to-value 80.00% against the primary_residence limit of 97.00% for this programme.
APP-000028-EVAL-007,APP-000028,CRD-SCR-003,POL-CRD-001,2.0,2026-07-01,SYNTHETIC_INTERNAL_POLICY,HARD_FAIL,PASS,664,>=,620,credit_profiles.representative_score,false,Representative score 664 against the applicable floor of 620.
APP-000028-EVAL-008,APP-000028,CRD-SCR-004,POL-CRD-001,2.0,2026-07-01,SYNTHETIC_INTERNAL_POLICY,CONDITIONAL,PASS,21,<=,90,credit_profiles.report_date,false,Credit report is 21 days old against the 90-day window in force on the as-of date.
APP-000028-EVAL-009,APP-000028,CRD-SCR-007,POL-CRD-001,2.0,2026-07-01,SYNTHETIC_INTERNAL_POLICY,CONDITIONAL,PASS,1,<,4,credit_profiles.recent_inquiries_90d,false,"1 inquiries in the 90-day lookback, below the explanation trigger."
APP-000028-EVAL-010,APP-000028,CRD-EVT-001,POL-CRD-002,1.0,2026-01-01,SYNTHETIC_INTERNAL_POLICY,HARD_FAIL,FAIL,30,>=,48,credit_events.anchor_date|credit_events.event_type,false,chapter_7_bankruptcy anchored at 2024-02-12 is 30 months seasoned against the 48-month requirement.
APP-000028-EVAL-011,APP-000028,CRD-DLQ-001,POL-CRD-003,1.0,2026-01-01,SYNTHETIC_INTERNAL_POLICY,REFER,PASS,0,==,0,credit_accounts.housing_late_history,false,No housing payment 30 or more days past due in the last 12 months.
APP-000028-EVAL-012,APP-000028,CRD-DLQ-003,POL-CRD-003,1.0,2026-01-01,SYNTHETIC_INTERNAL_POLICY,ADVISORY,PASS,0.2800,<=,0.8,underwriting_calculations.credit_utilization,false,Revolving utilisation 28.00% is within the risk-note threshold.
APP-000028-EVAL-013,APP-000028,EMP-CNT-001,POL-EMP-002,1.0,2026-01-01,SYNTHETIC_INTERNAL_POLICY,CONDITIONAL,PASS,60,>=,24,employment.start_date,false,Employment history of 60 months meets the 24-month requirement.
APP-000028-EVAL-014,APP-000028,DTI-CONV-001,POL-DTI-001,2.0,2026-07-01,SYNTHETIC_INTERNAL_POLICY,HARD_FAIL,PASS,0.3600,<=,0.43,underwriting_calculations.total_monthly_debt|underwriting_calculations.qualifying_monthly_income|underwriting_calculations.back_end_dti,false,Back-end debt-to-income 36.00% against the applicable limit of 43.00%.
APP-000028-EVAL-015,APP-000028,DTI-CONV-002,POL-DTI-001,2.0,2026-07-01,SYNTHETIC_INTERNAL_POLICY,ADVISORY,PASS,0.2901,<=,0.38,underwriting_calculations.front_end_dti,false,Housing ratio 29.01% recorded; this measure is advisory on this programme.
APP-000028-EVAL-016,APP-000028,DTI-CALC-003,POL-DTI-001,2.0,2026-07-01,SYNTHETIC_INTERNAL_POLICY,ADVISORY,PASS,5365.33,,,underwriting_calculations.residual_income_monthly,false,"Monthly disposable income 5,365.33 recorded alongside the ratio."
APP-000028-EVAL-017,APP-000028,AST-FTC-003,POL-AST-002,1.0,2026-01-01,SYNTHETIC_INTERNAL_POLICY,HARD_FAIL,PASS,89658.09,>=,81875.91,underwriting_calculations.funds_to_close_required|underwriting_calculations.funds_to_close_available,false,"Eligible funds available 89,658.09 against 81,875.91 required at settlement."
APP-000028-EVAL-018,APP-000028,AST-RSV-002,POL-AST-003,2.0,2026-07-01,SYNTHETIC_INTERNAL_POLICY,CONDITIONAL,PASS,4.00,>=,0,underwriting_calculations.post_close_reserves|underwriting_calculations.months_reserves,false,"Post-closing reserves of 4.00 months against the 0-month requirement for this occupancy, leverage and affordability profile."
APP-000028-EVAL-019,APP-000028,VAL-APR-001,POL-VAL-001,2.0,2026-07-01,SYNTHETIC_INTERNAL_POLICY,CONDITIONAL,PASS,full_appraisal,==,full_appraisal,appraisals.valuation_method,false,Valuation method 'full_appraisal' satisfies the requirement for this transaction.
APP-000028-EVAL-020,APP-000028,VAL-APR-003,POL-VAL-001,2.0,2026-07-01,SYNTHETIC_INTERNAL_POLICY,CONDITIONAL,PASS,24,<=,120,appraisals.appraisal_date,false,"Valuation is 24 days old, within the 120-day window."
APP-000028-EVAL-021,APP-000028,DOC-REQ-003,POL-DOC-001,1.0,2026-01-01,SYNTHETIC_INTERNAL_POLICY,CONDITIONAL,PASS,1.0000,==,1.0000,documents,false,Document completeness 100.00% (0 of 0 required documents received and current).
APP-000028-EVAL-022,APP-000028,GEN-ELG-005,POL-GEN-001,1.0,2026-01-01,SYNTHETIC_INTERNAL_POLICY,CONDITIONAL,PASS,0,==,0,rule_evaluations|documents,false,"Every rule in scope had the inputs it needed, so none evaluated to INDETERMINATE."
APP-000028-EVAL-023,APP-000028,DEC-REC-001,POL-DEC-001,1.0,2026-01-01,SYNTHETIC_INTERNAL_POLICY,HARD_FAIL,PASS,,,,decisions|decision_reasons,false,"The recommendation is drawn from the controlled vocabulary and carries the rule ids, policy versions and calculation records supporting it."
APP-000028-EVAL-024,APP-000028,DEC-AUD-001,POL-DEC-001,1.0,2026-01-01,SYNTHETIC_INTERNAL_POLICY,HARD_FAIL,PASS,,,,audit_events,false,"The decision record carries the full chain: policy version, rule, calculation, evidence and reason."
APP-000029-EVAL-001,APP-000029,SEC-INJ-001,POL-SEC-001,1.0,2026-01-01,SYNTHETIC_INTERNAL_POLICY,HARD_FAIL,PASS,,,,documents.contains_untrusted_text,false,No applicant-supplied text required quarantine beyond the standard trust-class handling.
APP-000029-EVAL-002,APP-000029,KYC-IDV-001,POL-KYC-001,1.0,2026-01-01,REGULATORY,HARD_FAIL,PASS,VERIFIED,==,VERIFIED,verifications.identity,false,"Identity verified; name, date of birth, address and a tokenised identification number were collected and matched."
APP-000029-EVAL-003,APP-000029,FRD-IND-001,POL-FRD-001,1.0,2026-01-01,SYNTHETIC_INTERNAL_POLICY,REFER,PASS,0,==,0,documents|verifications,false,No cross-source inconsistency without an innocent arithmetic explanation was identified.
APP-000029-EVAL-004,APP-000029,GEN-ELG-003,POL-GEN-001,1.0,2026-01-01,AGENCY_INVESTOR,HARD_FAIL,PASS,440000.00,<=,832750,loans.base_loan_amount,false,Base loan amount is within the applicable one-unit conforming limit.
APP-000029-EVAL-005,APP-000029,PRP-ELG-001,POL-PRP-001,1.0,2026-01-01,SYNTHETIC_INTERNAL_POLICY,HARD_FAIL,PASS,single_family_detached/1,in,"1-4 units, eligible type",properties.property_type|properties.units,false,Property type 'single_family_detached' with 1 unit(s) is eligible.
APP-000029-EVAL-006,APP-000029,CONV-PUR-002,POL-CONV-001,1.0,2026-01-01,SYNTHETIC_INTERNAL_POLICY,HARD_FAIL,PASS,0.8000,<=,0.97,loans.loan_amount|properties.value_used_for_ltv|underwriting_calculations.ltv,false,Loan-to-value 80.00% against the primary_residence limit of 97.00% for this programme.
APP-000029-EVAL-007,APP-000029,CRD-SCR-003,POL-CRD-001,2.0,2026-07-01,SYNTHETIC_INTERNAL_POLICY,HARD_FAIL,PASS,672,>=,620,credit_profiles.representative_score,false,Representative score 672 against the applicable floor of 620.
APP-000029-EVAL-008,APP-000029,CRD-SCR-004,POL-CRD-001,2.0,2026-07-01,SYNTHETIC_INTERNAL_POLICY,CONDITIONAL,PASS,21,<=,90,credit_profiles.report_date,false,Credit report is 21 days old against the 90-day window in force on the as-of date.
APP-000029-EVAL-009,APP-000029,CRD-SCR-007,POL-CRD-001,2.0,2026-07-01,SYNTHETIC_INTERNAL_POLICY,CONDITIONAL,PASS,1,<,4,credit_profiles.recent_inquiries_90d,false,"1 inquiries in the 90-day lookback, below the explanation trigger."
APP-000029-EVAL-010,APP-000029,CRD-EVT-001,POL-CRD-002,1.0,2026-01-01,SYNTHETIC_INTERNAL_POLICY,HARD_FAIL,FAIL,54,>=,84,credit_events.anchor_date|credit_events.event_type,false,foreclosure anchored at 2022-02-12 is 54 months seasoned against the 84-month requirement.
APP-000029-EVAL-011,APP-000029,CRD-DLQ-001,POL-CRD-003,1.0,2026-01-01,SYNTHETIC_INTERNAL_POLICY,REFER,PASS,0,==,0,credit_accounts.housing_late_history,false,No housing payment 30 or more days past due in the last 12 months.
APP-000029-EVAL-012,APP-000029,CRD-DLQ-003,POL-CRD-003,1.0,2026-01-01,SYNTHETIC_INTERNAL_POLICY,ADVISORY,PASS,0.2800,<=,0.8,underwriting_calculations.credit_utilization,false,Revolving utilisation 28.00% is within the risk-note threshold.
APP-000029-EVAL-013,APP-000029,EMP-CNT-001,POL-EMP-002,1.0,2026-01-01,SYNTHETIC_INTERNAL_POLICY,CONDITIONAL,PASS,60,>=,24,employment.start_date,false,Employment history of 60 months meets the 24-month requirement.
APP-000029-EVAL-014,APP-000029,DTI-CONV-001,POL-DTI-001,2.0,2026-07-01,SYNTHETIC_INTERNAL_POLICY,HARD_FAIL,PASS,0.3500,<=,0.43,underwriting_calculations.total_monthly_debt|underwriting_calculations.qualifying_monthly_income|underwriting_calculations.back_end_dti,false,Back-end debt-to-income 35.00% against the applicable limit of 43.00%.
APP-000029-EVAL-015,APP-000029,DTI-CONV-002,POL-DTI-001,2.0,2026-07-01,SYNTHETIC_INTERNAL_POLICY,ADVISORY,PASS,0.2901,<=,0.38,underwriting_calculations.front_end_dti,false,Housing ratio 29.01% recorded; this measure is advisory on this programme.
APP-000029-EVAL-016,APP-000029,DTI-CALC-003,POL-DTI-001,2.0,2026-07-01,SYNTHETIC_INTERNAL_POLICY,ADVISORY,PASS,8547.50,,,underwriting_calculations.residual_income_monthly,false,"Monthly disposable income 8,547.50 recorded alongside the ratio."
APP-000029-EVAL-017,APP-000029,AST-FTC-003,POL-AST-002,1.0,2026-01-01,SYNTHETIC_INTERNAL_POLICY,HARD_FAIL,PASS,134172.37,>=,115862.05,underwriting_calculations.funds_to_close_required|underwriting_calculations.funds_to_close_available,false,"Eligible funds available 134,172.37 against 115,862.05 required at settlement."
APP-000029-EVAL-018,APP-000029,AST-RSV-002,POL-AST-003,2.0,2026-07-01,SYNTHETIC_INTERNAL_POLICY,CONDITIONAL,PASS,6.00,>=,0,underwriting_calculations.post_close_reserves|underwriting_calculations.months_reserves,false,"Post-closing reserves of 6.00 months against the 0-month requirement for this occupancy, leverage and affordability profile."
APP-000029-EVAL-019,APP-000029,VAL-APR-001,POL-VAL-001,2.0,2026-07-01,SYNTHETIC_INTERNAL_POLICY,CONDITIONAL,PASS,full_appraisal,==,full_appraisal,appraisals.valuation_method,false,Valuation method 'full_appraisal' satisfies the requirement for this transaction.
APP-000029-EVAL-020,APP-000029,VAL-APR-003,POL-VAL-001,2.0,2026-07-01,SYNTHETIC_INTERNAL_POLICY,CONDITIONAL,PASS,24,<=,120,appraisals.appraisal_date,false,"Valuation is 24 days old, within the 120-day window."
APP-000029-EVAL-021,APP-000029,DOC-REQ-003,POL-DOC-001,1.0,2026-01-01,SYNTHETIC_INTERNAL_POLICY,CONDITIONAL,PASS,1.0000,==,1.0000,documents,false,Document completeness 100.00% (0 of 0 required documents received and current).
APP-000029-EVAL-022,APP-000029,GEN-ELG-005,POL-GEN-001,1.0,2026-01-01,SYNTHETIC_INTERNAL_POLICY,CONDITIONAL,PASS,0,==,0,rule_evaluations|documents,false,"Every rule in scope had the inputs it needed, so none evaluated to INDETERMINATE."
APP-000029-EVAL-023,APP-000029,DEC-REC-001,POL-DEC-001,1.0,2026-01-01,SYNTHETIC_INTERNAL_POLICY,HARD_FAIL,PASS,,,,decisions|decision_reasons,false,"The recommendation is drawn from the controlled vocabulary and carries the rule ids, policy versions and calculation records supporting it."
APP-000029-EVAL-024,APP-000029,DEC-AUD-001,POL-DEC-001,1.0,2026-01-01,SYNTHETIC_INTERNAL_POLICY,HARD_FAIL,PASS,,,,audit_events,false,"The decision record carries the full chain: policy version, rule, calculation, evidence and reason."
APP-000030-EVAL-001,APP-000030,SEC-INJ-001,POL-SEC-001,1.0,2026-01-01,SYNTHETIC_INTERNAL_POLICY,HARD_FAIL,PASS,,,,documents.contains_untrusted_text,false,No applicant-supplied text required quarantine beyond the standard trust-class handling.
APP-000030-EVAL-002,APP-000030,KYC-IDV-001,POL-KYC-001,1.0,2026-01-01,REGULATORY,HARD_FAIL,PASS,VERIFIED,==,VERIFIED,verifications.identity,false,"Identity verified; name, date of birth, address and a tokenised identification number were collected and matched."
APP-000030-EVAL-003,APP-000030,FRD-IND-001,POL-FRD-001,1.0,2026-01-01,SYNTHETIC_INTERNAL_POLICY,REFER,PASS,0,==,0,documents|verifications,false,No cross-source inconsistency without an innocent arithmetic explanation was identified.
APP-000030-EVAL-004,APP-000030,GEN-ELG-003,POL-GEN-001,1.0,2026-01-01,AGENCY_INVESTOR,HARD_FAIL,PASS,368000.00,<=,832750,loans.base_loan_amount,false,Base loan amount is within the applicable one-unit conforming limit.
APP-000030-EVAL-005,APP-000030,PRP-ELG-001,POL-PRP-001,1.0,2026-01-01,SYNTHETIC_INTERNAL_POLICY,HARD_FAIL,PASS,single_family_detached/1,in,"1-4 units, eligible type",properties.property_type|properties.units,false,Property type 'single_family_detached' with 1 unit(s) is eligible.
APP-000030-EVAL-006,APP-000030,CONV-PUR-002,POL-CONV-001,1.0,2026-01-01,SYNTHETIC_INTERNAL_POLICY,HARD_FAIL,PASS,0.8000,<=,0.97,loans.loan_amount|properties.value_used_for_ltv|underwriting_calculations.ltv,false,Loan-to-value 80.00% against the primary_residence limit of 97.00% for this programme.
APP-000030-EVAL-007,APP-000030,CRD-SCR-003,POL-CRD-001,2.0,2026-07-01,SYNTHETIC_INTERNAL_POLICY,HARD_FAIL,PASS,694,>=,620,credit_profiles.representative_score,false,Representative score 694 against the applicable floor of 620.
APP-000030-EVAL-008,APP-000030,CRD-SCR-004,POL-CRD-001,2.0,2026-07-01,SYNTHETIC_INTERNAL_POLICY,CONDITIONAL,PASS,21,<=,90,credit_profiles.report_date,false,Credit report is 21 days old against the 90-day window in force on the as-of date.
APP-000030-EVAL-009,APP-000030,CRD-SCR-007,POL-CRD-001,2.0,2026-07-01,SYNTHETIC_INTERNAL_POLICY,CONDITIONAL,PASS,1,<,4,credit_profiles.recent_inquiries_90d,false,"1 inquiries in the 90-day lookback, below the explanation trigger."
APP-000030-EVAL-010,APP-000030,CRD-DLQ-001,POL-CRD-003,1.0,2026-01-01,SYNTHETIC_INTERNAL_POLICY,REFER,REFER,1,==,0,credit_accounts.housing_late_history,true,1 housing payment(s) 30 days past due in the last 12 months; underwriter review required.
APP-000030-EVAL-011,APP-000030,CRD-DLQ-003,POL-CRD-003,1.0,2026-01-01,SYNTHETIC_INTERNAL_POLICY,ADVISORY,PASS,0.2800,<=,0.8,underwriting_calculations.credit_utilization,false,Revolving utilisation 28.00% is within the risk-note threshold.
APP-000030-EVAL-012,APP-000030,EMP-CNT-001,POL-EMP-002,1.0,2026-01-01,SYNTHETIC_INTERNAL_POLICY,CONDITIONAL,PASS,60,>=,24,employment.start_date,false,Employment history of 60 months meets the 24-month requirement.
APP-000030-EVAL-013,APP-000030,DTI-CONV-001,POL-DTI-001,2.0,2026-07-01,SYNTHETIC_INTERNAL_POLICY,HARD_FAIL,PASS,0.3800,<=,0.43,underwriting_calculations.total_monthly_debt|underwriting_calculations.qualifying_monthly_income|underwriting_calculations.back_end_dti,false,Back-end debt-to-income 38.00% against the applicable limit of 43.00%.
APP-000030-EVAL-014,APP-000030,DTI-CONV-002,POL-DTI-001,2.0,2026-07-01,SYNTHETIC_INTERNAL_POLICY,ADVISORY,PASS,0.2901,<=,0.38,underwriting_calculations.front_end_dti,false,Housing ratio 29.01% recorded; this measure is advisory on this programme.
APP-000030-EVAL-015,APP-000030,DTI-CALC-003,POL-DTI-001,2.0,2026-07-01,SYNTHETIC_INTERNAL_POLICY,ADVISORY,PASS,6597.84,,,underwriting_calculations.residual_income_monthly,false,"Monthly disposable income 6,597.84 recorded alongside the ratio."
APP-000030-EVAL-016,APP-000030,AST-FTC-003,POL-AST-002,1.0,2026-01-01,SYNTHETIC_INTERNAL_POLICY,HARD_FAIL,PASS,97573.21,>=,87695.03,underwriting_calculations.funds_to_close_required|underwriting_calculations.funds_to_close_available,false,"Eligible funds available 97,573.21 against 87,695.03 required at settlement."
APP-000030-EVAL-017,APP-000030,AST-RSV-002,POL-AST-003,2.0,2026-07-01,SYNTHETIC_INTERNAL_POLICY,CONDITIONAL,PASS,4.00,>=,0,underwriting_calculations.post_close_reserves|underwriting_calculations.months_reserves,false,"Post-closing reserves of 4.00 months against the 0-month requirement for this occupancy, leverage and affordability profile."
APP-000030-EVAL-018,APP-000030,VAL-APR-001,POL-VAL-001,2.0,2026-07-01,SYNTHETIC_INTERNAL_POLICY,CONDITIONAL,PASS,full_appraisal,==,full_appraisal,appraisals.valuation_method,false,Valuation method 'full_appraisal' satisfies the requirement for this transaction.
APP-000030-EVAL-019,APP-000030,VAL-APR-003,POL-VAL-001,2.0,2026-07-01,SYNTHETIC_INTERNAL_POLICY,CONDITIONAL,PASS,24,<=,120,appraisals.appraisal_date,false,"Valuation is 24 days old, within the 120-day window."
APP-000030-EVAL-020,APP-000030,DOC-REQ-003,POL-DOC-001,1.0,2026-01-01,SYNTHETIC_INTERNAL_POLICY,CONDITIONAL,PASS,1.0000,==,1.0000,documents,false,Document completeness 100.00% (0 of 0 required documents received and current).
APP-000030-EVAL-021,APP-000030,GEN-ELG-005,POL-GEN-001,1.0,2026-01-01,SYNTHETIC_INTERNAL_POLICY,CONDITIONAL,PASS,0,==,0,rule_evaluations|documents,false,"Every rule in scope had the inputs it needed, so none evaluated to INDETERMINATE."
APP-000030-EVAL-022,APP-000030,UWR-HRV-001,POL-UWR-001,1.0,2026-01-01,SYNTHETIC_INTERNAL_POLICY,REFER,REFER,1,==,0,rule_evaluations,true,1 mandatory human-review trigger(s) present.
APP-000030-EVAL-023,APP-000030,DEC-REC-001,POL-DEC-001,1.0,2026-01-01,SYNTHETIC_INTERNAL_POLICY,HARD_FAIL,PASS,,,,decisions|decision_reasons,false,"The recommendation is drawn from the controlled vocabulary and carries the rule ids, policy versions and calculation records supporting it."
APP-000030-EVAL-024,APP-000030,DEC-AUD-001,POL-DEC-001,1.0,2026-01-01,SYNTHETIC_INTERNAL_POLICY,HARD_FAIL,PASS,,,,audit_events,false,"The decision record carries the full chain: policy version, rule, calculation, evidence and reason."
APP-000031-EVAL-001,APP-000031,SEC-INJ-001,POL-SEC-001,1.0,2026-01-01,SYNTHETIC_INTERNAL_POLICY,HARD_FAIL,PASS,,,,documents.contains_untrusted_text,false,No applicant-supplied text required quarantine beyond the standard trust-class handling.
APP-000031-EVAL-002,APP-000031,KYC-IDV-001,POL-KYC-001,1.0,2026-01-01,REGULATORY,HARD_FAIL,PASS,VERIFIED,==,VERIFIED,verifications.identity,false,"Identity verified; name, date of birth, address and a tokenised identification number were collected and matched."
APP-000031-EVAL-003,APP-000031,FRD-IND-001,POL-FRD-001,1.0,2026-01-01,SYNTHETIC_INTERNAL_POLICY,REFER,PASS,0,==,0,documents|verifications,false,No cross-source inconsistency without an innocent arithmetic explanation was identified.
APP-000031-EVAL-004,APP-000031,GEN-ELG-003,POL-GEN-001,1.0,2026-01-01,AGENCY_INVESTOR,HARD_FAIL,PASS,424000.00,<=,832750,loans.base_loan_amount,false,Base loan amount is within the applicable one-unit conforming limit.
APP-000031-EVAL-005,APP-000031,PRP-ELG-001,POL-PRP-001,1.0,2026-01-01,SYNTHETIC_INTERNAL_POLICY,HARD_FAIL,PASS,single_family_detached/1,in,"1-4 units, eligible type",properties.property_type|properties.units,false,Property type 'single_family_detached' with 1 unit(s) is eligible.
APP-000031-EVAL-006,APP-000031,CONV-PUR-002,POL-CONV-001,1.0,2026-01-01,SYNTHETIC_INTERNAL_POLICY,HARD_FAIL,PASS,0.8000,<=,0.97,loans.loan_amount|properties.value_used_for_ltv|underwriting_calculations.ltv,false,Loan-to-value 80.00% against the primary_residence limit of 97.00% for this programme.
APP-000031-EVAL-007,APP-000031,CRD-SCR-003,POL-CRD-001,2.0,2026-07-01,SYNTHETIC_INTERNAL_POLICY,HARD_FAIL,PASS,678,>=,620,credit_profiles.representative_score,false,Representative score 678 against the applicable floor of 620.
APP-000031-EVAL-008,APP-000031,CRD-SCR-004,POL-CRD-001,2.0,2026-07-01,SYNTHETIC_INTERNAL_POLICY,CONDITIONAL,PASS,21,<=,90,credit_profiles.report_date,false,Credit report is 21 days old against the 90-day window in force on the as-of date.
APP-000031-EVAL-009,APP-000031,CRD-SCR-007,POL-CRD-001,2.0,2026-07-01,SYNTHETIC_INTERNAL_POLICY,CONDITIONAL,PASS,1,<,4,credit_profiles.recent_inquiries_90d,false,"1 inquiries in the 90-day lookback, below the explanation trigger."
APP-000031-EVAL-010,APP-000031,CRD-DLQ-001,POL-CRD-003,1.0,2026-01-01,SYNTHETIC_INTERNAL_POLICY,REFER,PASS,0,==,0,credit_accounts.housing_late_history,false,No housing payment 30 or more days past due in the last 12 months.
APP-000031-EVAL-011,APP-000031,CRD-DLQ-002,POL-CRD-003,1.0,2026-01-01,SYNTHETIC_INTERNAL_POLICY,REFER,REFER,4,<,3,credit_accounts.late_history,true,4 account(s) 30+ days past due in 24 months; a written explanation and underwriter review are required.
APP-000031-EVAL-012,APP-000031,CRD-DLQ-003,POL-CRD-003,1.0,2026-01-01,SYNTHETIC_INTERNAL_POLICY,ADVISORY,PASS,0.8400,<=,0.8,underwriting_calculations.credit_utilization,false,"Revolving utilisation 84.00% is above the risk-note threshold and is recorded as context, not as a policy breach."
APP-000031-EVAL-013,APP-000031,EMP-CNT-001,POL-EMP-002,1.0,2026-01-01,SYNTHETIC_INTERNAL_POLICY,CONDITIONAL,PASS,60,>=,24,employment.start_date,false,Employment history of 60 months meets the 24-month requirement.
APP-000031-EVAL-014,APP-000031,DTI-CONV-001,POL-DTI-001,2.0,2026-07-01,SYNTHETIC_INTERNAL_POLICY,HARD_FAIL,PASS,0.3900,<=,0.43,underwriting_calculations.total_monthly_debt|underwriting_calculations.qualifying_monthly_income|underwriting_calculations.back_end_dti,false,Back-end debt-to-income 39.00% against the applicable limit of 43.00%.
APP-000031-EVAL-015,APP-000031,DTI-CONV-002,POL-DTI-001,2.0,2026-07-01,SYNTHETIC_INTERNAL_POLICY,ADVISORY,PASS,0.2900,<=,0.38,underwriting_calculations.front_end_dti,false,Housing ratio 29.00% recorded; this measure is advisory on this programme.
APP-000031-EVAL-016,APP-000031,DTI-CALC-003,POL-DTI-001,2.0,2026-07-01,SYNTHETIC_INTERNAL_POLICY,ADVISORY,PASS,7360.67,,,underwriting_calculations.residual_income_monthly,false,"Monthly disposable income 7,360.67 recorded alongside the ratio."
APP-000031-EVAL-017,APP-000031,AST-FTC-003,POL-AST-002,1.0,2026-01-01,SYNTHETIC_INTERNAL_POLICY,HARD_FAIL,PASS,108984.37,>=,100586.15,underwriting_calculations.funds_to_close_required|underwriting_calculations.funds_to_close_available,false,"Eligible funds available 108,984.37 against 100,586.15 required at settlement."
APP-000031-EVAL-018,APP-000031,AST-RSV-002,POL-AST-003,2.0,2026-07-01,SYNTHETIC_INTERNAL_POLICY,CONDITIONAL,PASS,3.00,>=,0,underwriting_calculations.post_close_reserves|underwriting_calculations.months_reserves,false,"Post-closing reserves of 3.00 months against the 0-month requirement for this occupancy, leverage and affordability profile."
APP-000031-EVAL-019,APP-000031,VAL-APR-001,POL-VAL-001,2.0,2026-07-01,SYNTHETIC_INTERNAL_POLICY,CONDITIONAL,PASS,full_appraisal,==,full_appraisal,appraisals.valuation_method,false,Valuation method 'full_appraisal' satisfies the requirement for this transaction.
APP-000031-EVAL-020,APP-000031,VAL-APR-003,POL-VAL-001,2.0,2026-07-01,SYNTHETIC_INTERNAL_POLICY,CONDITIONAL,PASS,24,<=,120,appraisals.appraisal_date,false,"Valuation is 24 days old, within the 120-day window."
APP-000031-EVAL-021,APP-000031,DOC-REQ-003,POL-DOC-001,1.0,2026-01-01,SYNTHETIC_INTERNAL_POLICY,CONDITIONAL,PASS,1.0000,==,1.0000,documents,false,Document completeness 100.00% (0 of 0 required documents received and current).
APP-000031-EVAL-022,APP-000031,GEN-ELG-005,POL-GEN-001,1.0,2026-01-01,SYNTHETIC_INTERNAL_POLICY,CONDITIONAL,PASS,0,==,0,rule_evaluations|documents,false,"Every rule in scope had the inputs it needed, so none evaluated to INDETERMINATE."
APP-000031-EVAL-023,APP-000031,UWR-HRV-001,POL-UWR-001,1.0,2026-01-01,SYNTHETIC_INTERNAL_POLICY,REFER,REFER,1,==,0,rule_evaluations,true,1 mandatory human-review trigger(s) present.
APP-000031-EVAL-024,APP-000031,DEC-REC-001,POL-DEC-001,1.0,2026-01-01,SYNTHETIC_INTERNAL_POLICY,HARD_FAIL,PASS,,,,decisions|decision_reasons,false,"The recommendation is drawn from the controlled vocabulary and carries the rule ids, policy versions and calculation records supporting it."
APP-000031-EVAL-025,APP-000031,DEC-AUD-001,POL-DEC-001,1.0,2026-01-01,SYNTHETIC_INTERNAL_POLICY,HARD_FAIL,PASS,,,,audit_events,false,"The decision record carries the full chain: policy version, rule, calculation, evidence and reason."
APP-000032-EVAL-001,APP-000032,SEC-INJ-001,POL-SEC-001,1.0,2026-01-01,SYNTHETIC_INTERNAL_POLICY,HARD_FAIL,PASS,,,,documents.contains_untrusted_text,false,No applicant-supplied text required quarantine beyond the standard trust-class handling.
APP-000032-EVAL-002,APP-000032,KYC-IDV-001,POL-KYC-001,1.0,2026-01-01,REGULATORY,HARD_FAIL,PASS,VERIFIED,==,VERIFIED,verifications.identity,false,"Identity verified; name, date of birth, address and a tokenised identification number were collected and matched."
APP-000032-EVAL-003,APP-000032,FRD-IND-001,POL-FRD-001,1.0,2026-01-01,SYNTHETIC_INTERNAL_POLICY,REFER,PASS,0,==,0,documents|verifications,false,No cross-source inconsistency without an innocent arithmetic explanation was identified.
APP-000032-EVAL-004,APP-000032,GEN-ELG-003,POL-GEN-001,1.0,2026-01-01,AGENCY_INVESTOR,HARD_FAIL,PASS,376000.00,<=,832750,loans.base_loan_amount,false,Base loan amount is within the applicable one-unit conforming limit.
APP-000032-EVAL-005,APP-000032,PRP-ELG-001,POL-PRP-001,1.0,2026-01-01,SYNTHETIC_INTERNAL_POLICY,HARD_FAIL,PASS,single_family_detached/1,in,"1-4 units, eligible type",properties.property_type|properties.units,false,Property type 'single_family_detached' with 1 unit(s) is eligible.
APP-000032-EVAL-006,APP-000032,CONV-PUR-002,POL-CONV-001,1.0,2026-01-01,SYNTHETIC_INTERNAL_POLICY,HARD_FAIL,PASS,0.8000,<=,0.97,loans.loan_amount|properties.value_used_for_ltv|underwriting_calculations.ltv,false,Loan-to-value 80.00% against the primary_residence limit of 97.00% for this programme.
APP-000032-EVAL-007,APP-000032,CRD-SCR-003,POL-CRD-001,2.0,2026-07-01,SYNTHETIC_INTERNAL_POLICY,HARD_FAIL,PASS,682,>=,620,credit_profiles.representative_score,false,Representative score 682 against the applicable floor of 620.
APP-000032-EVAL-008,APP-000032,CRD-SCR-004,POL-CRD-001,2.0,2026-07-01,SYNTHETIC_INTERNAL_POLICY,CONDITIONAL,PASS,21,<=,90,credit_profiles.report_date,false,Credit report is 21 days old against the 90-day window in force on the as-of date.
APP-000032-EVAL-009,APP-000032,CRD-SCR-007,POL-CRD-001,2.0,2026-07-01,SYNTHETIC_INTERNAL_POLICY,CONDITIONAL,PASS,1,<,4,credit_profiles.recent_inquiries_90d,false,"1 inquiries in the 90-day lookback, below the explanation trigger."
APP-000032-EVAL-010,APP-000032,CRD-EVT-003,POL-CRD-002,1.0,2026-01-01,SYNTHETIC_INTERNAL_POLICY,CONDITIONAL,FAIL,7400.00,<=,5000,credit_accounts.collection_balance,false,"Non-medical collection and charge-off balances total 7,400.00 against the 5,000.00 threshold; they must be paid or brought into a documented plan before closing."
APP-000032-EVAL-011,APP-000032,CRD-DLQ-001,POL-CRD-003,1.0,2026-01-01,SYNTHETIC_INTERNAL_POLICY,REFER,PASS,0,==,0,credit_accounts.housing_late_history,false,No housing payment 30 or more days past due in the last 12 months.
APP-000032-EVAL-012,APP-000032,CRD-DLQ-003,POL-CRD-003,1.0,2026-01-01,SYNTHETIC_INTERNAL_POLICY,ADVISORY,PASS,0.2800,<=,0.8,underwriting_calculations.credit_utilization,false,Revolving utilisation 28.00% is within the risk-note threshold.
APP-000032-EVAL-013,APP-000032,EMP-CNT-001,POL-EMP-002,1.0,2026-01-01,SYNTHETIC_INTERNAL_POLICY,CONDITIONAL,PASS,60,>=,24,employment.start_date,false,Employment history of 60 months meets the 24-month requirement.
APP-000032-EVAL-014,APP-000032,DTI-CONV-001,POL-DTI-001,2.0,2026-07-01,SYNTHETIC_INTERNAL_POLICY,HARD_FAIL,PASS,0.3700,<=,0.43,underwriting_calculations.total_monthly_debt|underwriting_calculations.qualifying_monthly_income|underwriting_calculations.back_end_dti,false,Back-end debt-to-income 37.00% against the applicable limit of 43.00%.
APP-000032-EVAL-015,APP-000032,DTI-CONV-002,POL-DTI-001,2.0,2026-07-01,SYNTHETIC_INTERNAL_POLICY,ADVISORY,PASS,0.2900,<=,0.38,underwriting_calculations.front_end_dti,false,Housing ratio 29.00% recorded; this measure is advisory on this programme.
APP-000032-EVAL-016,APP-000032,DTI-CALC-003,POL-DTI-001,2.0,2026-07-01,SYNTHETIC_INTERNAL_POLICY,ADVISORY,PASS,6741.00,,,underwriting_calculations.residual_income_monthly,false,"Monthly disposable income 6,741.00 recorded alongside the ratio."
APP-000032-EVAL-017,APP-000032,AST-FTC-003,POL-AST-002,1.0,2026-01-01,SYNTHETIC_INTERNAL_POLICY,HARD_FAIL,PASS,99338.45,>=,89408.47,underwriting_calculations.funds_to_close_required|underwriting_calculations.funds_to_close_available,false,"Eligible funds available 99,338.45 against 89,408.47 required at settlement."
APP-000032-EVAL-018,APP-000032,AST-RSV-002,POL-AST-003,2.0,2026-07-01,SYNTHETIC_INTERNAL_POLICY,CONDITIONAL,PASS,4.00,>=,0,underwriting_calculations.post_close_reserves|underwriting_calculations.months_reserves,false,"Post-closing reserves of 4.00 months against the 0-month requirement for this occupancy, leverage and affordability profile."
APP-000032-EVAL-019,APP-000032,VAL-APR-001,POL-VAL-001,2.0,2026-07-01,SYNTHETIC_INTERNAL_POLICY,CONDITIONAL,PASS,full_appraisal,==,full_appraisal,appraisals.valuation_method,false,Valuation method 'full_appraisal' satisfies the requirement for this transaction.
APP-000032-EVAL-020,APP-000032,VAL-APR-003,POL-VAL-001,2.0,2026-07-01,SYNTHETIC_INTERNAL_POLICY,CONDITIONAL,PASS,24,<=,120,appraisals.appraisal_date,false,"Valuation is 24 days old, within the 120-day window."
APP-000032-EVAL-021,APP-000032,DOC-REQ-003,POL-DOC-001,1.0,2026-01-01,SYNTHETIC_INTERNAL_POLICY,CONDITIONAL,PASS,1.0000,==,1.0000,documents,false,Document completeness 100.00% (0 of 0 required documents received and current).
APP-000032-EVAL-022,APP-000032,GEN-ELG-005,POL-GEN-001,1.0,2026-01-01,SYNTHETIC_INTERNAL_POLICY,CONDITIONAL,PASS,0,==,0,rule_evaluations|documents,false,"Every rule in scope had the inputs it needed, so none evaluated to INDETERMINATE."
APP-000032-EVAL-023,APP-000032,DEC-REC-001,POL-DEC-001,1.0,2026-01-01,SYNTHETIC_INTERNAL_POLICY,HARD_FAIL,PASS,,,,decisions|decision_reasons,false,"The recommendation is drawn from the controlled vocabulary and carries the rule ids, policy versions and calculation records supporting it."
APP-000032-EVAL-024,APP-000032,DEC-AUD-001,POL-DEC-001,1.0,2026-01-01,SYNTHETIC_INTERNAL_POLICY,HARD_FAIL,PASS,,,,audit_events,false,"The decision record carries the full chain: policy version, rule, calculation, evidence and reason."
APP-000033-EVAL-001,APP-000033,SEC-INJ-001,POL-SEC-001,1.0,2026-01-01,SYNTHETIC_INTERNAL_POLICY,HARD_FAIL,PASS,,,,documents.contains_untrusted_text,false,No applicant-supplied text required quarantine beyond the standard trust-class handling.
APP-000033-EVAL-002,APP-000033,KYC-IDV-001,POL-KYC-001,1.0,2026-01-01,REGULATORY,HARD_FAIL,PASS,VERIFIED,==,VERIFIED,verifications.identity,false,"Identity verified; name, date of birth, address and a tokenised identification number were collected and matched."
APP-000033-EVAL-003,APP-000033,FRD-IND-001,POL-FRD-001,1.0,2026-01-01,SYNTHETIC_INTERNAL_POLICY,REFER,PASS,0,==,0,documents|verifications,false,No cross-source inconsistency without an innocent arithmetic explanation was identified.
APP-000033-EVAL-004,APP-000033,GEN-ELG-003,POL-GEN-001,1.0,2026-01-01,AGENCY_INVESTOR,HARD_FAIL,PASS,408000.00,<=,832750,loans.base_loan_amount,false,Base loan amount is within the applicable one-unit conforming limit.
APP-000033-EVAL-005,APP-000033,PRP-ELG-001,POL-PRP-001,1.0,2026-01-01,SYNTHETIC_INTERNAL_POLICY,HARD_FAIL,PASS,single_family_detached/1,in,"1-4 units, eligible type",properties.property_type|properties.units,false,Property type 'single_family_detached' with 1 unit(s) is eligible.
APP-000033-EVAL-006,APP-000033,CONV-PUR-002,POL-CONV-001,1.0,2026-01-01,SYNTHETIC_INTERNAL_POLICY,HARD_FAIL,PASS,0.8000,<=,0.97,loans.loan_amount|properties.value_used_for_ltv|underwriting_calculations.ltv,false,Loan-to-value 80.00% against the primary_residence limit of 97.00% for this programme.
APP-000033-EVAL-007,APP-000033,CRD-SCR-003,POL-CRD-001,2.0,2026-07-01,SYNTHETIC_INTERNAL_POLICY,HARD_FAIL,PASS,742,>=,620,credit_profiles.representative_score,false,Representative score 742 against the applicable floor of 620.
APP-000033-EVAL-008,APP-000033,CRD-SCR-004,POL-CRD-001,2.0,2026-07-01,SYNTHETIC_INTERNAL_POLICY,CONDITIONAL,PASS,21,<=,90,credit_profiles.report_date,false,Credit report is 21 days old against the 90-day window in force on the as-of date.
APP-000033-EVAL-009,APP-000033,CRD-SCR-007,POL-CRD-001,2.0,2026-07-01,SYNTHETIC_INTERNAL_POLICY,CONDITIONAL,REFER,5,<,4,credit_profiles.recent_inquiries_90d,false,5 inquiries in the 90-day lookback require a written explanation identifying whether any resulted in new debt. Inquiry count is never itself a basis for an adverse outcome.
APP-000033-EVAL-010,APP-000033,CRD-DLQ-001,POL-CRD-003,1.0,2026-01-01,SYNTHETIC_INTERNAL_POLICY,REFER,PASS,0,==,0,credit_accounts.housing_late_history,false,No housing payment 30 or more days past due in the last 12 months.
APP-000033-EVAL-011,APP-000033,CRD-DLQ-003,POL-CRD-003,1.0,2026-01-01,SYNTHETIC_INTERNAL_POLICY,ADVISORY,PASS,0.2800,<=,0.8,underwriting_calculations.credit_utilization,false,Revolving utilisation 28.00% is within the risk-note threshold.
APP-000033-EVAL-012,APP-000033,EMP-CNT-001,POL-EMP-002,1.0,2026-01-01,SYNTHETIC_INTERNAL_POLICY,CONDITIONAL,PASS,60,>=,24,employment.start_date,false,Employment history of 60 months meets the 24-month requirement.
APP-000033-EVAL-013,APP-000033,DTI-CONV-001,POL-DTI-001,2.0,2026-07-01,SYNTHETIC_INTERNAL_POLICY,HARD_FAIL,PASS,0.3600,<=,0.43,underwriting_calculations.total_monthly_debt|underwriting_calculations.qualifying_monthly_income|underwriting_calculations.back_end_dti,false,Back-end debt-to-income 36.00% against the applicable limit of 43.00%.
APP-000033-EVAL-014,APP-000033,DTI-CONV-002,POL-DTI-001,2.0,2026-07-01,SYNTHETIC_INTERNAL_POLICY,ADVISORY,PASS,0.2900,<=,0.38,underwriting_calculations.front_end_dti,false,Housing ratio 29.00% recorded; this measure is advisory on this programme.
APP-000033-EVAL-015,APP-000033,DTI-CALC-003,POL-DTI-001,2.0,2026-07-01,SYNTHETIC_INTERNAL_POLICY,ADVISORY,PASS,6944.00,,,underwriting_calculations.residual_income_monthly,false,"Monthly disposable income 6,944.00 recorded alongside the ratio."
APP-000033-EVAL-016,APP-000033,AST-FTC-003,POL-AST-002,1.0,2026-01-01,SYNTHETIC_INTERNAL_POLICY,HARD_FAIL,PASS,121499.12,>=,106397.26,underwriting_calculations.funds_to_close_required|underwriting_calculations.funds_to_close_available,false,"Eligible funds available 121,499.12 against 106,397.26 required at settlement."
APP-000033-EVAL-017,APP-000033,AST-RSV-002,POL-AST-003,2.0,2026-07-01,SYNTHETIC_INTERNAL_POLICY,CONDITIONAL,PASS,6.00,>=,0,underwriting_calculations.post_close_reserves|underwriting_calculations.months_reserves,false,"Post-closing reserves of 6.00 months against the 0-month requirement for this occupancy, leverage and affordability profile."
APP-000033-EVAL-018,APP-000033,VAL-APR-001,POL-VAL-001,2.0,2026-07-01,SYNTHETIC_INTERNAL_POLICY,CONDITIONAL,PASS,full_appraisal,==,full_appraisal,appraisals.valuation_method,false,Valuation method 'full_appraisal' satisfies the requirement for this transaction.
APP-000033-EVAL-019,APP-000033,VAL-APR-003,POL-VAL-001,2.0,2026-07-01,SYNTHETIC_INTERNAL_POLICY,CONDITIONAL,PASS,24,<=,120,appraisals.appraisal_date,false,"Valuation is 24 days old, within the 120-day window."
APP-000033-EVAL-020,APP-000033,DOC-REQ-003,POL-DOC-001,1.0,2026-01-01,SYNTHETIC_INTERNAL_POLICY,CONDITIONAL,PASS,1.0000,==,1.0000,documents,false,Document completeness 100.00% (0 of 0 required documents received and current).
APP-000033-EVAL-021,APP-000033,GEN-ELG-005,POL-GEN-001,1.0,2026-01-01,SYNTHETIC_INTERNAL_POLICY,CONDITIONAL,PASS,0,==,0,rule_evaluations|documents,false,"Every rule in scope had the inputs it needed, so none evaluated to INDETERMINATE."
APP-000033-EVAL-022,APP-000033,DEC-REC-001,POL-DEC-001,1.0,2026-01-01,SYNTHETIC_INTERNAL_POLICY,HARD_FAIL,PASS,,,,decisions|decision_reasons,false,"The recommendation is drawn from the controlled vocabulary and carries the rule ids, policy versions and calculation records supporting it."
APP-000033-EVAL-023,APP-000033,DEC-AUD-001,POL-DEC-001,1.0,2026-01-01,SYNTHETIC_INTERNAL_POLICY,HARD_FAIL,PASS,,,,audit_events,false,"The decision record carries the full chain: policy version, rule, calculation, evidence and reason."
APP-000034-EVAL-001,APP-000034,SEC-INJ-001,POL-SEC-001,1.0,2026-01-01,SYNTHETIC_INTERNAL_POLICY,HARD_FAIL,PASS,,,,documents.contains_untrusted_text,false,No applicant-supplied text required quarantine beyond the standard trust-class handling.
APP-000034-EVAL-002,APP-000034,KYC-IDV-001,POL-KYC-001,1.0,2026-01-01,REGULATORY,HARD_FAIL,PASS,VERIFIED,==,VERIFIED,verifications.identity,false,"Identity verified; name, date of birth, address and a tokenised identification number were collected and matched."
APP-000034-EVAL-003,APP-000034,FRD-IND-001,POL-FRD-001,1.0,2026-01-01,SYNTHETIC_INTERNAL_POLICY,REFER,PASS,0,==,0,documents|verifications,false,No cross-source inconsistency without an innocent arithmetic explanation was identified.
APP-000034-EVAL-004,APP-000034,GEN-ELG-003,POL-GEN-001,1.0,2026-01-01,AGENCY_INVESTOR,HARD_FAIL,PASS,304000.00,<=,832750,loans.base_loan_amount,false,Base loan amount is within the applicable one-unit conforming limit.
APP-000034-EVAL-005,APP-000034,PRP-ELG-001,POL-PRP-001,1.0,2026-01-01,SYNTHETIC_INTERNAL_POLICY,HARD_FAIL,PASS,single_family_detached/1,in,"1-4 units, eligible type",properties.property_type|properties.units,false,Property type 'single_family_detached' with 1 unit(s) is eligible.
APP-000034-EVAL-006,APP-000034,CONV-PUR-002,POL-CONV-001,1.0,2026-01-01,SYNTHETIC_INTERNAL_POLICY,HARD_FAIL,PASS,0.8000,<=,0.97,loans.loan_amount|properties.value_used_for_ltv|underwriting_calculations.ltv,false,Loan-to-value 80.00% against the primary_residence limit of 97.00% for this programme.
APP-000034-EVAL-007,APP-000034,CRD-SCR-003,POL-CRD-001,2.0,2026-07-01,SYNTHETIC_INTERNAL_POLICY,HARD_FAIL,PASS,702,>=,620,credit_profiles.representative_score,false,Representative score 702 against the applicable floor of 620.
APP-000034-EVAL-008,APP-000034,CRD-SCR-005,POL-CRD-001,2.0,2026-07-01,SYNTHETIC_INTERNAL_POLICY,REFER,REFER,2,>=,3,credit_accounts,true,Only 2 scoreable tradeline(s); manual credit review with alternative credit evidence is required.
APP-000034-EVAL-009,APP-000034,CRD-SCR-004,POL-CRD-001,2.0,2026-07-01,SYNTHETIC_INTERNAL_POLICY,CONDITIONAL,PASS,21,<=,90,credit_profiles.report_date,false,Credit report is 21 days old against the 90-day window in force on the as-of date.
APP-000034-EVAL-010,APP-000034,CRD-SCR-007,POL-CRD-001,2.0,2026-07-01,SYNTHETIC_INTERNAL_POLICY,CONDITIONAL,PASS,1,<,4,credit_profiles.recent_inquiries_90d,false,"1 inquiries in the 90-day lookback, below the explanation trigger."
APP-000034-EVAL-011,APP-000034,CRD-DLQ-001,POL-CRD-003,1.0,2026-01-01,SYNTHETIC_INTERNAL_POLICY,REFER,PASS,0,==,0,credit_accounts.housing_late_history,false,No housing payment 30 or more days past due in the last 12 months.
APP-000034-EVAL-012,APP-000034,CRD-DLQ-003,POL-CRD-003,1.0,2026-01-01,SYNTHETIC_INTERNAL_POLICY,ADVISORY,PASS,0.2800,<=,0.8,underwriting_calculations.credit_utilization,false,Revolving utilisation 28.00% is within the risk-note threshold.
APP-000034-EVAL-013,APP-000034,EMP-CNT-001,POL-EMP-002,1.0,2026-01-01,SYNTHETIC_INTERNAL_POLICY,CONDITIONAL,PASS,60,>=,24,employment.start_date,false,Employment history of 60 months meets the 24-month requirement.
APP-000034-EVAL-014,APP-000034,DTI-CONV-001,POL-DTI-001,2.0,2026-07-01,SYNTHETIC_INTERNAL_POLICY,HARD_FAIL,PASS,0.3200,<=,0.43,underwriting_calculations.total_monthly_debt|underwriting_calculations.qualifying_monthly_income|underwriting_calculations.back_end_dti,false,Back-end debt-to-income 32.00% against the applicable limit of 43.00%.
APP-000034-EVAL-015,APP-000034,DTI-CONV-002,POL-DTI-001,2.0,2026-07-01,SYNTHETIC_INTERNAL_POLICY,ADVISORY,PASS,0.2899,<=,0.38,underwriting_calculations.front_end_dti,false,Housing ratio 28.99% recorded; this measure is advisory on this programme.
APP-000034-EVAL-016,APP-000034,DTI-CALC-003,POL-DTI-001,2.0,2026-07-01,SYNTHETIC_INTERNAL_POLICY,ADVISORY,PASS,6182.34,,,underwriting_calculations.residual_income_monthly,false,"Monthly disposable income 6,182.34 recorded alongside the ratio."
APP-000034-EVAL-017,APP-000034,AST-FTC-003,POL-AST-002,1.0,2026-01-01,SYNTHETIC_INTERNAL_POLICY,HARD_FAIL,PASS,87781.15,>=,73021.96,underwriting_calculations.funds_to_close_required|underwriting_calculations.funds_to_close_available,false,"Eligible funds available 87,781.15 against 73,021.96 required at settlement."
APP-000034-EVAL-018,APP-000034,AST-RSV-002,POL-AST-003,2.0,2026-07-01,SYNTHETIC_INTERNAL_POLICY,CONDITIONAL,PASS,7.00,>=,0,underwriting_calculations.post_close_reserves|underwriting_calculations.months_reserves,false,"Post-closing reserves of 7.00 months against the 0-month requirement for this occupancy, leverage and affordability profile."
APP-000034-EVAL-019,APP-000034,VAL-APR-001,POL-VAL-001,2.0,2026-07-01,SYNTHETIC_INTERNAL_POLICY,CONDITIONAL,PASS,full_appraisal,==,full_appraisal,appraisals.valuation_method,false,Valuation method 'full_appraisal' satisfies the requirement for this transaction.
APP-000034-EVAL-020,APP-000034,VAL-APR-003,POL-VAL-001,2.0,2026-07-01,SYNTHETIC_INTERNAL_POLICY,CONDITIONAL,PASS,24,<=,120,appraisals.appraisal_date,false,"Valuation is 24 days old, within the 120-day window."
APP-000034-EVAL-021,APP-000034,DOC-REQ-003,POL-DOC-001,1.0,2026-01-01,SYNTHETIC_INTERNAL_POLICY,CONDITIONAL,PASS,1.0000,==,1.0000,documents,false,Document completeness 100.00% (0 of 0 required documents received and current).
APP-000034-EVAL-022,APP-000034,GEN-ELG-005,POL-GEN-001,1.0,2026-01-01,SYNTHETIC_INTERNAL_POLICY,CONDITIONAL,PASS,0,==,0,rule_evaluations|documents,false,"Every rule in scope had the inputs it needed, so none evaluated to INDETERMINATE."
APP-000034-EVAL-023,APP-000034,UWR-HRV-001,POL-UWR-001,1.0,2026-01-01,SYNTHETIC_INTERNAL_POLICY,REFER,REFER,1,==,0,rule_evaluations,true,1 mandatory human-review trigger(s) present.
APP-000034-EVAL-024,APP-000034,DEC-REC-001,POL-DEC-001,1.0,2026-01-01,SYNTHETIC_INTERNAL_POLICY,HARD_FAIL,PASS,,,,decisions|decision_reasons,false,"The recommendation is drawn from the controlled vocabulary and carries the rule ids, policy versions and calculation records supporting it."
APP-000034-EVAL-025,APP-000034,DEC-AUD-001,POL-DEC-001,1.0,2026-01-01,SYNTHETIC_INTERNAL_POLICY,HARD_FAIL,PASS,,,,audit_events,false,"The decision record carries the full chain: policy version, rule, calculation, evidence and reason."
APP-000035-EVAL-001,APP-000035,SEC-INJ-001,POL-SEC-001,1.0,2026-01-01,SYNTHETIC_INTERNAL_POLICY,HARD_FAIL,PASS,,,,documents.contains_untrusted_text,false,No applicant-supplied text required quarantine beyond the standard trust-class handling.
APP-000035-EVAL-002,APP-000035,KYC-IDV-001,POL-KYC-001,1.0,2026-01-01,REGULATORY,HARD_FAIL,PASS,VERIFIED,==,VERIFIED,verifications.identity,false,"Identity verified; name, date of birth, address and a tokenised identification number were collected and matched."
APP-000035-EVAL-003,APP-000035,FRD-IND-001,POL-FRD-001,1.0,2026-01-01,SYNTHETIC_INTERNAL_POLICY,REFER,PASS,0,==,0,documents|verifications,false,No cross-source inconsistency without an innocent arithmetic explanation was identified.
APP-000035-EVAL-004,APP-000035,GEN-ELG-003,POL-GEN-001,1.0,2026-01-01,AGENCY_INVESTOR,HARD_FAIL,PASS,448000.00,<=,832750,loans.base_loan_amount,false,Base loan amount is within the applicable one-unit conforming limit.
APP-000035-EVAL-005,APP-000035,PRP-ELG-001,POL-PRP-001,1.0,2026-01-01,SYNTHETIC_INTERNAL_POLICY,HARD_FAIL,PASS,single_family_detached/1,in,"1-4 units, eligible type",properties.property_type|properties.units,false,Property type 'single_family_detached' with 1 unit(s) is eligible.
APP-000035-EVAL-006,APP-000035,CONV-PUR-002,POL-CONV-001,1.0,2026-01-01,SYNTHETIC_INTERNAL_POLICY,HARD_FAIL,PASS,0.8000,<=,0.97,loans.loan_amount|properties.value_used_for_ltv|underwriting_calculations.ltv,false,Loan-to-value 80.00% against the primary_residence limit of 97.00% for this programme.
APP-000035-EVAL-007,APP-000035,CRD-SCR-003,POL-CRD-001,2.0,2026-07-01,SYNTHETIC_INTERNAL_POLICY,HARD_FAIL,PASS,742,>=,620,credit_profiles.representative_score,false,Representative score 742 against the applicable floor of 620.
APP-000035-EVAL-008,APP-000035,CRD-SCR-004,POL-CRD-001,2.0,2026-07-01,SYNTHETIC_INTERNAL_POLICY,CONDITIONAL,PASS,21,<=,90,credit_profiles.report_date,false,Credit report is 21 days old against the 90-day window in force on the as-of date.
APP-000035-EVAL-009,APP-000035,CRD-SCR-007,POL-CRD-001,2.0,2026-07-01,SYNTHETIC_INTERNAL_POLICY,CONDITIONAL,PASS,1,<,4,credit_profiles.recent_inquiries_90d,false,"1 inquiries in the 90-day lookback, below the explanation trigger."
APP-000035-EVAL-010,APP-000035,CRD-DLQ-001,POL-CRD-003,1.0,2026-01-01,SYNTHETIC_INTERNAL_POLICY,REFER,PASS,0,==,0,credit_accounts.housing_late_history,false,No housing payment 30 or more days past due in the last 12 months.
APP-000035-EVAL-011,APP-000035,CRD-DLQ-003,POL-CRD-003,1.0,2026-01-01,SYNTHETIC_INTERNAL_POLICY,ADVISORY,PASS,0.2800,<=,0.8,underwriting_calculations.credit_utilization,false,Revolving utilisation 28.00% is within the risk-note threshold.
APP-000035-EVAL-012,APP-000035,LIA-INC-006,POL-LIA-001,1.0,2026-01-01,SYNTHETIC_INTERNAL_POLICY,CONDITIONAL,REFER,undeclared obligation present,==,none,liabilities.source,true,An obligation appearing on the credit report was not declared on the application. It has been added to the liabilities and the debt-to-income ratio recomputed; the borrower must confirm or dispute it before a decision is reached.
APP-000035-EVAL-013,APP-000035,EMP-CNT-001,POL-EMP-002,1.0,2026-01-01,SYNTHETIC_INTERNAL_POLICY,CONDITIONAL,PASS,60,>=,24,employment.start_date,false,Employment history of 60 months meets the 24-month requirement.
APP-000035-EVAL-014,APP-000035,DTI-CONV-001,POL-DTI-001,2.0,2026-07-01,SYNTHETIC_INTERNAL_POLICY,HARD_FAIL,PASS,0.4100,<=,0.43,underwriting_calculations.total_monthly_debt|underwriting_calculations.qualifying_monthly_income|underwriting_calculations.back_end_dti,false,Back-end debt-to-income 41.00% against the applicable limit of 43.00%.
APP-000035-EVAL-015,APP-000035,UWR-HRV-001,POL-UWR-001,1.0,2026-01-01,SYNTHETIC_INTERNAL_POLICY,REFER,REFER,0.4100,<=,0.43,underwriting_calculations.back_end_dti,true,"Affordability result 41.00% is within 2.00% of its 43.00% limit, which is a mandatory human-review trigger."
APP-000035-EVAL-016,APP-000035,DTI-CONV-002,POL-DTI-001,2.0,2026-07-01,SYNTHETIC_INTERNAL_POLICY,ADVISORY,PASS,0.3000,<=,0.38,underwriting_calculations.front_end_dti,false,Housing ratio 30.00% recorded; this measure is advisory on this programme.
APP-000035-EVAL-017,APP-000035,DTI-CALC-003,POL-DTI-001,2.0,2026-07-01,SYNTHETIC_INTERNAL_POLICY,ADVISORY,PASS,6868.59,,,underwriting_calculations.residual_income_monthly,false,"Monthly disposable income 6,868.59 recorded alongside the ratio."
APP-000035-EVAL-018,APP-000035,AST-FTC-003,POL-AST-002,1.0,2026-01-01,SYNTHETIC_INTERNAL_POLICY,HARD_FAIL,PASS,116733.40,>=,105559.00,underwriting_calculations.funds_to_close_required|underwriting_calculations.funds_to_close_available,false,"Eligible funds available 116,733.40 against 105,559.00 required at settlement."
APP-000035-EVAL-019,APP-000035,AST-RSV-002,POL-AST-003,2.0,2026-07-01,SYNTHETIC_INTERNAL_POLICY,CONDITIONAL,PASS,4.00,>=,0,underwriting_calculations.post_close_reserves|underwriting_calculations.months_reserves,false,"Post-closing reserves of 4.00 months against the 0-month requirement for this occupancy, leverage and affordability profile."
APP-000035-EVAL-020,APP-000035,VAL-APR-001,POL-VAL-001,2.0,2026-07-01,SYNTHETIC_INTERNAL_POLICY,CONDITIONAL,PASS,full_appraisal,==,full_appraisal,appraisals.valuation_method,false,Valuation method 'full_appraisal' satisfies the requirement for this transaction.
APP-000035-EVAL-021,APP-000035,VAL-APR-003,POL-VAL-001,2.0,2026-07-01,SYNTHETIC_INTERNAL_POLICY,CONDITIONAL,PASS,24,<=,120,appraisals.appraisal_date,false,"Valuation is 24 days old, within the 120-day window."
APP-000035-EVAL-022,APP-000035,DOC-REQ-003,POL-DOC-001,1.0,2026-01-01,SYNTHETIC_INTERNAL_POLICY,CONDITIONAL,PASS,1.0000,==,1.0000,documents,false,Document completeness 100.00% (0 of 0 required documents received and current).
APP-000035-EVAL-023,APP-000035,GEN-ELG-005,POL-GEN-001,1.0,2026-01-01,SYNTHETIC_INTERNAL_POLICY,CONDITIONAL,PASS,0,==,0,rule_evaluations|documents,false,"Every rule in scope had the inputs it needed, so none evaluated to INDETERMINATE."
APP-000035-EVAL-024,APP-000035,UWR-HRV-001,POL-UWR-001,1.0,2026-01-01,SYNTHETIC_INTERNAL_POLICY,REFER,REFER,2,==,0,rule_evaluations,true,2 mandatory human-review trigger(s) present.
APP-000035-EVAL-025,APP-000035,DEC-REC-001,POL-DEC-001,1.0,2026-01-01,SYNTHETIC_INTERNAL_POLICY,HARD_FAIL,PASS,,,,decisions|decision_reasons,false,"The recommendation is drawn from the controlled vocabulary and carries the rule ids, policy versions and calculation records supporting it."
APP-000035-EVAL-026,APP-000035,DEC-AUD-001,POL-DEC-001,1.0,2026-01-01,SYNTHETIC_INTERNAL_POLICY,HARD_FAIL,PASS,,,,audit_events,false,"The decision record carries the full chain: policy version, rule, calculation, evidence and reason."
APP-000036-EVAL-001,APP-000036,SEC-INJ-001,POL-SEC-001,1.0,2026-01-01,SYNTHETIC_INTERNAL_POLICY,HARD_FAIL,PASS,,,,documents.contains_untrusted_text,false,No applicant-supplied text required quarantine beyond the standard trust-class handling.
APP-000036-EVAL-002,APP-000036,KYC-IDV-001,POL-KYC-001,1.0,2026-01-01,REGULATORY,HARD_FAIL,PASS,VERIFIED,==,VERIFIED,verifications.identity,false,"Identity verified; name, date of birth, address and a tokenised identification number were collected and matched."
APP-000036-EVAL-003,APP-000036,FRD-IND-001,POL-FRD-001,1.0,2026-01-01,SYNTHETIC_INTERNAL_POLICY,REFER,PASS,0,==,0,documents|verifications,false,No cross-source inconsistency without an innocent arithmetic explanation was identified.
APP-000036-EVAL-004,APP-000036,GEN-ELG-003,POL-GEN-001,1.0,2026-01-01,AGENCY_INVESTOR,HARD_FAIL,PASS,376000.00,<=,832750,loans.base_loan_amount,false,Base loan amount is within the applicable one-unit conforming limit.
APP-000036-EVAL-005,APP-000036,PRP-ELG-001,POL-PRP-001,1.0,2026-01-01,SYNTHETIC_INTERNAL_POLICY,HARD_FAIL,PASS,single_family_detached/1,in,"1-4 units, eligible type",properties.property_type|properties.units,false,Property type 'single_family_detached' with 1 unit(s) is eligible.
APP-000036-EVAL-006,APP-000036,CONV-PUR-002,POL-CONV-001,1.0,2026-01-01,SYNTHETIC_INTERNAL_POLICY,HARD_FAIL,PASS,0.8000,<=,0.97,loans.loan_amount|properties.value_used_for_ltv|underwriting_calculations.ltv,false,Loan-to-value 80.00% against the primary_residence limit of 97.00% for this programme.
APP-000036-EVAL-007,APP-000036,CRD-SCR-003,POL-CRD-001,2.0,2026-07-01,SYNTHETIC_INTERNAL_POLICY,HARD_FAIL,PASS,719,>=,620,credit_profiles.representative_score,false,Representative score 719 against the applicable floor of 620.
APP-000036-EVAL-008,APP-000036,CRD-SCR-004,POL-CRD-001,2.0,2026-07-01,SYNTHETIC_INTERNAL_POLICY,CONDITIONAL,PASS,21,<=,90,credit_profiles.report_date,false,Credit report is 21 days old against the 90-day window in force on the as-of date.
APP-000036-EVAL-009,APP-000036,CRD-SCR-007,POL-CRD-001,2.0,2026-07-01,SYNTHETIC_INTERNAL_POLICY,CONDITIONAL,PASS,1,<,4,credit_profiles.recent_inquiries_90d,false,"1 inquiries in the 90-day lookback, below the explanation trigger."
APP-000036-EVAL-010,APP-000036,CRD-DLQ-001,POL-CRD-003,1.0,2026-01-01,SYNTHETIC_INTERNAL_POLICY,REFER,PASS,0,==,0,credit_accounts.housing_late_history,false,No housing payment 30 or more days past due in the last 12 months.
APP-000036-EVAL-011,APP-000036,CRD-DLQ-003,POL-CRD-003,1.0,2026-01-01,SYNTHETIC_INTERNAL_POLICY,ADVISORY,PASS,0.2800,<=,0.8,underwriting_calculations.credit_utilization,false,Revolving utilisation 28.00% is within the risk-note threshold.
APP-000036-EVAL-012,APP-000036,INC-GEN-006,POL-INC-001,1.0,2026-01-01,SYNTHETIC_INTERNAL_POLICY,REFER,REFER,0.0706,<=,0.05,income.declared_amount|income.verified_amount,true,Income evidence differs across sources by 7.06% against a 5.00% materiality threshold. The lower verified figure is used pending resolution and both values are recorded.
APP-000036-EVAL-013,APP-000036,EMP-CNT-001,POL-EMP-002,1.0,2026-01-01,SYNTHETIC_INTERNAL_POLICY,CONDITIONAL,PASS,60,>=,24,employment.start_date,false,Employment history of 60 months meets the 24-month requirement.
APP-000036-EVAL-014,APP-000036,DTI-CONV-001,POL-DTI-001,2.0,2026-07-01,SYNTHETIC_INTERNAL_POLICY,HARD_FAIL,PASS,0.3800,<=,0.43,underwriting_calculations.total_monthly_debt|underwriting_calculations.qualifying_monthly_income|underwriting_calculations.back_end_dti,false,Back-end debt-to-income 38.00% against the applicable limit of 43.00%.
APP-000036-EVAL-015,APP-000036,DTI-CONV-002,POL-DTI-001,2.0,2026-07-01,SYNTHETIC_INTERNAL_POLICY,ADVISORY,PASS,0.2900,<=,0.38,underwriting_calculations.front_end_dti,false,Housing ratio 29.00% recorded; this measure is advisory on this programme.
APP-000036-EVAL-016,APP-000036,DTI-CALC-003,POL-DTI-001,2.0,2026-07-01,SYNTHETIC_INTERNAL_POLICY,ADVISORY,PASS,6107.00,,,underwriting_calculations.residual_income_monthly,false,"Monthly disposable income 6,107.00 recorded alongside the ratio."
APP-000036-EVAL-017,APP-000036,AST-FTC-003,POL-AST-002,1.0,2026-01-01,SYNTHETIC_INTERNAL_POLICY,HARD_FAIL,PASS,109493.70,>=,98068.22,underwriting_calculations.funds_to_close_required|underwriting_calculations.funds_to_close_available,false,"Eligible funds available 109,493.70 against 98,068.22 required at settlement."
APP-000036-EVAL-018,APP-000036,AST-RSV-002,POL-AST-003,2.0,2026-07-01,SYNTHETIC_INTERNAL_POLICY,CONDITIONAL,PASS,5.00,>=,0,underwriting_calculations.post_close_reserves|underwriting_calculations.months_reserves,false,"Post-closing reserves of 5.00 months against the 0-month requirement for this occupancy, leverage and affordability profile."
APP-000036-EVAL-019,APP-000036,VAL-APR-001,POL-VAL-001,2.0,2026-07-01,SYNTHETIC_INTERNAL_POLICY,CONDITIONAL,PASS,full_appraisal,==,full_appraisal,appraisals.valuation_method,false,Valuation method 'full_appraisal' satisfies the requirement for this transaction.
APP-000036-EVAL-020,APP-000036,VAL-APR-003,POL-VAL-001,2.0,2026-07-01,SYNTHETIC_INTERNAL_POLICY,CONDITIONAL,PASS,24,<=,120,appraisals.appraisal_date,false,"Valuation is 24 days old, within the 120-day window."
APP-000036-EVAL-021,APP-000036,DOC-REQ-003,POL-DOC-001,1.0,2026-01-01,SYNTHETIC_INTERNAL_POLICY,CONDITIONAL,PASS,1.0000,==,1.0000,documents,false,Document completeness 100.00% (0 of 0 required documents received and current).
APP-000036-EVAL-022,APP-000036,GEN-ELG-005,POL-GEN-001,1.0,2026-01-01,SYNTHETIC_INTERNAL_POLICY,CONDITIONAL,PASS,0,==,0,rule_evaluations|documents,false,"Every rule in scope had the inputs it needed, so none evaluated to INDETERMINATE."
APP-000036-EVAL-023,APP-000036,UWR-HRV-001,POL-UWR-001,1.0,2026-01-01,SYNTHETIC_INTERNAL_POLICY,REFER,REFER,1,==,0,rule_evaluations,true,1 mandatory human-review trigger(s) present.
APP-000036-EVAL-024,APP-000036,DEC-REC-001,POL-DEC-001,1.0,2026-01-01,SYNTHETIC_INTERNAL_POLICY,HARD_FAIL,PASS,,,,decisions|decision_reasons,false,"The recommendation is drawn from the controlled vocabulary and carries the rule ids, policy versions and calculation records supporting it."
APP-000036-EVAL-025,APP-000036,DEC-AUD-001,POL-DEC-001,1.0,2026-01-01,SYNTHETIC_INTERNAL_POLICY,HARD_FAIL,PASS,,,,audit_events,false,"The decision record carries the full chain: policy version, rule, calculation, evidence and reason."
APP-000037-EVAL-001,APP-000037,SEC-INJ-001,POL-SEC-001,1.0,2026-01-01,SYNTHETIC_INTERNAL_POLICY,HARD_FAIL,PASS,,,,documents.contains_untrusted_text,false,No applicant-supplied text required quarantine beyond the standard trust-class handling.
APP-000037-EVAL-002,APP-000037,KYC-IDV-001,POL-KYC-001,1.0,2026-01-01,REGULATORY,HARD_FAIL,PASS,VERIFIED,==,VERIFIED,verifications.identity,false,"Identity verified; name, date of birth, address and a tokenised identification number were collected and matched."
APP-000037-EVAL-003,APP-000037,FRD-IND-001,POL-FRD-001,1.0,2026-01-01,SYNTHETIC_INTERNAL_POLICY,REFER,PASS,0,==,0,documents|verifications,false,No cross-source inconsistency without an innocent arithmetic explanation was identified.
APP-000037-EVAL-004,APP-000037,GEN-ELG-003,POL-GEN-001,1.0,2026-01-01,AGENCY_INVESTOR,HARD_FAIL,PASS,320000.00,<=,832750,loans.base_loan_amount,false,Base loan amount is within the applicable one-unit conforming limit.
APP-000037-EVAL-005,APP-000037,PRP-ELG-001,POL-PRP-001,1.0,2026-01-01,SYNTHETIC_INTERNAL_POLICY,HARD_FAIL,PASS,single_family_detached/1,in,"1-4 units, eligible type",properties.property_type|properties.units,false,Property type 'single_family_detached' with 1 unit(s) is eligible.
APP-000037-EVAL-006,APP-000037,CONV-PUR-002,POL-CONV-001,1.0,2026-01-01,SYNTHETIC_INTERNAL_POLICY,HARD_FAIL,PASS,0.8000,<=,0.97,loans.loan_amount|properties.value_used_for_ltv|underwriting_calculations.ltv,false,Loan-to-value 80.00% against the primary_residence limit of 97.00% for this programme.
APP-000037-EVAL-007,APP-000037,CRD-SCR-003,POL-CRD-001,2.0,2026-07-01,SYNTHETIC_INTERNAL_POLICY,HARD_FAIL,PASS,742,>=,620,credit_profiles.representative_score,false,Representative score 742 against the applicable floor of 620.
APP-000037-EVAL-008,APP-000037,CRD-SCR-004,POL-CRD-001,2.0,2026-07-01,SYNTHETIC_INTERNAL_POLICY,CONDITIONAL,PASS,21,<=,90,credit_profiles.report_date,false,Credit report is 21 days old against the 90-day window in force on the as-of date.
APP-000037-EVAL-009,APP-000037,CRD-SCR-007,POL-CRD-001,2.0,2026-07-01,SYNTHETIC_INTERNAL_POLICY,CONDITIONAL,PASS,1,<,4,credit_profiles.recent_inquiries_90d,false,"1 inquiries in the 90-day lookback, below the explanation trigger."
APP-000037-EVAL-010,APP-000037,CRD-DLQ-001,POL-CRD-003,1.0,2026-01-01,SYNTHETIC_INTERNAL_POLICY,REFER,PASS,0,==,0,credit_accounts.housing_late_history,false,No housing payment 30 or more days past due in the last 12 months.
APP-000037-EVAL-011,APP-000037,CRD-DLQ-003,POL-CRD-003,1.0,2026-01-01,SYNTHETIC_INTERNAL_POLICY,ADVISORY,PASS,0.2800,<=,0.8,underwriting_calculations.credit_utilization,false,Revolving utilisation 28.00% is within the risk-note threshold.
APP-000037-EVAL-012,APP-000037,EMP-CNT-001,POL-EMP-002,1.0,2026-01-01,SYNTHETIC_INTERNAL_POLICY,CONDITIONAL,PASS,60,>=,24,employment.start_date,false,Employment history of 60 months meets the 24-month requirement.
APP-000037-EVAL-013,APP-000037,EMP-VER-003,POL-EMP-001,1.0,2026-01-01,SYNTHETIC_INTERNAL_POLICY,REFER,REFER,verification conflict,==,sources agree,employment.start_date|verifications.employment,true,The employment verification reports details that differ materially from the application. The verified value governs and the discrepancy is recorded with both values and their sources.
APP-000037-EVAL-014,APP-000037,DTI-CONV-001,POL-DTI-001,2.0,2026-07-01,SYNTHETIC_INTERNAL_POLICY,HARD_FAIL,PASS,0.3600,<=,0.43,underwriting_calculations.total_monthly_debt|underwriting_calculations.qualifying_monthly_income|underwriting_calculations.back_end_dti,false,Back-end debt-to-income 36.00% against the applicable limit of 43.00%.
APP-000037-EVAL-015,APP-000037,DTI-CONV-002,POL-DTI-001,2.0,2026-07-01,SYNTHETIC_INTERNAL_POLICY,ADVISORY,PASS,0.2901,<=,0.38,underwriting_calculations.front_end_dti,false,Housing ratio 29.01% recorded; this measure is advisory on this programme.
APP-000037-EVAL-016,APP-000037,DTI-CALC-003,POL-DTI-001,2.0,2026-07-01,SYNTHETIC_INTERNAL_POLICY,ADVISORY,PASS,5253.33,,,underwriting_calculations.residual_income_monthly,false,"Monthly disposable income 5,253.33 recorded alongside the ratio."
APP-000037-EVAL-017,APP-000037,AST-FTC-003,POL-AST-002,1.0,2026-01-01,SYNTHETIC_INTERNAL_POLICY,HARD_FAIL,PASS,95016.47,>=,83587.86,underwriting_calculations.funds_to_close_required|underwriting_calculations.funds_to_close_available,false,"Eligible funds available 95,016.47 against 83,587.86 required at settlement."
APP-000037-EVAL-018,APP-000037,AST-RSV-002,POL-AST-003,2.0,2026-07-01,SYNTHETIC_INTERNAL_POLICY,CONDITIONAL,PASS,6.00,>=,0,underwriting_calculations.post_close_reserves|underwriting_calculations.months_reserves,false,"Post-closing reserves of 6.00 months against the 0-month requirement for this occupancy, leverage and affordability profile."
APP-000037-EVAL-019,APP-000037,VAL-APR-001,POL-VAL-001,2.0,2026-07-01,SYNTHETIC_INTERNAL_POLICY,CONDITIONAL,PASS,full_appraisal,==,full_appraisal,appraisals.valuation_method,false,Valuation method 'full_appraisal' satisfies the requirement for this transaction.
APP-000037-EVAL-020,APP-000037,VAL-APR-003,POL-VAL-001,2.0,2026-07-01,SYNTHETIC_INTERNAL_POLICY,CONDITIONAL,PASS,24,<=,120,appraisals.appraisal_date,false,"Valuation is 24 days old, within the 120-day window."
APP-000037-EVAL-021,APP-000037,DOC-REQ-003,POL-DOC-001,1.0,2026-01-01,SYNTHETIC_INTERNAL_POLICY,CONDITIONAL,PASS,1.0000,==,1.0000,documents,false,Document completeness 100.00% (0 of 0 required documents received and current).
APP-000037-EVAL-022,APP-000037,GEN-ELG-005,POL-GEN-001,1.0,2026-01-01,SYNTHETIC_INTERNAL_POLICY,CONDITIONAL,PASS,0,==,0,rule_evaluations|documents,false,"Every rule in scope had the inputs it needed, so none evaluated to INDETERMINATE."
APP-000037-EVAL-023,APP-000037,UWR-HRV-001,POL-UWR-001,1.0,2026-01-01,SYNTHETIC_INTERNAL_POLICY,REFER,REFER,1,==,0,rule_evaluations,true,1 mandatory human-review trigger(s) present.
APP-000037-EVAL-024,APP-000037,DEC-REC-001,POL-DEC-001,1.0,2026-01-01,SYNTHETIC_INTERNAL_POLICY,HARD_FAIL,PASS,,,,decisions|decision_reasons,false,"The recommendation is drawn from the controlled vocabulary and carries the rule ids, policy versions and calculation records supporting it."
APP-000037-EVAL-025,APP-000037,DEC-AUD-001,POL-DEC-001,1.0,2026-01-01,SYNTHETIC_INTERNAL_POLICY,HARD_FAIL,PASS,,,,audit_events,false,"The decision record carries the full chain: policy version, rule, calculation, evidence and reason."
APP-000038-EVAL-001,APP-000038,SEC-INJ-001,POL-SEC-001,1.0,2026-01-01,SYNTHETIC_INTERNAL_POLICY,HARD_FAIL,PASS,,,,documents.contains_untrusted_text,false,No applicant-supplied text required quarantine beyond the standard trust-class handling.
APP-000038-EVAL-002,APP-000038,KYC-IDV-001,POL-KYC-001,1.0,2026-01-01,REGULATORY,HARD_FAIL,PASS,VERIFIED,==,VERIFIED,verifications.identity,false,"Identity verified; name, date of birth, address and a tokenised identification number were collected and matched."
APP-000038-EVAL-003,APP-000038,FRD-IND-001,POL-FRD-001,1.0,2026-01-01,SYNTHETIC_INTERNAL_POLICY,REFER,PASS,0,==,0,documents|verifications,false,No cross-source inconsistency without an innocent arithmetic explanation was identified.
APP-000038-EVAL-004,APP-000038,GEN-ELG-003,POL-GEN-001,1.0,2026-01-01,AGENCY_INVESTOR,HARD_FAIL,PASS,320000.00,<=,832750,loans.base_loan_amount,false,Base loan amount is within the applicable one-unit conforming limit.
APP-000038-EVAL-005,APP-000038,PRP-ELG-001,POL-PRP-001,1.0,2026-01-01,SYNTHETIC_INTERNAL_POLICY,HARD_FAIL,PASS,single_family_detached/1,in,"1-4 units, eligible type",properties.property_type|properties.units,false,Property type 'single_family_detached' with 1 unit(s) is eligible.
APP-000038-EVAL-006,APP-000038,CONV-PUR-002,POL-CONV-001,1.0,2026-01-01,SYNTHETIC_INTERNAL_POLICY,HARD_FAIL,PASS,0.8000,<=,0.97,loans.loan_amount|properties.value_used_for_ltv|underwriting_calculations.ltv,false,Loan-to-value 80.00% against the primary_residence limit of 97.00% for this programme.
APP-000038-EVAL-007,APP-000038,CRD-SCR-003,POL-CRD-001,2.0,2026-07-01,SYNTHETIC_INTERNAL_POLICY,HARD_FAIL,PASS,742,>=,620,credit_profiles.representative_score,false,Representative score 742 against the applicable floor of 620.
APP-000038-EVAL-008,APP-000038,CRD-SCR-004,POL-CRD-001,2.0,2026-07-01,SYNTHETIC_INTERNAL_POLICY,CONDITIONAL,PASS,21,<=,90,credit_profiles.report_date,false,Credit report is 21 days old against the 90-day window in force on the as-of date.
APP-000038-EVAL-009,APP-000038,CRD-SCR-007,POL-CRD-001,2.0,2026-07-01,SYNTHETIC_INTERNAL_POLICY,CONDITIONAL,PASS,1,<,4,credit_profiles.recent_inquiries_90d,false,"1 inquiries in the 90-day lookback, below the explanation trigger."
APP-000038-EVAL-010,APP-000038,CRD-DLQ-001,POL-CRD-003,1.0,2026-01-01,SYNTHETIC_INTERNAL_POLICY,REFER,PASS,0,==,0,credit_accounts.housing_late_history,false,No housing payment 30 or more days past due in the last 12 months.
APP-000038-EVAL-011,APP-000038,CRD-DLQ-003,POL-CRD-003,1.0,2026-01-01,SYNTHETIC_INTERNAL_POLICY,ADVISORY,PASS,0.2800,<=,0.8,underwriting_calculations.credit_utilization,false,Revolving utilisation 28.00% is within the risk-note threshold.
APP-000038-EVAL-012,APP-000038,INC-SAL-003,POL-INC-002,1.0,2026-01-01,SYNTHETIC_INTERNAL_POLICY,REFER,REFER,0.0912,<=,0.05,document_extractions.ytd_gross|income.annual_amount,true,Annualised year-to-date earnings differ from the stated salary by 9.12% against a 5.00% tolerance.
APP-000038-EVAL-013,APP-000038,EMP-CNT-001,POL-EMP-002,1.0,2026-01-01,SYNTHETIC_INTERNAL_POLICY,CONDITIONAL,PASS,60,>=,24,employment.start_date,false,Employment history of 60 months meets the 24-month requirement.
APP-000038-EVAL-014,APP-000038,DTI-CONV-001,POL-DTI-001,2.0,2026-07-01,SYNTHETIC_INTERNAL_POLICY,HARD_FAIL,PASS,0.3500,<=,0.43,underwriting_calculations.total_monthly_debt|underwriting_calculations.qualifying_monthly_income|underwriting_calculations.back_end_dti,false,Back-end debt-to-income 35.00% against the applicable limit of 43.00%.
APP-000038-EVAL-015,APP-000038,DTI-CONV-002,POL-DTI-001,2.0,2026-07-01,SYNTHETIC_INTERNAL_POLICY,ADVISORY,PASS,0.2900,<=,0.38,underwriting_calculations.front_end_dti,false,Housing ratio 29.00% recorded; this measure is advisory on this programme.
APP-000038-EVAL-016,APP-000038,DTI-CALC-003,POL-DTI-001,2.0,2026-07-01,SYNTHETIC_INTERNAL_POLICY,ADVISORY,PASS,5449.16,,,underwriting_calculations.residual_income_monthly,false,"Monthly disposable income 5,449.16 recorded alongside the ratio."
APP-000038-EVAL-017,APP-000038,AST-FTC-003,POL-AST-002,1.0,2026-01-01,SYNTHETIC_INTERNAL_POLICY,HARD_FAIL,PASS,93461.70,>=,83737.86,underwriting_calculations.funds_to_close_required|underwriting_calculations.funds_to_close_available,false,"Eligible funds available 93,461.70 against 83,737.86 required at settlement."
APP-000038-EVAL-018,APP-000038,AST-RSV-002,POL-AST-003,2.0,2026-07-01,SYNTHETIC_INTERNAL_POLICY,CONDITIONAL,PASS,5.00,>=,0,underwriting_calculations.post_close_reserves|underwriting_calculations.months_reserves,false,"Post-closing reserves of 5.00 months against the 0-month requirement for this occupancy, leverage and affordability profile."
APP-000038-EVAL-019,APP-000038,VAL-APR-001,POL-VAL-001,2.0,2026-07-01,SYNTHETIC_INTERNAL_POLICY,CONDITIONAL,PASS,full_appraisal,==,full_appraisal,appraisals.valuation_method,false,Valuation method 'full_appraisal' satisfies the requirement for this transaction.
APP-000038-EVAL-020,APP-000038,VAL-APR-003,POL-VAL-001,2.0,2026-07-01,SYNTHETIC_INTERNAL_POLICY,CONDITIONAL,PASS,24,<=,120,appraisals.appraisal_date,false,"Valuation is 24 days old, within the 120-day window."
APP-000038-EVAL-021,APP-000038,DOC-REQ-003,POL-DOC-001,1.0,2026-01-01,SYNTHETIC_INTERNAL_POLICY,CONDITIONAL,PASS,1.0000,==,1.0000,documents,false,Document completeness 100.00% (0 of 0 required documents received and current).
APP-000038-EVAL-022,APP-000038,GEN-ELG-005,POL-GEN-001,1.0,2026-01-01,SYNTHETIC_INTERNAL_POLICY,CONDITIONAL,PASS,0,==,0,rule_evaluations|documents,false,"Every rule in scope had the inputs it needed, so none evaluated to INDETERMINATE."
APP-000038-EVAL-023,APP-000038,UWR-HRV-001,POL-UWR-001,1.0,2026-01-01,SYNTHETIC_INTERNAL_POLICY,REFER,REFER,1,==,0,rule_evaluations,true,1 mandatory human-review trigger(s) present.
APP-000038-EVAL-024,APP-000038,DEC-REC-001,POL-DEC-001,1.0,2026-01-01,SYNTHETIC_INTERNAL_POLICY,HARD_FAIL,PASS,,,,decisions|decision_reasons,false,"The recommendation is drawn from the controlled vocabulary and carries the rule ids, policy versions and calculation records supporting it."
APP-000038-EVAL-025,APP-000038,DEC-AUD-001,POL-DEC-001,1.0,2026-01-01,SYNTHETIC_INTERNAL_POLICY,HARD_FAIL,PASS,,,,audit_events,false,"The decision record carries the full chain: policy version, rule, calculation, evidence and reason."
APP-000039-EVAL-001,APP-000039,SEC-INJ-001,POL-SEC-001,1.0,2026-01-01,SYNTHETIC_INTERNAL_POLICY,HARD_FAIL,PASS,,,,documents.contains_untrusted_text,false,No applicant-supplied text required quarantine beyond the standard trust-class handling.
APP-000039-EVAL-002,APP-000039,KYC-IDV-001,POL-KYC-001,1.0,2026-01-01,REGULATORY,HARD_FAIL,PASS,VERIFIED,==,VERIFIED,verifications.identity,false,"Identity verified; name, date of birth, address and a tokenised identification number were collected and matched."
APP-000039-EVAL-003,APP-000039,FRD-IND-001,POL-FRD-001,1.0,2026-01-01,SYNTHETIC_INTERNAL_POLICY,REFER,PASS,0,==,0,documents|verifications,false,No cross-source inconsistency without an innocent arithmetic explanation was identified.
APP-000039-EVAL-004,APP-000039,GEN-ELG-003,POL-GEN-001,1.0,2026-01-01,AGENCY_INVESTOR,HARD_FAIL,PASS,344000.00,<=,832750,loans.base_loan_amount,false,Base loan amount is within the applicable one-unit conforming limit.
APP-000039-EVAL-005,APP-000039,PRP-ELG-001,POL-PRP-001,1.0,2026-01-01,SYNTHETIC_INTERNAL_POLICY,HARD_FAIL,PASS,single_family_detached/1,in,"1-4 units, eligible type",properties.property_type|properties.units,false,Property type 'single_family_detached' with 1 unit(s) is eligible.
APP-000039-EVAL-006,APP-000039,CONV-PUR-002,POL-CONV-001,1.0,2026-01-01,SYNTHETIC_INTERNAL_POLICY,HARD_FAIL,PASS,0.8000,<=,0.97,loans.loan_amount|properties.value_used_for_ltv|underwriting_calculations.ltv,false,Loan-to-value 80.00% against the primary_residence limit of 97.00% for this programme.
APP-000039-EVAL-007,APP-000039,CRD-SCR-003,POL-CRD-001,2.0,2026-07-01,SYNTHETIC_INTERNAL_POLICY,HARD_FAIL,PASS,742,>=,620,credit_profiles.representative_score,false,Representative score 742 against the applicable floor of 620.
APP-000039-EVAL-008,APP-000039,CRD-SCR-004,POL-CRD-001,2.0,2026-07-01,SYNTHETIC_INTERNAL_POLICY,CONDITIONAL,PASS,21,<=,90,credit_profiles.report_date,false,Credit report is 21 days old against the 90-day window in force on the as-of date.
APP-000039-EVAL-009,APP-000039,CRD-SCR-007,POL-CRD-001,2.0,2026-07-01,SYNTHETIC_INTERNAL_POLICY,CONDITIONAL,PASS,1,<,4,credit_profiles.recent_inquiries_90d,false,"1 inquiries in the 90-day lookback, below the explanation trigger."
APP-000039-EVAL-010,APP-000039,CRD-DLQ-001,POL-CRD-003,1.0,2026-01-01,SYNTHETIC_INTERNAL_POLICY,REFER,PASS,0,==,0,credit_accounts.housing_late_history,false,No housing payment 30 or more days past due in the last 12 months.
APP-000039-EVAL-011,APP-000039,CRD-DLQ-003,POL-CRD-003,1.0,2026-01-01,SYNTHETIC_INTERNAL_POLICY,ADVISORY,PASS,0.2800,<=,0.8,underwriting_calculations.credit_utilization,false,Revolving utilisation 28.00% is within the risk-note threshold.
APP-000039-EVAL-012,APP-000039,EMP-CNT-001,POL-EMP-002,1.0,2026-01-01,SYNTHETIC_INTERNAL_POLICY,CONDITIONAL,PASS,60,>=,24,employment.start_date,false,Employment history of 60 months meets the 24-month requirement.
APP-000039-EVAL-013,APP-000039,DTI-CONV-001,POL-DTI-001,2.0,2026-07-01,SYNTHETIC_INTERNAL_POLICY,HARD_FAIL,PASS,0.3700,<=,0.43,underwriting_calculations.total_monthly_debt|underwriting_calculations.qualifying_monthly_income|underwriting_calculations.back_end_dti,false,Back-end debt-to-income 37.00% against the applicable limit of 43.00%.
APP-000039-EVAL-014,APP-000039,DTI-CONV-002,POL-DTI-001,2.0,2026-07-01,SYNTHETIC_INTERNAL_POLICY,ADVISORY,PASS,0.2901,<=,0.38,underwriting_calculations.front_end_dti,false,Housing ratio 29.01% recorded; this measure is advisory on this programme.
APP-000039-EVAL-015,APP-000039,DTI-CALC-003,POL-DTI-001,2.0,2026-07-01,SYNTHETIC_INTERNAL_POLICY,ADVISORY,PASS,5496.75,,,underwriting_calculations.residual_income_monthly,false,"Monthly disposable income 5,496.75 recorded alongside the ratio."
APP-000039-EVAL-016,APP-000039,AST-FTC-003,POL-AST-002,1.0,2026-01-01,SYNTHETIC_INTERNAL_POLICY,HARD_FAIL,PASS,99755.63,>=,89632.19,underwriting_calculations.funds_to_close_required|underwriting_calculations.funds_to_close_available,false,"Eligible funds available 99,755.63 against 89,632.19 required at settlement."
APP-000039-EVAL-017,APP-000039,AST-RSV-002,POL-AST-003,2.0,2026-07-01,SYNTHETIC_INTERNAL_POLICY,CONDITIONAL,PASS,5.00,>=,0,underwriting_calculations.post_close_reserves|underwriting_calculations.months_reserves,false,"Post-closing reserves of 5.00 months against the 0-month requirement for this occupancy, leverage and affordability profile."
APP-000039-EVAL-018,APP-000039,VAL-APR-001,POL-VAL-001,2.0,2026-07-01,SYNTHETIC_INTERNAL_POLICY,CONDITIONAL,PASS,full_appraisal,==,full_appraisal,appraisals.valuation_method,false,Valuation method 'full_appraisal' satisfies the requirement for this transaction.
APP-000039-EVAL-019,APP-000039,VAL-APR-003,POL-VAL-001,2.0,2026-07-01,SYNTHETIC_INTERNAL_POLICY,CONDITIONAL,PASS,24,<=,120,appraisals.appraisal_date,false,"Valuation is 24 days old, within the 120-day window."
APP-000039-EVAL-020,APP-000039,PRP-OCC-002,POL-PRP-002,1.0,2026-01-01,SYNTHETIC_INTERNAL_POLICY,REFER,REFER,occupancy contradiction,==,sources corroborate,properties.occupancy_type|documents,true,Evidence in the file contradicts the declared occupancy. The contradiction is recorded with both sources and routed for review; it is not resolved by re-reading the declaration.
APP-000039-EVAL-021,APP-000039,DOC-REQ-003,POL-DOC-001,1.0,2026-01-01,SYNTHETIC_INTERNAL_POLICY,CONDITIONAL,PASS,1.0000,==,1.0000,documents,false,Document completeness 100.00% (0 of 0 required documents received and current).
APP-000039-EVAL-022,APP-000039,GEN-ELG-005,POL-GEN-001,1.0,2026-01-01,SYNTHETIC_INTERNAL_POLICY,CONDITIONAL,PASS,0,==,0,rule_evaluations|documents,false,"Every rule in scope had the inputs it needed, so none evaluated to INDETERMINATE."
APP-000039-EVAL-023,APP-000039,UWR-HRV-001,POL-UWR-001,1.0,2026-01-01,SYNTHETIC_INTERNAL_POLICY,REFER,REFER,1,==,0,rule_evaluations,true,1 mandatory human-review trigger(s) present.
APP-000039-EVAL-024,APP-000039,DEC-REC-001,POL-DEC-001,1.0,2026-01-01,SYNTHETIC_INTERNAL_POLICY,HARD_FAIL,PASS,,,,decisions|decision_reasons,false,"The recommendation is drawn from the controlled vocabulary and carries the rule ids, policy versions and calculation records supporting it."
APP-000039-EVAL-025,APP-000039,DEC-AUD-001,POL-DEC-001,1.0,2026-01-01,SYNTHETIC_INTERNAL_POLICY,HARD_FAIL,PASS,,,,audit_events,false,"The decision record carries the full chain: policy version, rule, calculation, evidence and reason."
APP-000040-EVAL-001,APP-000040,SEC-INJ-001,POL-SEC-001,1.0,2026-01-01,SYNTHETIC_INTERNAL_POLICY,HARD_FAIL,PASS,,,,documents.contains_untrusted_text,false,No applicant-supplied text required quarantine beyond the standard trust-class handling.
APP-000040-EVAL-002,APP-000040,KYC-IDV-001,POL-KYC-001,1.0,2026-01-01,REGULATORY,HARD_FAIL,PASS,VERIFIED,==,VERIFIED,verifications.identity,false,"Identity verified; name, date of birth, address and a tokenised identification number were collected and matched."
APP-000040-EVAL-003,APP-000040,FRD-IND-001,POL-FRD-001,1.0,2026-01-01,SYNTHETIC_INTERNAL_POLICY,REFER,PASS,0,==,0,documents|verifications,false,No cross-source inconsistency without an innocent arithmetic explanation was identified.
APP-000040-EVAL-004,APP-000040,GEN-ELG-003,POL-GEN-001,1.0,2026-01-01,AGENCY_INVESTOR,HARD_FAIL,PASS,368000.00,<=,832750,loans.base_loan_amount,false,Base loan amount is within the applicable one-unit conforming limit.
APP-000040-EVAL-005,APP-000040,PRP-ELG-001,POL-PRP-001,1.0,2026-01-01,SYNTHETIC_INTERNAL_POLICY,HARD_FAIL,PASS,single_family_detached/1,in,"1-4 units, eligible type",properties.property_type|properties.units,false,Property type 'single_family_detached' with 1 unit(s) is eligible.
APP-000040-EVAL-006,APP-000040,CONV-PUR-002,POL-CONV-001,1.0,2026-01-01,SYNTHETIC_INTERNAL_POLICY,HARD_FAIL,PASS,0.8000,<=,0.97,loans.loan_amount|properties.value_used_for_ltv|underwriting_calculations.ltv,false,Loan-to-value 80.00% against the primary_residence limit of 97.00% for this programme.
APP-000040-EVAL-007,APP-000040,CRD-SCR-003,POL-CRD-001,2.0,2026-07-01,SYNTHETIC_INTERNAL_POLICY,HARD_FAIL,PASS,742,>=,620,credit_profiles.representative_score,false,Representative score 742 against the applicable floor of 620.
APP-000040-EVAL-008,APP-000040,CRD-SCR-004,POL-CRD-001,2.0,2026-07-01,SYNTHETIC_INTERNAL_POLICY,CONDITIONAL,PASS,21,<=,90,credit_profiles.report_date,false,Credit report is 21 days old against the 90-day window in force on the as-of date.
APP-000040-EVAL-009,APP-000040,CRD-SCR-007,POL-CRD-001,2.0,2026-07-01,SYNTHETIC_INTERNAL_POLICY,CONDITIONAL,PASS,1,<,4,credit_profiles.recent_inquiries_90d,false,"1 inquiries in the 90-day lookback, below the explanation trigger."
APP-000040-EVAL-010,APP-000040,CRD-DLQ-001,POL-CRD-003,1.0,2026-01-01,SYNTHETIC_INTERNAL_POLICY,REFER,PASS,0,==,0,credit_accounts.housing_late_history,false,No housing payment 30 or more days past due in the last 12 months.
APP-000040-EVAL-011,APP-000040,CRD-DLQ-003,POL-CRD-003,1.0,2026-01-01,SYNTHETIC_INTERNAL_POLICY,ADVISORY,PASS,0.2800,<=,0.8,underwriting_calculations.credit_utilization,false,Revolving utilisation 28.00% is within the risk-note threshold.
APP-000040-EVAL-012,APP-000040,EMP-CNT-001,POL-EMP-002,1.0,2026-01-01,SYNTHETIC_INTERNAL_POLICY,CONDITIONAL,PASS,60,>=,24,employment.start_date,false,Employment history of 60 months meets the 24-month requirement.
APP-000040-EVAL-013,APP-000040,DTI-CONV-001,POL-DTI-001,2.0,2026-07-01,SYNTHETIC_INTERNAL_POLICY,HARD_FAIL,PASS,0.3600,<=,0.43,underwriting_calculations.total_monthly_debt|underwriting_calculations.qualifying_monthly_income|underwriting_calculations.back_end_dti,false,Back-end debt-to-income 36.00% against the applicable limit of 43.00%.
APP-000040-EVAL-014,APP-000040,DTI-CONV-002,POL-DTI-001,2.0,2026-07-01,SYNTHETIC_INTERNAL_POLICY,ADVISORY,PASS,0.2900,<=,0.38,underwriting_calculations.front_end_dti,false,Housing ratio 29.00% recorded; this measure is advisory on this programme.
APP-000040-EVAL-015,APP-000040,DTI-CALC-003,POL-DTI-001,2.0,2026-07-01,SYNTHETIC_INTERNAL_POLICY,ADVISORY,PASS,6693.33,,,underwriting_calculations.residual_income_monthly,false,"Monthly disposable income 6,693.33 recorded alongside the ratio."
APP-000040-EVAL-016,APP-000040,AST-FTC-003,POL-AST-002,1.0,2026-01-01,SYNTHETIC_INTERNAL_POLICY,HARD_FAIL,PASS,96633.86,>=,87534.05,underwriting_calculations.funds_to_close_required|underwriting_calculations.funds_to_close_available,false,"Eligible funds available 96,633.86 against 87,534.05 required at settlement."
APP-000040-EVAL-017,APP-000040,AST-RSV-002,POL-AST-003,2.0,2026-07-01,SYNTHETIC_INTERNAL_POLICY,CONDITIONAL,PASS,3.00,>=,0,underwriting_calculations.post_close_reserves|underwriting_calculations.months_reserves,false,"Post-closing reserves of 3.00 months against the 0-month requirement for this occupancy, leverage and affordability profile."
APP-000040-EVAL-018,APP-000040,AST-SRC-002,POL-AST-004,1.0,2026-01-01,SYNTHETIC_INTERNAL_POLICY,CONDITIONAL,REFER,16733.33,<=,5229.16,asset_transactions,true,"A deposit of 16,733.33 exceeds the 5,229.16 threshold (50.00% of qualifying monthly income) and has no documented source. It is excluded from eligible assets and the funds and reserve calculations were re-run without it."
APP-000040-EVAL-019,APP-000040,VAL-APR-001,POL-VAL-001,2.0,2026-07-01,SYNTHETIC_INTERNAL_POLICY,CONDITIONAL,PASS,full_appraisal,==,full_appraisal,appraisals.valuation_method,false,Valuation method 'full_appraisal' satisfies the requirement for this transaction.
APP-000040-EVAL-020,APP-000040,VAL-APR-003,POL-VAL-001,2.0,2026-07-01,SYNTHETIC_INTERNAL_POLICY,CONDITIONAL,PASS,24,<=,120,appraisals.appraisal_date,false,"Valuation is 24 days old, within the 120-day window."
APP-000040-EVAL-021,APP-000040,DOC-REQ-003,POL-DOC-001,1.0,2026-01-01,SYNTHETIC_INTERNAL_POLICY,CONDITIONAL,PASS,1.0000,==,1.0000,documents,false,Document completeness 100.00% (0 of 0 required documents received and current).
APP-000040-EVAL-022,APP-000040,GEN-ELG-005,POL-GEN-001,1.0,2026-01-01,SYNTHETIC_INTERNAL_POLICY,CONDITIONAL,PASS,0,==,0,rule_evaluations|documents,false,"Every rule in scope had the inputs it needed, so none evaluated to INDETERMINATE."
APP-000040-EVAL-023,APP-000040,UWR-HRV-001,POL-UWR-001,1.0,2026-01-01,SYNTHETIC_INTERNAL_POLICY,REFER,REFER,1,==,0,rule_evaluations,true,1 mandatory human-review trigger(s) present.
APP-000040-EVAL-024,APP-000040,DEC-REC-001,POL-DEC-001,1.0,2026-01-01,SYNTHETIC_INTERNAL_POLICY,HARD_FAIL,PASS,,,,decisions|decision_reasons,false,"The recommendation is drawn from the controlled vocabulary and carries the rule ids, policy versions and calculation records supporting it."
APP-000040-EVAL-025,APP-000040,DEC-AUD-001,POL-DEC-001,1.0,2026-01-01,SYNTHETIC_INTERNAL_POLICY,HARD_FAIL,PASS,,,,audit_events,false,"The decision record carries the full chain: policy version, rule, calculation, evidence and reason."
APP-000041-EVAL-001,APP-000041,SEC-INJ-001,POL-SEC-001,1.0,2026-01-01,SYNTHETIC_INTERNAL_POLICY,HARD_FAIL,PASS,,,,documents.contains_untrusted_text,false,No applicant-supplied text required quarantine beyond the standard trust-class handling.
APP-000041-EVAL-002,APP-000041,KYC-IDV-001,POL-KYC-001,1.0,2026-01-01,REGULATORY,HARD_FAIL,PASS,VERIFIED,==,VERIFIED,verifications.identity,false,"Identity verified; name, date of birth, address and a tokenised identification number were collected and matched."
APP-000041-EVAL-003,APP-000041,FRD-IND-001,POL-FRD-001,1.0,2026-01-01,SYNTHETIC_INTERNAL_POLICY,REFER,PASS,0,==,0,documents|verifications,false,No cross-source inconsistency without an innocent arithmetic explanation was identified.
APP-000041-EVAL-004,APP-000041,GEN-ELG-003,POL-GEN-001,1.0,2026-01-01,AGENCY_INVESTOR,HARD_FAIL,PASS,468000.00,<=,832750,loans.base_loan_amount,false,Base loan amount is within the applicable one-unit conforming limit.
APP-000041-EVAL-005,APP-000041,PRP-ELG-001,POL-PRP-001,1.0,2026-01-01,SYNTHETIC_INTERNAL_POLICY,HARD_FAIL,PASS,single_family_detached/1,in,"1-4 units, eligible type",properties.property_type|properties.units,false,Property type 'single_family_detached' with 1 unit(s) is eligible.
APP-000041-EVAL-006,APP-000041,CONV-PUR-002,POL-CONV-001,1.0,2026-01-01,SYNTHETIC_INTERNAL_POLICY,HARD_FAIL,PASS,0.9000,<=,0.97,loans.loan_amount|properties.value_used_for_ltv|underwriting_calculations.ltv,false,Loan-to-value 90.00% against the primary_residence limit of 97.00% for this programme.
APP-000041-EVAL-007,APP-000041,CONV-PUR-003,POL-CONV-001,1.0,2026-01-01,SYNTHETIC_INTERNAL_POLICY,CONDITIONAL,PASS,0.9000,>,0.80,underwriting_calculations.ltv|loans.monthly_mi,false,Mortgage insurance is required above 80 percent leverage and its premium is included in the qualifying housing expense.
APP-000041-EVAL-008,APP-000041,CRD-SCR-003,POL-CRD-001,2.0,2026-07-01,SYNTHETIC_INTERNAL_POLICY,HARD_FAIL,PASS,716,>=,620,credit_profiles.representative_score,false,Representative score 716 against the applicable floor of 620.
APP-000041-EVAL-009,APP-000041,CRD-SCR-004,POL-CRD-001,2.0,2026-07-01,SYNTHETIC_INTERNAL_POLICY,CONDITIONAL,PASS,21,<=,90,credit_profiles.report_date,false,Credit report is 21 days old against the 90-day window in force on the as-of date.
APP-000041-EVAL-010,APP-000041,CRD-SCR-007,POL-CRD-001,2.0,2026-07-01,SYNTHETIC_INTERNAL_POLICY,CONDITIONAL,PASS,1,<,4,credit_profiles.recent_inquiries_90d,false,"1 inquiries in the 90-day lookback, below the explanation trigger."
APP-000041-EVAL-011,APP-000041,CRD-DLQ-001,POL-CRD-003,1.0,2026-01-01,SYNTHETIC_INTERNAL_POLICY,REFER,PASS,0,==,0,credit_accounts.housing_late_history,false,No housing payment 30 or more days past due in the last 12 months.
APP-000041-EVAL-012,APP-000041,CRD-DLQ-003,POL-CRD-003,1.0,2026-01-01,SYNTHETIC_INTERNAL_POLICY,ADVISORY,PASS,0.2800,<=,0.8,underwriting_calculations.credit_utilization,false,Revolving utilisation 28.00% is within the risk-note threshold.
APP-000041-EVAL-013,APP-000041,EMP-CNT-001,POL-EMP-002,1.0,2026-01-01,SYNTHETIC_INTERNAL_POLICY,CONDITIONAL,PASS,60,>=,24,employment.start_date,false,Employment history of 60 months meets the 24-month requirement.
APP-000041-EVAL-014,APP-000041,DTI-CONV-001,POL-DTI-001,2.0,2026-07-01,SYNTHETIC_INTERNAL_POLICY,HARD_FAIL,PASS,0.3700,<=,0.43,underwriting_calculations.total_monthly_debt|underwriting_calculations.qualifying_monthly_income|underwriting_calculations.back_end_dti,false,Back-end debt-to-income 37.00% against the applicable limit of 43.00%.
APP-000041-EVAL-015,APP-000041,DTI-CONV-002,POL-DTI-001,2.0,2026-07-01,SYNTHETIC_INTERNAL_POLICY,ADVISORY,PASS,0.2900,<=,0.38,underwriting_calculations.front_end_dti,false,Housing ratio 29.00% recorded; this measure is advisory on this programme.
APP-000041-EVAL-016,APP-000041,DTI-CALC-003,POL-DTI-001,2.0,2026-07-01,SYNTHETIC_INTERNAL_POLICY,ADVISORY,PASS,7985.25,,,underwriting_calculations.residual_income_monthly,false,"Monthly disposable income 7,985.25 recorded alongside the ratio."
APP-000041-EVAL-017,APP-000041,AST-FTC-003,POL-AST-002,1.0,2026-01-01,SYNTHETIC_INTERNAL_POLICY,HARD_FAIL,PASS,65851.80,>=,57031.32,underwriting_calculations.funds_to_close_required|underwriting_calculations.funds_to_close_available,false,"Eligible funds available 65,851.80 against 57,031.32 required at settlement."
APP-000041-EVAL-018,APP-000041,AST-RSV-002,POL-AST-003,2.0,2026-07-01,SYNTHETIC_INTERNAL_POLICY,CONDITIONAL,PASS,3.00,>=,0,underwriting_calculations.post_close_reserves|underwriting_calculations.months_reserves,false,"Post-closing reserves of 3.00 months against the 0-month requirement for this occupancy, leverage and affordability profile."
APP-000041-EVAL-019,APP-000041,AST-SRC-001,POL-AST-004,1.0,2026-01-01,SYNTHETIC_INTERNAL_POLICY,CONDITIONAL,PASS,52000.00,==,"documented, eligible donor",assets|documents.gift_letter,false,"Gift of 52,000.00 is from an eligible donor with a signed letter and transfer evidence, and is excluded from reserves."
APP-000041-EVAL-020,APP-000041,CONV-PUR-004,POL-CONV-001,1.0,2026-01-01,SYNTHETIC_INTERNAL_POLICY,CONDITIONAL,PASS,0.0000,>=,0.0,assets|underwriting_calculations.down_payment_amount,false,Borrower's own funds 0.00% of purchase price against the 0.00% minimum for primary_residence.
APP-000041-EVAL-021,APP-000041,VAL-APR-001,POL-VAL-001,2.0,2026-07-01,SYNTHETIC_INTERNAL_POLICY,CONDITIONAL,PASS,full_appraisal,==,full_appraisal,appraisals.valuation_method,false,Valuation method 'full_appraisal' satisfies the requirement for this transaction.
APP-000041-EVAL-022,APP-000041,VAL-APR-003,POL-VAL-001,2.0,2026-07-01,SYNTHETIC_INTERNAL_POLICY,CONDITIONAL,PASS,24,<=,120,appraisals.appraisal_date,false,"Valuation is 24 days old, within the 120-day window."
APP-000041-EVAL-023,APP-000041,DOC-REQ-003,POL-DOC-001,1.0,2026-01-01,SYNTHETIC_INTERNAL_POLICY,CONDITIONAL,PASS,1.0000,==,1.0000,documents,false,Document completeness 100.00% (0 of 0 required documents received and current).
APP-000041-EVAL-024,APP-000041,GEN-ELG-005,POL-GEN-001,1.0,2026-01-01,SYNTHETIC_INTERNAL_POLICY,CONDITIONAL,PASS,0,==,0,rule_evaluations|documents,false,"Every rule in scope had the inputs it needed, so none evaluated to INDETERMINATE."
APP-000041-EVAL-025,APP-000041,DEC-REC-001,POL-DEC-001,1.0,2026-01-01,SYNTHETIC_INTERNAL_POLICY,HARD_FAIL,PASS,,,,decisions|decision_reasons,false,"The recommendation is drawn from the controlled vocabulary and carries the rule ids, policy versions and calculation records supporting it."
APP-000041-EVAL-026,APP-000041,DEC-AUD-001,POL-DEC-001,1.0,2026-01-01,SYNTHETIC_INTERNAL_POLICY,HARD_FAIL,PASS,,,,audit_events,false,"The decision record carries the full chain: policy version, rule, calculation, evidence and reason."
APP-000042-EVAL-001,APP-000042,SEC-INJ-001,POL-SEC-001,1.0,2026-01-01,SYNTHETIC_INTERNAL_POLICY,HARD_FAIL,PASS,,,,documents.contains_untrusted_text,false,No applicant-supplied text required quarantine beyond the standard trust-class handling.
APP-000042-EVAL-002,APP-000042,KYC-IDV-001,POL-KYC-001,1.0,2026-01-01,REGULATORY,HARD_FAIL,PASS,VERIFIED,==,VERIFIED,verifications.identity,false,"Identity verified; name, date of birth, address and a tokenised identification number were collected and matched."
APP-000042-EVAL-003,APP-000042,FRD-IND-001,POL-FRD-001,1.0,2026-01-01,SYNTHETIC_INTERNAL_POLICY,REFER,PASS,0,==,0,documents|verifications,false,No cross-source inconsistency without an innocent arithmetic explanation was identified.
APP-000042-EVAL-004,APP-000042,GEN-ELG-003,POL-GEN-001,1.0,2026-01-01,AGENCY_INVESTOR,HARD_FAIL,PASS,450000.00,<=,832750,loans.base_loan_amount,false,Base loan amount is within the applicable one-unit conforming limit.
APP-000042-EVAL-005,APP-000042,PRP-ELG-001,POL-PRP-001,1.0,2026-01-01,SYNTHETIC_INTERNAL_POLICY,HARD_FAIL,PASS,single_family_detached/1,in,"1-4 units, eligible type",properties.property_type|properties.units,false,Property type 'single_family_detached' with 1 unit(s) is eligible.
APP-000042-EVAL-006,APP-000042,CONV-PUR-002,POL-CONV-001,1.0,2026-01-01,SYNTHETIC_INTERNAL_POLICY,HARD_FAIL,PASS,0.9000,<=,0.97,loans.loan_amount|properties.value_used_for_ltv|underwriting_calculations.ltv,false,Loan-to-value 90.00% against the primary_residence limit of 97.00% for this programme.
APP-000042-EVAL-007,APP-000042,CONV-PUR-003,POL-CONV-001,1.0,2026-01-01,SYNTHETIC_INTERNAL_POLICY,CONDITIONAL,PASS,0.9000,>,0.80,underwriting_calculations.ltv|loans.monthly_mi,false,Mortgage insurance is required above 80 percent leverage and its premium is included in the qualifying housing expense.
APP-000042-EVAL-008,APP-000042,CRD-SCR-003,POL-CRD-001,2.0,2026-07-01,SYNTHETIC_INTERNAL_POLICY,HARD_FAIL,PASS,742,>=,620,credit_profiles.representative_score,false,Representative score 742 against the applicable floor of 620.
APP-000042-EVAL-009,APP-000042,CRD-SCR-004,POL-CRD-001,2.0,2026-07-01,SYNTHETIC_INTERNAL_POLICY,CONDITIONAL,PASS,21,<=,90,credit_profiles.report_date,false,Credit report is 21 days old against the 90-day window in force on the as-of date.
APP-000042-EVAL-010,APP-000042,CRD-SCR-007,POL-CRD-001,2.0,2026-07-01,SYNTHETIC_INTERNAL_POLICY,CONDITIONAL,PASS,1,<,4,credit_profiles.recent_inquiries_90d,false,"1 inquiries in the 90-day lookback, below the explanation trigger."
APP-000042-EVAL-011,APP-000042,CRD-DLQ-001,POL-CRD-003,1.0,2026-01-01,SYNTHETIC_INTERNAL_POLICY,REFER,PASS,0,==,0,credit_accounts.housing_late_history,false,No housing payment 30 or more days past due in the last 12 months.
APP-000042-EVAL-012,APP-000042,CRD-DLQ-003,POL-CRD-003,1.0,2026-01-01,SYNTHETIC_INTERNAL_POLICY,ADVISORY,PASS,0.2800,<=,0.8,underwriting_calculations.credit_utilization,false,Revolving utilisation 28.00% is within the risk-note threshold.
APP-000042-EVAL-013,APP-000042,EMP-CNT-001,POL-EMP-002,1.0,2026-01-01,SYNTHETIC_INTERNAL_POLICY,CONDITIONAL,PASS,60,>=,24,employment.start_date,false,Employment history of 60 months meets the 24-month requirement.
APP-000042-EVAL-014,APP-000042,DTI-CONV-001,POL-DTI-001,2.0,2026-07-01,SYNTHETIC_INTERNAL_POLICY,HARD_FAIL,PASS,0.3600,<=,0.43,underwriting_calculations.total_monthly_debt|underwriting_calculations.qualifying_monthly_income|underwriting_calculations.back_end_dti,false,Back-end debt-to-income 36.00% against the applicable limit of 43.00%.
APP-000042-EVAL-015,APP-000042,DTI-CONV-002,POL-DTI-001,2.0,2026-07-01,SYNTHETIC_INTERNAL_POLICY,ADVISORY,PASS,0.2899,<=,0.38,underwriting_calculations.front_end_dti,false,Housing ratio 28.99% recorded; this measure is advisory on this programme.
APP-000042-EVAL-016,APP-000042,DTI-CALC-003,POL-DTI-001,2.0,2026-07-01,SYNTHETIC_INTERNAL_POLICY,ADVISORY,PASS,8021.33,,,underwriting_calculations.residual_income_monthly,false,"Monthly disposable income 8,021.33 recorded alongside the ratio."
APP-000042-EVAL-017,APP-000042,AST-FTC-003,POL-AST-002,1.0,2026-01-01,SYNTHETIC_INTERNAL_POLICY,HARD_FAIL,PASS,63930.18,>=,55208.96,underwriting_calculations.funds_to_close_required|underwriting_calculations.funds_to_close_available,false,"Eligible funds available 63,930.18 against 55,208.96 required at settlement."
APP-000042-EVAL-018,APP-000042,AST-RSV-002,POL-AST-003,2.0,2026-07-01,SYNTHETIC_INTERNAL_POLICY,CONDITIONAL,PASS,3.00,>=,0,underwriting_calculations.post_close_reserves|underwriting_calculations.months_reserves,false,"Post-closing reserves of 3.00 months against the 0-month requirement for this occupancy, leverage and affordability profile."
APP-000042-EVAL-019,APP-000042,AST-SRC-001,POL-AST-004,1.0,2026-01-01,SYNTHETIC_INTERNAL_POLICY,CONDITIONAL,INDETERMINATE,48000.00,==,documented,assets.asset_type|documents.gift_letter,false,"Gift funds are relied upon but the signed gift letter and transfer evidence are outstanding, so the rule cannot be evaluated."
APP-000042-EVAL-020,APP-000042,CONV-PUR-004,POL-CONV-001,1.0,2026-01-01,SYNTHETIC_INTERNAL_POLICY,CONDITIONAL,PASS,0.0040,>=,0.0,assets|underwriting_calculations.down_payment_amount,false,Borrower's own funds 0.40% of purchase price against the 0.00% minimum for primary_residence.
APP-000042-EVAL-021,APP-000042,VAL-APR-001,POL-VAL-001,2.0,2026-07-01,SYNTHETIC_INTERNAL_POLICY,CONDITIONAL,PASS,full_appraisal,==,full_appraisal,appraisals.valuation_method,false,Valuation method 'full_appraisal' satisfies the requirement for this transaction.
APP-000042-EVAL-022,APP-000042,VAL-APR-003,POL-VAL-001,2.0,2026-07-01,SYNTHETIC_INTERNAL_POLICY,CONDITIONAL,PASS,24,<=,120,appraisals.appraisal_date,false,"Valuation is 24 days old, within the 120-day window."
APP-000042-EVAL-023,APP-000042,DOC-REQ-003,POL-DOC-001,1.0,2026-01-01,SYNTHETIC_INTERNAL_POLICY,CONDITIONAL,PASS,1.0000,==,1.0000,documents,false,Document completeness 100.00% (0 of 0 required documents received and current); outstanding: gift_letter.
APP-000042-EVAL-024,APP-000042,DOC-REQ-004,POL-DOC-001,1.0,2026-01-01,SYNTHETIC_INTERNAL_POLICY,CONDITIONAL,INDETERMINATE,1,==,0,documents,false,"1 required document type(s) outstanding, so the rules that depend on them evaluate to INDETERMINATE and the application is suspended rather than declined."
APP-000042-EVAL-025,APP-000042,GEN-ELG-005,POL-GEN-001,1.0,2026-01-01,SYNTHETIC_INTERNAL_POLICY,CONDITIONAL,INDETERMINATE,2,==,0,rule_evaluations|documents,false,"2 rule(s) lacked the inputs to be evaluated (AST-SRC-001, DOC-REQ-004); each is recorded as INDETERMINATE with a documentation condition, not as a failure."
APP-000042-EVAL-026,APP-000042,DEC-REC-001,POL-DEC-001,1.0,2026-01-01,SYNTHETIC_INTERNAL_POLICY,HARD_FAIL,PASS,,,,decisions|decision_reasons,false,"The recommendation is drawn from the controlled vocabulary and carries the rule ids, policy versions and calculation records supporting it."
APP-000042-EVAL-027,APP-000042,DEC-AUD-001,POL-DEC-001,1.0,2026-01-01,SYNTHETIC_INTERNAL_POLICY,HARD_FAIL,PASS,,,,audit_events,false,"The decision record carries the full chain: policy version, rule, calculation, evidence and reason."
APP-000043-EVAL-001,APP-000043,SEC-INJ-001,POL-SEC-001,1.0,2026-01-01,SYNTHETIC_INTERNAL_POLICY,HARD_FAIL,PASS,,,,documents.contains_untrusted_text,false,No applicant-supplied text required quarantine beyond the standard trust-class handling.
APP-000043-EVAL-002,APP-000043,KYC-IDV-001,POL-KYC-001,1.0,2026-01-01,REGULATORY,HARD_FAIL,PASS,VERIFIED,==,VERIFIED,verifications.identity,false,"Identity verified; name, date of birth, address and a tokenised identification number were collected and matched."
APP-000043-EVAL-003,APP-000043,FRD-IND-001,POL-FRD-001,1.0,2026-01-01,SYNTHETIC_INTERNAL_POLICY,REFER,REFER,paystub year-to-date total does not sum from its line items,==,no unexplained inconsistency,documents|verifications,true,Cross-source inconsistency: paystub year-to-date total does not sum from its line items. Recorded with both contributing sources for reviewer evaluation.
APP-000043-EVAL-004,APP-000043,FRD-IND-003,POL-FRD-001,1.0,2026-01-01,SYNTHETIC_INTERNAL_POLICY,REFER,REFER,1,>,0 open findings,fraud_checks|risk_flags|human_reviews,true,An open integrity finding may be cleared only by an authorised human reviewer; no automated component may close it.
APP-000043-EVAL-005,APP-000043,FRD-IND-002,POL-FRD-001,1.0,2026-01-01,SYNTHETIC_INTERNAL_POLICY,REFER,FAIL,tampering indicator present,==,none,documents.tampering_indicator,true,Document integrity finding: the document is quarantined and is not used for qualification while the finding is open.
APP-000043-EVAL-006,APP-000043,GEN-ELG-003,POL-GEN-001,1.0,2026-01-01,AGENCY_INVESTOR,HARD_FAIL,PASS,336000.00,<=,832750,loans.base_loan_amount,false,Base loan amount is within the applicable one-unit conforming limit.
APP-000043-EVAL-007,APP-000043,PRP-ELG-001,POL-PRP-001,1.0,2026-01-01,SYNTHETIC_INTERNAL_POLICY,HARD_FAIL,PASS,single_family_detached/1,in,"1-4 units, eligible type",properties.property_type|properties.units,false,Property type 'single_family_detached' with 1 unit(s) is eligible.
APP-000043-EVAL-008,APP-000043,CONV-PUR-002,POL-CONV-001,1.0,2026-01-01,SYNTHETIC_INTERNAL_POLICY,HARD_FAIL,PASS,0.8000,<=,0.97,loans.loan_amount|properties.value_used_for_ltv|underwriting_calculations.ltv,false,Loan-to-value 80.00% against the primary_residence limit of 97.00% for this programme.
APP-000043-EVAL-009,APP-000043,CRD-SCR-003,POL-CRD-001,2.0,2026-07-01,SYNTHETIC_INTERNAL_POLICY,HARD_FAIL,PASS,742,>=,620,credit_profiles.representative_score,false,Representative score 742 against the applicable floor of 620.
APP-000043-EVAL-010,APP-000043,CRD-SCR-004,POL-CRD-001,2.0,2026-07-01,SYNTHETIC_INTERNAL_POLICY,CONDITIONAL,PASS,21,<=,90,credit_profiles.report_date,false,Credit report is 21 days old against the 90-day window in force on the as-of date.
APP-000043-EVAL-011,APP-000043,CRD-SCR-007,POL-CRD-001,2.0,2026-07-01,SYNTHETIC_INTERNAL_POLICY,CONDITIONAL,PASS,1,<,4,credit_profiles.recent_inquiries_90d,false,"1 inquiries in the 90-day lookback, below the explanation trigger."
APP-000043-EVAL-012,APP-000043,CRD-DLQ-001,POL-CRD-003,1.0,2026-01-01,SYNTHETIC_INTERNAL_POLICY,REFER,PASS,0,==,0,credit_accounts.housing_late_history,false,No housing payment 30 or more days past due in the last 12 months.
APP-000043-EVAL-013,APP-000043,CRD-DLQ-003,POL-CRD-003,1.0,2026-01-01,SYNTHETIC_INTERNAL_POLICY,ADVISORY,PASS,0.2800,<=,0.8,underwriting_calculations.credit_utilization,false,Revolving utilisation 28.00% is within the risk-note threshold.
APP-000043-EVAL-014,APP-000043,EMP-CNT-001,POL-EMP-002,1.0,2026-01-01,SYNTHETIC_INTERNAL_POLICY,CONDITIONAL,PASS,60,>=,24,employment.start_date,false,Employment history of 60 months meets the 24-month requirement.
APP-000043-EVAL-015,APP-000043,DTI-CONV-001,POL-DTI-001,2.0,2026-07-01,SYNTHETIC_INTERNAL_POLICY,HARD_FAIL,PASS,0.3800,<=,0.43,underwriting_calculations.total_monthly_debt|underwriting_calculations.qualifying_monthly_income|underwriting_calculations.back_end_dti,false,Back-end debt-to-income 38.00% against the applicable limit of 43.00%.
APP-000043-EVAL-016,APP-000043,DTI-CONV-002,POL-DTI-001,2.0,2026-07-01,SYNTHETIC_INTERNAL_POLICY,ADVISORY,PASS,0.2901,<=,0.38,underwriting_calculations.front_end_dti,false,Housing ratio 29.01% recorded; this measure is advisory on this programme.
APP-000043-EVAL-017,APP-000043,DTI-CALC-003,POL-DTI-001,2.0,2026-07-01,SYNTHETIC_INTERNAL_POLICY,ADVISORY,PASS,6225.84,,,underwriting_calculations.residual_income_monthly,false,"Monthly disposable income 6,225.84 recorded alongside the ratio."
APP-000043-EVAL-018,APP-000043,AST-FTC-003,POL-AST-002,1.0,2026-01-01,SYNTHETIC_INTERNAL_POLICY,HARD_FAIL,PASS,98235.35,>=,88913.75,underwriting_calculations.funds_to_close_required|underwriting_calculations.funds_to_close_available,false,"Eligible funds available 98,235.35 against 88,913.75 required at settlement."
APP-000043-EVAL-019,APP-000043,AST-RSV-002,POL-AST-003,2.0,2026-07-01,SYNTHETIC_INTERNAL_POLICY,CONDITIONAL,PASS,4.00,>=,0,underwriting_calculations.post_close_reserves|underwriting_calculations.months_reserves,false,"Post-closing reserves of 4.00 months against the 0-month requirement for this occupancy, leverage and affordability profile."
APP-000043-EVAL-020,APP-000043,VAL-APR-001,POL-VAL-001,2.0,2026-07-01,SYNTHETIC_INTERNAL_POLICY,CONDITIONAL,PASS,full_appraisal,==,full_appraisal,appraisals.valuation_method,false,Valuation method 'full_appraisal' satisfies the requirement for this transaction.
APP-000043-EVAL-021,APP-000043,VAL-APR-003,POL-VAL-001,2.0,2026-07-01,SYNTHETIC_INTERNAL_POLICY,CONDITIONAL,PASS,24,<=,120,appraisals.appraisal_date,false,"Valuation is 24 days old, within the 120-day window."
APP-000043-EVAL-022,APP-000043,DOC-REQ-003,POL-DOC-001,1.0,2026-01-01,SYNTHETIC_INTERNAL_POLICY,CONDITIONAL,PASS,1.0000,==,1.0000,documents,false,Document completeness 100.00% (0 of 0 required documents received and current).
APP-000043-EVAL-023,APP-000043,GEN-ELG-005,POL-GEN-001,1.0,2026-01-01,SYNTHETIC_INTERNAL_POLICY,CONDITIONAL,PASS,0,==,0,rule_evaluations|documents,false,"Every rule in scope had the inputs it needed, so none evaluated to INDETERMINATE."
APP-000043-EVAL-024,APP-000043,UWR-HRV-001,POL-UWR-001,1.0,2026-01-01,SYNTHETIC_INTERNAL_POLICY,REFER,REFER,3,==,0,rule_evaluations,true,3 mandatory human-review trigger(s) present.
APP-000043-EVAL-025,APP-000043,DEC-REC-001,POL-DEC-001,1.0,2026-01-01,SYNTHETIC_INTERNAL_POLICY,HARD_FAIL,PASS,,,,decisions|decision_reasons,false,"The recommendation is drawn from the controlled vocabulary and carries the rule ids, policy versions and calculation records supporting it."
APP-000043-EVAL-026,APP-000043,DEC-AUD-001,POL-DEC-001,1.0,2026-01-01,SYNTHETIC_INTERNAL_POLICY,HARD_FAIL,PASS,,,,audit_events,false,"The decision record carries the full chain: policy version, rule, calculation, evidence and reason."
APP-000044-EVAL-001,APP-000044,SEC-INJ-001,POL-SEC-001,1.0,2026-01-01,SYNTHETIC_INTERNAL_POLICY,HARD_FAIL,PASS,,,,documents.contains_untrusted_text,false,No applicant-supplied text required quarantine beyond the standard trust-class handling.
APP-000044-EVAL-002,APP-000044,KYC-IDV-001,POL-KYC-001,1.0,2026-01-01,REGULATORY,HARD_FAIL,REFER,REFERRED,==,VERIFIED,verifications.identity,true,Identity verification returned REFERRED.
APP-000044-EVAL-003,APP-000044,KYC-IDV-002,POL-KYC-001,1.0,2026-01-01,SYNTHETIC_INTERNAL_POLICY,HARD_FAIL,FAIL,REFERRED,==,VERIFIED,verifications.identity,true,Identity elements conflict across sources; the application stops and is escalated to the financial-crime function rather than proceeding to ordinary underwriting.
APP-000044-EVAL-004,APP-000044,FRD-IND-001,POL-FRD-001,1.0,2026-01-01,SYNTHETIC_INTERNAL_POLICY,REFER,PASS,0,==,0,documents|verifications,false,No cross-source inconsistency without an innocent arithmetic explanation was identified.
APP-000044-EVAL-005,APP-000044,GEN-ELG-003,POL-GEN-001,1.0,2026-01-01,AGENCY_INVESTOR,HARD_FAIL,PASS,424000.00,<=,832750,loans.base_loan_amount,false,Base loan amount is within the applicable one-unit conforming limit.
APP-000044-EVAL-006,APP-000044,PRP-ELG-001,POL-PRP-001,1.0,2026-01-01,SYNTHETIC_INTERNAL_POLICY,HARD_FAIL,PASS,single_family_detached/1,in,"1-4 units, eligible type",properties.property_type|properties.units,false,Property type 'single_family_detached' with 1 unit(s) is eligible.
APP-000044-EVAL-007,APP-000044,CONV-PUR-002,POL-CONV-001,1.0,2026-01-01,SYNTHETIC_INTERNAL_POLICY,HARD_FAIL,PASS,0.8000,<=,0.97,loans.loan_amount|properties.value_used_for_ltv|underwriting_calculations.ltv,false,Loan-to-value 80.00% against the primary_residence limit of 97.00% for this programme.
APP-000044-EVAL-008,APP-000044,CRD-SCR-003,POL-CRD-001,2.0,2026-07-01,SYNTHETIC_INTERNAL_POLICY,HARD_FAIL,PASS,768,>=,620,credit_profiles.representative_score,false,Representative score 768 against the applicable floor of 620.
APP-000044-EVAL-009,APP-000044,CRD-SCR-004,POL-CRD-001,2.0,2026-07-01,SYNTHETIC_INTERNAL_POLICY,CONDITIONAL,PASS,21,<=,90,credit_profiles.report_date,false,Credit report is 21 days old against the 90-day window in force on the as-of date.
APP-000044-EVAL-010,APP-000044,CRD-SCR-007,POL-CRD-001,2.0,2026-07-01,SYNTHETIC_INTERNAL_POLICY,CONDITIONAL,PASS,1,<,4,credit_profiles.recent_inquiries_90d,false,"1 inquiries in the 90-day lookback, below the explanation trigger."
APP-000044-EVAL-011,APP-000044,CRD-DLQ-001,POL-CRD-003,1.0,2026-01-01,SYNTHETIC_INTERNAL_POLICY,REFER,PASS,0,==,0,credit_accounts.housing_late_history,false,No housing payment 30 or more days past due in the last 12 months.
APP-000044-EVAL-012,APP-000044,CRD-DLQ-003,POL-CRD-003,1.0,2026-01-01,SYNTHETIC_INTERNAL_POLICY,ADVISORY,PASS,0.2800,<=,0.8,underwriting_calculations.credit_utilization,false,Revolving utilisation 28.00% is within the risk-note threshold.
APP-000044-EVAL-013,APP-000044,EMP-CNT-001,POL-EMP-002,1.0,2026-01-01,SYNTHETIC_INTERNAL_POLICY,CONDITIONAL,PASS,60,>=,24,employment.start_date,false,Employment history of 60 months meets the 24-month requirement.
APP-000044-EVAL-014,APP-000044,DTI-CONV-001,POL-DTI-001,2.0,2026-07-01,SYNTHETIC_INTERNAL_POLICY,HARD_FAIL,PASS,0.2900,<=,0.43,underwriting_calculations.total_monthly_debt|underwriting_calculations.qualifying_monthly_income|underwriting_calculations.back_end_dti,false,Back-end debt-to-income 29.00% against the applicable limit of 43.00%.
APP-000044-EVAL-015,APP-000044,DTI-CONV-002,POL-DTI-001,2.0,2026-07-01,SYNTHETIC_INTERNAL_POLICY,ADVISORY,PASS,0.2700,<=,0.38,underwriting_calculations.front_end_dti,false,Housing ratio 27.00% recorded; this measure is advisory on this programme.
APP-000044-EVAL-016,APP-000044,DTI-CALC-003,POL-DTI-001,2.0,2026-07-01,SYNTHETIC_INTERNAL_POLICY,ADVISORY,PASS,8632.41,,,underwriting_calculations.residual_income_monthly,false,"Monthly disposable income 8,632.41 recorded alongside the ratio."
APP-000044-EVAL-017,APP-000044,AST-FTC-003,POL-AST-002,1.0,2026-01-01,SYNTHETIC_INTERNAL_POLICY,HARD_FAIL,PASS,136704.70,>=,99936.89,underwriting_calculations.funds_to_close_required|underwriting_calculations.funds_to_close_available,false,"Eligible funds available 136,704.70 against 99,936.89 required at settlement."
APP-000044-EVAL-018,APP-000044,AST-RSV-002,POL-AST-003,2.0,2026-07-01,SYNTHETIC_INTERNAL_POLICY,CONDITIONAL,PASS,14.00,>=,0,underwriting_calculations.post_close_reserves|underwriting_calculations.months_reserves,false,"Post-closing reserves of 14.00 months against the 0-month requirement for this occupancy, leverage and affordability profile."
APP-000044-EVAL-019,APP-000044,VAL-APR-001,POL-VAL-001,2.0,2026-07-01,SYNTHETIC_INTERNAL_POLICY,CONDITIONAL,PASS,full_appraisal,==,full_appraisal,appraisals.valuation_method,false,Valuation method 'full_appraisal' satisfies the requirement for this transaction.
APP-000044-EVAL-020,APP-000044,VAL-APR-003,POL-VAL-001,2.0,2026-07-01,SYNTHETIC_INTERNAL_POLICY,CONDITIONAL,PASS,24,<=,120,appraisals.appraisal_date,false,"Valuation is 24 days old, within the 120-day window."
APP-000044-EVAL-021,APP-000044,DOC-REQ-003,POL-DOC-001,1.0,2026-01-01,SYNTHETIC_INTERNAL_POLICY,CONDITIONAL,PASS,1.0000,==,1.0000,documents,false,Document completeness 100.00% (0 of 0 required documents received and current).
APP-000044-EVAL-022,APP-000044,GEN-ELG-005,POL-GEN-001,1.0,2026-01-01,SYNTHETIC_INTERNAL_POLICY,CONDITIONAL,PASS,0,==,0,rule_evaluations|documents,false,"Every rule in scope had the inputs it needed, so none evaluated to INDETERMINATE."
APP-000044-EVAL-023,APP-000044,UWR-HRV-001,POL-UWR-001,1.0,2026-01-01,SYNTHETIC_INTERNAL_POLICY,REFER,REFER,2,==,0,rule_evaluations,true,2 mandatory human-review trigger(s) present.
APP-000044-EVAL-024,APP-000044,DEC-REC-001,POL-DEC-001,1.0,2026-01-01,SYNTHETIC_INTERNAL_POLICY,HARD_FAIL,PASS,,,,decisions|decision_reasons,false,"The recommendation is drawn from the controlled vocabulary and carries the rule ids, policy versions and calculation records supporting it."
APP-000044-EVAL-025,APP-000044,DEC-AUD-001,POL-DEC-001,1.0,2026-01-01,SYNTHETIC_INTERNAL_POLICY,HARD_FAIL,PASS,,,,audit_events,false,"The decision record carries the full chain: policy version, rule, calculation, evidence and reason."
APP-000045-EVAL-001,APP-000045,SEC-INJ-001,POL-SEC-001,1.0,2026-01-01,SYNTHETIC_INTERNAL_POLICY,HARD_FAIL,PASS,,,,documents.contains_untrusted_text,false,No applicant-supplied text required quarantine beyond the standard trust-class handling.
APP-000045-EVAL-002,APP-000045,KYC-IDV-001,POL-KYC-001,1.0,2026-01-01,REGULATORY,HARD_FAIL,PASS,VERIFIED,==,VERIFIED,verifications.identity,false,"Identity verified; name, date of birth, address and a tokenised identification number were collected and matched."
APP-000045-EVAL-003,APP-000045,FRD-IND-001,POL-FRD-001,1.0,2026-01-01,SYNTHETIC_INTERNAL_POLICY,REFER,PASS,0,==,0,documents|verifications,false,No cross-source inconsistency without an innocent arithmetic explanation was identified.
APP-000045-EVAL-004,APP-000045,GEN-ELG-003,POL-GEN-001,1.0,2026-01-01,AGENCY_INVESTOR,HARD_FAIL,PASS,312000.00,<=,832750,loans.base_loan_amount,false,Base loan amount is within the applicable one-unit conforming limit.
APP-000045-EVAL-005,APP-000045,PRP-ELG-001,POL-PRP-001,1.0,2026-01-01,SYNTHETIC_INTERNAL_POLICY,HARD_FAIL,PASS,single_family_detached/1,in,"1-4 units, eligible type",properties.property_type|properties.units,false,Property type 'single_family_detached' with 1 unit(s) is eligible.
APP-000045-EVAL-006,APP-000045,CONV-PUR-002,POL-CONV-001,1.0,2026-01-01,SYNTHETIC_INTERNAL_POLICY,HARD_FAIL,PASS,0.8000,<=,0.97,loans.loan_amount|properties.value_used_for_ltv|underwriting_calculations.ltv,false,Loan-to-value 80.00% against the primary_residence limit of 97.00% for this programme.
APP-000045-EVAL-007,APP-000045,CRD-SCR-003,POL-CRD-001,2.0,2026-07-01,SYNTHETIC_INTERNAL_POLICY,HARD_FAIL,PASS,726,>=,620,credit_profiles.representative_score,false,Representative score 726 against the applicable floor of 620.
APP-000045-EVAL-008,APP-000045,CRD-SCR-004,POL-CRD-001,2.0,2026-07-01,SYNTHETIC_INTERNAL_POLICY,CONDITIONAL,PASS,21,<=,90,credit_profiles.report_date,false,Credit report is 21 days old against the 90-day window in force on the as-of date.
APP-000045-EVAL-009,APP-000045,CRD-SCR-007,POL-CRD-001,2.0,2026-07-01,SYNTHETIC_INTERNAL_POLICY,CONDITIONAL,PASS,1,<,4,credit_profiles.recent_inquiries_90d,false,"1 inquiries in the 90-day lookback, below the explanation trigger."
APP-000045-EVAL-010,APP-000045,CRD-DLQ-001,POL-CRD-003,1.0,2026-01-01,SYNTHETIC_INTERNAL_POLICY,REFER,PASS,0,==,0,credit_accounts.housing_late_history,false,No housing payment 30 or more days past due in the last 12 months.
APP-000045-EVAL-011,APP-000045,CRD-DLQ-003,POL-CRD-003,1.0,2026-01-01,SYNTHETIC_INTERNAL_POLICY,ADVISORY,PASS,0.2800,<=,0.8,underwriting_calculations.credit_utilization,false,Revolving utilisation 28.00% is within the risk-note threshold.
APP-000045-EVAL-012,APP-000045,EMP-CNT-001,POL-EMP-002,1.0,2026-01-01,SYNTHETIC_INTERNAL_POLICY,CONDITIONAL,PASS,60,>=,24,employment.start_date,false,Employment history of 60 months meets the 24-month requirement.
APP-000045-EVAL-013,APP-000045,DTI-CONV-001,POL-DTI-001,2.0,2026-07-01,SYNTHETIC_INTERNAL_POLICY,HARD_FAIL,PASS,0.3500,<=,0.43,underwriting_calculations.total_monthly_debt|underwriting_calculations.qualifying_monthly_income|underwriting_calculations.back_end_dti,false,Back-end debt-to-income 35.00% against the applicable limit of 43.00%.
APP-000045-EVAL-014,APP-000045,DTI-CONV-002,POL-DTI-001,2.0,2026-07-01,SYNTHETIC_INTERNAL_POLICY,ADVISORY,PASS,0.2899,<=,0.38,underwriting_calculations.front_end_dti,false,Housing ratio 28.99% recorded; this measure is advisory on this programme.
APP-000045-EVAL-015,APP-000045,DTI-CALC-003,POL-DTI-001,2.0,2026-07-01,SYNTHETIC_INTERNAL_POLICY,ADVISORY,PASS,5145.84,,,underwriting_calculations.residual_income_monthly,false,"Monthly disposable income 5,145.84 recorded alongside the ratio."
APP-000045-EVAL-016,APP-000045,AST-FTC-003,POL-AST-002,1.0,2026-01-01,SYNTHETIC_INTERNAL_POLICY,HARD_FAIL,PASS,84684.47,>=,73666.41,underwriting_calculations.funds_to_close_required|underwriting_calculations.funds_to_close_available,false,"Eligible funds available 84,684.47 against 73,666.41 required at settlement."
APP-000045-EVAL-017,APP-000045,AST-RSV-002,POL-AST-003,2.0,2026-07-01,SYNTHETIC_INTERNAL_POLICY,CONDITIONAL,PASS,6.00,>=,0,underwriting_calculations.post_close_reserves|underwriting_calculations.months_reserves,false,"Post-closing reserves of 6.00 months against the 0-month requirement for this occupancy, leverage and affordability profile."
APP-000045-EVAL-018,APP-000045,VAL-APR-001,POL-VAL-001,2.0,2026-07-01,SYNTHETIC_INTERNAL_POLICY,CONDITIONAL,PASS,full_appraisal,==,full_appraisal,appraisals.valuation_method,false,Valuation method 'full_appraisal' satisfies the requirement for this transaction.
APP-000045-EVAL-019,APP-000045,VAL-APR-003,POL-VAL-001,2.0,2026-07-01,SYNTHETIC_INTERNAL_POLICY,CONDITIONAL,PASS,24,<=,120,appraisals.appraisal_date,false,"Valuation is 24 days old, within the 120-day window."
APP-000045-EVAL-020,APP-000045,DOC-REQ-003,POL-DOC-001,1.0,2026-01-01,SYNTHETIC_INTERNAL_POLICY,CONDITIONAL,PASS,1.0000,==,1.0000,documents,false,"Document completeness 100.00% (0 of 0 required documents received and current); outstanding: w2, bank_statement, employment_verification."
APP-000045-EVAL-021,APP-000045,DOC-REQ-004,POL-DOC-001,1.0,2026-01-01,SYNTHETIC_INTERNAL_POLICY,CONDITIONAL,INDETERMINATE,3,==,0,documents,false,"3 required document type(s) outstanding, so the rules that depend on them evaluate to INDETERMINATE and the application is suspended rather than declined."
APP-000045-EVAL-022,APP-000045,GEN-ELG-005,POL-GEN-001,1.0,2026-01-01,SYNTHETIC_INTERNAL_POLICY,CONDITIONAL,INDETERMINATE,1,==,0,rule_evaluations|documents,false,"1 rule(s) lacked the inputs to be evaluated (DOC-REQ-004); each is recorded as INDETERMINATE with a documentation condition, not as a failure."
APP-000045-EVAL-023,APP-000045,DEC-REC-001,POL-DEC-001,1.0,2026-01-01,SYNTHETIC_INTERNAL_POLICY,HARD_FAIL,PASS,,,,decisions|decision_reasons,false,"The recommendation is drawn from the controlled vocabulary and carries the rule ids, policy versions and calculation records supporting it."
APP-000045-EVAL-024,APP-000045,DEC-AUD-001,POL-DEC-001,1.0,2026-01-01,SYNTHETIC_INTERNAL_POLICY,HARD_FAIL,PASS,,,,audit_events,false,"The decision record carries the full chain: policy version, rule, calculation, evidence and reason."
APP-000046-EVAL-001,APP-000046,SEC-INJ-001,POL-SEC-001,1.0,2026-01-01,SYNTHETIC_INTERNAL_POLICY,HARD_FAIL,PASS,,,,documents.contains_untrusted_text,false,No applicant-supplied text required quarantine beyond the standard trust-class handling.
APP-000046-EVAL-002,APP-000046,KYC-IDV-001,POL-KYC-001,1.0,2026-01-01,REGULATORY,HARD_FAIL,PASS,VERIFIED,==,VERIFIED,verifications.identity,false,"Identity verified; name, date of birth, address and a tokenised identification number were collected and matched."
APP-000046-EVAL-003,APP-000046,FRD-IND-001,POL-FRD-001,1.0,2026-01-01,SYNTHETIC_INTERNAL_POLICY,REFER,PASS,0,==,0,documents|verifications,false,No cross-source inconsistency without an innocent arithmetic explanation was identified.
APP-000046-EVAL-004,APP-000046,GEN-ELG-003,POL-GEN-001,1.0,2026-01-01,AGENCY_INVESTOR,HARD_FAIL,PASS,392000.00,<=,832750,loans.base_loan_amount,false,Base loan amount is within the applicable one-unit conforming limit.
APP-000046-EVAL-005,APP-000046,PRP-ELG-001,POL-PRP-001,1.0,2026-01-01,SYNTHETIC_INTERNAL_POLICY,HARD_FAIL,PASS,single_family_detached/1,in,"1-4 units, eligible type",properties.property_type|properties.units,false,Property type 'single_family_detached' with 1 unit(s) is eligible.
APP-000046-EVAL-006,APP-000046,CONV-PUR-002,POL-CONV-001,1.0,2026-01-01,SYNTHETIC_INTERNAL_POLICY,HARD_FAIL,PASS,0.8000,<=,0.97,loans.loan_amount|properties.value_used_for_ltv|underwriting_calculations.ltv,false,Loan-to-value 80.00% against the primary_residence limit of 97.00% for this programme.
APP-000046-EVAL-007,APP-000046,CRD-SCR-003,POL-CRD-001,2.0,2026-07-01,SYNTHETIC_INTERNAL_POLICY,HARD_FAIL,PASS,742,>=,620,credit_profiles.representative_score,false,Representative score 742 against the applicable floor of 620.
APP-000046-EVAL-008,APP-000046,CRD-SCR-004,POL-CRD-001,2.0,2026-07-01,SYNTHETIC_INTERNAL_POLICY,CONDITIONAL,PASS,21,<=,90,credit_profiles.report_date,false,Credit report is 21 days old against the 90-day window in force on the as-of date.
APP-000046-EVAL-009,APP-000046,CRD-SCR-007,POL-CRD-001,2.0,2026-07-01,SYNTHETIC_INTERNAL_POLICY,CONDITIONAL,PASS,1,<,4,credit_profiles.recent_inquiries_90d,false,"1 inquiries in the 90-day lookback, below the explanation trigger."
APP-000046-EVAL-010,APP-000046,CRD-DLQ-001,POL-CRD-003,1.0,2026-01-01,SYNTHETIC_INTERNAL_POLICY,REFER,PASS,0,==,0,credit_accounts.housing_late_history,false,No housing payment 30 or more days past due in the last 12 months.
APP-000046-EVAL-011,APP-000046,CRD-DLQ-003,POL-CRD-003,1.0,2026-01-01,SYNTHETIC_INTERNAL_POLICY,ADVISORY,PASS,0.2800,<=,0.8,underwriting_calculations.credit_utilization,false,Revolving utilisation 28.00% is within the risk-note threshold.
APP-000046-EVAL-012,APP-000046,EMP-CNT-001,POL-EMP-002,1.0,2026-01-01,SYNTHETIC_INTERNAL_POLICY,CONDITIONAL,PASS,60,>=,24,employment.start_date,false,Employment history of 60 months meets the 24-month requirement.
APP-000046-EVAL-013,APP-000046,DTI-CONV-001,POL-DTI-001,2.0,2026-07-01,SYNTHETIC_INTERNAL_POLICY,HARD_FAIL,PASS,0.3400,<=,0.43,underwriting_calculations.total_monthly_debt|underwriting_calculations.qualifying_monthly_income|underwriting_calculations.back_end_dti,false,Back-end debt-to-income 34.00% against the applicable limit of 43.00%.
APP-000046-EVAL-014,APP-000046,DTI-CONV-002,POL-DTI-001,2.0,2026-07-01,SYNTHETIC_INTERNAL_POLICY,ADVISORY,PASS,0.2901,<=,0.38,underwriting_calculations.front_end_dti,false,Housing ratio 29.01% recorded; this measure is advisory on this programme.
APP-000046-EVAL-015,APP-000046,DTI-CALC-003,POL-DTI-001,2.0,2026-07-01,SYNTHETIC_INTERNAL_POLICY,ADVISORY,PASS,7733.00,,,underwriting_calculations.residual_income_monthly,false,"Monthly disposable income 7,733.00 recorded alongside the ratio."
APP-000046-EVAL-016,APP-000046,AST-FTC-003,POL-AST-002,1.0,2026-01-01,SYNTHETIC_INTERNAL_POLICY,HARD_FAIL,PASS,122455.97,>=,103424.37,underwriting_calculations.funds_to_close_required|underwriting_calculations.funds_to_close_available,false,"Eligible funds available 122,455.97 against 103,424.37 required at settlement."
APP-000046-EVAL-017,APP-000046,AST-RSV-002,POL-AST-003,2.0,2026-07-01,SYNTHETIC_INTERNAL_POLICY,CONDITIONAL,PASS,7.00,>=,0,underwriting_calculations.post_close_reserves|underwriting_calculations.months_reserves,false,"Post-closing reserves of 7.00 months against the 0-month requirement for this occupancy, leverage and affordability profile."
APP-000046-EVAL-018,APP-000046,VAL-APR-001,POL-VAL-001,2.0,2026-07-01,SYNTHETIC_INTERNAL_POLICY,CONDITIONAL,PASS,full_appraisal,==,full_appraisal,appraisals.valuation_method,false,Valuation method 'full_appraisal' satisfies the requirement for this transaction.
APP-000046-EVAL-019,APP-000046,VAL-APR-003,POL-VAL-001,2.0,2026-07-01,SYNTHETIC_INTERNAL_POLICY,CONDITIONAL,PASS,24,<=,120,appraisals.appraisal_date,false,"Valuation is 24 days old, within the 120-day window."
APP-000046-EVAL-020,APP-000046,DOC-REQ-003,POL-DOC-001,1.0,2026-01-01,SYNTHETIC_INTERNAL_POLICY,CONDITIONAL,PASS,1.0000,==,1.0000,documents,false,Document completeness 100.00% (0 of 0 required documents received and current).
APP-000046-EVAL-021,APP-000046,DOC-REQ-002,POL-DOC-001,1.0,2026-01-01,SYNTHETIC_INTERNAL_POLICY,CONDITIONAL,FAIL,2,==,0,documents.document_date,false,"2 document(s) are outside their freshness window and must be refreshed: paystub, bank_statement. A stale document raises a refresh condition; it is not treated as a missing document."
APP-000046-EVAL-022,APP-000046,GEN-ELG-005,POL-GEN-001,1.0,2026-01-01,SYNTHETIC_INTERNAL_POLICY,CONDITIONAL,PASS,0,==,0,rule_evaluations|documents,false,"Every rule in scope had the inputs it needed, so none evaluated to INDETERMINATE."
APP-000046-EVAL-023,APP-000046,DEC-REC-001,POL-DEC-001,1.0,2026-01-01,SYNTHETIC_INTERNAL_POLICY,HARD_FAIL,PASS,,,,decisions|decision_reasons,false,"The recommendation is drawn from the controlled vocabulary and carries the rule ids, policy versions and calculation records supporting it."
APP-000046-EVAL-024,APP-000046,DEC-AUD-001,POL-DEC-001,1.0,2026-01-01,SYNTHETIC_INTERNAL_POLICY,HARD_FAIL,PASS,,,,audit_events,false,"The decision record carries the full chain: policy version, rule, calculation, evidence and reason."
APP-000047-EVAL-001,APP-000047,SEC-INJ-001,POL-SEC-001,1.0,2026-01-01,SYNTHETIC_INTERNAL_POLICY,HARD_FAIL,PASS,,,,documents.contains_untrusted_text,false,No applicant-supplied text required quarantine beyond the standard trust-class handling.
APP-000047-EVAL-002,APP-000047,KYC-IDV-001,POL-KYC-001,1.0,2026-01-01,REGULATORY,HARD_FAIL,PASS,VERIFIED,==,VERIFIED,verifications.identity,false,"Identity verified; name, date of birth, address and a tokenised identification number were collected and matched."
APP-000047-EVAL-003,APP-000047,FRD-IND-001,POL-FRD-001,1.0,2026-01-01,SYNTHETIC_INTERNAL_POLICY,REFER,PASS,0,==,0,documents|verifications,false,No cross-source inconsistency without an innocent arithmetic explanation was identified.
APP-000047-EVAL-004,APP-000047,GEN-ELG-003,POL-GEN-001,1.0,2026-01-01,AGENCY_INVESTOR,HARD_FAIL,PASS,416000.00,<=,832750,loans.base_loan_amount,false,Base loan amount is within the applicable one-unit conforming limit.
APP-000047-EVAL-005,APP-000047,PRP-ELG-001,POL-PRP-001,1.0,2026-01-01,SYNTHETIC_INTERNAL_POLICY,HARD_FAIL,PASS,single_family_detached/1,in,"1-4 units, eligible type",properties.property_type|properties.units,false,Property type 'single_family_detached' with 1 unit(s) is eligible.
APP-000047-EVAL-006,APP-000047,CONV-PUR-002,POL-CONV-001,1.0,2026-01-01,SYNTHETIC_INTERNAL_POLICY,HARD_FAIL,PASS,0.8000,<=,0.97,loans.loan_amount|properties.value_used_for_ltv|underwriting_calculations.ltv,false,Loan-to-value 80.00% against the primary_residence limit of 97.00% for this programme.
APP-000047-EVAL-007,APP-000047,CRD-SCR-003,POL-CRD-001,2.0,2026-07-01,SYNTHETIC_INTERNAL_POLICY,HARD_FAIL,PASS,742,>=,620,credit_profiles.representative_score,false,Representative score 742 against the applicable floor of 620.
APP-000047-EVAL-008,APP-000047,CRD-SCR-004,POL-CRD-001,2.0,2026-07-01,SYNTHETIC_INTERNAL_POLICY,CONDITIONAL,PASS,21,<=,90,credit_profiles.report_date,false,Credit report is 21 days old against the 90-day window in force on the as-of date.
APP-000047-EVAL-009,APP-000047,CRD-SCR-007,POL-CRD-001,2.0,2026-07-01,SYNTHETIC_INTERNAL_POLICY,CONDITIONAL,REFER,4,<,4,credit_profiles.recent_inquiries_90d,false,4 inquiries in the 90-day lookback require a written explanation identifying whether any resulted in new debt. Inquiry count is never itself a basis for an adverse outcome.
APP-000047-EVAL-010,APP-000047,CRD-DLQ-001,POL-CRD-003,1.0,2026-01-01,SYNTHETIC_INTERNAL_POLICY,REFER,PASS,0,==,0,credit_accounts.housing_late_history,false,No housing payment 30 or more days past due in the last 12 months.
APP-000047-EVAL-011,APP-000047,CRD-DLQ-003,POL-CRD-003,1.0,2026-01-01,SYNTHETIC_INTERNAL_POLICY,ADVISORY,PASS,0.2800,<=,0.8,underwriting_calculations.credit_utilization,false,Revolving utilisation 28.00% is within the risk-note threshold.
APP-000047-EVAL-012,APP-000047,EMP-CNT-001,POL-EMP-002,1.0,2026-01-01,SYNTHETIC_INTERNAL_POLICY,CONDITIONAL,PASS,60,>=,24,employment.start_date,false,Employment history of 60 months meets the 24-month requirement.
APP-000047-EVAL-013,APP-000047,DTI-CONV-001,POL-DTI-001,2.0,2026-07-01,SYNTHETIC_INTERNAL_POLICY,HARD_FAIL,PASS,0.3300,<=,0.43,underwriting_calculations.total_monthly_debt|underwriting_calculations.qualifying_monthly_income|underwriting_calculations.back_end_dti,false,Back-end debt-to-income 33.00% against the applicable limit of 43.00%.
APP-000047-EVAL-014,APP-000047,DTI-CONV-002,POL-DTI-001,2.0,2026-07-01,SYNTHETIC_INTERNAL_POLICY,ADVISORY,PASS,0.2901,<=,0.38,underwriting_calculations.front_end_dti,false,Housing ratio 29.01% recorded; this measure is advisory on this programme.
APP-000047-EVAL-015,APP-000047,DTI-CALC-003,POL-DTI-001,2.0,2026-07-01,SYNTHETIC_INTERNAL_POLICY,ADVISORY,PASS,7370.00,,,underwriting_calculations.residual_income_monthly,false,"Monthly disposable income 7,370.00 recorded alongside the ratio."
APP-000047-EVAL-016,APP-000047,AST-FTC-003,POL-AST-002,1.0,2026-01-01,SYNTHETIC_INTERNAL_POLICY,HARD_FAIL,PASS,128658.86,>=,108239.21,underwriting_calculations.funds_to_close_required|underwriting_calculations.funds_to_close_available,false,"Eligible funds available 128,658.86 against 108,239.21 required at settlement."
APP-000047-EVAL-017,APP-000047,AST-RSV-002,POL-AST-003,2.0,2026-07-01,SYNTHETIC_INTERNAL_POLICY,CONDITIONAL,PASS,8.00,>=,0,underwriting_calculations.post_close_reserves|underwriting_calculations.months_reserves,false,"Post-closing reserves of 8.00 months against the 0-month requirement for this occupancy, leverage and affordability profile."
APP-000047-EVAL-018,APP-000047,VAL-APR-001,POL-VAL-001,2.0,2026-07-01,SYNTHETIC_INTERNAL_POLICY,CONDITIONAL,PASS,full_appraisal,==,full_appraisal,appraisals.valuation_method,false,Valuation method 'full_appraisal' satisfies the requirement for this transaction.
APP-000047-EVAL-019,APP-000047,VAL-APR-003,POL-VAL-001,2.0,2026-07-01,SYNTHETIC_INTERNAL_POLICY,CONDITIONAL,PASS,24,<=,120,appraisals.appraisal_date,false,"Valuation is 24 days old, within the 120-day window."
APP-000047-EVAL-020,APP-000047,PRP-ELG-004,POL-PRP-001,1.0,2026-01-01,REGULATORY,CONDITIONAL,PASS,SFHA,==,coverage in force,properties.flood_zone|insurance_records,false,Property is in a special flood hazard area and flood insurance is evidenced; the premium is included in the qualifying housing expense.
APP-000047-EVAL-021,APP-000047,DOC-REQ-003,POL-DOC-001,1.0,2026-01-01,SYNTHETIC_INTERNAL_POLICY,CONDITIONAL,PASS,1.0000,==,1.0000,documents,false,Document completeness 100.00% (0 of 0 required documents received and current).
APP-000047-EVAL-022,APP-000047,GEN-ELG-005,POL-GEN-001,1.0,2026-01-01,SYNTHETIC_INTERNAL_POLICY,CONDITIONAL,PASS,0,==,0,rule_evaluations|documents,false,"Every rule in scope had the inputs it needed, so none evaluated to INDETERMINATE."
APP-000047-EVAL-023,APP-000047,DEC-REC-001,POL-DEC-001,1.0,2026-01-01,SYNTHETIC_INTERNAL_POLICY,HARD_FAIL,PASS,,,,decisions|decision_reasons,false,"The recommendation is drawn from the controlled vocabulary and carries the rule ids, policy versions and calculation records supporting it."
APP-000047-EVAL-024,APP-000047,DEC-AUD-001,POL-DEC-001,1.0,2026-01-01,SYNTHETIC_INTERNAL_POLICY,HARD_FAIL,PASS,,,,audit_events,false,"The decision record carries the full chain: policy version, rule, calculation, evidence and reason."
APP-000048-EVAL-001,APP-000048,SEC-INJ-001,POL-SEC-001,1.0,2026-01-01,SYNTHETIC_INTERNAL_POLICY,HARD_FAIL,PASS,,,,documents.contains_untrusted_text,false,No applicant-supplied text required quarantine beyond the standard trust-class handling.
APP-000048-EVAL-002,APP-000048,KYC-IDV-001,POL-KYC-001,1.0,2026-01-01,REGULATORY,HARD_FAIL,PASS,VERIFIED,==,VERIFIED,verifications.identity,false,"Identity verified; name, date of birth, address and a tokenised identification number were collected and matched."
APP-000048-EVAL-003,APP-000048,FRD-IND-001,POL-FRD-001,1.0,2026-01-01,SYNTHETIC_INTERNAL_POLICY,REFER,PASS,0,==,0,documents|verifications,false,No cross-source inconsistency without an innocent arithmetic explanation was identified.
APP-000048-EVAL-004,APP-000048,GEN-ELG-003,POL-GEN-001,1.0,2026-01-01,AGENCY_INVESTOR,HARD_FAIL,PASS,432000.00,<=,832750,loans.base_loan_amount,false,Base loan amount is within the applicable one-unit conforming limit.
APP-000048-EVAL-005,APP-000048,PRP-ELG-001,POL-PRP-001,1.0,2026-01-01,SYNTHETIC_INTERNAL_POLICY,HARD_FAIL,PASS,single_family_detached/1,in,"1-4 units, eligible type",properties.property_type|properties.units,false,Property type 'single_family_detached' with 1 unit(s) is eligible.
APP-000048-EVAL-006,APP-000048,CONV-PUR-002,POL-CONV-001,1.0,2026-01-01,SYNTHETIC_INTERNAL_POLICY,HARD_FAIL,PASS,0.8000,<=,0.97,loans.loan_amount|properties.value_used_for_ltv|underwriting_calculations.ltv,false,Loan-to-value 80.00% against the primary_residence limit of 97.00% for this programme.
APP-000048-EVAL-007,APP-000048,CRD-SCR-003,POL-CRD-001,2.0,2026-07-01,SYNTHETIC_INTERNAL_POLICY,HARD_FAIL,PASS,742,>=,620,credit_profiles.representative_score,false,Representative score 742 against the applicable floor of 620.
APP-000048-EVAL-008,APP-000048,CRD-SCR-004,POL-CRD-001,2.0,2026-07-01,SYNTHETIC_INTERNAL_POLICY,CONDITIONAL,PASS,21,<=,90,credit_profiles.report_date,false,Credit report is 21 days old against the 90-day window in force on the as-of date.
APP-000048-EVAL-009,APP-000048,CRD-SCR-007,POL-CRD-001,2.0,2026-07-01,SYNTHETIC_INTERNAL_POLICY,CONDITIONAL,PASS,1,<,4,credit_profiles.recent_inquiries_90d,false,"1 inquiries in the 90-day lookback, below the explanation trigger."
APP-000048-EVAL-010,APP-000048,CRD-DLQ-001,POL-CRD-003,1.0,2026-01-01,SYNTHETIC_INTERNAL_POLICY,REFER,PASS,0,==,0,credit_accounts.housing_late_history,false,No housing payment 30 or more days past due in the last 12 months.
APP-000048-EVAL-011,APP-000048,CRD-DLQ-003,POL-CRD-003,1.0,2026-01-01,SYNTHETIC_INTERNAL_POLICY,ADVISORY,PASS,0.2800,<=,0.8,underwriting_calculations.credit_utilization,false,Revolving utilisation 28.00% is within the risk-note threshold.
APP-000048-EVAL-012,APP-000048,EMP-CNT-001,POL-EMP-002,1.0,2026-01-01,SYNTHETIC_INTERNAL_POLICY,CONDITIONAL,PASS,60,>=,24,employment.start_date,false,Employment history of 60 months meets the 24-month requirement.
APP-000048-EVAL-013,APP-000048,DTI-CONV-001,POL-DTI-001,2.0,2026-07-01,SYNTHETIC_INTERNAL_POLICY,HARD_FAIL,PASS,0.3600,<=,0.43,underwriting_calculations.total_monthly_debt|underwriting_calculations.qualifying_monthly_income|underwriting_calculations.back_end_dti,false,Back-end debt-to-income 36.00% against the applicable limit of 43.00%.
APP-000048-EVAL-014,APP-000048,DTI-CONV-002,POL-DTI-001,2.0,2026-07-01,SYNTHETIC_INTERNAL_POLICY,ADVISORY,PASS,0.2901,<=,0.38,underwriting_calculations.front_end_dti,false,Housing ratio 29.01% recorded; this measure is advisory on this programme.
APP-000048-EVAL-015,APP-000048,DTI-CALC-003,POL-DTI-001,2.0,2026-07-01,SYNTHETIC_INTERNAL_POLICY,ADVISORY,PASS,8650.67,,,underwriting_calculations.residual_income_monthly,false,"Monthly disposable income 8,650.67 recorded alongside the ratio."
APP-000048-EVAL-016,APP-000048,AST-FTC-003,POL-AST-002,1.0,2026-01-01,SYNTHETIC_INTERNAL_POLICY,HARD_FAIL,PASS,129836.76,>=,114153.60,underwriting_calculations.funds_to_close_required|underwriting_calculations.funds_to_close_available,false,"Eligible funds available 129,836.76 against 114,153.60 required at settlement."
APP-000048-EVAL-017,APP-000048,AST-RSV-002,POL-AST-003,2.0,2026-07-01,SYNTHETIC_INTERNAL_POLICY,CONDITIONAL,PASS,5.00,>=,0,underwriting_calculations.post_close_reserves|underwriting_calculations.months_reserves,false,"Post-closing reserves of 5.00 months against the 0-month requirement for this occupancy, leverage and affordability profile."
APP-000048-EVAL-018,APP-000048,VAL-APR-001,POL-VAL-001,2.0,2026-07-01,SYNTHETIC_INTERNAL_POLICY,CONDITIONAL,PASS,full_appraisal,==,full_appraisal,appraisals.valuation_method,false,Valuation method 'full_appraisal' satisfies the requirement for this transaction.
APP-000048-EVAL-019,APP-000048,VAL-APR-003,POL-VAL-001,2.0,2026-07-01,SYNTHETIC_INTERNAL_POLICY,CONDITIONAL,PASS,24,<=,120,appraisals.appraisal_date,false,"Valuation is 24 days old, within the 120-day window."
APP-000048-EVAL-020,APP-000048,PRP-ELG-004,POL-PRP-001,1.0,2026-01-01,REGULATORY,CONDITIONAL,INDETERMINATE,SFHA,==,coverage in force,properties.flood_zone|insurance_records,false,Property is in a special flood hazard area and flood insurance evidence is outstanding.
APP-000048-EVAL-021,APP-000048,DOC-REQ-003,POL-DOC-001,1.0,2026-01-01,SYNTHETIC_INTERNAL_POLICY,CONDITIONAL,PASS,1.0000,==,1.0000,documents,false,Document completeness 100.00% (0 of 0 required documents received and current); outstanding: flood_insurance_evidence.
APP-000048-EVAL-022,APP-000048,DOC-REQ-004,POL-DOC-001,1.0,2026-01-01,SYNTHETIC_INTERNAL_POLICY,CONDITIONAL,INDETERMINATE,1,==,0,documents,false,"1 required document type(s) outstanding, so the rules that depend on them evaluate to INDETERMINATE and the application is suspended rather than declined."
APP-000048-EVAL-023,APP-000048,GEN-ELG-005,POL-GEN-001,1.0,2026-01-01,SYNTHETIC_INTERNAL_POLICY,CONDITIONAL,INDETERMINATE,2,==,0,rule_evaluations|documents,false,"2 rule(s) lacked the inputs to be evaluated (DOC-REQ-004, PRP-ELG-004); each is recorded as INDETERMINATE with a documentation condition, not as a failure."
APP-000048-EVAL-024,APP-000048,DEC-REC-001,POL-DEC-001,1.0,2026-01-01,SYNTHETIC_INTERNAL_POLICY,HARD_FAIL,PASS,,,,decisions|decision_reasons,false,"The recommendation is drawn from the controlled vocabulary and carries the rule ids, policy versions and calculation records supporting it."
APP-000048-EVAL-025,APP-000048,DEC-AUD-001,POL-DEC-001,1.0,2026-01-01,SYNTHETIC_INTERNAL_POLICY,HARD_FAIL,PASS,,,,audit_events,false,"The decision record carries the full chain: policy version, rule, calculation, evidence and reason."
APP-000049-EVAL-001,APP-000049,SEC-INJ-001,POL-SEC-001,1.0,2026-01-01,SYNTHETIC_INTERNAL_POLICY,HARD_FAIL,PASS,,,,documents.contains_untrusted_text,false,No applicant-supplied text required quarantine beyond the standard trust-class handling.
APP-000049-EVAL-002,APP-000049,KYC-IDV-001,POL-KYC-001,1.0,2026-01-01,REGULATORY,HARD_FAIL,PASS,VERIFIED,==,VERIFIED,verifications.identity,false,"Identity verified; name, date of birth, address and a tokenised identification number were collected and matched."
APP-000049-EVAL-003,APP-000049,FRD-IND-001,POL-FRD-001,1.0,2026-01-01,SYNTHETIC_INTERNAL_POLICY,REFER,PASS,0,==,0,documents|verifications,false,No cross-source inconsistency without an innocent arithmetic explanation was identified.
APP-000049-EVAL-004,APP-000049,GEN-ELG-003,POL-GEN-001,1.0,2026-01-01,AGENCY_INVESTOR,HARD_FAIL,PASS,312000.00,<=,832750,loans.base_loan_amount,false,Base loan amount is within the applicable one-unit conforming limit.
APP-000049-EVAL-005,APP-000049,PRP-ELG-001,POL-PRP-001,1.0,2026-01-01,SYNTHETIC_INTERNAL_POLICY,HARD_FAIL,PASS,single_family_detached/1,in,"1-4 units, eligible type",properties.property_type|properties.units,false,Property type 'single_family_detached' with 1 unit(s) is eligible.
APP-000049-EVAL-006,APP-000049,CONV-PUR-002,POL-CONV-001,1.0,2026-01-01,SYNTHETIC_INTERNAL_POLICY,HARD_FAIL,PASS,0.8000,<=,0.97,loans.loan_amount|properties.value_used_for_ltv|underwriting_calculations.ltv,false,Loan-to-value 80.00% against the primary_residence limit of 97.00% for this programme.
APP-000049-EVAL-007,APP-000049,CRD-SCR-003,POL-CRD-001,2.0,2026-07-01,SYNTHETIC_INTERNAL_POLICY,HARD_FAIL,PASS,772,>=,620,credit_profiles.representative_score,false,Representative score 772 against the applicable floor of 620.
APP-000049-EVAL-008,APP-000049,CRD-SCR-004,POL-CRD-001,2.0,2026-07-01,SYNTHETIC_INTERNAL_POLICY,CONDITIONAL,PASS,21,<=,90,credit_profiles.report_date,false,Credit report is 21 days old against the 90-day window in force on the as-of date.
APP-000049-EVAL-009,APP-000049,CRD-SCR-007,POL-CRD-001,2.0,2026-07-01,SYNTHETIC_INTERNAL_POLICY,CONDITIONAL,PASS,1,<,4,credit_profiles.recent_inquiries_90d,false,"1 inquiries in the 90-day lookback, below the explanation trigger."
APP-000049-EVAL-010,APP-000049,CRD-DLQ-001,POL-CRD-003,1.0,2026-01-01,SYNTHETIC_INTERNAL_POLICY,REFER,PASS,0,==,0,credit_accounts.housing_late_history,false,No housing payment 30 or more days past due in the last 12 months.
APP-000049-EVAL-011,APP-000049,CRD-DLQ-003,POL-CRD-003,1.0,2026-01-01,SYNTHETIC_INTERNAL_POLICY,ADVISORY,PASS,0.2800,<=,0.8,underwriting_calculations.credit_utilization,false,Revolving utilisation 28.00% is within the risk-note threshold.
APP-000049-EVAL-012,APP-000049,EMP-CNT-001,POL-EMP-002,1.0,2026-01-01,SYNTHETIC_INTERNAL_POLICY,CONDITIONAL,PASS,60,>=,24,employment.start_date,false,Employment history of 60 months meets the 24-month requirement.
APP-000049-EVAL-013,APP-000049,DTI-CONV-001,POL-DTI-001,2.0,2026-07-01,SYNTHETIC_INTERNAL_POLICY,HARD_FAIL,PASS,0.3000,<=,0.43,underwriting_calculations.total_monthly_debt|underwriting_calculations.qualifying_monthly_income|underwriting_calculations.back_end_dti,false,Back-end debt-to-income 30.00% against the applicable limit of 43.00%.
APP-000049-EVAL-014,APP-000049,DTI-CONV-002,POL-DTI-001,2.0,2026-07-01,SYNTHETIC_INTERNAL_POLICY,ADVISORY,PASS,0.2801,<=,0.38,underwriting_calculations.front_end_dti,false,Housing ratio 28.01% recorded; this measure is advisory on this programme.
APP-000049-EVAL-015,APP-000049,DTI-CALC-003,POL-DTI-001,2.0,2026-07-01,SYNTHETIC_INTERNAL_POLICY,ADVISORY,PASS,6760.83,,,underwriting_calculations.residual_income_monthly,false,"Monthly disposable income 6,760.83 recorded alongside the ratio."
APP-000049-EVAL-016,APP-000049,AST-FTC-003,POL-AST-002,1.0,2026-01-01,SYNTHETIC_INTERNAL_POLICY,HARD_FAIL,PASS,106498.29,>=,82694.91,underwriting_calculations.funds_to_close_required|underwriting_calculations.funds_to_close_available,false,"Eligible funds available 106,498.29 against 82,694.91 required at settlement."
APP-000049-EVAL-017,APP-000049,AST-RSV-002,POL-AST-003,2.0,2026-07-01,SYNTHETIC_INTERNAL_POLICY,CONDITIONAL,PASS,11.00,>=,0,underwriting_calculations.post_close_reserves|underwriting_calculations.months_reserves,false,"Post-closing reserves of 11.00 months against the 0-month requirement for this occupancy, leverage and affordability profile."
APP-000049-EVAL-018,APP-000049,VAL-APR-001,POL-VAL-001,2.0,2026-07-01,SYNTHETIC_INTERNAL_POLICY,CONDITIONAL,PASS,full_appraisal,==,full_appraisal,appraisals.valuation_method,false,Valuation method 'full_appraisal' satisfies the requirement for this transaction.
APP-000049-EVAL-019,APP-000049,VAL-APR-003,POL-VAL-001,2.0,2026-07-01,SYNTHETIC_INTERNAL_POLICY,CONDITIONAL,PASS,24,<=,120,appraisals.appraisal_date,false,"Valuation is 24 days old, within the 120-day window."
APP-000049-EVAL-020,APP-000049,TTL-LIE-002,POL-TTL-001,1.0,2026-01-01,SYNTHETIC_INTERNAL_POLICY,CONDITIONAL,REFER,blocking exception,==,no blocking exception,title_records.exceptions,true,"A title exception affecting marketability, access or the insured lien position is unresolved; it must be cleared before clear-to-close."
APP-000049-EVAL-021,APP-000049,DOC-REQ-003,POL-DOC-001,1.0,2026-01-01,SYNTHETIC_INTERNAL_POLICY,CONDITIONAL,PASS,1.0000,==,1.0000,documents,false,Document completeness 100.00% (0 of 0 required documents received and current).
APP-000049-EVAL-022,APP-000049,GEN-ELG-005,POL-GEN-001,1.0,2026-01-01,SYNTHETIC_INTERNAL_POLICY,CONDITIONAL,PASS,0,==,0,rule_evaluations|documents,false,"Every rule in scope had the inputs it needed, so none evaluated to INDETERMINATE."
APP-000049-EVAL-023,APP-000049,UWR-HRV-001,POL-UWR-001,1.0,2026-01-01,SYNTHETIC_INTERNAL_POLICY,REFER,REFER,1,==,0,rule_evaluations,true,1 mandatory human-review trigger(s) present.
APP-000049-EVAL-024,APP-000049,DEC-REC-001,POL-DEC-001,1.0,2026-01-01,SYNTHETIC_INTERNAL_POLICY,HARD_FAIL,PASS,,,,decisions|decision_reasons,false,"The recommendation is drawn from the controlled vocabulary and carries the rule ids, policy versions and calculation records supporting it."
APP-000049-EVAL-025,APP-000049,DEC-AUD-001,POL-DEC-001,1.0,2026-01-01,SYNTHETIC_INTERNAL_POLICY,HARD_FAIL,PASS,,,,audit_events,false,"The decision record carries the full chain: policy version, rule, calculation, evidence and reason."
APP-000050-EVAL-001,APP-000050,SEC-INJ-001,POL-SEC-001,1.0,2026-01-01,SYNTHETIC_INTERNAL_POLICY,HARD_FAIL,PASS,,,,documents.contains_untrusted_text,false,No applicant-supplied text required quarantine beyond the standard trust-class handling.
APP-000050-EVAL-002,APP-000050,KYC-IDV-001,POL-KYC-001,1.0,2026-01-01,REGULATORY,HARD_FAIL,PASS,VERIFIED,==,VERIFIED,verifications.identity,false,"Identity verified; name, date of birth, address and a tokenised identification number were collected and matched."
APP-000050-EVAL-003,APP-000050,FRD-IND-001,POL-FRD-001,1.0,2026-01-01,SYNTHETIC_INTERNAL_POLICY,REFER,PASS,0,==,0,documents|verifications,false,No cross-source inconsistency without an innocent arithmetic explanation was identified.
APP-000050-EVAL-004,APP-000050,GEN-ELG-003,POL-GEN-001,1.0,2026-01-01,AGENCY_INVESTOR,HARD_FAIL,PASS,431460.00,<=,832750,loans.base_loan_amount,false,Base loan amount is within the applicable one-unit conforming limit.
APP-000050-EVAL-005,APP-000050,PRP-ELG-001,POL-PRP-001,1.0,2026-01-01,SYNTHETIC_INTERNAL_POLICY,HARD_FAIL,PASS,single_family_detached/1,in,"1-4 units, eligible type",properties.property_type|properties.units,false,Property type 'single_family_detached' with 1 unit(s) is eligible.
APP-000050-EVAL-006,APP-000050,CONV-PUR-002,POL-CONV-001,1.0,2026-01-01,SYNTHETIC_INTERNAL_POLICY,HARD_FAIL,PASS,0.9000,<=,0.97,loans.loan_amount|properties.value_used_for_ltv|underwriting_calculations.ltv,false,Loan-to-value 90.00% against the primary_residence limit of 97.00% for this programme.
APP-000050-EVAL-007,APP-000050,CONV-PUR-003,POL-CONV-001,1.0,2026-01-01,SYNTHETIC_INTERNAL_POLICY,CONDITIONAL,PASS,0.9000,>,0.80,underwriting_calculations.ltv|loans.monthly_mi,false,Mortgage insurance is required above 80 percent leverage and its premium is included in the qualifying housing expense.
APP-000050-EVAL-008,APP-000050,CRD-SCR-003,POL-CRD-001,2.0,2026-07-01,SYNTHETIC_INTERNAL_POLICY,HARD_FAIL,PASS,707,>=,620,credit_profiles.representative_score,false,Representative score 707 against the applicable floor of 620.
APP-000050-EVAL-009,APP-000050,CRD-SCR-004,POL-CRD-001,2.0,2026-07-01,SYNTHETIC_INTERNAL_POLICY,CONDITIONAL,PASS,21,<=,90,credit_profiles.report_date,false,Credit report is 21 days old against the 90-day window in force on the as-of date.
APP-000050-EVAL-010,APP-000050,CRD-SCR-007,POL-CRD-001,2.0,2026-07-01,SYNTHETIC_INTERNAL_POLICY,CONDITIONAL,PASS,1,<,4,credit_profiles.recent_inquiries_90d,false,"1 inquiries in the 90-day lookback, below the explanation trigger."
APP-000050-EVAL-011,APP-000050,CRD-DLQ-001,POL-CRD-003,1.0,2026-01-01,SYNTHETIC_INTERNAL_POLICY,REFER,PASS,0,==,0,credit_accounts.housing_late_history,false,No housing payment 30 or more days past due in the last 12 months.
APP-000050-EVAL-012,APP-000050,CRD-DLQ-003,POL-CRD-003,1.0,2026-01-01,SYNTHETIC_INTERNAL_POLICY,ADVISORY,PASS,0.2800,<=,0.8,underwriting_calculations.credit_utilization,false,Revolving utilisation 28.00% is within the risk-note threshold.
APP-000050-EVAL-013,APP-000050,EMP-CNT-001,POL-EMP-002,1.0,2026-01-01,SYNTHETIC_INTERNAL_POLICY,CONDITIONAL,PASS,60,>=,24,employment.start_date,false,Employment history of 60 months meets the 24-month requirement.
APP-000050-EVAL-014,APP-000050,DTI-CONV-001,POL-DTI-001,2.0,2026-07-01,SYNTHETIC_INTERNAL_POLICY,HARD_FAIL,PASS,0.3700,<=,0.43,underwriting_calculations.total_monthly_debt|underwriting_calculations.qualifying_monthly_income|underwriting_calculations.back_end_dti,false,Back-end debt-to-income 37.00% against the applicable limit of 43.00%.
APP-000050-EVAL-015,APP-000050,DTI-CONV-002,POL-DTI-001,2.0,2026-07-01,SYNTHETIC_INTERNAL_POLICY,ADVISORY,PASS,0.2900,<=,0.38,underwriting_calculations.front_end_dti,false,Housing ratio 29.00% recorded; this measure is advisory on this programme.
APP-000050-EVAL-016,APP-000050,DTI-CALC-003,POL-DTI-001,2.0,2026-07-01,SYNTHETIC_INTERNAL_POLICY,ADVISORY,PASS,8064.00,,,underwriting_calculations.residual_income_monthly,false,"Monthly disposable income 8,064.00 recorded alongside the ratio."
APP-000050-EVAL-017,APP-000050,AST-FTC-003,POL-AST-002,1.0,2026-01-01,SYNTHETIC_INTERNAL_POLICY,HARD_FAIL,PASS,81211.43,>=,73787.73,underwriting_calculations.funds_to_close_required|underwriting_calculations.funds_to_close_available,false,"Eligible funds available 81,211.43 against 73,787.73 required at settlement."
APP-000050-EVAL-018,APP-000050,AST-RSV-002,POL-AST-003,2.0,2026-07-01,SYNTHETIC_INTERNAL_POLICY,CONDITIONAL,PASS,2.00,>=,0,underwriting_calculations.post_close_reserves|underwriting_calculations.months_reserves,false,"Post-closing reserves of 2.00 months against the 0-month requirement for this occupancy, leverage and affordability profile."
APP-000050-EVAL-019,APP-000050,VAL-APR-001,POL-VAL-001,2.0,2026-07-01,SYNTHETIC_INTERNAL_POLICY,CONDITIONAL,PASS,full_appraisal,==,full_appraisal,appraisals.valuation_method,false,Valuation method 'full_appraisal' satisfies the requirement for this transaction.
APP-000050-EVAL-020,APP-000050,VAL-APR-003,POL-VAL-001,2.0,2026-07-01,SYNTHETIC_INTERNAL_POLICY,CONDITIONAL,PASS,24,<=,120,appraisals.appraisal_date,false,"Valuation is 24 days old, within the 120-day window."
APP-000050-EVAL-021,APP-000050,VAL-APR-002,POL-VAL-001,2.0,2026-07-01,SYNTHETIC_INTERNAL_POLICY,HARD_FAIL,PASS,479400.00,<,510000.00,appraisals.appraised_value|properties.purchase_price|properties.value_used_for_ltv,false,"Appraised value 479,400.00 is below the contract price 510,000.00; the lower figure 479,400.00 is used for leverage and the shortfall falls to the borrower as additional funds to close. The value is not adjusted upward."
APP-000050-EVAL-022,APP-000050,DOC-REQ-003,POL-DOC-001,1.0,2026-01-01,SYNTHETIC_INTERNAL_POLICY,CONDITIONAL,PASS,1.0000,==,1.0000,documents,false,Document completeness 100.00% (0 of 0 required documents received and current).
APP-000050-EVAL-023,APP-000050,GEN-ELG-005,POL-GEN-001,1.0,2026-01-01,SYNTHETIC_INTERNAL_POLICY,CONDITIONAL,PASS,0,==,0,rule_evaluations|documents,false,"Every rule in scope had the inputs it needed, so none evaluated to INDETERMINATE."
APP-000050-EVAL-024,APP-000050,DEC-REC-001,POL-DEC-001,1.0,2026-01-01,SYNTHETIC_INTERNAL_POLICY,HARD_FAIL,PASS,,,,decisions|decision_reasons,false,"The recommendation is drawn from the controlled vocabulary and carries the rule ids, policy versions and calculation records supporting it."
APP-000050-EVAL-025,APP-000050,DEC-AUD-001,POL-DEC-001,1.0,2026-01-01,SYNTHETIC_INTERNAL_POLICY,HARD_FAIL,PASS,,,,audit_events,false,"The decision record carries the full chain: policy version, rule, calculation, evidence and reason."
APP-000051-EVAL-001,APP-000051,SEC-INJ-001,POL-SEC-001,1.0,2026-01-01,SYNTHETIC_INTERNAL_POLICY,HARD_FAIL,PASS,,,,documents.contains_untrusted_text,false,No applicant-supplied text required quarantine beyond the standard trust-class handling.
APP-000051-EVAL-002,APP-000051,KYC-IDV-001,POL-KYC-001,1.0,2026-01-01,REGULATORY,HARD_FAIL,PASS,VERIFIED,==,VERIFIED,verifications.identity,false,"Identity verified; name, date of birth, address and a tokenised identification number were collected and matched."
APP-000051-EVAL-003,APP-000051,FRD-IND-001,POL-FRD-001,1.0,2026-01-01,SYNTHETIC_INTERNAL_POLICY,REFER,PASS,0,==,0,documents|verifications,false,No cross-source inconsistency without an innocent arithmetic explanation was identified.
APP-000051-EVAL-004,APP-000051,GEN-ELG-003,POL-GEN-001,1.0,2026-01-01,AGENCY_INVESTOR,HARD_FAIL,PASS,352000.00,<=,832750,loans.base_loan_amount,false,Base loan amount is within the applicable one-unit conforming limit.
APP-000051-EVAL-005,APP-000051,PRP-ELG-001,POL-PRP-001,1.0,2026-01-01,SYNTHETIC_INTERNAL_POLICY,HARD_FAIL,PASS,single_family_detached/1,in,"1-4 units, eligible type",properties.property_type|properties.units,false,Property type 'single_family_detached' with 1 unit(s) is eligible.
APP-000051-EVAL-006,APP-000051,CONV-PUR-002,POL-CONV-001,1.0,2026-01-01,SYNTHETIC_INTERNAL_POLICY,HARD_FAIL,PASS,0.8000,<=,0.97,loans.loan_amount|properties.value_used_for_ltv|underwriting_calculations.ltv,false,Loan-to-value 80.00% against the primary_residence limit of 97.00% for this programme.
APP-000051-EVAL-007,APP-000051,CRD-SCR-003,POL-CRD-001,2.0,2026-07-01,SYNTHETIC_INTERNAL_POLICY,HARD_FAIL,PASS,742,>=,620,credit_profiles.representative_score,false,Representative score 742 against the applicable floor of 620.
APP-000051-EVAL-008,APP-000051,CRD-SCR-004,POL-CRD-001,2.0,2026-07-01,SYNTHETIC_INTERNAL_POLICY,CONDITIONAL,PASS,21,<=,90,credit_profiles.report_date,false,Credit report is 21 days old against the 90-day window in force on the as-of date.
APP-000051-EVAL-009,APP-000051,CRD-SCR-007,POL-CRD-001,2.0,2026-07-01,SYNTHETIC_INTERNAL_POLICY,CONDITIONAL,PASS,1,<,4,credit_profiles.recent_inquiries_90d,false,"1 inquiries in the 90-day lookback, below the explanation trigger."
APP-000051-EVAL-010,APP-000051,CRD-DLQ-001,POL-CRD-003,1.0,2026-01-01,SYNTHETIC_INTERNAL_POLICY,REFER,PASS,0,==,0,credit_accounts.housing_late_history,false,No housing payment 30 or more days past due in the last 12 months.
APP-000051-EVAL-011,APP-000051,CRD-DLQ-003,POL-CRD-003,1.0,2026-01-01,SYNTHETIC_INTERNAL_POLICY,ADVISORY,PASS,0.2800,<=,0.8,underwriting_calculations.credit_utilization,false,Revolving utilisation 28.00% is within the risk-note threshold.
APP-000051-EVAL-012,APP-000051,EMP-CNT-001,POL-EMP-002,1.0,2026-01-01,SYNTHETIC_INTERNAL_POLICY,CONDITIONAL,PASS,60,>=,24,employment.start_date,false,Employment history of 60 months meets the 24-month requirement.
APP-000051-EVAL-013,APP-000051,DTI-CONV-001,POL-DTI-001,2.0,2026-07-01,SYNTHETIC_INTERNAL_POLICY,HARD_FAIL,PASS,0.3500,<=,0.43,underwriting_calculations.total_monthly_debt|underwriting_calculations.qualifying_monthly_income|underwriting_calculations.back_end_dti,false,Back-end debt-to-income 35.00% against the applicable limit of 43.00%.
APP-000051-EVAL-014,APP-000051,DTI-CONV-002,POL-DTI-001,2.0,2026-07-01,SYNTHETIC_INTERNAL_POLICY,ADVISORY,PASS,0.2899,<=,0.38,underwriting_calculations.front_end_dti,false,Housing ratio 28.99% recorded; this measure is advisory on this programme.
APP-000051-EVAL-015,APP-000051,DTI-CALC-003,POL-DTI-001,2.0,2026-07-01,SYNTHETIC_INTERNAL_POLICY,ADVISORY,PASS,7063.34,,,underwriting_calculations.residual_income_monthly,false,"Monthly disposable income 7,063.34 recorded alongside the ratio."
APP-000051-EVAL-016,APP-000051,AST-FTC-003,POL-AST-002,1.0,2026-01-01,SYNTHETIC_INTERNAL_POLICY,HARD_FAIL,PASS,108480.10,>=,93356.64,underwriting_calculations.funds_to_close_required|underwriting_calculations.funds_to_close_available,false,"Eligible funds available 108,480.10 against 93,356.64 required at settlement."
APP-000051-EVAL-017,APP-000051,AST-RSV-002,POL-AST-003,2.0,2026-07-01,SYNTHETIC_INTERNAL_POLICY,CONDITIONAL,PASS,6.00,>=,0,underwriting_calculations.post_close_reserves|underwriting_calculations.months_reserves,false,"Post-closing reserves of 6.00 months against the 0-month requirement for this occupancy, leverage and affordability profile."
APP-000051-EVAL-018,APP-000051,VAL-APR-001,POL-VAL-001,2.0,2026-07-01,SYNTHETIC_INTERNAL_POLICY,CONDITIONAL,PASS,full_appraisal,==,full_appraisal,appraisals.valuation_method,false,Valuation method 'full_appraisal' satisfies the requirement for this transaction.
APP-000051-EVAL-019,APP-000051,VAL-APR-003,POL-VAL-001,2.0,2026-07-01,SYNTHETIC_INTERNAL_POLICY,CONDITIONAL,PASS,24,<=,120,appraisals.appraisal_date,false,"Valuation is 24 days old, within the 120-day window."
APP-000051-EVAL-020,APP-000051,PRP-ELG-002,POL-PRP-001,1.0,2026-01-01,SYNTHETIC_INTERNAL_POLICY,CONDITIONAL,REFER,condition finding,==,"safe, sound, habitable",appraisals.condition_rating,true,"The valuation reports a condition affecting safety, structural integrity or habitability; repairs and a satisfactory re-inspection are required before closing."
APP-000051-EVAL-021,APP-000051,DOC-REQ-003,POL-DOC-001,1.0,2026-01-01,SYNTHETIC_INTERNAL_POLICY,CONDITIONAL,PASS,1.0000,==,1.0000,documents,false,Document completeness 100.00% (0 of 0 required documents received and current).
APP-000051-EVAL-022,APP-000051,GEN-ELG-005,POL-GEN-001,1.0,2026-01-01,SYNTHETIC_INTERNAL_POLICY,CONDITIONAL,PASS,0,==,0,rule_evaluations|documents,false,"Every rule in scope had the inputs it needed, so none evaluated to INDETERMINATE."
APP-000051-EVAL-023,APP-000051,UWR-HRV-001,POL-UWR-001,1.0,2026-01-01,SYNTHETIC_INTERNAL_POLICY,REFER,REFER,1,==,0,rule_evaluations,true,1 mandatory human-review trigger(s) present.
APP-000051-EVAL-024,APP-000051,DEC-REC-001,POL-DEC-001,1.0,2026-01-01,SYNTHETIC_INTERNAL_POLICY,HARD_FAIL,PASS,,,,decisions|decision_reasons,false,"The recommendation is drawn from the controlled vocabulary and carries the rule ids, policy versions and calculation records supporting it."
APP-000051-EVAL-025,APP-000051,DEC-AUD-001,POL-DEC-001,1.0,2026-01-01,SYNTHETIC_INTERNAL_POLICY,HARD_FAIL,PASS,,,,audit_events,false,"The decision record carries the full chain: policy version, rule, calculation, evidence and reason."
APP-000052-EVAL-001,APP-000052,SEC-INJ-001,POL-SEC-001,1.0,2026-01-01,SYNTHETIC_INTERNAL_POLICY,HARD_FAIL,PASS,,,,documents.contains_untrusted_text,false,No applicant-supplied text required quarantine beyond the standard trust-class handling.
APP-000052-EVAL-002,APP-000052,KYC-IDV-001,POL-KYC-001,1.0,2026-01-01,REGULATORY,HARD_FAIL,PASS,VERIFIED,==,VERIFIED,verifications.identity,false,"Identity verified; name, date of birth, address and a tokenised identification number were collected and matched."
APP-000052-EVAL-003,APP-000052,FRD-IND-001,POL-FRD-001,1.0,2026-01-01,SYNTHETIC_INTERNAL_POLICY,REFER,PASS,0,==,0,documents|verifications,false,No cross-source inconsistency without an innocent arithmetic explanation was identified.
APP-000052-EVAL-004,APP-000052,GEN-ELG-003,POL-GEN-001,1.0,2026-01-01,AGENCY_INVESTOR,HARD_FAIL,PASS,307500.00,<=,832750,loans.base_loan_amount,false,Base loan amount is within the applicable one-unit conforming limit.
APP-000052-EVAL-005,APP-000052,PRP-ELG-001,POL-PRP-001,1.0,2026-01-01,SYNTHETIC_INTERNAL_POLICY,HARD_FAIL,PASS,single_family_detached/1,in,"1-4 units, eligible type",properties.property_type|properties.units,false,Property type 'single_family_detached' with 1 unit(s) is eligible.
APP-000052-EVAL-006,APP-000052,CONV-PUR-002,POL-CONV-001,1.0,2026-01-01,SYNTHETIC_INTERNAL_POLICY,HARD_FAIL,PASS,0.7500,<=,0.97,loans.loan_amount|properties.value_used_for_ltv|underwriting_calculations.ltv,false,Loan-to-value 75.00% against the primary_residence limit of 97.00% for this programme.
APP-000052-EVAL-007,APP-000052,CRD-SCR-003,POL-CRD-001,2.0,2026-07-01,SYNTHETIC_INTERNAL_POLICY,HARD_FAIL,PASS,764,>=,620,credit_profiles.representative_score,false,Representative score 764 against the applicable floor of 620.
APP-000052-EVAL-008,APP-000052,CRD-SCR-004,POL-CRD-001,2.0,2026-07-01,SYNTHETIC_INTERNAL_POLICY,CONDITIONAL,PASS,21,<=,90,credit_profiles.report_date,false,Credit report is 21 days old against the 90-day window in force on the as-of date.
APP-000052-EVAL-009,APP-000052,CRD-SCR-007,POL-CRD-001,2.0,2026-07-01,SYNTHETIC_INTERNAL_POLICY,CONDITIONAL,PASS,1,<,4,credit_profiles.recent_inquiries_90d,false,"1 inquiries in the 90-day lookback, below the explanation trigger."
APP-000052-EVAL-010,APP-000052,CRD-DLQ-001,POL-CRD-003,1.0,2026-01-01,SYNTHETIC_INTERNAL_POLICY,REFER,PASS,0,==,0,credit_accounts.housing_late_history,false,No housing payment 30 or more days past due in the last 12 months.
APP-000052-EVAL-011,APP-000052,CRD-DLQ-003,POL-CRD-003,1.0,2026-01-01,SYNTHETIC_INTERNAL_POLICY,ADVISORY,PASS,0.2800,<=,0.8,underwriting_calculations.credit_utilization,false,Revolving utilisation 28.00% is within the risk-note threshold.
APP-000052-EVAL-012,APP-000052,EMP-CNT-001,POL-EMP-002,1.0,2026-01-01,SYNTHETIC_INTERNAL_POLICY,CONDITIONAL,PASS,60,>=,24,employment.start_date,false,Employment history of 60 months meets the 24-month requirement.
APP-000052-EVAL-013,APP-000052,DTI-CONV-001,POL-DTI-001,2.0,2026-07-01,SYNTHETIC_INTERNAL_POLICY,HARD_FAIL,PASS,0.3100,<=,0.43,underwriting_calculations.total_monthly_debt|underwriting_calculations.qualifying_monthly_income|underwriting_calculations.back_end_dti,false,Back-end debt-to-income 31.00% against the applicable limit of 43.00%.
APP-000052-EVAL-014,APP-000052,DTI-CONV-002,POL-DTI-001,2.0,2026-07-01,SYNTHETIC_INTERNAL_POLICY,ADVISORY,PASS,0.2901,<=,0.38,underwriting_calculations.front_end_dti,false,Housing ratio 29.01% recorded; this measure is advisory on this programme.
APP-000052-EVAL-015,APP-000052,DTI-CALC-003,POL-DTI-001,2.0,2026-07-01,SYNTHETIC_INTERNAL_POLICY,ADVISORY,PASS,6451.50,,,underwriting_calculations.residual_income_monthly,false,"Monthly disposable income 6,451.50 recorded alongside the ratio."
APP-000052-EVAL-016,APP-000052,AST-FTC-003,POL-AST-002,1.0,2026-01-01,SYNTHETIC_INTERNAL_POLICY,HARD_FAIL,PASS,128724.85,>=,107028.53,underwriting_calculations.funds_to_close_required|underwriting_calculations.funds_to_close_available,false,"Eligible funds available 128,724.85 against 107,028.53 required at settlement."
APP-000052-EVAL-017,APP-000052,AST-RSV-002,POL-AST-003,2.0,2026-07-01,SYNTHETIC_INTERNAL_POLICY,CONDITIONAL,PASS,10.00,>=,0,underwriting_calculations.post_close_reserves|underwriting_calculations.months_reserves,false,"Post-closing reserves of 10.00 months against the 0-month requirement for this occupancy, leverage and affordability profile."
APP-000052-EVAL-018,APP-000052,VAL-APR-001,POL-VAL-001,2.0,2026-07-01,SYNTHETIC_INTERNAL_POLICY,CONDITIONAL,PASS,value_acceptance,==,value_acceptance permitted,appraisals.valuation_method,false,"Automated value acceptance is available under the policy version in force on the as-of date, and the transaction meets its conditions."
APP-000052-EVAL-019,APP-000052,VAL-APR-003,POL-VAL-001,2.0,2026-07-01,SYNTHETIC_INTERNAL_POLICY,CONDITIONAL,PASS,24,<=,120,appraisals.appraisal_date,false,"Valuation is 24 days old, within the 120-day window."
APP-000052-EVAL-020,APP-000052,DOC-REQ-003,POL-DOC-001,1.0,2026-01-01,SYNTHETIC_INTERNAL_POLICY,CONDITIONAL,PASS,1.0000,==,1.0000,documents,false,Document completeness 100.00% (0 of 0 required documents received and current).
APP-000052-EVAL-021,APP-000052,GEN-ELG-005,POL-GEN-001,1.0,2026-01-01,SYNTHETIC_INTERNAL_POLICY,CONDITIONAL,PASS,0,==,0,rule_evaluations|documents,false,"Every rule in scope had the inputs it needed, so none evaluated to INDETERMINATE."
APP-000052-EVAL-022,APP-000052,DEC-REC-001,POL-DEC-001,1.0,2026-01-01,SYNTHETIC_INTERNAL_POLICY,HARD_FAIL,PASS,,,,decisions|decision_reasons,false,"The recommendation is drawn from the controlled vocabulary and carries the rule ids, policy versions and calculation records supporting it."
APP-000052-EVAL-023,APP-000052,DEC-AUD-001,POL-DEC-001,1.0,2026-01-01,SYNTHETIC_INTERNAL_POLICY,HARD_FAIL,PASS,,,,audit_events,false,"The decision record carries the full chain: policy version, rule, calculation, evidence and reason."
APP-000053-EVAL-001,APP-000053,SEC-INJ-001,POL-SEC-001,1.0,2026-01-01,SYNTHETIC_INTERNAL_POLICY,HARD_FAIL,PASS,,,,documents.contains_untrusted_text,false,No applicant-supplied text required quarantine beyond the standard trust-class handling.
APP-000053-EVAL-002,APP-000053,KYC-IDV-001,POL-KYC-001,1.0,2026-01-01,REGULATORY,HARD_FAIL,PASS,VERIFIED,==,VERIFIED,verifications.identity,false,"Identity verified; name, date of birth, address and a tokenised identification number were collected and matched."
APP-000053-EVAL-003,APP-000053,FRD-IND-001,POL-FRD-001,1.0,2026-01-01,SYNTHETIC_INTERNAL_POLICY,REFER,PASS,0,==,0,documents|verifications,false,No cross-source inconsistency without an innocent arithmetic explanation was identified.
APP-000053-EVAL-004,APP-000053,GEN-ELG-003,POL-GEN-001,1.0,2026-01-01,AGENCY_INVESTOR,HARD_FAIL,PASS,420000.00,<=,832750,loans.base_loan_amount,false,Base loan amount is within the applicable one-unit conforming limit.
APP-000053-EVAL-005,APP-000053,PRP-ELG-001,POL-PRP-001,1.0,2026-01-01,SYNTHETIC_INTERNAL_POLICY,HARD_FAIL,PASS,single_family_detached/1,in,"1-4 units, eligible type",properties.property_type|properties.units,false,Property type 'single_family_detached' with 1 unit(s) is eligible.
APP-000053-EVAL-006,APP-000053,CONV-PUR-002,POL-CONV-001,1.0,2026-01-01,SYNTHETIC_INTERNAL_POLICY,HARD_FAIL,PASS,0.7500,<=,0.97,loans.loan_amount|properties.value_used_for_ltv|underwriting_calculations.ltv,false,Loan-to-value 75.00% against the primary_residence limit of 97.00% for this programme.
APP-000053-EVAL-007,APP-000053,CRD-SCR-003,POL-CRD-001,1.0,2026-01-01,SYNTHETIC_INTERNAL_POLICY,HARD_FAIL,PASS,764,>=,620,credit_profiles.representative_score,false,Representative score 764 against the applicable floor of 620.
APP-000053-EVAL-008,APP-000053,CRD-SCR-004,POL-CRD-001,1.0,2026-01-01,SYNTHETIC_INTERNAL_POLICY,CONDITIONAL,PASS,21,<=,120,credit_profiles.report_date,false,Credit report is 21 days old against the 120-day window in force on the as-of date.
APP-000053-EVAL-009,APP-000053,CRD-DLQ-001,POL-CRD-003,1.0,2026-01-01,SYNTHETIC_INTERNAL_POLICY,REFER,PASS,0,==,0,credit_accounts.housing_late_history,false,No housing payment 30 or more days past due in the last 12 months.
APP-000053-EVAL-010,APP-000053,CRD-DLQ-003,POL-CRD-003,1.0,2026-01-01,SYNTHETIC_INTERNAL_POLICY,ADVISORY,PASS,0.2800,<=,0.8,underwriting_calculations.credit_utilization,false,Revolving utilisation 28.00% is within the risk-note threshold.
APP-000053-EVAL-011,APP-000053,EMP-CNT-001,POL-EMP-002,1.0,2026-01-01,SYNTHETIC_INTERNAL_POLICY,CONDITIONAL,PASS,60,>=,24,employment.start_date,false,Employment history of 60 months meets the 24-month requirement.
APP-000053-EVAL-012,APP-000053,DTI-CONV-001,POL-DTI-001,1.0,2026-01-01,SYNTHETIC_INTERNAL_POLICY,HARD_FAIL,PASS,0.3100,<=,0.45,underwriting_calculations.total_monthly_debt|underwriting_calculations.qualifying_monthly_income|underwriting_calculations.back_end_dti,false,Back-end debt-to-income 31.00% against the applicable limit of 45.00%.
APP-000053-EVAL-013,APP-000053,DTI-CONV-002,POL-DTI-001,1.0,2026-01-01,SYNTHETIC_INTERNAL_POLICY,ADVISORY,PASS,0.2900,<=,0.38,underwriting_calculations.front_end_dti,false,Housing ratio 29.00% recorded; this measure is advisory on this programme.
APP-000053-EVAL-014,APP-000053,DTI-CALC-003,POL-DTI-001,1.0,2026-01-01,SYNTHETIC_INTERNAL_POLICY,ADVISORY,PASS,7825.75,,,underwriting_calculations.residual_income_monthly,false,"Monthly disposable income 7,825.75 recorded alongside the ratio."
APP-000053-EVAL-015,APP-000053,AST-FTC-003,POL-AST-002,1.0,2026-01-01,SYNTHETIC_INTERNAL_POLICY,HARD_FAIL,PASS,159373.74,>=,133062.46,underwriting_calculations.funds_to_close_required|underwriting_calculations.funds_to_close_available,false,"Eligible funds available 159,373.74 against 133,062.46 required at settlement."
APP-000053-EVAL-016,APP-000053,AST-RSV-002,POL-AST-003,1.0,2026-01-01,SYNTHETIC_INTERNAL_POLICY,CONDITIONAL,PASS,10.00,>=,0,underwriting_calculations.post_close_reserves|underwriting_calculations.months_reserves,false,"Post-closing reserves of 10.00 months against the 0-month requirement for this occupancy, leverage and affordability profile."
APP-000053-EVAL-017,APP-000053,VAL-APR-001,POL-VAL-001,1.0,2026-01-01,SYNTHETIC_INTERNAL_POLICY,CONDITIONAL,FAIL,value_acceptance,==,full_appraisal,appraisals.valuation_method,false,Automated value acceptance is not available under the policy version in force on the as-of date; a full appraisal is required.
APP-000053-EVAL-018,APP-000053,VAL-APR-003,POL-VAL-001,1.0,2026-01-01,SYNTHETIC_INTERNAL_POLICY,CONDITIONAL,PASS,24,<=,120,appraisals.appraisal_date,false,"Valuation is 24 days old, within the 120-day window."
APP-000053-EVAL-019,APP-000053,DOC-REQ-003,POL-DOC-001,1.0,2026-01-01,SYNTHETIC_INTERNAL_POLICY,CONDITIONAL,PASS,1.0000,==,1.0000,documents,false,Document completeness 100.00% (0 of 0 required documents received and current).
APP-000053-EVAL-020,APP-000053,GEN-ELG-005,POL-GEN-001,1.0,2026-01-01,SYNTHETIC_INTERNAL_POLICY,CONDITIONAL,PASS,0,==,0,rule_evaluations|documents,false,"Every rule in scope had the inputs it needed, so none evaluated to INDETERMINATE."
APP-000053-EVAL-021,APP-000053,DEC-REC-001,POL-DEC-001,1.0,2026-01-01,SYNTHETIC_INTERNAL_POLICY,HARD_FAIL,PASS,,,,decisions|decision_reasons,false,"The recommendation is drawn from the controlled vocabulary and carries the rule ids, policy versions and calculation records supporting it."
APP-000053-EVAL-022,APP-000053,DEC-AUD-001,POL-DEC-001,1.0,2026-01-01,SYNTHETIC_INTERNAL_POLICY,HARD_FAIL,PASS,,,,audit_events,false,"The decision record carries the full chain: policy version, rule, calculation, evidence and reason."
APP-000054-EVAL-001,APP-000054,SEC-INJ-001,POL-SEC-001,1.0,2026-01-01,SYNTHETIC_INTERNAL_POLICY,HARD_FAIL,PASS,,,,documents.contains_untrusted_text,false,No applicant-supplied text required quarantine beyond the standard trust-class handling.
APP-000054-EVAL-002,APP-000054,KYC-IDV-001,POL-KYC-001,1.0,2026-01-01,REGULATORY,HARD_FAIL,PASS,VERIFIED,==,VERIFIED,verifications.identity,false,"Identity verified; name, date of birth, address and a tokenised identification number were collected and matched."
APP-000054-EVAL-003,APP-000054,FRD-IND-001,POL-FRD-001,1.0,2026-01-01,SYNTHETIC_INTERNAL_POLICY,REFER,PASS,0,==,0,documents|verifications,false,No cross-source inconsistency without an innocent arithmetic explanation was identified.
APP-000054-EVAL-004,APP-000054,GEN-ELG-003,POL-GEN-001,1.0,2026-01-01,AGENCY_INVESTOR,HARD_FAIL,PASS,336000.00,<=,832750,loans.base_loan_amount,false,Base loan amount is within the applicable one-unit conforming limit.
APP-000054-EVAL-005,APP-000054,PRP-ELG-001,POL-PRP-001,1.0,2026-01-01,SYNTHETIC_INTERNAL_POLICY,HARD_FAIL,PASS,single_family_detached/1,in,"1-4 units, eligible type",properties.property_type|properties.units,false,Property type 'single_family_detached' with 1 unit(s) is eligible.
APP-000054-EVAL-006,APP-000054,CONV-PUR-002,POL-CONV-001,1.0,2026-01-01,SYNTHETIC_INTERNAL_POLICY,HARD_FAIL,PASS,0.8000,<=,0.97,loans.loan_amount|properties.value_used_for_ltv|underwriting_calculations.ltv,false,Loan-to-value 80.00% against the primary_residence limit of 97.00% for this programme.
APP-000054-EVAL-007,APP-000054,CRD-SCR-003,POL-CRD-001,2.0,2026-07-01,SYNTHETIC_INTERNAL_POLICY,HARD_FAIL,PASS,742,>=,620,credit_profiles.representative_score,false,Representative score 742 against the applicable floor of 620.
APP-000054-EVAL-008,APP-000054,CRD-SCR-004,POL-CRD-001,2.0,2026-07-01,SYNTHETIC_INTERNAL_POLICY,CONDITIONAL,PASS,21,<=,90,credit_profiles.report_date,false,Credit report is 21 days old against the 90-day window in force on the as-of date.
APP-000054-EVAL-009,APP-000054,CRD-SCR-007,POL-CRD-001,2.0,2026-07-01,SYNTHETIC_INTERNAL_POLICY,CONDITIONAL,PASS,1,<,4,credit_profiles.recent_inquiries_90d,false,"1 inquiries in the 90-day lookback, below the explanation trigger."
APP-000054-EVAL-010,APP-000054,CRD-DLQ-001,POL-CRD-003,1.0,2026-01-01,SYNTHETIC_INTERNAL_POLICY,REFER,PASS,0,==,0,credit_accounts.housing_late_history,false,No housing payment 30 or more days past due in the last 12 months.
APP-000054-EVAL-011,APP-000054,CRD-DLQ-003,POL-CRD-003,1.0,2026-01-01,SYNTHETIC_INTERNAL_POLICY,ADVISORY,PASS,0.2800,<=,0.8,underwriting_calculations.credit_utilization,false,Revolving utilisation 28.00% is within the risk-note threshold.
APP-000054-EVAL-012,APP-000054,EMP-CNT-001,POL-EMP-002,1.0,2026-01-01,SYNTHETIC_INTERNAL_POLICY,CONDITIONAL,PASS,60,>=,24,employment.start_date,false,Employment history of 60 months meets the 24-month requirement.
APP-000054-EVAL-013,APP-000054,DTI-CONV-001,POL-DTI-001,2.0,2026-07-01,SYNTHETIC_INTERNAL_POLICY,HARD_FAIL,PASS,0.3400,<=,0.43,underwriting_calculations.total_monthly_debt|underwriting_calculations.qualifying_monthly_income|underwriting_calculations.back_end_dti,false,Back-end debt-to-income 34.00% against the applicable limit of 43.00%.
APP-000054-EVAL-014,APP-000054,DTI-CONV-002,POL-DTI-001,2.0,2026-07-01,SYNTHETIC_INTERNAL_POLICY,ADVISORY,PASS,0.2901,<=,0.38,underwriting_calculations.front_end_dti,false,Housing ratio 29.01% recorded; this measure is advisory on this programme.
APP-000054-EVAL-015,APP-000054,DTI-CALC-003,POL-DTI-001,2.0,2026-07-01,SYNTHETIC_INTERNAL_POLICY,ADVISORY,PASS,6627.50,,,underwriting_calculations.residual_income_monthly,false,"Monthly disposable income 6,627.50 recorded alongside the ratio."
APP-000054-EVAL-016,APP-000054,AST-FTC-003,POL-AST-002,1.0,2026-01-01,SYNTHETIC_INTERNAL_POLICY,HARD_FAIL,PASS,105226.55,>=,88913.75,underwriting_calculations.funds_to_close_required|underwriting_calculations.funds_to_close_available,false,"Eligible funds available 105,226.55 against 88,913.75 required at settlement."
APP-000054-EVAL-017,APP-000054,AST-RSV-002,POL-AST-003,2.0,2026-07-01,SYNTHETIC_INTERNAL_POLICY,CONDITIONAL,PASS,7.00,>=,0,underwriting_calculations.post_close_reserves|underwriting_calculations.months_reserves,false,"Post-closing reserves of 7.00 months against the 0-month requirement for this occupancy, leverage and affordability profile."
APP-000054-EVAL-018,APP-000054,VAL-APR-001,POL-VAL-001,2.0,2026-07-01,SYNTHETIC_INTERNAL_POLICY,CONDITIONAL,PASS,full_appraisal,==,full_appraisal,appraisals.valuation_method,false,Valuation method 'full_appraisal' satisfies the requirement for this transaction.
APP-000054-EVAL-019,APP-000054,VAL-APR-003,POL-VAL-001,2.0,2026-07-01,SYNTHETIC_INTERNAL_POLICY,CONDITIONAL,FAIL,168,<=,120,appraisals.appraisal_date,false,Valuation is 168 days old against the 120-day window.
APP-000054-EVAL-020,APP-000054,DOC-REQ-003,POL-DOC-001,1.0,2026-01-01,SYNTHETIC_INTERNAL_POLICY,CONDITIONAL,PASS,1.0000,==,1.0000,documents,false,Document completeness 100.00% (0 of 0 required documents received and current).
APP-000054-EVAL-021,APP-000054,GEN-ELG-005,POL-GEN-001,1.0,2026-01-01,SYNTHETIC_INTERNAL_POLICY,CONDITIONAL,PASS,0,==,0,rule_evaluations|documents,false,"Every rule in scope had the inputs it needed, so none evaluated to INDETERMINATE."
APP-000054-EVAL-022,APP-000054,DEC-REC-001,POL-DEC-001,1.0,2026-01-01,SYNTHETIC_INTERNAL_POLICY,HARD_FAIL,PASS,,,,decisions|decision_reasons,false,"The recommendation is drawn from the controlled vocabulary and carries the rule ids, policy versions and calculation records supporting it."
APP-000054-EVAL-023,APP-000054,DEC-AUD-001,POL-DEC-001,1.0,2026-01-01,SYNTHETIC_INTERNAL_POLICY,HARD_FAIL,PASS,,,,audit_events,false,"The decision record carries the full chain: policy version, rule, calculation, evidence and reason."
APP-000055-EVAL-001,APP-000055,SEC-INJ-001,POL-SEC-001,1.0,2026-01-01,SYNTHETIC_INTERNAL_POLICY,HARD_FAIL,PASS,,,,documents.contains_untrusted_text,false,No applicant-supplied text required quarantine beyond the standard trust-class handling.
APP-000055-EVAL-002,APP-000055,KYC-IDV-001,POL-KYC-001,1.0,2026-01-01,REGULATORY,HARD_FAIL,PASS,VERIFIED,==,VERIFIED,verifications.identity,false,"Identity verified; name, date of birth, address and a tokenised identification number were collected and matched."
APP-000055-EVAL-003,APP-000055,FRD-IND-001,POL-FRD-001,1.0,2026-01-01,SYNTHETIC_INTERNAL_POLICY,REFER,PASS,0,==,0,documents|verifications,false,No cross-source inconsistency without an innocent arithmetic explanation was identified.
APP-000055-EVAL-004,APP-000055,GEN-ELG-003,POL-GEN-001,1.0,2026-01-01,AGENCY_INVESTOR,HARD_FAIL,PASS,395600.00,<=,832750,loans.base_loan_amount,false,Base loan amount is within the applicable one-unit conforming limit.
APP-000055-EVAL-005,APP-000055,PRP-ELG-001,POL-PRP-001,1.0,2026-01-01,SYNTHETIC_INTERNAL_POLICY,HARD_FAIL,PASS,single_family_detached/1,in,"1-4 units, eligible type",properties.property_type|properties.units,false,Property type 'single_family_detached' with 1 unit(s) is eligible.
APP-000055-EVAL-006,APP-000055,CONV-PUR-002,POL-CONV-001,1.0,2026-01-01,SYNTHETIC_INTERNAL_POLICY,HARD_FAIL,PASS,0.9200,<=,0.97,loans.loan_amount|properties.value_used_for_ltv|underwriting_calculations.ltv,false,Loan-to-value 92.00% against the primary_residence limit of 97.00% for this programme.
APP-000055-EVAL-007,APP-000055,CONV-PUR-003,POL-CONV-001,1.0,2026-01-01,SYNTHETIC_INTERNAL_POLICY,CONDITIONAL,PASS,0.9200,>,0.80,underwriting_calculations.ltv|loans.monthly_mi,false,Mortgage insurance is required above 80 percent leverage and its premium is included in the qualifying housing expense.
APP-000055-EVAL-008,APP-000055,CRD-SCR-003,POL-CRD-001,1.0,2026-01-01,SYNTHETIC_INTERNAL_POLICY,HARD_FAIL,PASS,698,>=,620,credit_profiles.representative_score,false,Representative score 698 against the applicable floor of 620.
APP-000055-EVAL-009,APP-000055,CRD-SCR-004,POL-CRD-001,1.0,2026-01-01,SYNTHETIC_INTERNAL_POLICY,CONDITIONAL,PASS,21,<=,120,credit_profiles.report_date,false,Credit report is 21 days old against the 120-day window in force on the as-of date.
APP-000055-EVAL-010,APP-000055,CRD-DLQ-001,POL-CRD-003,1.0,2026-01-01,SYNTHETIC_INTERNAL_POLICY,REFER,PASS,0,==,0,credit_accounts.housing_late_history,false,No housing payment 30 or more days past due in the last 12 months.
APP-000055-EVAL-011,APP-000055,CRD-DLQ-003,POL-CRD-003,1.0,2026-01-01,SYNTHETIC_INTERNAL_POLICY,ADVISORY,PASS,0.2800,<=,0.8,underwriting_calculations.credit_utilization,false,Revolving utilisation 28.00% is within the risk-note threshold.
APP-000055-EVAL-012,APP-000055,EMP-CNT-001,POL-EMP-002,1.0,2026-01-01,SYNTHETIC_INTERNAL_POLICY,CONDITIONAL,PASS,60,>=,24,employment.start_date,false,Employment history of 60 months meets the 24-month requirement.
APP-000055-EVAL-013,APP-000055,DTI-CONV-001,POL-DTI-001,1.0,2026-01-01,SYNTHETIC_INTERNAL_POLICY,HARD_FAIL,PASS,0.4400,<=,0.45,underwriting_calculations.total_monthly_debt|underwriting_calculations.qualifying_monthly_income|underwriting_calculations.back_end_dti,false,Back-end debt-to-income 44.00% against the applicable limit of 45.00%.
APP-000055-EVAL-014,APP-000055,UWR-HRV-001,POL-UWR-001,1.0,2026-01-01,SYNTHETIC_INTERNAL_POLICY,REFER,REFER,0.4400,<=,0.45,underwriting_calculations.back_end_dti,true,"Affordability result 44.00% is within 2.00% of its 45.00% limit, which is a mandatory human-review trigger."
APP-000055-EVAL-015,APP-000055,DTI-CONV-002,POL-DTI-001,1.0,2026-01-01,SYNTHETIC_INTERNAL_POLICY,ADVISORY,PASS,0.3101,<=,0.38,underwriting_calculations.front_end_dti,false,Housing ratio 31.01% recorded; this measure is advisory on this programme.
APP-000055-EVAL-016,APP-000055,DTI-CALC-003,POL-DTI-001,1.0,2026-01-01,SYNTHETIC_INTERNAL_POLICY,ADVISORY,PASS,6449.34,,,underwriting_calculations.residual_income_monthly,false,"Monthly disposable income 6,449.34 recorded alongside the ratio."
APP-000055-EVAL-017,APP-000055,AST-FTC-003,POL-AST-002,1.0,2026-01-01,SYNTHETIC_INTERNAL_POLICY,HARD_FAIL,PASS,48742.51,>=,40172.71,underwriting_calculations.funds_to_close_required|underwriting_calculations.funds_to_close_available,false,"Eligible funds available 48,742.51 against 40,172.71 required at settlement."
APP-000055-EVAL-018,APP-000055,AST-RSV-002,POL-AST-003,1.0,2026-01-01,SYNTHETIC_INTERNAL_POLICY,CONDITIONAL,PASS,3.00,>=,0,underwriting_calculations.post_close_reserves|underwriting_calculations.months_reserves,false,"Post-closing reserves of 3.00 months against the 0-month requirement for this occupancy, leverage and affordability profile."
APP-000055-EVAL-019,APP-000055,VAL-APR-001,POL-VAL-001,1.0,2026-01-01,SYNTHETIC_INTERNAL_POLICY,CONDITIONAL,PASS,full_appraisal,==,full_appraisal,appraisals.valuation_method,false,Valuation method 'full_appraisal' satisfies the requirement for this transaction.
APP-000055-EVAL-020,APP-000055,VAL-APR-003,POL-VAL-001,1.0,2026-01-01,SYNTHETIC_INTERNAL_POLICY,CONDITIONAL,PASS,24,<=,120,appraisals.appraisal_date,false,"Valuation is 24 days old, within the 120-day window."
APP-000055-EVAL-021,APP-000055,DOC-REQ-003,POL-DOC-001,1.0,2026-01-01,SYNTHETIC_INTERNAL_POLICY,CONDITIONAL,PASS,1.0000,==,1.0000,documents,false,Document completeness 100.00% (0 of 0 required documents received and current).
APP-000055-EVAL-022,APP-000055,GEN-ELG-005,POL-GEN-001,1.0,2026-01-01,SYNTHETIC_INTERNAL_POLICY,CONDITIONAL,PASS,0,==,0,rule_evaluations|documents,false,"Every rule in scope had the inputs it needed, so none evaluated to INDETERMINATE."
APP-000055-EVAL-023,APP-000055,UWR-HRV-001,POL-UWR-001,1.0,2026-01-01,SYNTHETIC_INTERNAL_POLICY,REFER,REFER,1,==,0,rule_evaluations,true,1 mandatory human-review trigger(s) present.
APP-000055-EVAL-024,APP-000055,DEC-REC-001,POL-DEC-001,1.0,2026-01-01,SYNTHETIC_INTERNAL_POLICY,HARD_FAIL,PASS,,,,decisions|decision_reasons,false,"The recommendation is drawn from the controlled vocabulary and carries the rule ids, policy versions and calculation records supporting it."
APP-000055-EVAL-025,APP-000055,DEC-AUD-001,POL-DEC-001,1.0,2026-01-01,SYNTHETIC_INTERNAL_POLICY,HARD_FAIL,PASS,,,,audit_events,false,"The decision record carries the full chain: policy version, rule, calculation, evidence and reason."
APP-000056-EVAL-001,APP-000056,SEC-INJ-001,POL-SEC-001,1.0,2026-01-01,SYNTHETIC_INTERNAL_POLICY,HARD_FAIL,PASS,,,,documents.contains_untrusted_text,false,No applicant-supplied text required quarantine beyond the standard trust-class handling.
APP-000056-EVAL-002,APP-000056,KYC-IDV-001,POL-KYC-001,1.0,2026-01-01,REGULATORY,HARD_FAIL,PASS,VERIFIED,==,VERIFIED,verifications.identity,false,"Identity verified; name, date of birth, address and a tokenised identification number were collected and matched."
APP-000056-EVAL-003,APP-000056,FRD-IND-001,POL-FRD-001,1.0,2026-01-01,SYNTHETIC_INTERNAL_POLICY,REFER,PASS,0,==,0,documents|verifications,false,No cross-source inconsistency without an innocent arithmetic explanation was identified.
APP-000056-EVAL-004,APP-000056,GEN-ELG-003,POL-GEN-001,1.0,2026-01-01,AGENCY_INVESTOR,HARD_FAIL,PASS,432400.00,<=,832750,loans.base_loan_amount,false,Base loan amount is within the applicable one-unit conforming limit.
APP-000056-EVAL-005,APP-000056,PRP-ELG-001,POL-PRP-001,1.0,2026-01-01,SYNTHETIC_INTERNAL_POLICY,HARD_FAIL,PASS,single_family_detached/1,in,"1-4 units, eligible type",properties.property_type|properties.units,false,Property type 'single_family_detached' with 1 unit(s) is eligible.
APP-000056-EVAL-006,APP-000056,CONV-PUR-002,POL-CONV-001,1.0,2026-01-01,SYNTHETIC_INTERNAL_POLICY,HARD_FAIL,PASS,0.9200,<=,0.97,loans.loan_amount|properties.value_used_for_ltv|underwriting_calculations.ltv,false,Loan-to-value 92.00% against the primary_residence limit of 97.00% for this programme.
APP-000056-EVAL-007,APP-000056,CONV-PUR-003,POL-CONV-001,1.0,2026-01-01,SYNTHETIC_INTERNAL_POLICY,CONDITIONAL,PASS,0.9200,>,0.80,underwriting_calculations.ltv|loans.monthly_mi,false,Mortgage insurance is required above 80 percent leverage and its premium is included in the qualifying housing expense.
APP-000056-EVAL-008,APP-000056,CRD-SCR-003,POL-CRD-001,2.0,2026-07-01,SYNTHETIC_INTERNAL_POLICY,HARD_FAIL,PASS,698,>=,640,credit_profiles.representative_score,false,Representative score 698 against the applicable floor of 640.
APP-000056-EVAL-009,APP-000056,CRD-SCR-004,POL-CRD-001,2.0,2026-07-01,SYNTHETIC_INTERNAL_POLICY,CONDITIONAL,PASS,21,<=,90,credit_profiles.report_date,false,Credit report is 21 days old against the 90-day window in force on the as-of date.
APP-000056-EVAL-010,APP-000056,CRD-SCR-007,POL-CRD-001,2.0,2026-07-01,SYNTHETIC_INTERNAL_POLICY,CONDITIONAL,PASS,1,<,4,credit_profiles.recent_inquiries_90d,false,"1 inquiries in the 90-day lookback, below the explanation trigger."
APP-000056-EVAL-011,APP-000056,CRD-DLQ-001,POL-CRD-003,1.0,2026-01-01,SYNTHETIC_INTERNAL_POLICY,REFER,PASS,0,==,0,credit_accounts.housing_late_history,false,No housing payment 30 or more days past due in the last 12 months.
APP-000056-EVAL-012,APP-000056,CRD-DLQ-003,POL-CRD-003,1.0,2026-01-01,SYNTHETIC_INTERNAL_POLICY,ADVISORY,PASS,0.2800,<=,0.8,underwriting_calculations.credit_utilization,false,Revolving utilisation 28.00% is within the risk-note threshold.
APP-000056-EVAL-013,APP-000056,EMP-CNT-001,POL-EMP-002,1.0,2026-01-01,SYNTHETIC_INTERNAL_POLICY,CONDITIONAL,PASS,60,>=,24,employment.start_date,false,Employment history of 60 months meets the 24-month requirement.
APP-000056-EVAL-014,APP-000056,DTI-CONV-001,POL-DTI-001,2.0,2026-07-01,SYNTHETIC_INTERNAL_POLICY,HARD_FAIL,FAIL,0.4400,<=,0.43,underwriting_calculations.total_monthly_debt|underwriting_calculations.qualifying_monthly_income|underwriting_calculations.back_end_dti,false,Back-end debt-to-income 44.00% against the applicable limit of 43.00%. The extension to 45.00% was not available: 0 documented compensating factor(s) against the 2 required. The affordability limit is breached.
APP-000056-EVAL-015,APP-000056,DTI-BRE-001,POL-DTI-001,2.0,2026-07-01,SYNTHETIC_INTERNAL_POLICY,HARD_FAIL,PASS,0.4400,<=,0.43,rule_evaluations,false,"The breach is reported with its computed value 44.00%, the threshold 43.00% it failed, the rule DTI-CONV-001 and the policy version that set it."
APP-000056-EVAL-016,APP-000056,DTI-CONV-002,POL-DTI-001,2.0,2026-07-01,SYNTHETIC_INTERNAL_POLICY,ADVISORY,PASS,0.3100,<=,0.38,underwriting_calculations.front_end_dti,false,Housing ratio 31.00% recorded; this measure is advisory on this programme.
APP-000056-EVAL-017,APP-000056,DTI-CALC-003,POL-DTI-001,2.0,2026-07-01,SYNTHETIC_INTERNAL_POLICY,ADVISORY,PASS,7051.34,,,underwriting_calculations.residual_income_monthly,false,"Monthly disposable income 7,051.34 recorded alongside the ratio."
APP-000056-EVAL-018,APP-000056,AST-FTC-003,POL-AST-002,1.0,2026-01-01,SYNTHETIC_INTERNAL_POLICY,HARD_FAIL,PASS,53104.63,>=,43737.62,underwriting_calculations.funds_to_close_required|underwriting_calculations.funds_to_close_available,false,"Eligible funds available 53,104.63 against 43,737.62 required at settlement."
APP-000056-EVAL-019,APP-000056,AST-RSV-002,POL-AST-003,2.0,2026-07-01,SYNTHETIC_INTERNAL_POLICY,CONDITIONAL,FAIL,3.00,>=,4,underwriting_calculations.post_close_reserves|underwriting_calculations.months_reserves,false,"Post-closing reserves of 3.00 months against the 4-month requirement for this occupancy, leverage and affordability profile."
APP-000056-EVAL-020,APP-000056,VAL-APR-001,POL-VAL-001,2.0,2026-07-01,SYNTHETIC_INTERNAL_POLICY,CONDITIONAL,PASS,full_appraisal,==,full_appraisal,appraisals.valuation_method,false,Valuation method 'full_appraisal' satisfies the requirement for this transaction.
APP-000056-EVAL-021,APP-000056,VAL-APR-003,POL-VAL-001,2.0,2026-07-01,SYNTHETIC_INTERNAL_POLICY,CONDITIONAL,PASS,24,<=,120,appraisals.appraisal_date,false,"Valuation is 24 days old, within the 120-day window."
APP-000056-EVAL-022,APP-000056,DOC-REQ-003,POL-DOC-001,1.0,2026-01-01,SYNTHETIC_INTERNAL_POLICY,CONDITIONAL,PASS,1.0000,==,1.0000,documents,false,Document completeness 100.00% (0 of 0 required documents received and current).
APP-000056-EVAL-023,APP-000056,GEN-ELG-005,POL-GEN-001,1.0,2026-01-01,SYNTHETIC_INTERNAL_POLICY,CONDITIONAL,PASS,0,==,0,rule_evaluations|documents,false,"Every rule in scope had the inputs it needed, so none evaluated to INDETERMINATE."
APP-000056-EVAL-024,APP-000056,DEC-REC-001,POL-DEC-001,1.0,2026-01-01,SYNTHETIC_INTERNAL_POLICY,HARD_FAIL,PASS,,,,decisions|decision_reasons,false,"The recommendation is drawn from the controlled vocabulary and carries the rule ids, policy versions and calculation records supporting it."
APP-000056-EVAL-025,APP-000056,DEC-AUD-001,POL-DEC-001,1.0,2026-01-01,SYNTHETIC_INTERNAL_POLICY,HARD_FAIL,PASS,,,,audit_events,false,"The decision record carries the full chain: policy version, rule, calculation, evidence and reason."
APP-000057-EVAL-001,APP-000057,SEC-INJ-001,POL-SEC-001,1.0,2026-01-01,SYNTHETIC_INTERNAL_POLICY,HARD_FAIL,PASS,,,,documents.contains_untrusted_text,false,No applicant-supplied text required quarantine beyond the standard trust-class handling.
APP-000057-EVAL-002,APP-000057,KYC-IDV-001,POL-KYC-001,1.0,2026-01-01,REGULATORY,HARD_FAIL,PASS,VERIFIED,==,VERIFIED,verifications.identity,false,"Identity verified; name, date of birth, address and a tokenised identification number were collected and matched."
APP-000057-EVAL-003,APP-000057,FRD-IND-001,POL-FRD-001,1.0,2026-01-01,SYNTHETIC_INTERNAL_POLICY,REFER,PASS,0,==,0,documents|verifications,false,No cross-source inconsistency without an innocent arithmetic explanation was identified.
APP-000057-EVAL-004,APP-000057,GEN-ELG-003,POL-GEN-001,1.0,2026-01-01,AGENCY_INVESTOR,HARD_FAIL,PASS,345600.00,<=,832750,loans.base_loan_amount,false,Base loan amount is within the applicable one-unit conforming limit.
APP-000057-EVAL-005,APP-000057,PRP-ELG-001,POL-PRP-001,1.0,2026-01-01,SYNTHETIC_INTERNAL_POLICY,HARD_FAIL,PASS,single_family_detached/1,in,"1-4 units, eligible type",properties.property_type|properties.units,false,Property type 'single_family_detached' with 1 unit(s) is eligible.
APP-000057-EVAL-006,APP-000057,CONV-PUR-002,POL-CONV-001,1.0,2026-01-01,SYNTHETIC_INTERNAL_POLICY,HARD_FAIL,PASS,0.7200,<=,0.97,loans.loan_amount|properties.value_used_for_ltv|underwriting_calculations.ltv,false,Loan-to-value 72.00% against the primary_residence limit of 97.00% for this programme.
APP-000057-EVAL-007,APP-000057,CRD-SCR-003,POL-CRD-001,2.0,2026-07-01,SYNTHETIC_INTERNAL_POLICY,HARD_FAIL,PASS,744,>=,620,credit_profiles.representative_score,false,Representative score 744 against the applicable floor of 620.
APP-000057-EVAL-008,APP-000057,CRD-SCR-004,POL-CRD-001,2.0,2026-07-01,SYNTHETIC_INTERNAL_POLICY,CONDITIONAL,PASS,21,<=,90,credit_profiles.report_date,false,Credit report is 21 days old against the 90-day window in force on the as-of date.
APP-000057-EVAL-009,APP-000057,CRD-SCR-007,POL-CRD-001,2.0,2026-07-01,SYNTHETIC_INTERNAL_POLICY,CONDITIONAL,PASS,1,<,4,credit_profiles.recent_inquiries_90d,false,"1 inquiries in the 90-day lookback, below the explanation trigger."
APP-000057-EVAL-010,APP-000057,CRD-DLQ-001,POL-CRD-003,1.0,2026-01-01,SYNTHETIC_INTERNAL_POLICY,REFER,PASS,0,==,0,credit_accounts.housing_late_history,false,No housing payment 30 or more days past due in the last 12 months.
APP-000057-EVAL-011,APP-000057,CRD-DLQ-003,POL-CRD-003,1.0,2026-01-01,SYNTHETIC_INTERNAL_POLICY,ADVISORY,PASS,0.2800,<=,0.8,underwriting_calculations.credit_utilization,false,Revolving utilisation 28.00% is within the risk-note threshold.
APP-000057-EVAL-012,APP-000057,EMP-CNT-001,POL-EMP-002,1.0,2026-01-01,SYNTHETIC_INTERNAL_POLICY,CONDITIONAL,PASS,60,>=,24,employment.start_date,false,Employment history of 60 months meets the 24-month requirement.
APP-000057-EVAL-013,APP-000057,DTI-CONV-001,POL-DTI-001,2.0,2026-07-01,SYNTHETIC_INTERNAL_POLICY,HARD_FAIL,PASS,0.4400,<=,0.45,underwriting_calculations.total_monthly_debt|underwriting_calculations.qualifying_monthly_income|underwriting_calculations.back_end_dti,false,"Back-end debt-to-income 44.00% against the applicable limit of 45.00%, extended from 43.00% on 3 documented compensating factor(s): post-closing reserves of 9.00 months, representative credit score 744, loan-to-value 0.7200."
APP-000057-EVAL-014,APP-000057,UWR-HRV-001,POL-UWR-001,1.0,2026-01-01,SYNTHETIC_INTERNAL_POLICY,REFER,REFER,0.4400,<=,0.45,underwriting_calculations.back_end_dti,true,"Affordability result 44.00% is within 2.00% of its 45.00% limit, which is a mandatory human-review trigger."
APP-000057-EVAL-015,APP-000057,DTI-CONV-002,POL-DTI-001,2.0,2026-07-01,SYNTHETIC_INTERNAL_POLICY,ADVISORY,PASS,0.3101,<=,0.38,underwriting_calculations.front_end_dti,false,Housing ratio 31.01% recorded; this measure is advisory on this programme.
APP-000057-EVAL-016,APP-000057,DTI-CALC-003,POL-DTI-001,2.0,2026-07-01,SYNTHETIC_INTERNAL_POLICY,ADVISORY,PASS,4960.66,,,underwriting_calculations.residual_income_monthly,false,"Monthly disposable income 4,960.66 recorded alongside the ratio."
APP-000057-EVAL-017,APP-000057,AST-FTC-003,POL-AST-002,1.0,2026-01-01,SYNTHETIC_INTERNAL_POLICY,HARD_FAIL,PASS,157934.22,>=,138158.48,underwriting_calculations.funds_to_close_required|underwriting_calculations.funds_to_close_available,false,"Eligible funds available 157,934.22 against 138,158.48 required at settlement."
APP-000057-EVAL-018,APP-000057,AST-RSV-002,POL-AST-003,2.0,2026-07-01,SYNTHETIC_INTERNAL_POLICY,CONDITIONAL,PASS,9.00,>=,2,underwriting_calculations.post_close_reserves|underwriting_calculations.months_reserves,false,"Post-closing reserves of 9.00 months against the 2-month requirement for this occupancy, leverage and affordability profile."
APP-000057-EVAL-019,APP-000057,VAL-APR-001,POL-VAL-001,2.0,2026-07-01,SYNTHETIC_INTERNAL_POLICY,CONDITIONAL,PASS,full_appraisal,==,full_appraisal,appraisals.valuation_method,false,Valuation method 'full_appraisal' satisfies the requirement for this transaction.
APP-000057-EVAL-020,APP-000057,VAL-APR-003,POL-VAL-001,2.0,2026-07-01,SYNTHETIC_INTERNAL_POLICY,CONDITIONAL,PASS,24,<=,120,appraisals.appraisal_date,false,"Valuation is 24 days old, within the 120-day window."
APP-000057-EVAL-021,APP-000057,DOC-REQ-003,POL-DOC-001,1.0,2026-01-01,SYNTHETIC_INTERNAL_POLICY,CONDITIONAL,PASS,1.0000,==,1.0000,documents,false,Document completeness 100.00% (0 of 0 required documents received and current).
APP-000057-EVAL-022,APP-000057,GEN-ELG-005,POL-GEN-001,1.0,2026-01-01,SYNTHETIC_INTERNAL_POLICY,CONDITIONAL,PASS,0,==,0,rule_evaluations|documents,false,"Every rule in scope had the inputs it needed, so none evaluated to INDETERMINATE."
APP-000057-EVAL-023,APP-000057,UWR-HRV-001,POL-UWR-001,1.0,2026-01-01,SYNTHETIC_INTERNAL_POLICY,REFER,REFER,1,==,0,rule_evaluations,true,1 mandatory human-review trigger(s) present.
APP-000057-EVAL-024,APP-000057,DEC-REC-001,POL-DEC-001,1.0,2026-01-01,SYNTHETIC_INTERNAL_POLICY,HARD_FAIL,PASS,,,,decisions|decision_reasons,false,"The recommendation is drawn from the controlled vocabulary and carries the rule ids, policy versions and calculation records supporting it."
APP-000057-EVAL-025,APP-000057,DEC-AUD-001,POL-DEC-001,1.0,2026-01-01,SYNTHETIC_INTERNAL_POLICY,HARD_FAIL,PASS,,,,audit_events,false,"The decision record carries the full chain: policy version, rule, calculation, evidence and reason."
APP-000058-EVAL-001,APP-000058,SEC-INJ-001,POL-SEC-001,1.0,2026-01-01,SYNTHETIC_INTERNAL_POLICY,HARD_FAIL,PASS,,,,documents.contains_untrusted_text,false,No applicant-supplied text required quarantine beyond the standard trust-class handling.
APP-000058-EVAL-002,APP-000058,KYC-IDV-001,POL-KYC-001,1.0,2026-01-01,REGULATORY,HARD_FAIL,PASS,VERIFIED,==,VERIFIED,verifications.identity,false,"Identity verified; name, date of birth, address and a tokenised identification number were collected and matched."
APP-000058-EVAL-003,APP-000058,FRD-IND-001,POL-FRD-001,1.0,2026-01-01,SYNTHETIC_INTERNAL_POLICY,REFER,PASS,0,==,0,documents|verifications,false,No cross-source inconsistency without an innocent arithmetic explanation was identified.
APP-000058-EVAL-004,APP-000058,GEN-ELG-003,POL-GEN-001,1.0,2026-01-01,AGENCY_INVESTOR,HARD_FAIL,PASS,503500.00,<=,832750,loans.base_loan_amount,false,Base loan amount is within the applicable one-unit conforming limit.
APP-000058-EVAL-005,APP-000058,PRP-ELG-001,POL-PRP-001,1.0,2026-01-01,SYNTHETIC_INTERNAL_POLICY,HARD_FAIL,PASS,single_family_detached/1,in,"1-4 units, eligible type",properties.property_type|properties.units,false,Property type 'single_family_detached' with 1 unit(s) is eligible.
APP-000058-EVAL-006,APP-000058,CONV-PUR-002,POL-CONV-001,1.0,2026-01-01,SYNTHETIC_INTERNAL_POLICY,HARD_FAIL,PASS,0.9500,<=,0.97,loans.loan_amount|properties.value_used_for_ltv|underwriting_calculations.ltv,false,Loan-to-value 95.00% against the primary_residence limit of 97.00% for this programme.
APP-000058-EVAL-007,APP-000058,CONV-PUR-003,POL-CONV-001,1.0,2026-01-01,SYNTHETIC_INTERNAL_POLICY,CONDITIONAL,PASS,0.9500,>,0.80,underwriting_calculations.ltv|loans.monthly_mi,false,Mortgage insurance is required above 80 percent leverage and its premium is included in the qualifying housing expense.
APP-000058-EVAL-008,APP-000058,CRD-SCR-003,POL-CRD-001,2.0,2026-07-01,SYNTHETIC_INTERNAL_POLICY,HARD_FAIL,PASS,640,>=,640,credit_profiles.representative_score,false,Representative score 640 against the applicable floor of 640.
APP-000058-EVAL-009,APP-000058,CRD-SCR-004,POL-CRD-001,2.0,2026-07-01,SYNTHETIC_INTERNAL_POLICY,CONDITIONAL,PASS,21,<=,90,credit_profiles.report_date,false,Credit report is 21 days old against the 90-day window in force on the as-of date.
APP-000058-EVAL-010,APP-000058,CRD-SCR-007,POL-CRD-001,2.0,2026-07-01,SYNTHETIC_INTERNAL_POLICY,CONDITIONAL,PASS,1,<,4,credit_profiles.recent_inquiries_90d,false,"1 inquiries in the 90-day lookback, below the explanation trigger."
APP-000058-EVAL-011,APP-000058,CRD-DLQ-001,POL-CRD-003,1.0,2026-01-01,SYNTHETIC_INTERNAL_POLICY,REFER,PASS,0,==,0,credit_accounts.housing_late_history,false,No housing payment 30 or more days past due in the last 12 months.
APP-000058-EVAL-012,APP-000058,CRD-DLQ-003,POL-CRD-003,1.0,2026-01-01,SYNTHETIC_INTERNAL_POLICY,ADVISORY,PASS,0.2800,<=,0.8,underwriting_calculations.credit_utilization,false,Revolving utilisation 28.00% is within the risk-note threshold.
APP-000058-EVAL-013,APP-000058,EMP-CNT-001,POL-EMP-002,1.0,2026-01-01,SYNTHETIC_INTERNAL_POLICY,CONDITIONAL,PASS,60,>=,24,employment.start_date,false,Employment history of 60 months meets the 24-month requirement.
APP-000058-EVAL-014,APP-000058,DTI-CONV-001,POL-DTI-001,2.0,2026-07-01,SYNTHETIC_INTERNAL_POLICY,HARD_FAIL,PASS,0.3800,<=,0.43,underwriting_calculations.total_monthly_debt|underwriting_calculations.qualifying_monthly_income|underwriting_calculations.back_end_dti,false,Back-end debt-to-income 38.00% against the applicable limit of 43.00%.
APP-000058-EVAL-015,APP-000058,DTI-CONV-002,POL-DTI-001,2.0,2026-07-01,SYNTHETIC_INTERNAL_POLICY,ADVISORY,PASS,0.2900,<=,0.38,underwriting_calculations.front_end_dti,false,Housing ratio 29.00% recorded; this measure is advisory on this programme.
APP-000058-EVAL-016,APP-000058,DTI-CALC-003,POL-DTI-001,2.0,2026-07-01,SYNTHETIC_INTERNAL_POLICY,ADVISORY,PASS,8809.16,,,underwriting_calculations.residual_income_monthly,false,"Monthly disposable income 8,809.16 recorded alongside the ratio."
APP-000058-EVAL-017,APP-000058,AST-FTC-003,POL-AST-002,1.0,2026-01-01,SYNTHETIC_INTERNAL_POLICY,HARD_FAIL,PASS,48729.82,>=,32247.90,underwriting_calculations.funds_to_close_required|underwriting_calculations.funds_to_close_available,false,"Eligible funds available 48,729.82 against 32,247.90 required at settlement."
APP-000058-EVAL-018,APP-000058,AST-RSV-002,POL-AST-003,2.0,2026-07-01,SYNTHETIC_INTERNAL_POLICY,CONDITIONAL,PASS,5.00,>=,2,underwriting_calculations.post_close_reserves|underwriting_calculations.months_reserves,false,"Post-closing reserves of 5.00 months against the 2-month requirement for this occupancy, leverage and affordability profile."
APP-000058-EVAL-019,APP-000058,VAL-APR-001,POL-VAL-001,2.0,2026-07-01,SYNTHETIC_INTERNAL_POLICY,CONDITIONAL,PASS,full_appraisal,==,full_appraisal,appraisals.valuation_method,false,Valuation method 'full_appraisal' satisfies the requirement for this transaction.
APP-000058-EVAL-020,APP-000058,VAL-APR-003,POL-VAL-001,2.0,2026-07-01,SYNTHETIC_INTERNAL_POLICY,CONDITIONAL,PASS,24,<=,120,appraisals.appraisal_date,false,"Valuation is 24 days old, within the 120-day window."
APP-000058-EVAL-021,APP-000058,DOC-REQ-003,POL-DOC-001,1.0,2026-01-01,SYNTHETIC_INTERNAL_POLICY,CONDITIONAL,PASS,1.0000,==,1.0000,documents,false,Document completeness 100.00% (0 of 0 required documents received and current).
APP-000058-EVAL-022,APP-000058,GEN-ELG-005,POL-GEN-001,1.0,2026-01-01,SYNTHETIC_INTERNAL_POLICY,CONDITIONAL,PASS,0,==,0,rule_evaluations|documents,false,"Every rule in scope had the inputs it needed, so none evaluated to INDETERMINATE."
APP-000058-EVAL-023,APP-000058,DEC-REC-001,POL-DEC-001,1.0,2026-01-01,SYNTHETIC_INTERNAL_POLICY,HARD_FAIL,PASS,,,,decisions|decision_reasons,false,"The recommendation is drawn from the controlled vocabulary and carries the rule ids, policy versions and calculation records supporting it."
APP-000058-EVAL-024,APP-000058,DEC-AUD-001,POL-DEC-001,1.0,2026-01-01,SYNTHETIC_INTERNAL_POLICY,HARD_FAIL,PASS,,,,audit_events,false,"The decision record carries the full chain: policy version, rule, calculation, evidence and reason."
APP-000059-EVAL-001,APP-000059,SEC-INJ-001,POL-SEC-001,1.0,2026-01-01,SYNTHETIC_INTERNAL_POLICY,HARD_FAIL,PASS,,,,documents.contains_untrusted_text,false,No applicant-supplied text required quarantine beyond the standard trust-class handling.
APP-000059-EVAL-002,APP-000059,KYC-IDV-001,POL-KYC-001,1.0,2026-01-01,REGULATORY,HARD_FAIL,PASS,VERIFIED,==,VERIFIED,verifications.identity,false,"Identity verified; name, date of birth, address and a tokenised identification number were collected and matched."
APP-000059-EVAL-003,APP-000059,FRD-IND-001,POL-FRD-001,1.0,2026-01-01,SYNTHETIC_INTERNAL_POLICY,REFER,PASS,0,==,0,documents|verifications,false,No cross-source inconsistency without an innocent arithmetic explanation was identified.
APP-000059-EVAL-004,APP-000059,GEN-ELG-003,POL-GEN-001,1.0,2026-01-01,AGENCY_INVESTOR,HARD_FAIL,PASS,418000.00,<=,832750,loans.base_loan_amount,false,Base loan amount is within the applicable one-unit conforming limit.
APP-000059-EVAL-005,APP-000059,PRP-ELG-001,POL-PRP-001,1.0,2026-01-01,SYNTHETIC_INTERNAL_POLICY,HARD_FAIL,PASS,single_family_detached/1,in,"1-4 units, eligible type",properties.property_type|properties.units,false,Property type 'single_family_detached' with 1 unit(s) is eligible.
APP-000059-EVAL-006,APP-000059,CONV-PUR-002,POL-CONV-001,1.0,2026-01-01,SYNTHETIC_INTERNAL_POLICY,HARD_FAIL,PASS,0.9500,<=,0.97,loans.loan_amount|properties.value_used_for_ltv|underwriting_calculations.ltv,false,Loan-to-value 95.00% against the primary_residence limit of 97.00% for this programme.
APP-000059-EVAL-007,APP-000059,CONV-PUR-003,POL-CONV-001,1.0,2026-01-01,SYNTHETIC_INTERNAL_POLICY,CONDITIONAL,PASS,0.9500,>,0.80,underwriting_calculations.ltv|loans.monthly_mi,false,Mortgage insurance is required above 80 percent leverage and its premium is included in the qualifying housing expense.
APP-000059-EVAL-008,APP-000059,CRD-SCR-003,POL-CRD-001,2.0,2026-07-01,SYNTHETIC_INTERNAL_POLICY,HARD_FAIL,FAIL,639,>=,640,credit_profiles.representative_score,false,Representative score 639 against the applicable floor of 640. The credit floor is not met.
APP-000059-EVAL-009,APP-000059,CRD-SCR-004,POL-CRD-001,2.0,2026-07-01,SYNTHETIC_INTERNAL_POLICY,CONDITIONAL,PASS,21,<=,90,credit_profiles.report_date,false,Credit report is 21 days old against the 90-day window in force on the as-of date.
APP-000059-EVAL-010,APP-000059,CRD-SCR-007,POL-CRD-001,2.0,2026-07-01,SYNTHETIC_INTERNAL_POLICY,CONDITIONAL,PASS,1,<,4,credit_profiles.recent_inquiries_90d,false,"1 inquiries in the 90-day lookback, below the explanation trigger."
APP-000059-EVAL-011,APP-000059,CRD-DLQ-001,POL-CRD-003,1.0,2026-01-01,SYNTHETIC_INTERNAL_POLICY,REFER,PASS,0,==,0,credit_accounts.housing_late_history,false,No housing payment 30 or more days past due in the last 12 months.
APP-000059-EVAL-012,APP-000059,CRD-DLQ-003,POL-CRD-003,1.0,2026-01-01,SYNTHETIC_INTERNAL_POLICY,ADVISORY,PASS,0.2800,<=,0.8,underwriting_calculations.credit_utilization,false,Revolving utilisation 28.00% is within the risk-note threshold.
APP-000059-EVAL-013,APP-000059,EMP-CNT-001,POL-EMP-002,1.0,2026-01-01,SYNTHETIC_INTERNAL_POLICY,CONDITIONAL,PASS,60,>=,24,employment.start_date,false,Employment history of 60 months meets the 24-month requirement.
APP-000059-EVAL-014,APP-000059,DTI-CONV-001,POL-DTI-001,2.0,2026-07-01,SYNTHETIC_INTERNAL_POLICY,HARD_FAIL,PASS,0.3800,<=,0.43,underwriting_calculations.total_monthly_debt|underwriting_calculations.qualifying_monthly_income|underwriting_calculations.back_end_dti,false,Back-end debt-to-income 38.00% against the applicable limit of 43.00%.
APP-000059-EVAL-015,APP-000059,DTI-CONV-002,POL-DTI-001,2.0,2026-07-01,SYNTHETIC_INTERNAL_POLICY,ADVISORY,PASS,0.2900,<=,0.38,underwriting_calculations.front_end_dti,false,Housing ratio 29.00% recorded; this measure is advisory on this programme.
APP-000059-EVAL-016,APP-000059,DTI-CALC-003,POL-DTI-001,2.0,2026-07-01,SYNTHETIC_INTERNAL_POLICY,ADVISORY,PASS,7698.34,,,underwriting_calculations.residual_income_monthly,false,"Monthly disposable income 7,698.34 recorded alongside the ratio."
APP-000059-EVAL-017,APP-000059,AST-FTC-003,POL-AST-002,1.0,2026-01-01,SYNTHETIC_INTERNAL_POLICY,HARD_FAIL,PASS,42026.76,>=,27625.00,underwriting_calculations.funds_to_close_required|underwriting_calculations.funds_to_close_available,false,"Eligible funds available 42,026.76 against 27,625.00 required at settlement."
APP-000059-EVAL-018,APP-000059,AST-RSV-002,POL-AST-003,2.0,2026-07-01,SYNTHETIC_INTERNAL_POLICY,CONDITIONAL,PASS,5.00,>=,2,underwriting_calculations.post_close_reserves|underwriting_calculations.months_reserves,false,"Post-closing reserves of 5.00 months against the 2-month requirement for this occupancy, leverage and affordability profile."
APP-000059-EVAL-019,APP-000059,VAL-APR-001,POL-VAL-001,2.0,2026-07-01,SYNTHETIC_INTERNAL_POLICY,CONDITIONAL,PASS,full_appraisal,==,full_appraisal,appraisals.valuation_method,false,Valuation method 'full_appraisal' satisfies the requirement for this transaction.
APP-000059-EVAL-020,APP-000059,VAL-APR-003,POL-VAL-001,2.0,2026-07-01,SYNTHETIC_INTERNAL_POLICY,CONDITIONAL,PASS,24,<=,120,appraisals.appraisal_date,false,"Valuation is 24 days old, within the 120-day window."
APP-000059-EVAL-021,APP-000059,DOC-REQ-003,POL-DOC-001,1.0,2026-01-01,SYNTHETIC_INTERNAL_POLICY,CONDITIONAL,PASS,1.0000,==,1.0000,documents,false,Document completeness 100.00% (0 of 0 required documents received and current).
APP-000059-EVAL-022,APP-000059,GEN-ELG-005,POL-GEN-001,1.0,2026-01-01,SYNTHETIC_INTERNAL_POLICY,CONDITIONAL,PASS,0,==,0,rule_evaluations|documents,false,"Every rule in scope had the inputs it needed, so none evaluated to INDETERMINATE."
APP-000059-EVAL-023,APP-000059,DEC-REC-001,POL-DEC-001,1.0,2026-01-01,SYNTHETIC_INTERNAL_POLICY,HARD_FAIL,PASS,,,,decisions|decision_reasons,false,"The recommendation is drawn from the controlled vocabulary and carries the rule ids, policy versions and calculation records supporting it."
APP-000059-EVAL-024,APP-000059,DEC-AUD-001,POL-DEC-001,1.0,2026-01-01,SYNTHETIC_INTERNAL_POLICY,HARD_FAIL,PASS,,,,audit_events,false,"The decision record carries the full chain: policy version, rule, calculation, evidence and reason."
APP-000060-EVAL-001,APP-000060,SEC-INJ-001,POL-SEC-001,1.0,2026-01-01,SYNTHETIC_INTERNAL_POLICY,HARD_FAIL,PASS,,,,documents.contains_untrusted_text,false,No applicant-supplied text required quarantine beyond the standard trust-class handling.
APP-000060-EVAL-002,APP-000060,KYC-IDV-001,POL-KYC-001,1.0,2026-01-01,REGULATORY,HARD_FAIL,PASS,VERIFIED,==,VERIFIED,verifications.identity,false,"Identity verified; name, date of birth, address and a tokenised identification number were collected and matched."
APP-000060-EVAL-003,APP-000060,FRD-IND-001,POL-FRD-001,1.0,2026-01-01,SYNTHETIC_INTERNAL_POLICY,REFER,PASS,0,==,0,documents|verifications,false,No cross-source inconsistency without an innocent arithmetic explanation was identified.
APP-000060-EVAL-004,APP-000060,GEN-ELG-003,POL-GEN-001,1.0,2026-01-01,AGENCY_INVESTOR,HARD_FAIL,PASS,465600.00,<=,832750,loans.base_loan_amount,false,Base loan amount is within the applicable one-unit conforming limit.
APP-000060-EVAL-005,APP-000060,PRP-ELG-001,POL-PRP-001,1.0,2026-01-01,SYNTHETIC_INTERNAL_POLICY,HARD_FAIL,PASS,single_family_detached/1,in,"1-4 units, eligible type",properties.property_type|properties.units,false,Property type 'single_family_detached' with 1 unit(s) is eligible.
APP-000060-EVAL-006,APP-000060,CONV-PUR-002,POL-CONV-001,1.0,2026-01-01,SYNTHETIC_INTERNAL_POLICY,HARD_FAIL,PASS,0.9700,<=,0.97,loans.loan_amount|properties.value_used_for_ltv|underwriting_calculations.ltv,false,Loan-to-value 97.00% against the primary_residence limit of 97.00% for this programme.
APP-000060-EVAL-007,APP-000060,CONV-PUR-003,POL-CONV-001,1.0,2026-01-01,SYNTHETIC_INTERNAL_POLICY,CONDITIONAL,PASS,0.9700,>,0.80,underwriting_calculations.ltv|loans.monthly_mi,false,Mortgage insurance is required above 80 percent leverage and its premium is included in the qualifying housing expense.
APP-000060-EVAL-008,APP-000060,CRD-SCR-003,POL-CRD-001,2.0,2026-07-01,SYNTHETIC_INTERNAL_POLICY,HARD_FAIL,PASS,724,>=,640,credit_profiles.representative_score,false,Representative score 724 against the applicable floor of 640.
APP-000060-EVAL-009,APP-000060,CRD-SCR-004,POL-CRD-001,2.0,2026-07-01,SYNTHETIC_INTERNAL_POLICY,CONDITIONAL,PASS,21,<=,90,credit_profiles.report_date,false,Credit report is 21 days old against the 90-day window in force on the as-of date.
APP-000060-EVAL-010,APP-000060,CRD-SCR-007,POL-CRD-001,2.0,2026-07-01,SYNTHETIC_INTERNAL_POLICY,CONDITIONAL,PASS,1,<,4,credit_profiles.recent_inquiries_90d,false,"1 inquiries in the 90-day lookback, below the explanation trigger."
APP-000060-EVAL-011,APP-000060,CRD-DLQ-001,POL-CRD-003,1.0,2026-01-01,SYNTHETIC_INTERNAL_POLICY,REFER,PASS,0,==,0,credit_accounts.housing_late_history,false,No housing payment 30 or more days past due in the last 12 months.
APP-000060-EVAL-012,APP-000060,CRD-DLQ-003,POL-CRD-003,1.0,2026-01-01,SYNTHETIC_INTERNAL_POLICY,ADVISORY,PASS,0.2800,<=,0.8,underwriting_calculations.credit_utilization,false,Revolving utilisation 28.00% is within the risk-note threshold.
APP-000060-EVAL-013,APP-000060,EMP-CNT-001,POL-EMP-002,1.0,2026-01-01,SYNTHETIC_INTERNAL_POLICY,CONDITIONAL,PASS,60,>=,24,employment.start_date,false,Employment history of 60 months meets the 24-month requirement.
APP-000060-EVAL-014,APP-000060,DTI-CONV-001,POL-DTI-001,2.0,2026-07-01,SYNTHETIC_INTERNAL_POLICY,HARD_FAIL,PASS,0.3600,<=,0.43,underwriting_calculations.total_monthly_debt|underwriting_calculations.qualifying_monthly_income|underwriting_calculations.back_end_dti,false,Back-end debt-to-income 36.00% against the applicable limit of 43.00%.
APP-000060-EVAL-015,APP-000060,DTI-CONV-002,POL-DTI-001,2.0,2026-07-01,SYNTHETIC_INTERNAL_POLICY,ADVISORY,PASS,0.2900,<=,0.38,underwriting_calculations.front_end_dti,false,Housing ratio 29.00% recorded; this measure is advisory on this programme.
APP-000060-EVAL-016,APP-000060,DTI-CALC-003,POL-DTI-001,2.0,2026-07-01,SYNTHETIC_INTERNAL_POLICY,ADVISORY,PASS,9546.67,,,underwriting_calculations.residual_income_monthly,false,"Monthly disposable income 9,546.67 recorded alongside the ratio."
APP-000060-EVAL-017,APP-000060,AST-FTC-003,POL-AST-002,1.0,2026-01-01,SYNTHETIC_INTERNAL_POLICY,HARD_FAIL,PASS,35160.70,>=,21318.43,underwriting_calculations.funds_to_close_required|underwriting_calculations.funds_to_close_available,false,"Eligible funds available 35,160.70 against 21,318.43 required at settlement."
APP-000060-EVAL-018,APP-000060,AST-RSV-002,POL-AST-003,2.0,2026-07-01,SYNTHETIC_INTERNAL_POLICY,CONDITIONAL,PASS,4.00,>=,2,underwriting_calculations.post_close_reserves|underwriting_calculations.months_reserves,false,"Post-closing reserves of 4.00 months against the 2-month requirement for this occupancy, leverage and affordability profile."
APP-000060-EVAL-019,APP-000060,VAL-APR-001,POL-VAL-001,2.0,2026-07-01,SYNTHETIC_INTERNAL_POLICY,CONDITIONAL,PASS,full_appraisal,==,full_appraisal,appraisals.valuation_method,false,Valuation method 'full_appraisal' satisfies the requirement for this transaction.
APP-000060-EVAL-020,APP-000060,VAL-APR-003,POL-VAL-001,2.0,2026-07-01,SYNTHETIC_INTERNAL_POLICY,CONDITIONAL,PASS,24,<=,120,appraisals.appraisal_date,false,"Valuation is 24 days old, within the 120-day window."
APP-000060-EVAL-021,APP-000060,DOC-REQ-003,POL-DOC-001,1.0,2026-01-01,SYNTHETIC_INTERNAL_POLICY,CONDITIONAL,PASS,1.0000,==,1.0000,documents,false,Document completeness 100.00% (0 of 0 required documents received and current).
APP-000060-EVAL-022,APP-000060,GEN-ELG-005,POL-GEN-001,1.0,2026-01-01,SYNTHETIC_INTERNAL_POLICY,CONDITIONAL,PASS,0,==,0,rule_evaluations|documents,false,"Every rule in scope had the inputs it needed, so none evaluated to INDETERMINATE."
APP-000060-EVAL-023,APP-000060,DEC-REC-001,POL-DEC-001,1.0,2026-01-01,SYNTHETIC_INTERNAL_POLICY,HARD_FAIL,PASS,,,,decisions|decision_reasons,false,"The recommendation is drawn from the controlled vocabulary and carries the rule ids, policy versions and calculation records supporting it."
APP-000060-EVAL-024,APP-000060,DEC-AUD-001,POL-DEC-001,1.0,2026-01-01,SYNTHETIC_INTERNAL_POLICY,HARD_FAIL,PASS,,,,audit_events,false,"The decision record carries the full chain: policy version, rule, calculation, evidence and reason."
APP-000061-EVAL-001,APP-000061,SEC-INJ-001,POL-SEC-001,1.0,2026-01-01,SYNTHETIC_INTERNAL_POLICY,HARD_FAIL,PASS,,,,documents.contains_untrusted_text,false,No applicant-supplied text required quarantine beyond the standard trust-class handling.
APP-000061-EVAL-002,APP-000061,KYC-IDV-001,POL-KYC-001,1.0,2026-01-01,REGULATORY,HARD_FAIL,PASS,VERIFIED,==,VERIFIED,verifications.identity,false,"Identity verified; name, date of birth, address and a tokenised identification number were collected and matched."
APP-000061-EVAL-003,APP-000061,FRD-IND-001,POL-FRD-001,1.0,2026-01-01,SYNTHETIC_INTERNAL_POLICY,REFER,PASS,0,==,0,documents|verifications,false,No cross-source inconsistency without an innocent arithmetic explanation was identified.
APP-000061-EVAL-004,APP-000061,GEN-ELG-003,POL-GEN-001,1.0,2026-01-01,AGENCY_INVESTOR,HARD_FAIL,PASS,416000.00,<=,832750,loans.base_loan_amount,false,Base loan amount is within the applicable one-unit conforming limit.
APP-000061-EVAL-005,APP-000061,PRP-ELG-001,POL-PRP-001,1.0,2026-01-01,SYNTHETIC_INTERNAL_POLICY,HARD_FAIL,PASS,single_family_detached/1,in,"1-4 units, eligible type",properties.property_type|properties.units,false,Property type 'single_family_detached' with 1 unit(s) is eligible.
APP-000061-EVAL-006,APP-000061,CONV-PUR-002,POL-CONV-001,1.0,2026-01-01,SYNTHETIC_INTERNAL_POLICY,HARD_FAIL,PASS,0.8000,<=,0.97,loans.loan_amount|properties.value_used_for_ltv|underwriting_calculations.ltv,false,Loan-to-value 80.00% against the primary_residence limit of 97.00% for this programme.
APP-000061-EVAL-007,APP-000061,CRD-SCR-003,POL-CRD-001,2.0,2026-07-01,SYNTHETIC_INTERNAL_POLICY,HARD_FAIL,PASS,728,>=,620,credit_profiles.representative_score,false,Representative score 728 against the applicable floor of 620.
APP-000061-EVAL-008,APP-000061,CRD-SCR-004,POL-CRD-001,2.0,2026-07-01,SYNTHETIC_INTERNAL_POLICY,CONDITIONAL,PASS,21,<=,90,credit_profiles.report_date,false,Credit report is 21 days old against the 90-day window in force on the as-of date.
APP-000061-EVAL-009,APP-000061,CRD-SCR-007,POL-CRD-001,2.0,2026-07-01,SYNTHETIC_INTERNAL_POLICY,CONDITIONAL,PASS,1,<,4,credit_profiles.recent_inquiries_90d,false,"1 inquiries in the 90-day lookback, below the explanation trigger."
APP-000061-EVAL-010,APP-000061,CRD-DLQ-001,POL-CRD-003,1.0,2026-01-01,SYNTHETIC_INTERNAL_POLICY,REFER,PASS,0,==,0,credit_accounts.housing_late_history,false,No housing payment 30 or more days past due in the last 12 months.
APP-000061-EVAL-011,APP-000061,CRD-DLQ-003,POL-CRD-003,1.0,2026-01-01,SYNTHETIC_INTERNAL_POLICY,ADVISORY,PASS,0.2800,<=,0.8,underwriting_calculations.credit_utilization,false,Revolving utilisation 28.00% is within the risk-note threshold.
APP-000061-EVAL-012,APP-000061,EMP-CNT-001,POL-EMP-002,1.0,2026-01-01,SYNTHETIC_INTERNAL_POLICY,CONDITIONAL,PASS,60,>=,24,employment.start_date,false,Employment history of 60 months meets the 24-month requirement.
APP-000061-EVAL-013,APP-000061,DTI-CONV-001,POL-DTI-001,2.0,2026-07-01,SYNTHETIC_INTERNAL_POLICY,HARD_FAIL,PASS,0.3300,<=,0.43,underwriting_calculations.total_monthly_debt|underwriting_calculations.qualifying_monthly_income|underwriting_calculations.back_end_dti,false,Back-end debt-to-income 33.00% against the applicable limit of 43.00%.
APP-000061-EVAL-014,APP-000061,DTI-CONV-002,POL-DTI-001,2.0,2026-07-01,SYNTHETIC_INTERNAL_POLICY,ADVISORY,PASS,0.2899,<=,0.38,underwriting_calculations.front_end_dti,false,Housing ratio 28.99% recorded; this measure is advisory on this programme.
APP-000061-EVAL-015,APP-000061,DTI-CALC-003,POL-DTI-001,2.0,2026-07-01,SYNTHETIC_INTERNAL_POLICY,ADVISORY,PASS,7303.00,,,underwriting_calculations.residual_income_monthly,false,"Monthly disposable income 7,303.00 recorded alongside the ratio."
APP-000061-EVAL-016,APP-000061,AST-FTC-003,POL-AST-002,1.0,2026-01-01,SYNTHETIC_INTERNAL_POLICY,HARD_FAIL,PASS,120657.95,>=,97904.22,underwriting_calculations.funds_to_close_required|underwriting_calculations.funds_to_close_available,false,"Eligible funds available 120,657.95 against 97,904.22 required at settlement."
APP-000061-EVAL-017,APP-000061,AST-RSV-002,POL-AST-003,2.0,2026-07-01,SYNTHETIC_INTERNAL_POLICY,CONDITIONAL,PASS,9.00,>=,0,underwriting_calculations.post_close_reserves|underwriting_calculations.months_reserves,false,"Post-closing reserves of 9.00 months against the 0-month requirement for this occupancy, leverage and affordability profile."
APP-000061-EVAL-018,APP-000061,VAL-APR-001,POL-VAL-001,2.0,2026-07-01,SYNTHETIC_INTERNAL_POLICY,CONDITIONAL,PASS,full_appraisal,==,full_appraisal,appraisals.valuation_method,false,Valuation method 'full_appraisal' satisfies the requirement for this transaction.
APP-000061-EVAL-019,APP-000061,VAL-APR-003,POL-VAL-001,2.0,2026-07-01,SYNTHETIC_INTERNAL_POLICY,CONDITIONAL,PASS,24,<=,120,appraisals.appraisal_date,false,"Valuation is 24 days old, within the 120-day window."
APP-000061-EVAL-020,APP-000061,DOC-REQ-003,POL-DOC-001,1.0,2026-01-01,SYNTHETIC_INTERNAL_POLICY,CONDITIONAL,PASS,1.0000,==,1.0000,documents,false,Document completeness 100.00% (0 of 0 required documents received and current).
APP-000061-EVAL-021,APP-000061,GEN-ELG-005,POL-GEN-001,1.0,2026-01-01,SYNTHETIC_INTERNAL_POLICY,CONDITIONAL,PASS,0,==,0,rule_evaluations|documents,false,"Every rule in scope had the inputs it needed, so none evaluated to INDETERMINATE."
APP-000061-EVAL-022,APP-000061,DEC-REC-001,POL-DEC-001,1.0,2026-01-01,SYNTHETIC_INTERNAL_POLICY,HARD_FAIL,PASS,,,,decisions|decision_reasons,false,"The recommendation is drawn from the controlled vocabulary and carries the rule ids, policy versions and calculation records supporting it."
APP-000061-EVAL-023,APP-000061,DEC-AUD-001,POL-DEC-001,1.0,2026-01-01,SYNTHETIC_INTERNAL_POLICY,HARD_FAIL,PASS,,,,audit_events,false,"The decision record carries the full chain: policy version, rule, calculation, evidence and reason."
APP-000062-EVAL-001,APP-000062,SEC-INJ-001,POL-SEC-001,1.0,2026-01-01,SYNTHETIC_INTERNAL_POLICY,HARD_FAIL,PASS,,,,documents.contains_untrusted_text,false,No applicant-supplied text required quarantine beyond the standard trust-class handling.
APP-000062-EVAL-002,APP-000062,KYC-IDV-001,POL-KYC-001,1.0,2026-01-01,REGULATORY,HARD_FAIL,PASS,VERIFIED,==,VERIFIED,verifications.identity,false,"Identity verified; name, date of birth, address and a tokenised identification number were collected and matched."
APP-000062-EVAL-003,APP-000062,FRD-IND-001,POL-FRD-001,1.0,2026-01-01,SYNTHETIC_INTERNAL_POLICY,REFER,PASS,0,==,0,documents|verifications,false,No cross-source inconsistency without an innocent arithmetic explanation was identified.
APP-000062-EVAL-004,APP-000062,GEN-ELG-003,POL-GEN-001,1.0,2026-01-01,AGENCY_INVESTOR,HARD_FAIL,PASS,432000.00,<=,832750,loans.base_loan_amount,false,Base loan amount is within the applicable one-unit conforming limit.
APP-000062-EVAL-005,APP-000062,PRP-ELG-001,POL-PRP-001,1.0,2026-01-01,SYNTHETIC_INTERNAL_POLICY,HARD_FAIL,PASS,single_family_detached/1,in,"1-4 units, eligible type",properties.property_type|properties.units,false,Property type 'single_family_detached' with 1 unit(s) is eligible.
APP-000062-EVAL-006,APP-000062,CONV-PUR-002,POL-CONV-001,1.0,2026-01-01,SYNTHETIC_INTERNAL_POLICY,HARD_FAIL,PASS,0.8000,<=,0.97,loans.loan_amount|properties.value_used_for_ltv|underwriting_calculations.ltv,false,Loan-to-value 80.00% against the primary_residence limit of 97.00% for this programme.
APP-000062-EVAL-007,APP-000062,CRD-SCR-003,POL-CRD-001,2.0,2026-07-01,SYNTHETIC_INTERNAL_POLICY,HARD_FAIL,FAIL,604,>=,620,credit_profiles.representative_score,false,Representative score 604 against the applicable floor of 620. The credit floor is not met.
APP-000062-EVAL-008,APP-000062,CRD-SCR-004,POL-CRD-001,2.0,2026-07-01,SYNTHETIC_INTERNAL_POLICY,CONDITIONAL,PASS,21,<=,90,credit_profiles.report_date,false,Credit report is 21 days old against the 90-day window in force on the as-of date.
APP-000062-EVAL-009,APP-000062,CRD-SCR-007,POL-CRD-001,2.0,2026-07-01,SYNTHETIC_INTERNAL_POLICY,CONDITIONAL,PASS,1,<,4,credit_profiles.recent_inquiries_90d,false,"1 inquiries in the 90-day lookback, below the explanation trigger."
APP-000062-EVAL-010,APP-000062,CRD-DLQ-001,POL-CRD-003,1.0,2026-01-01,SYNTHETIC_INTERNAL_POLICY,REFER,PASS,0,==,0,credit_accounts.housing_late_history,false,No housing payment 30 or more days past due in the last 12 months.
APP-000062-EVAL-011,APP-000062,CRD-DLQ-003,POL-CRD-003,1.0,2026-01-01,SYNTHETIC_INTERNAL_POLICY,ADVISORY,PASS,0.2800,<=,0.8,underwriting_calculations.credit_utilization,false,Revolving utilisation 28.00% is within the risk-note threshold.
APP-000062-EVAL-012,APP-000062,EMP-CNT-001,POL-EMP-002,1.0,2026-01-01,SYNTHETIC_INTERNAL_POLICY,CONDITIONAL,PASS,60,>=,24,employment.start_date,false,Employment history of 60 months meets the 24-month requirement.
APP-000062-EVAL-013,APP-000062,DTI-CONV-001,POL-DTI-001,2.0,2026-07-01,SYNTHETIC_INTERNAL_POLICY,HARD_FAIL,PASS,0.3400,<=,0.43,underwriting_calculations.total_monthly_debt|underwriting_calculations.qualifying_monthly_income|underwriting_calculations.back_end_dti,false,Back-end debt-to-income 34.00% against the applicable limit of 43.00%.
APP-000062-EVAL-014,APP-000062,DTI-CONV-002,POL-DTI-001,2.0,2026-07-01,SYNTHETIC_INTERNAL_POLICY,ADVISORY,PASS,0.2900,<=,0.38,underwriting_calculations.front_end_dti,false,Housing ratio 29.00% recorded; this measure is advisory on this programme.
APP-000062-EVAL-015,APP-000062,DTI-CALC-003,POL-DTI-001,2.0,2026-07-01,SYNTHETIC_INTERNAL_POLICY,ADVISORY,PASS,7315.00,,,underwriting_calculations.residual_income_monthly,false,"Monthly disposable income 7,315.00 recorded alongside the ratio."
APP-000062-EVAL-016,APP-000062,AST-FTC-003,POL-AST-002,1.0,2026-01-01,SYNTHETIC_INTERNAL_POLICY,HARD_FAIL,PASS,121967.56,>=,101396.10,underwriting_calculations.funds_to_close_required|underwriting_calculations.funds_to_close_available,false,"Eligible funds available 121,967.56 against 101,396.10 required at settlement."
APP-000062-EVAL-017,APP-000062,AST-RSV-002,POL-AST-003,2.0,2026-07-01,SYNTHETIC_INTERNAL_POLICY,CONDITIONAL,PASS,8.00,>=,0,underwriting_calculations.post_close_reserves|underwriting_calculations.months_reserves,false,"Post-closing reserves of 8.00 months against the 0-month requirement for this occupancy, leverage and affordability profile."
APP-000062-EVAL-018,APP-000062,VAL-APR-001,POL-VAL-001,2.0,2026-07-01,SYNTHETIC_INTERNAL_POLICY,CONDITIONAL,PASS,full_appraisal,==,full_appraisal,appraisals.valuation_method,false,Valuation method 'full_appraisal' satisfies the requirement for this transaction.
APP-000062-EVAL-019,APP-000062,VAL-APR-003,POL-VAL-001,2.0,2026-07-01,SYNTHETIC_INTERNAL_POLICY,CONDITIONAL,PASS,24,<=,120,appraisals.appraisal_date,false,"Valuation is 24 days old, within the 120-day window."
APP-000062-EVAL-020,APP-000062,DOC-REQ-003,POL-DOC-001,1.0,2026-01-01,SYNTHETIC_INTERNAL_POLICY,CONDITIONAL,PASS,1.0000,==,1.0000,documents,false,Document completeness 100.00% (0 of 0 required documents received and current).
APP-000062-EVAL-021,APP-000062,GEN-ELG-005,POL-GEN-001,1.0,2026-01-01,SYNTHETIC_INTERNAL_POLICY,CONDITIONAL,PASS,0,==,0,rule_evaluations|documents,false,"Every rule in scope had the inputs it needed, so none evaluated to INDETERMINATE."
APP-000062-EVAL-022,APP-000062,DEC-REC-001,POL-DEC-001,1.0,2026-01-01,SYNTHETIC_INTERNAL_POLICY,HARD_FAIL,PASS,,,,decisions|decision_reasons,false,"The recommendation is drawn from the controlled vocabulary and carries the rule ids, policy versions and calculation records supporting it."
APP-000062-EVAL-023,APP-000062,DEC-AUD-001,POL-DEC-001,1.0,2026-01-01,SYNTHETIC_INTERNAL_POLICY,HARD_FAIL,PASS,,,,audit_events,false,"The decision record carries the full chain: policy version, rule, calculation, evidence and reason."
APP-000063-EVAL-001,APP-000063,SEC-INJ-001,POL-SEC-001,1.0,2026-01-01,SYNTHETIC_INTERNAL_POLICY,HARD_FAIL,PASS,,,,documents.contains_untrusted_text,false,No applicant-supplied text required quarantine beyond the standard trust-class handling.
APP-000063-EVAL-002,APP-000063,KYC-IDV-001,POL-KYC-001,1.0,2026-01-01,REGULATORY,HARD_FAIL,PASS,VERIFIED,==,VERIFIED,verifications.identity,false,"Identity verified; name, date of birth, address and a tokenised identification number were collected and matched."
APP-000063-EVAL-003,APP-000063,FRD-IND-001,POL-FRD-001,1.0,2026-01-01,SYNTHETIC_INTERNAL_POLICY,REFER,PASS,0,==,0,documents|verifications,false,No cross-source inconsistency without an innocent arithmetic explanation was identified.
APP-000063-EVAL-004,APP-000063,GEN-ELG-003,POL-GEN-001,1.0,2026-01-01,AGENCY_INVESTOR,HARD_FAIL,PASS,561000.00,<=,832750,loans.base_loan_amount,false,Base loan amount is within the applicable one-unit conforming limit.
APP-000063-EVAL-005,APP-000063,PRP-ELG-001,POL-PRP-001,1.0,2026-01-01,SYNTHETIC_INTERNAL_POLICY,HARD_FAIL,PASS,single_family_detached/1,in,"1-4 units, eligible type",properties.property_type|properties.units,false,Property type 'single_family_detached' with 1 unit(s) is eligible.
APP-000063-EVAL-006,APP-000063,CONV-PUR-002,POL-CONV-001,1.0,2026-01-01,SYNTHETIC_INTERNAL_POLICY,HARD_FAIL,PASS,0.8500,<=,0.97,loans.loan_amount|properties.value_used_for_ltv|underwriting_calculations.ltv,false,Loan-to-value 85.00% against the primary_residence limit of 97.00% for this programme.
APP-000063-EVAL-007,APP-000063,CONV-PUR-003,POL-CONV-001,1.0,2026-01-01,SYNTHETIC_INTERNAL_POLICY,CONDITIONAL,PASS,0.8500,>,0.80,underwriting_calculations.ltv|loans.monthly_mi,false,Mortgage insurance is required above 80 percent leverage and its premium is included in the qualifying housing expense.
APP-000063-EVAL-008,APP-000063,CRD-SCR-003,POL-CRD-001,2.0,2026-07-01,SYNTHETIC_INTERNAL_POLICY,HARD_FAIL,PASS,742,>=,620,credit_profiles.representative_score,false,Representative score 742 against the applicable floor of 620.
APP-000063-EVAL-009,APP-000063,CRD-SCR-004,POL-CRD-001,2.0,2026-07-01,SYNTHETIC_INTERNAL_POLICY,CONDITIONAL,PASS,21,<=,90,credit_profiles.report_date,false,Credit report is 21 days old against the 90-day window in force on the as-of date.
APP-000063-EVAL-010,APP-000063,CRD-SCR-007,POL-CRD-001,2.0,2026-07-01,SYNTHETIC_INTERNAL_POLICY,CONDITIONAL,PASS,1,<,4,credit_profiles.recent_inquiries_90d,false,"1 inquiries in the 90-day lookback, below the explanation trigger."
APP-000063-EVAL-011,APP-000063,CRD-DLQ-001,POL-CRD-003,1.0,2026-01-01,SYNTHETIC_INTERNAL_POLICY,REFER,PASS,0,==,0,credit_accounts.housing_late_history,false,No housing payment 30 or more days past due in the last 12 months.
APP-000063-EVAL-012,APP-000063,CRD-DLQ-003,POL-CRD-003,1.0,2026-01-01,SYNTHETIC_INTERNAL_POLICY,ADVISORY,PASS,0.2800,<=,0.8,underwriting_calculations.credit_utilization,false,Revolving utilisation 28.00% is within the risk-note threshold.
APP-000063-EVAL-013,APP-000063,EMP-CNT-001,POL-EMP-002,1.0,2026-01-01,SYNTHETIC_INTERNAL_POLICY,CONDITIONAL,PASS,60,>=,24,employment.start_date,false,Employment history of 60 months meets the 24-month requirement.
APP-000063-EVAL-014,APP-000063,DTI-CONV-001,POL-DTI-001,2.0,2026-07-01,SYNTHETIC_INTERNAL_POLICY,HARD_FAIL,PASS,0.3800,<=,0.43,underwriting_calculations.total_monthly_debt|underwriting_calculations.qualifying_monthly_income|underwriting_calculations.back_end_dti,false,Back-end debt-to-income 38.00% against the applicable limit of 43.00%.
APP-000063-EVAL-015,APP-000063,DTI-CONV-002,POL-DTI-001,2.0,2026-07-01,SYNTHETIC_INTERNAL_POLICY,ADVISORY,PASS,0.2900,<=,0.38,underwriting_calculations.front_end_dti,false,Housing ratio 29.00% recorded; this measure is advisory on this programme.
APP-000063-EVAL-016,APP-000063,DTI-CALC-003,POL-DTI-001,2.0,2026-07-01,SYNTHETIC_INTERNAL_POLICY,ADVISORY,PASS,9289.66,,,underwriting_calculations.residual_income_monthly,false,"Monthly disposable income 9,289.66 recorded alongside the ratio."
APP-000063-EVAL-017,APP-000063,AST-FTC-003,POL-AST-002,1.0,2026-01-01,SYNTHETIC_INTERNAL_POLICY,HARD_FAIL,PASS,125241.24,>=,104385.14,underwriting_calculations.funds_to_close_required|underwriting_calculations.funds_to_close_available,false,"Eligible funds available 125,241.24 against 104,385.14 required at settlement."
APP-000063-EVAL-018,APP-000063,AST-RSV-002,POL-AST-003,2.0,2026-07-01,SYNTHETIC_INTERNAL_POLICY,CONDITIONAL,PASS,6.00,>=,0,underwriting_calculations.post_close_reserves|underwriting_calculations.months_reserves,false,"Post-closing reserves of 6.00 months against the 0-month requirement for this occupancy, leverage and affordability profile."
APP-000063-EVAL-019,APP-000063,VAL-APR-001,POL-VAL-001,2.0,2026-07-01,SYNTHETIC_INTERNAL_POLICY,CONDITIONAL,PASS,full_appraisal,==,full_appraisal,appraisals.valuation_method,false,Valuation method 'full_appraisal' satisfies the requirement for this transaction.
APP-000063-EVAL-020,APP-000063,VAL-APR-003,POL-VAL-001,2.0,2026-07-01,SYNTHETIC_INTERNAL_POLICY,CONDITIONAL,PASS,24,<=,120,appraisals.appraisal_date,false,"Valuation is 24 days old, within the 120-day window."
APP-000063-EVAL-021,APP-000063,DOC-REQ-003,POL-DOC-001,1.0,2026-01-01,SYNTHETIC_INTERNAL_POLICY,CONDITIONAL,PASS,1.0000,==,1.0000,documents,false,Document completeness 100.00% (0 of 0 required documents received and current).
APP-000063-EVAL-022,APP-000063,GEN-ELG-005,POL-GEN-001,1.0,2026-01-01,SYNTHETIC_INTERNAL_POLICY,CONDITIONAL,PASS,0,==,0,rule_evaluations|documents,false,"Every rule in scope had the inputs it needed, so none evaluated to INDETERMINATE."
APP-000063-EVAL-023,APP-000063,DEC-REC-001,POL-DEC-001,1.0,2026-01-01,SYNTHETIC_INTERNAL_POLICY,HARD_FAIL,PASS,,,,decisions|decision_reasons,false,"The recommendation is drawn from the controlled vocabulary and carries the rule ids, policy versions and calculation records supporting it."
APP-000063-EVAL-024,APP-000063,DEC-AUD-001,POL-DEC-001,1.0,2026-01-01,SYNTHETIC_INTERNAL_POLICY,HARD_FAIL,PASS,,,,audit_events,false,"The decision record carries the full chain: policy version, rule, calculation, evidence and reason."
APP-000064-EVAL-001,APP-000064,SEC-INJ-001,POL-SEC-001,1.0,2026-01-01,SYNTHETIC_INTERNAL_POLICY,HARD_FAIL,PASS,,,,documents.contains_untrusted_text,false,No applicant-supplied text required quarantine beyond the standard trust-class handling.
APP-000064-EVAL-002,APP-000064,KYC-IDV-001,POL-KYC-001,1.0,2026-01-01,REGULATORY,HARD_FAIL,PASS,VERIFIED,==,VERIFIED,verifications.identity,false,"Identity verified; name, date of birth, address and a tokenised identification number were collected and matched."
APP-000064-EVAL-003,APP-000064,FRD-IND-001,POL-FRD-001,1.0,2026-01-01,SYNTHETIC_INTERNAL_POLICY,REFER,PASS,0,==,0,documents|verifications,false,No cross-source inconsistency without an innocent arithmetic explanation was identified.
APP-000064-EVAL-004,APP-000064,GEN-ELG-003,POL-GEN-001,1.0,2026-01-01,AGENCY_INVESTOR,HARD_FAIL,PASS,376000.00,<=,832750,loans.base_loan_amount,false,Base loan amount is within the applicable one-unit conforming limit.
APP-000064-EVAL-005,APP-000064,PRP-ELG-001,POL-PRP-001,1.0,2026-01-01,SYNTHETIC_INTERNAL_POLICY,HARD_FAIL,PASS,single_family_detached/1,in,"1-4 units, eligible type",properties.property_type|properties.units,false,Property type 'single_family_detached' with 1 unit(s) is eligible.
APP-000064-EVAL-006,APP-000064,CONV-PUR-002,POL-CONV-001,1.0,2026-01-01,SYNTHETIC_INTERNAL_POLICY,HARD_FAIL,PASS,0.8000,<=,0.97,loans.loan_amount|properties.value_used_for_ltv|underwriting_calculations.ltv,false,Loan-to-value 80.00% against the primary_residence limit of 97.00% for this programme.
APP-000064-EVAL-007,APP-000064,CRD-SCR-003,POL-CRD-001,2.0,2026-07-01,SYNTHETIC_INTERNAL_POLICY,HARD_FAIL,PASS,668,>=,620,credit_profiles.representative_score,false,Representative score 668 against the applicable floor of 620.
APP-000064-EVAL-008,APP-000064,CRD-SCR-004,POL-CRD-001,2.0,2026-07-01,SYNTHETIC_INTERNAL_POLICY,CONDITIONAL,PASS,21,<=,90,credit_profiles.report_date,false,Credit report is 21 days old against the 90-day window in force on the as-of date.
APP-000064-EVAL-009,APP-000064,CRD-SCR-007,POL-CRD-001,2.0,2026-07-01,SYNTHETIC_INTERNAL_POLICY,CONDITIONAL,PASS,1,<,4,credit_profiles.recent_inquiries_90d,false,"1 inquiries in the 90-day lookback, below the explanation trigger."
APP-000064-EVAL-010,APP-000064,CRD-DLQ-001,POL-CRD-003,1.0,2026-01-01,SYNTHETIC_INTERNAL_POLICY,REFER,PASS,0,==,0,credit_accounts.housing_late_history,false,No housing payment 30 or more days past due in the last 12 months.
APP-000064-EVAL-011,APP-000064,CRD-DLQ-003,POL-CRD-003,1.0,2026-01-01,SYNTHETIC_INTERNAL_POLICY,ADVISORY,PASS,0.2800,<=,0.8,underwriting_calculations.credit_utilization,false,Revolving utilisation 28.00% is within the risk-note threshold.
APP-000064-EVAL-012,APP-000064,INC-VAR-001,POL-INC-004,2.0,2026-07-01,SYNTHETIC_INTERNAL_POLICY,HARD_FAIL,PASS,32,>=,24,income_history,false,Variable earnings history of 32 months meets the 24-month requirement.
APP-000064-EVAL-013,APP-000064,EMP-CNT-001,POL-EMP-002,1.0,2026-01-01,SYNTHETIC_INTERNAL_POLICY,CONDITIONAL,PASS,60,>=,24,employment.start_date,false,Employment history of 60 months meets the 24-month requirement.
APP-000064-EVAL-014,APP-000064,DTI-CONV-001,POL-DTI-001,2.0,2026-07-01,SYNTHETIC_INTERNAL_POLICY,HARD_FAIL,FAIL,0.4700,<=,0.43,underwriting_calculations.total_monthly_debt|underwriting_calculations.qualifying_monthly_income|underwriting_calculations.back_end_dti,false,Back-end debt-to-income 47.00% against the applicable limit of 43.00%. The extension to 45.00% was not available: 0 documented compensating factor(s) against the 2 required. The affordability limit is breached.
APP-000064-EVAL-015,APP-000064,DTI-BRE-001,POL-DTI-001,2.0,2026-07-01,SYNTHETIC_INTERNAL_POLICY,HARD_FAIL,PASS,0.4700,<=,0.43,rule_evaluations,false,"The breach is reported with its computed value 47.00%, the threshold 43.00% it failed, the rule DTI-CONV-001 and the policy version that set it."
APP-000064-EVAL-016,APP-000064,DTI-CONV-002,POL-DTI-001,2.0,2026-07-01,SYNTHETIC_INTERNAL_POLICY,ADVISORY,PASS,0.3001,<=,0.38,underwriting_calculations.front_end_dti,false,Housing ratio 30.01% recorded; this measure is advisory on this programme.
APP-000064-EVAL-017,APP-000064,DTI-CALC-003,POL-DTI-001,2.0,2026-07-01,SYNTHETIC_INTERNAL_POLICY,ADVISORY,PASS,5481.09,,,underwriting_calculations.residual_income_monthly,false,"Monthly disposable income 5,481.09 recorded alongside the ratio."
APP-000064-EVAL-018,APP-000064,AST-FTC-003,POL-AST-002,1.0,2026-01-01,SYNTHETIC_INTERNAL_POLICY,HARD_FAIL,PASS,103773.46,>=,98808.47,underwriting_calculations.funds_to_close_required|underwriting_calculations.funds_to_close_available,false,"Eligible funds available 103,773.46 against 98,808.47 required at settlement."
APP-000064-EVAL-019,APP-000064,AST-RSV-002,POL-AST-003,2.0,2026-07-01,SYNTHETIC_INTERNAL_POLICY,CONDITIONAL,PASS,2.00,>=,2,underwriting_calculations.post_close_reserves|underwriting_calculations.months_reserves,false,"Post-closing reserves of 2.00 months against the 2-month requirement for this occupancy, leverage and affordability profile."
APP-000064-EVAL-020,APP-000064,VAL-APR-001,POL-VAL-001,2.0,2026-07-01,SYNTHETIC_INTERNAL_POLICY,CONDITIONAL,PASS,full_appraisal,==,full_appraisal,appraisals.valuation_method,false,Valuation method 'full_appraisal' satisfies the requirement for this transaction.
APP-000064-EVAL-021,APP-000064,VAL-APR-003,POL-VAL-001,2.0,2026-07-01,SYNTHETIC_INTERNAL_POLICY,CONDITIONAL,PASS,24,<=,120,appraisals.appraisal_date,false,"Valuation is 24 days old, within the 120-day window."
APP-000064-EVAL-022,APP-000064,DOC-REQ-003,POL-DOC-001,1.0,2026-01-01,SYNTHETIC_INTERNAL_POLICY,CONDITIONAL,PASS,1.0000,==,1.0000,documents,false,Document completeness 100.00% (0 of 0 required documents received and current).
APP-000064-EVAL-023,APP-000064,GEN-ELG-005,POL-GEN-001,1.0,2026-01-01,SYNTHETIC_INTERNAL_POLICY,CONDITIONAL,PASS,0,==,0,rule_evaluations|documents,false,"Every rule in scope had the inputs it needed, so none evaluated to INDETERMINATE."
APP-000064-EVAL-024,APP-000064,DEC-REC-001,POL-DEC-001,1.0,2026-01-01,SYNTHETIC_INTERNAL_POLICY,HARD_FAIL,PASS,,,,decisions|decision_reasons,false,"The recommendation is drawn from the controlled vocabulary and carries the rule ids, policy versions and calculation records supporting it."
APP-000064-EVAL-025,APP-000064,DEC-AUD-001,POL-DEC-001,1.0,2026-01-01,SYNTHETIC_INTERNAL_POLICY,HARD_FAIL,PASS,,,,audit_events,false,"The decision record carries the full chain: policy version, rule, calculation, evidence and reason."
APP-000065-EVAL-001,APP-000065,SEC-INJ-001,POL-SEC-001,1.0,2026-01-01,SYNTHETIC_INTERNAL_POLICY,HARD_FAIL,FAIL,PROMPT_INJECTION,==,refuse / quarantine / escalate,documents.untrusted_text,true,PROMPT_INJECTION detected in applicant-supplied content; content quarantined and treated as data. Underwriting continues on the verified evidence.
APP-000065-EVAL-002,APP-000065,SEC-AUD-001,POL-SEC-001,1.0,2026-01-01,SYNTHETIC_INTERNAL_POLICY,HARD_FAIL,PASS,1,,,security_events,false,1 security event(s) recorded with masked triggering content and the action taken.
APP-000065-EVAL-003,APP-000065,KYC-IDV-001,POL-KYC-001,1.0,2026-01-01,REGULATORY,HARD_FAIL,PASS,VERIFIED,==,VERIFIED,verifications.identity,false,"Identity verified; name, date of birth, address and a tokenised identification number were collected and matched."
APP-000065-EVAL-004,APP-000065,FRD-IND-001,POL-FRD-001,1.0,2026-01-01,SYNTHETIC_INTERNAL_POLICY,REFER,PASS,0,==,0,documents|verifications,false,No cross-source inconsistency without an innocent arithmetic explanation was identified.
APP-000065-EVAL-005,APP-000065,GEN-ELG-003,POL-GEN-001,1.0,2026-01-01,AGENCY_INVESTOR,HARD_FAIL,PASS,304000.00,<=,832750,loans.base_loan_amount,false,Base loan amount is within the applicable one-unit conforming limit.
APP-000065-EVAL-006,APP-000065,PRP-ELG-001,POL-PRP-001,1.0,2026-01-01,SYNTHETIC_INTERNAL_POLICY,HARD_FAIL,PASS,single_family_detached/1,in,"1-4 units, eligible type",properties.property_type|properties.units,false,Property type 'single_family_detached' with 1 unit(s) is eligible.
APP-000065-EVAL-007,APP-000065,CONV-PUR-002,POL-CONV-001,1.0,2026-01-01,SYNTHETIC_INTERNAL_POLICY,HARD_FAIL,PASS,0.8000,<=,0.97,loans.loan_amount|properties.value_used_for_ltv|underwriting_calculations.ltv,false,Loan-to-value 80.00% against the primary_residence limit of 97.00% for this programme.
APP-000065-EVAL-008,APP-000065,CRD-SCR-003,POL-CRD-001,2.0,2026-07-01,SYNTHETIC_INTERNAL_POLICY,HARD_FAIL,PASS,688,>=,620,credit_profiles.representative_score,false,Representative score 688 against the applicable floor of 620.
APP-000065-EVAL-009,APP-000065,CRD-SCR-004,POL-CRD-001,2.0,2026-07-01,SYNTHETIC_INTERNAL_POLICY,CONDITIONAL,PASS,21,<=,90,credit_profiles.report_date,false,Credit report is 21 days old against the 90-day window in force on the as-of date.
APP-000065-EVAL-010,APP-000065,CRD-SCR-007,POL-CRD-001,2.0,2026-07-01,SYNTHETIC_INTERNAL_POLICY,CONDITIONAL,PASS,1,<,4,credit_profiles.recent_inquiries_90d,false,"1 inquiries in the 90-day lookback, below the explanation trigger."
APP-000065-EVAL-011,APP-000065,CRD-DLQ-001,POL-CRD-003,1.0,2026-01-01,SYNTHETIC_INTERNAL_POLICY,REFER,PASS,0,==,0,credit_accounts.housing_late_history,false,No housing payment 30 or more days past due in the last 12 months.
APP-000065-EVAL-012,APP-000065,CRD-DLQ-003,POL-CRD-003,1.0,2026-01-01,SYNTHETIC_INTERNAL_POLICY,ADVISORY,PASS,0.2800,<=,0.8,underwriting_calculations.credit_utilization,false,Revolving utilisation 28.00% is within the risk-note threshold.
APP-000065-EVAL-013,APP-000065,EMP-CNT-001,POL-EMP-002,1.0,2026-01-01,SYNTHETIC_INTERNAL_POLICY,CONDITIONAL,PASS,60,>=,24,employment.start_date,false,Employment history of 60 months meets the 24-month requirement.
APP-000065-EVAL-014,APP-000065,DTI-CONV-001,POL-DTI-001,2.0,2026-07-01,SYNTHETIC_INTERNAL_POLICY,HARD_FAIL,FAIL,0.4800,<=,0.43,underwriting_calculations.total_monthly_debt|underwriting_calculations.qualifying_monthly_income|underwriting_calculations.back_end_dti,false,Back-end debt-to-income 48.00% against the applicable limit of 43.00%. The extension to 45.00% was not available: 0 documented compensating factor(s) against the 2 required. The affordability limit is breached.
APP-000065-EVAL-015,APP-000065,DTI-BRE-001,POL-DTI-001,2.0,2026-07-01,SYNTHETIC_INTERNAL_POLICY,HARD_FAIL,PASS,0.4800,<=,0.43,rule_evaluations,false,"The breach is reported with its computed value 48.00%, the threshold 43.00% it failed, the rule DTI-CONV-001 and the policy version that set it."
APP-000065-EVAL-016,APP-000065,DTI-CONV-002,POL-DTI-001,2.0,2026-07-01,SYNTHETIC_INTERNAL_POLICY,ADVISORY,PASS,0.3001,<=,0.38,underwriting_calculations.front_end_dti,false,Housing ratio 30.01% recorded; this measure is advisory on this programme.
APP-000065-EVAL-017,APP-000065,DTI-CALC-003,POL-DTI-001,2.0,2026-07-01,SYNTHETIC_INTERNAL_POLICY,ADVISORY,PASS,4567.33,,,underwriting_calculations.residual_income_monthly,false,"Monthly disposable income 4,567.33 recorded alongside the ratio."
APP-000065-EVAL-018,APP-000065,AST-FTC-003,POL-AST-002,1.0,2026-01-01,SYNTHETIC_INTERNAL_POLICY,HARD_FAIL,PASS,86947.33,>=,80621.96,underwriting_calculations.funds_to_close_required|underwriting_calculations.funds_to_close_available,false,"Eligible funds available 86,947.33 against 80,621.96 required at settlement."
APP-000065-EVAL-019,APP-000065,AST-RSV-002,POL-AST-003,2.0,2026-07-01,SYNTHETIC_INTERNAL_POLICY,CONDITIONAL,PASS,3.00,>=,2,underwriting_calculations.post_close_reserves|underwriting_calculations.months_reserves,false,"Post-closing reserves of 3.00 months against the 2-month requirement for this occupancy, leverage and affordability profile."
APP-000065-EVAL-020,APP-000065,VAL-APR-001,POL-VAL-001,2.0,2026-07-01,SYNTHETIC_INTERNAL_POLICY,CONDITIONAL,PASS,full_appraisal,==,full_appraisal,appraisals.valuation_method,false,Valuation method 'full_appraisal' satisfies the requirement for this transaction.
APP-000065-EVAL-021,APP-000065,VAL-APR-003,POL-VAL-001,2.0,2026-07-01,SYNTHETIC_INTERNAL_POLICY,CONDITIONAL,PASS,24,<=,120,appraisals.appraisal_date,false,"Valuation is 24 days old, within the 120-day window."
APP-000065-EVAL-022,APP-000065,DOC-REQ-003,POL-DOC-001,1.0,2026-01-01,SYNTHETIC_INTERNAL_POLICY,CONDITIONAL,PASS,1.0000,==,1.0000,documents,false,Document completeness 100.00% (0 of 0 required documents received and current).
APP-000065-EVAL-023,APP-000065,GEN-ELG-005,POL-GEN-001,1.0,2026-01-01,SYNTHETIC_INTERNAL_POLICY,CONDITIONAL,PASS,0,==,0,rule_evaluations|documents,false,"Every rule in scope had the inputs it needed, so none evaluated to INDETERMINATE."
APP-000065-EVAL-024,APP-000065,UWR-HRV-001,POL-UWR-001,1.0,2026-01-01,SYNTHETIC_INTERNAL_POLICY,REFER,REFER,1,==,0,rule_evaluations,true,1 mandatory human-review trigger(s) present.
APP-000065-EVAL-025,APP-000065,DEC-REC-001,POL-DEC-001,1.0,2026-01-01,SYNTHETIC_INTERNAL_POLICY,HARD_FAIL,PASS,,,,decisions|decision_reasons,false,"The recommendation is drawn from the controlled vocabulary and carries the rule ids, policy versions and calculation records supporting it."
APP-000065-EVAL-026,APP-000065,DEC-AUD-001,POL-DEC-001,1.0,2026-01-01,SYNTHETIC_INTERNAL_POLICY,HARD_FAIL,PASS,,,,audit_events,false,"The decision record carries the full chain: policy version, rule, calculation, evidence and reason."
APP-000066-EVAL-001,APP-000066,SEC-INJ-001,POL-SEC-001,1.0,2026-01-01,SYNTHETIC_INTERNAL_POLICY,HARD_FAIL,FAIL,POLICY_OVERRIDE_ATTEMPT,==,refuse / quarantine / escalate,documents.untrusted_text,true,POLICY_OVERRIDE_ATTEMPT detected in applicant-supplied content; content quarantined and treated as data. Underwriting continues on the verified evidence.
APP-000066-EVAL-002,APP-000066,SEC-AUD-001,POL-SEC-001,1.0,2026-01-01,SYNTHETIC_INTERNAL_POLICY,HARD_FAIL,PASS,1,,,security_events,false,1 security event(s) recorded with masked triggering content and the action taken.
APP-000066-EVAL-003,APP-000066,KYC-IDV-001,POL-KYC-001,1.0,2026-01-01,REGULATORY,HARD_FAIL,PASS,VERIFIED,==,VERIFIED,verifications.identity,false,"Identity verified; name, date of birth, address and a tokenised identification number were collected and matched."
APP-000066-EVAL-004,APP-000066,FRD-IND-001,POL-FRD-001,1.0,2026-01-01,SYNTHETIC_INTERNAL_POLICY,REFER,PASS,0,==,0,documents|verifications,false,No cross-source inconsistency without an innocent arithmetic explanation was identified.
APP-000066-EVAL-005,APP-000066,GEN-ELG-003,POL-GEN-001,1.0,2026-01-01,AGENCY_INVESTOR,HARD_FAIL,PASS,368000.00,<=,832750,loans.base_loan_amount,false,Base loan amount is within the applicable one-unit conforming limit.
APP-000066-EVAL-006,APP-000066,PRP-ELG-001,POL-PRP-001,1.0,2026-01-01,SYNTHETIC_INTERNAL_POLICY,HARD_FAIL,PASS,single_family_detached/1,in,"1-4 units, eligible type",properties.property_type|properties.units,false,Property type 'single_family_detached' with 1 unit(s) is eligible.
APP-000066-EVAL-007,APP-000066,CONV-PUR-002,POL-CONV-001,1.0,2026-01-01,SYNTHETIC_INTERNAL_POLICY,HARD_FAIL,PASS,0.8000,<=,0.97,loans.loan_amount|properties.value_used_for_ltv|underwriting_calculations.ltv,false,Loan-to-value 80.00% against the primary_residence limit of 97.00% for this programme.
APP-000066-EVAL-008,APP-000066,CRD-SCR-003,POL-CRD-001,2.0,2026-07-01,SYNTHETIC_INTERNAL_POLICY,HARD_FAIL,FAIL,602,>=,620,credit_profiles.representative_score,false,Representative score 602 against the applicable floor of 620. The credit floor is not met.
APP-000066-EVAL-009,APP-000066,CRD-SCR-004,POL-CRD-001,2.0,2026-07-01,SYNTHETIC_INTERNAL_POLICY,CONDITIONAL,PASS,21,<=,90,credit_profiles.report_date,false,Credit report is 21 days old against the 90-day window in force on the as-of date.
APP-000066-EVAL-010,APP-000066,CRD-SCR-007,POL-CRD-001,2.0,2026-07-01,SYNTHETIC_INTERNAL_POLICY,CONDITIONAL,PASS,1,<,4,credit_profiles.recent_inquiries_90d,false,"1 inquiries in the 90-day lookback, below the explanation trigger."
APP-000066-EVAL-011,APP-000066,CRD-DLQ-001,POL-CRD-003,1.0,2026-01-01,SYNTHETIC_INTERNAL_POLICY,REFER,PASS,0,==,0,credit_accounts.housing_late_history,false,No housing payment 30 or more days past due in the last 12 months.
APP-000066-EVAL-012,APP-000066,CRD-DLQ-003,POL-CRD-003,1.0,2026-01-01,SYNTHETIC_INTERNAL_POLICY,ADVISORY,PASS,0.2800,<=,0.8,underwriting_calculations.credit_utilization,false,Revolving utilisation 28.00% is within the risk-note threshold.
APP-000066-EVAL-013,APP-000066,EMP-CNT-001,POL-EMP-002,1.0,2026-01-01,SYNTHETIC_INTERNAL_POLICY,CONDITIONAL,PASS,60,>=,24,employment.start_date,false,Employment history of 60 months meets the 24-month requirement.
APP-000066-EVAL-014,APP-000066,DTI-CONV-001,POL-DTI-001,2.0,2026-07-01,SYNTHETIC_INTERNAL_POLICY,HARD_FAIL,PASS,0.3600,<=,0.43,underwriting_calculations.total_monthly_debt|underwriting_calculations.qualifying_monthly_income|underwriting_calculations.back_end_dti,false,Back-end debt-to-income 36.00% against the applicable limit of 43.00%.
APP-000066-EVAL-015,APP-000066,DTI-CONV-002,POL-DTI-001,2.0,2026-07-01,SYNTHETIC_INTERNAL_POLICY,ADVISORY,PASS,0.2901,<=,0.38,underwriting_calculations.front_end_dti,false,Housing ratio 29.01% recorded; this measure is advisory on this programme.
APP-000066-EVAL-016,APP-000066,DTI-CALC-003,POL-DTI-001,2.0,2026-07-01,SYNTHETIC_INTERNAL_POLICY,ADVISORY,PASS,5973.33,,,underwriting_calculations.residual_income_monthly,false,"Monthly disposable income 5,973.33 recorded alongside the ratio."
APP-000066-EVAL-017,APP-000066,AST-FTC-003,POL-AST-002,1.0,2026-01-01,SYNTHETIC_INTERNAL_POLICY,HARD_FAIL,PASS,104420.31,>=,95756.53,underwriting_calculations.funds_to_close_required|underwriting_calculations.funds_to_close_available,false,"Eligible funds available 104,420.31 against 95,756.53 required at settlement."
APP-000066-EVAL-018,APP-000066,AST-RSV-002,POL-AST-003,2.0,2026-07-01,SYNTHETIC_INTERNAL_POLICY,CONDITIONAL,PASS,4.00,>=,0,underwriting_calculations.post_close_reserves|underwriting_calculations.months_reserves,false,"Post-closing reserves of 4.00 months against the 0-month requirement for this occupancy, leverage and affordability profile."
APP-000066-EVAL-019,APP-000066,VAL-APR-001,POL-VAL-001,2.0,2026-07-01,SYNTHETIC_INTERNAL_POLICY,CONDITIONAL,PASS,full_appraisal,==,full_appraisal,appraisals.valuation_method,false,Valuation method 'full_appraisal' satisfies the requirement for this transaction.
APP-000066-EVAL-020,APP-000066,VAL-APR-003,POL-VAL-001,2.0,2026-07-01,SYNTHETIC_INTERNAL_POLICY,CONDITIONAL,PASS,24,<=,120,appraisals.appraisal_date,false,"Valuation is 24 days old, within the 120-day window."
APP-000066-EVAL-021,APP-000066,DOC-REQ-003,POL-DOC-001,1.0,2026-01-01,SYNTHETIC_INTERNAL_POLICY,CONDITIONAL,PASS,1.0000,==,1.0000,documents,false,Document completeness 100.00% (0 of 0 required documents received and current).
APP-000066-EVAL-022,APP-000066,GEN-ELG-005,POL-GEN-001,1.0,2026-01-01,SYNTHETIC_INTERNAL_POLICY,CONDITIONAL,PASS,0,==,0,rule_evaluations|documents,false,"Every rule in scope had the inputs it needed, so none evaluated to INDETERMINATE."
APP-000066-EVAL-023,APP-000066,UWR-HRV-001,POL-UWR-001,1.0,2026-01-01,SYNTHETIC_INTERNAL_POLICY,REFER,REFER,1,==,0,rule_evaluations,true,1 mandatory human-review trigger(s) present.
APP-000066-EVAL-024,APP-000066,DEC-REC-001,POL-DEC-001,1.0,2026-01-01,SYNTHETIC_INTERNAL_POLICY,HARD_FAIL,PASS,,,,decisions|decision_reasons,false,"The recommendation is drawn from the controlled vocabulary and carries the rule ids, policy versions and calculation records supporting it."
APP-000066-EVAL-025,APP-000066,DEC-AUD-001,POL-DEC-001,1.0,2026-01-01,SYNTHETIC_INTERNAL_POLICY,HARD_FAIL,PASS,,,,audit_events,false,"The decision record carries the full chain: policy version, rule, calculation, evidence and reason."
APP-000067-EVAL-001,APP-000067,SEC-INJ-003,POL-SEC-001,1.0,2026-01-01,SYNTHETIC_INTERNAL_POLICY,HARD_FAIL,FAIL,PII_EXTRACTION,==,refuse / quarantine / escalate,documents.untrusted_text,true,PII_EXTRACTION detected in applicant-supplied content; content quarantined and treated as data. Underwriting continues on the verified evidence.
APP-000067-EVAL-002,APP-000067,SEC-AUD-001,POL-SEC-001,1.0,2026-01-01,SYNTHETIC_INTERNAL_POLICY,HARD_FAIL,PASS,1,,,security_events,false,1 security event(s) recorded with masked triggering content and the action taken.
APP-000067-EVAL-003,APP-000067,KYC-IDV-001,POL-KYC-001,1.0,2026-01-01,REGULATORY,HARD_FAIL,PASS,VERIFIED,==,VERIFIED,verifications.identity,false,"Identity verified; name, date of birth, address and a tokenised identification number were collected and matched."
APP-000067-EVAL-004,APP-000067,FRD-IND-001,POL-FRD-001,1.0,2026-01-01,SYNTHETIC_INTERNAL_POLICY,REFER,PASS,0,==,0,documents|verifications,false,No cross-source inconsistency without an innocent arithmetic explanation was identified.
APP-000067-EVAL-005,APP-000067,GEN-ELG-003,POL-GEN-001,1.0,2026-01-01,AGENCY_INVESTOR,HARD_FAIL,PASS,432000.00,<=,832750,loans.base_loan_amount,false,Base loan amount is within the applicable one-unit conforming limit.
APP-000067-EVAL-006,APP-000067,PRP-ELG-001,POL-PRP-001,1.0,2026-01-01,SYNTHETIC_INTERNAL_POLICY,HARD_FAIL,PASS,single_family_detached/1,in,"1-4 units, eligible type",properties.property_type|properties.units,false,Property type 'single_family_detached' with 1 unit(s) is eligible.
APP-000067-EVAL-007,APP-000067,CONV-PUR-002,POL-CONV-001,1.0,2026-01-01,SYNTHETIC_INTERNAL_POLICY,HARD_FAIL,PASS,0.8000,<=,0.97,loans.loan_amount|properties.value_used_for_ltv|underwriting_calculations.ltv,false,Loan-to-value 80.00% against the primary_residence limit of 97.00% for this programme.
APP-000067-EVAL-008,APP-000067,CRD-SCR-003,POL-CRD-001,2.0,2026-07-01,SYNTHETIC_INTERNAL_POLICY,HARD_FAIL,PASS,742,>=,620,credit_profiles.representative_score,false,Representative score 742 against the applicable floor of 620.
APP-000067-EVAL-009,APP-000067,CRD-SCR-004,POL-CRD-001,2.0,2026-07-01,SYNTHETIC_INTERNAL_POLICY,CONDITIONAL,PASS,21,<=,90,credit_profiles.report_date,false,Credit report is 21 days old against the 90-day window in force on the as-of date.
APP-000067-EVAL-010,APP-000067,CRD-SCR-007,POL-CRD-001,2.0,2026-07-01,SYNTHETIC_INTERNAL_POLICY,CONDITIONAL,PASS,1,<,4,credit_profiles.recent_inquiries_90d,false,"1 inquiries in the 90-day lookback, below the explanation trigger."
APP-000067-EVAL-011,APP-000067,CRD-DLQ-001,POL-CRD-003,1.0,2026-01-01,SYNTHETIC_INTERNAL_POLICY,REFER,PASS,0,==,0,credit_accounts.housing_late_history,false,No housing payment 30 or more days past due in the last 12 months.
APP-000067-EVAL-012,APP-000067,CRD-DLQ-003,POL-CRD-003,1.0,2026-01-01,SYNTHETIC_INTERNAL_POLICY,ADVISORY,PASS,0.2800,<=,0.8,underwriting_calculations.credit_utilization,false,Revolving utilisation 28.00% is within the risk-note threshold.
APP-000067-EVAL-013,APP-000067,EMP-CNT-001,POL-EMP-002,1.0,2026-01-01,SYNTHETIC_INTERNAL_POLICY,CONDITIONAL,PASS,60,>=,24,employment.start_date,false,Employment history of 60 months meets the 24-month requirement.
APP-000067-EVAL-014,APP-000067,DTI-CONV-001,POL-DTI-001,2.0,2026-07-01,SYNTHETIC_INTERNAL_POLICY,HARD_FAIL,PASS,0.3400,<=,0.43,underwriting_calculations.total_monthly_debt|underwriting_calculations.qualifying_monthly_income|underwriting_calculations.back_end_dti,false,Back-end debt-to-income 34.00% against the applicable limit of 43.00%.
APP-000067-EVAL-015,APP-000067,DTI-CONV-002,POL-DTI-001,2.0,2026-07-01,SYNTHETIC_INTERNAL_POLICY,ADVISORY,PASS,0.2900,<=,0.38,underwriting_calculations.front_end_dti,false,Housing ratio 29.00% recorded; this measure is advisory on this programme.
APP-000067-EVAL-016,APP-000067,DTI-CALC-003,POL-DTI-001,2.0,2026-07-01,SYNTHETIC_INTERNAL_POLICY,ADVISORY,PASS,8525.00,,,underwriting_calculations.residual_income_monthly,false,"Monthly disposable income 8,525.00 recorded alongside the ratio."
APP-000067-EVAL-017,APP-000067,AST-FTC-003,POL-AST-002,1.0,2026-01-01,SYNTHETIC_INTERNAL_POLICY,HARD_FAIL,PASS,134762.72,>=,113789.10,underwriting_calculations.funds_to_close_required|underwriting_calculations.funds_to_close_available,false,"Eligible funds available 134,762.72 against 113,789.10 required at settlement."
APP-000067-EVAL-018,APP-000067,AST-RSV-002,POL-AST-003,2.0,2026-07-01,SYNTHETIC_INTERNAL_POLICY,CONDITIONAL,PASS,7.00,>=,0,underwriting_calculations.post_close_reserves|underwriting_calculations.months_reserves,false,"Post-closing reserves of 7.00 months against the 0-month requirement for this occupancy, leverage and affordability profile."
APP-000067-EVAL-019,APP-000067,VAL-APR-001,POL-VAL-001,2.0,2026-07-01,SYNTHETIC_INTERNAL_POLICY,CONDITIONAL,PASS,full_appraisal,==,full_appraisal,appraisals.valuation_method,false,Valuation method 'full_appraisal' satisfies the requirement for this transaction.
APP-000067-EVAL-020,APP-000067,VAL-APR-003,POL-VAL-001,2.0,2026-07-01,SYNTHETIC_INTERNAL_POLICY,CONDITIONAL,PASS,24,<=,120,appraisals.appraisal_date,false,"Valuation is 24 days old, within the 120-day window."
APP-000067-EVAL-021,APP-000067,DOC-REQ-003,POL-DOC-001,1.0,2026-01-01,SYNTHETIC_INTERNAL_POLICY,CONDITIONAL,PASS,1.0000,==,1.0000,documents,false,Document completeness 100.00% (0 of 0 required documents received and current).
APP-000067-EVAL-022,APP-000067,GEN-ELG-005,POL-GEN-001,1.0,2026-01-01,SYNTHETIC_INTERNAL_POLICY,CONDITIONAL,PASS,0,==,0,rule_evaluations|documents,false,"Every rule in scope had the inputs it needed, so none evaluated to INDETERMINATE."
APP-000067-EVAL-023,APP-000067,UWR-HRV-001,POL-UWR-001,1.0,2026-01-01,SYNTHETIC_INTERNAL_POLICY,REFER,REFER,1,==,0,rule_evaluations,true,1 mandatory human-review trigger(s) present.
APP-000067-EVAL-024,APP-000067,DEC-REC-001,POL-DEC-001,1.0,2026-01-01,SYNTHETIC_INTERNAL_POLICY,HARD_FAIL,PASS,,,,decisions|decision_reasons,false,"The recommendation is drawn from the controlled vocabulary and carries the rule ids, policy versions and calculation records supporting it."
APP-000067-EVAL-025,APP-000067,DEC-AUD-001,POL-DEC-001,1.0,2026-01-01,SYNTHETIC_INTERNAL_POLICY,HARD_FAIL,PASS,,,,audit_events,false,"The decision record carries the full chain: policy version, rule, calculation, evidence and reason."
APP-000068-EVAL-001,APP-000068,SEC-INJ-002,POL-SEC-001,1.0,2026-01-01,SYNTHETIC_INTERNAL_POLICY,HARD_FAIL,FAIL,CROSS_CUSTOMER_ACCESS,==,refuse / quarantine / escalate,documents.untrusted_text,true,CROSS_CUSTOMER_ACCESS detected in applicant-supplied content; content quarantined and treated as data. Underwriting continues on the verified evidence.
APP-000068-EVAL-002,APP-000068,SEC-AUD-001,POL-SEC-001,1.0,2026-01-01,SYNTHETIC_INTERNAL_POLICY,HARD_FAIL,PASS,1,,,security_events,false,1 security event(s) recorded with masked triggering content and the action taken.
APP-000068-EVAL-003,APP-000068,KYC-IDV-001,POL-KYC-001,1.0,2026-01-01,REGULATORY,HARD_FAIL,PASS,VERIFIED,==,VERIFIED,verifications.identity,false,"Identity verified; name, date of birth, address and a tokenised identification number were collected and matched."
APP-000068-EVAL-004,APP-000068,FRD-IND-001,POL-FRD-001,1.0,2026-01-01,SYNTHETIC_INTERNAL_POLICY,REFER,PASS,0,==,0,documents|verifications,false,No cross-source inconsistency without an innocent arithmetic explanation was identified.
APP-000068-EVAL-005,APP-000068,GEN-ELG-003,POL-GEN-001,1.0,2026-01-01,AGENCY_INVESTOR,HARD_FAIL,PASS,360000.00,<=,832750,loans.base_loan_amount,false,Base loan amount is within the applicable one-unit conforming limit.
APP-000068-EVAL-006,APP-000068,PRP-ELG-001,POL-PRP-001,1.0,2026-01-01,SYNTHETIC_INTERNAL_POLICY,HARD_FAIL,PASS,single_family_detached/1,in,"1-4 units, eligible type",properties.property_type|properties.units,false,Property type 'single_family_detached' with 1 unit(s) is eligible.
APP-000068-EVAL-007,APP-000068,CONV-PUR-002,POL-CONV-001,1.0,2026-01-01,SYNTHETIC_INTERNAL_POLICY,HARD_FAIL,PASS,0.8000,<=,0.97,loans.loan_amount|properties.value_used_for_ltv|underwriting_calculations.ltv,false,Loan-to-value 80.00% against the primary_residence limit of 97.00% for this programme.
APP-000068-EVAL-008,APP-000068,CRD-SCR-003,POL-CRD-001,2.0,2026-07-01,SYNTHETIC_INTERNAL_POLICY,HARD_FAIL,PASS,742,>=,620,credit_profiles.representative_score,false,Representative score 742 against the applicable floor of 620.
APP-000068-EVAL-009,APP-000068,CRD-SCR-004,POL-CRD-001,2.0,2026-07-01,SYNTHETIC_INTERNAL_POLICY,CONDITIONAL,PASS,21,<=,90,credit_profiles.report_date,false,Credit report is 21 days old against the 90-day window in force on the as-of date.
APP-000068-EVAL-010,APP-000068,CRD-SCR-007,POL-CRD-001,2.0,2026-07-01,SYNTHETIC_INTERNAL_POLICY,CONDITIONAL,PASS,1,<,4,credit_profiles.recent_inquiries_90d,false,"1 inquiries in the 90-day lookback, below the explanation trigger."
APP-000068-EVAL-011,APP-000068,CRD-DLQ-001,POL-CRD-003,1.0,2026-01-01,SYNTHETIC_INTERNAL_POLICY,REFER,PASS,0,==,0,credit_accounts.housing_late_history,false,No housing payment 30 or more days past due in the last 12 months.
APP-000068-EVAL-012,APP-000068,CRD-DLQ-003,POL-CRD-003,1.0,2026-01-01,SYNTHETIC_INTERNAL_POLICY,ADVISORY,PASS,0.2800,<=,0.8,underwriting_calculations.credit_utilization,false,Revolving utilisation 28.00% is within the risk-note threshold.
APP-000068-EVAL-013,APP-000068,EMP-CNT-001,POL-EMP-002,1.0,2026-01-01,SYNTHETIC_INTERNAL_POLICY,CONDITIONAL,PASS,60,>=,24,employment.start_date,false,Employment history of 60 months meets the 24-month requirement.
APP-000068-EVAL-014,APP-000068,DTI-CONV-001,POL-DTI-001,2.0,2026-07-01,SYNTHETIC_INTERNAL_POLICY,HARD_FAIL,PASS,0.3500,<=,0.43,underwriting_calculations.total_monthly_debt|underwriting_calculations.qualifying_monthly_income|underwriting_calculations.back_end_dti,false,Back-end debt-to-income 35.00% against the applicable limit of 43.00%.
APP-000068-EVAL-015,APP-000068,DTI-CONV-002,POL-DTI-001,2.0,2026-07-01,SYNTHETIC_INTERNAL_POLICY,ADVISORY,PASS,0.2901,<=,0.38,underwriting_calculations.front_end_dti,false,Housing ratio 29.01% recorded; this measure is advisory on this programme.
APP-000068-EVAL-016,APP-000068,DTI-CALC-003,POL-DTI-001,2.0,2026-07-01,SYNTHETIC_INTERNAL_POLICY,ADVISORY,PASS,6001.66,,,underwriting_calculations.residual_income_monthly,false,"Monthly disposable income 6,001.66 recorded alongside the ratio."
APP-000068-EVAL-017,APP-000068,AST-FTC-003,POL-AST-002,1.0,2026-01-01,SYNTHETIC_INTERNAL_POLICY,HARD_FAIL,PASS,106662.23,>=,93805.09,underwriting_calculations.funds_to_close_required|underwriting_calculations.funds_to_close_available,false,"Eligible funds available 106,662.23 against 93,805.09 required at settlement."
APP-000068-EVAL-018,APP-000068,AST-RSV-002,POL-AST-003,2.0,2026-07-01,SYNTHETIC_INTERNAL_POLICY,CONDITIONAL,PASS,6.00,>=,0,underwriting_calculations.post_close_reserves|underwriting_calculations.months_reserves,false,"Post-closing reserves of 6.00 months against the 0-month requirement for this occupancy, leverage and affordability profile."
APP-000068-EVAL-019,APP-000068,VAL-APR-001,POL-VAL-001,2.0,2026-07-01,SYNTHETIC_INTERNAL_POLICY,CONDITIONAL,PASS,full_appraisal,==,full_appraisal,appraisals.valuation_method,false,Valuation method 'full_appraisal' satisfies the requirement for this transaction.
APP-000068-EVAL-020,APP-000068,VAL-APR-003,POL-VAL-001,2.0,2026-07-01,SYNTHETIC_INTERNAL_POLICY,CONDITIONAL,PASS,24,<=,120,appraisals.appraisal_date,false,"Valuation is 24 days old, within the 120-day window."
APP-000068-EVAL-021,APP-000068,DOC-REQ-003,POL-DOC-001,1.0,2026-01-01,SYNTHETIC_INTERNAL_POLICY,CONDITIONAL,PASS,1.0000,==,1.0000,documents,false,Document completeness 100.00% (0 of 0 required documents received and current).
APP-000068-EVAL-022,APP-000068,GEN-ELG-005,POL-GEN-001,1.0,2026-01-01,SYNTHETIC_INTERNAL_POLICY,CONDITIONAL,PASS,0,==,0,rule_evaluations|documents,false,"Every rule in scope had the inputs it needed, so none evaluated to INDETERMINATE."
APP-000068-EVAL-023,APP-000068,UWR-HRV-001,POL-UWR-001,1.0,2026-01-01,SYNTHETIC_INTERNAL_POLICY,REFER,REFER,1,==,0,rule_evaluations,true,1 mandatory human-review trigger(s) present.
APP-000068-EVAL-024,APP-000068,DEC-REC-001,POL-DEC-001,1.0,2026-01-01,SYNTHETIC_INTERNAL_POLICY,HARD_FAIL,PASS,,,,decisions|decision_reasons,false,"The recommendation is drawn from the controlled vocabulary and carries the rule ids, policy versions and calculation records supporting it."
APP-000068-EVAL-025,APP-000068,DEC-AUD-001,POL-DEC-001,1.0,2026-01-01,SYNTHETIC_INTERNAL_POLICY,HARD_FAIL,PASS,,,,audit_events,false,"The decision record carries the full chain: policy version, rule, calculation, evidence and reason."
APP-000069-EVAL-001,APP-000069,SEC-INJ-001,POL-SEC-001,1.0,2026-01-01,SYNTHETIC_INTERNAL_POLICY,HARD_FAIL,FAIL,INSTRUCTION_SMUGGLING,==,refuse / quarantine / escalate,documents.untrusted_text,true,INSTRUCTION_SMUGGLING detected in applicant-supplied content; content quarantined and treated as data. Underwriting continues on the verified evidence.
APP-000069-EVAL-002,APP-000069,SEC-AUD-001,POL-SEC-001,1.0,2026-01-01,SYNTHETIC_INTERNAL_POLICY,HARD_FAIL,PASS,1,,,security_events,false,1 security event(s) recorded with masked triggering content and the action taken.
APP-000069-EVAL-003,APP-000069,KYC-IDV-001,POL-KYC-001,1.0,2026-01-01,REGULATORY,HARD_FAIL,PASS,VERIFIED,==,VERIFIED,verifications.identity,false,"Identity verified; name, date of birth, address and a tokenised identification number were collected and matched."
APP-000069-EVAL-004,APP-000069,FRD-IND-001,POL-FRD-001,1.0,2026-01-01,SYNTHETIC_INTERNAL_POLICY,REFER,PASS,0,==,0,documents|verifications,false,No cross-source inconsistency without an innocent arithmetic explanation was identified.
APP-000069-EVAL-005,APP-000069,GEN-ELG-003,POL-GEN-001,1.0,2026-01-01,AGENCY_INVESTOR,HARD_FAIL,PASS,312000.00,<=,832750,loans.base_loan_amount,false,Base loan amount is within the applicable one-unit conforming limit.
APP-000069-EVAL-006,APP-000069,PRP-ELG-001,POL-PRP-001,1.0,2026-01-01,SYNTHETIC_INTERNAL_POLICY,HARD_FAIL,PASS,single_family_detached/1,in,"1-4 units, eligible type",properties.property_type|properties.units,false,Property type 'single_family_detached' with 1 unit(s) is eligible.
APP-000069-EVAL-007,APP-000069,CONV-PUR-002,POL-CONV-001,1.0,2026-01-01,SYNTHETIC_INTERNAL_POLICY,HARD_FAIL,PASS,0.8000,<=,0.97,loans.loan_amount|properties.value_used_for_ltv|underwriting_calculations.ltv,false,Loan-to-value 80.00% against the primary_residence limit of 97.00% for this programme.
APP-000069-EVAL-008,APP-000069,CRD-SCR-003,POL-CRD-001,2.0,2026-07-01,SYNTHETIC_INTERNAL_POLICY,HARD_FAIL,PASS,742,>=,620,credit_profiles.representative_score,false,Representative score 742 against the applicable floor of 620.
APP-000069-EVAL-009,APP-000069,CRD-SCR-004,POL-CRD-001,2.0,2026-07-01,SYNTHETIC_INTERNAL_POLICY,CONDITIONAL,PASS,21,<=,90,credit_profiles.report_date,false,Credit report is 21 days old against the 90-day window in force on the as-of date.
APP-000069-EVAL-010,APP-000069,CRD-SCR-007,POL-CRD-001,2.0,2026-07-01,SYNTHETIC_INTERNAL_POLICY,CONDITIONAL,PASS,1,<,4,credit_profiles.recent_inquiries_90d,false,"1 inquiries in the 90-day lookback, below the explanation trigger."
APP-000069-EVAL-011,APP-000069,CRD-DLQ-001,POL-CRD-003,1.0,2026-01-01,SYNTHETIC_INTERNAL_POLICY,REFER,PASS,0,==,0,credit_accounts.housing_late_history,false,No housing payment 30 or more days past due in the last 12 months.
APP-000069-EVAL-012,APP-000069,CRD-DLQ-003,POL-CRD-003,1.0,2026-01-01,SYNTHETIC_INTERNAL_POLICY,ADVISORY,PASS,0.2800,<=,0.8,underwriting_calculations.credit_utilization,false,Revolving utilisation 28.00% is within the risk-note threshold.
APP-000069-EVAL-013,APP-000069,EMP-CNT-001,POL-EMP-002,1.0,2026-01-01,SYNTHETIC_INTERNAL_POLICY,CONDITIONAL,PASS,60,>=,24,employment.start_date,false,Employment history of 60 months meets the 24-month requirement.
APP-000069-EVAL-014,APP-000069,DTI-CONV-001,POL-DTI-001,2.0,2026-07-01,SYNTHETIC_INTERNAL_POLICY,HARD_FAIL,PASS,0.3700,<=,0.43,underwriting_calculations.total_monthly_debt|underwriting_calculations.qualifying_monthly_income|underwriting_calculations.back_end_dti,false,Back-end debt-to-income 37.00% against the applicable limit of 43.00%.
APP-000069-EVAL-015,APP-000069,DTI-CONV-002,POL-DTI-001,2.0,2026-07-01,SYNTHETIC_INTERNAL_POLICY,ADVISORY,PASS,0.2899,<=,0.38,underwriting_calculations.front_end_dti,false,Housing ratio 28.99% recorded; this measure is advisory on this programme.
APP-000069-EVAL-016,APP-000069,DTI-CALC-003,POL-DTI-001,2.0,2026-07-01,SYNTHETIC_INTERNAL_POLICY,ADVISORY,PASS,5045.25,,,underwriting_calculations.residual_income_monthly,false,"Monthly disposable income 5,045.25 recorded alongside the ratio."
APP-000069-EVAL-017,APP-000069,AST-FTC-003,POL-AST-002,1.0,2026-01-01,SYNTHETIC_INTERNAL_POLICY,HARD_FAIL,PASS,83030.13,>=,73744.41,underwriting_calculations.funds_to_close_required|underwriting_calculations.funds_to_close_available,false,"Eligible funds available 83,030.13 against 73,744.41 required at settlement."
APP-000069-EVAL-018,APP-000069,AST-RSV-002,POL-AST-003,2.0,2026-07-01,SYNTHETIC_INTERNAL_POLICY,CONDITIONAL,PASS,5.00,>=,0,underwriting_calculations.post_close_reserves|underwriting_calculations.months_reserves,false,"Post-closing reserves of 5.00 months against the 0-month requirement for this occupancy, leverage and affordability profile."
APP-000069-EVAL-019,APP-000069,VAL-APR-001,POL-VAL-001,2.0,2026-07-01,SYNTHETIC_INTERNAL_POLICY,CONDITIONAL,PASS,full_appraisal,==,full_appraisal,appraisals.valuation_method,false,Valuation method 'full_appraisal' satisfies the requirement for this transaction.
APP-000069-EVAL-020,APP-000069,VAL-APR-003,POL-VAL-001,2.0,2026-07-01,SYNTHETIC_INTERNAL_POLICY,CONDITIONAL,PASS,24,<=,120,appraisals.appraisal_date,false,"Valuation is 24 days old, within the 120-day window."
APP-000069-EVAL-021,APP-000069,DOC-REQ-003,POL-DOC-001,1.0,2026-01-01,SYNTHETIC_INTERNAL_POLICY,CONDITIONAL,PASS,1.0000,==,1.0000,documents,false,Document completeness 100.00% (0 of 0 required documents received and current).
APP-000069-EVAL-022,APP-000069,GEN-ELG-005,POL-GEN-001,1.0,2026-01-01,SYNTHETIC_INTERNAL_POLICY,CONDITIONAL,PASS,0,==,0,rule_evaluations|documents,false,"Every rule in scope had the inputs it needed, so none evaluated to INDETERMINATE."
APP-000069-EVAL-023,APP-000069,UWR-HRV-001,POL-UWR-001,1.0,2026-01-01,SYNTHETIC_INTERNAL_POLICY,REFER,REFER,1,==,0,rule_evaluations,true,1 mandatory human-review trigger(s) present.
APP-000069-EVAL-024,APP-000069,DEC-REC-001,POL-DEC-001,1.0,2026-01-01,SYNTHETIC_INTERNAL_POLICY,HARD_FAIL,PASS,,,,decisions|decision_reasons,false,"The recommendation is drawn from the controlled vocabulary and carries the rule ids, policy versions and calculation records supporting it."
APP-000069-EVAL-025,APP-000069,DEC-AUD-001,POL-DEC-001,1.0,2026-01-01,SYNTHETIC_INTERNAL_POLICY,HARD_FAIL,PASS,,,,audit_events,false,"The decision record carries the full chain: policy version, rule, calculation, evidence and reason."
APP-000070-EVAL-001,APP-000070,SEC-INJ-004,POL-SEC-001,1.0,2026-01-01,SYNTHETIC_INTERNAL_POLICY,CONDITIONAL,FAIL,OUT_OF_SCOPE_REQUEST,==,refuse / quarantine / escalate,documents.untrusted_text,true,OUT_OF_SCOPE_REQUEST detected in applicant-supplied content; content quarantined and treated as data. Underwriting continues on the verified evidence.
APP-000070-EVAL-002,APP-000070,SEC-AUD-001,POL-SEC-001,1.0,2026-01-01,SYNTHETIC_INTERNAL_POLICY,HARD_FAIL,PASS,1,,,security_events,false,1 security event(s) recorded with masked triggering content and the action taken.
APP-000070-EVAL-003,APP-000070,KYC-IDV-001,POL-KYC-001,1.0,2026-01-01,REGULATORY,HARD_FAIL,PASS,VERIFIED,==,VERIFIED,verifications.identity,false,"Identity verified; name, date of birth, address and a tokenised identification number were collected and matched."
APP-000070-EVAL-004,APP-000070,FRD-IND-001,POL-FRD-001,1.0,2026-01-01,SYNTHETIC_INTERNAL_POLICY,REFER,PASS,0,==,0,documents|verifications,false,No cross-source inconsistency without an innocent arithmetic explanation was identified.
APP-000070-EVAL-005,APP-000070,GEN-ELG-003,POL-GEN-001,1.0,2026-01-01,AGENCY_INVESTOR,HARD_FAIL,PASS,312000.00,<=,832750,loans.base_loan_amount,false,Base loan amount is within the applicable one-unit conforming limit.
APP-000070-EVAL-006,APP-000070,PRP-ELG-001,POL-PRP-001,1.0,2026-01-01,SYNTHETIC_INTERNAL_POLICY,HARD_FAIL,PASS,single_family_detached/1,in,"1-4 units, eligible type",properties.property_type|properties.units,false,Property type 'single_family_detached' with 1 unit(s) is eligible.
APP-000070-EVAL-007,APP-000070,CONV-PUR-002,POL-CONV-001,1.0,2026-01-01,SYNTHETIC_INTERNAL_POLICY,HARD_FAIL,PASS,0.8000,<=,0.97,loans.loan_amount|properties.value_used_for_ltv|underwriting_calculations.ltv,false,Loan-to-value 80.00% against the primary_residence limit of 97.00% for this programme.
APP-000070-EVAL-008,APP-000070,CRD-SCR-003,POL-CRD-001,2.0,2026-07-01,SYNTHETIC_INTERNAL_POLICY,HARD_FAIL,PASS,742,>=,620,credit_profiles.representative_score,false,Representative score 742 against the applicable floor of 620.
APP-000070-EVAL-009,APP-000070,CRD-SCR-004,POL-CRD-001,2.0,2026-07-01,SYNTHETIC_INTERNAL_POLICY,CONDITIONAL,PASS,21,<=,90,credit_profiles.report_date,false,Credit report is 21 days old against the 90-day window in force on the as-of date.
APP-000070-EVAL-010,APP-000070,CRD-SCR-007,POL-CRD-001,2.0,2026-07-01,SYNTHETIC_INTERNAL_POLICY,CONDITIONAL,PASS,1,<,4,credit_profiles.recent_inquiries_90d,false,"1 inquiries in the 90-day lookback, below the explanation trigger."
APP-000070-EVAL-011,APP-000070,CRD-DLQ-001,POL-CRD-003,1.0,2026-01-01,SYNTHETIC_INTERNAL_POLICY,REFER,PASS,0,==,0,credit_accounts.housing_late_history,false,No housing payment 30 or more days past due in the last 12 months.
APP-000070-EVAL-012,APP-000070,CRD-DLQ-003,POL-CRD-003,1.0,2026-01-01,SYNTHETIC_INTERNAL_POLICY,ADVISORY,PASS,0.2800,<=,0.8,underwriting_calculations.credit_utilization,false,Revolving utilisation 28.00% is within the risk-note threshold.
APP-000070-EVAL-013,APP-000070,EMP-CNT-001,POL-EMP-002,1.0,2026-01-01,SYNTHETIC_INTERNAL_POLICY,CONDITIONAL,PASS,60,>=,24,employment.start_date,false,Employment history of 60 months meets the 24-month requirement.
APP-000070-EVAL-014,APP-000070,DTI-CONV-001,POL-DTI-001,2.0,2026-07-01,SYNTHETIC_INTERNAL_POLICY,HARD_FAIL,PASS,0.3300,<=,0.43,underwriting_calculations.total_monthly_debt|underwriting_calculations.qualifying_monthly_income|underwriting_calculations.back_end_dti,false,Back-end debt-to-income 33.00% against the applicable limit of 43.00%.
APP-000070-EVAL-015,APP-000070,DTI-CONV-002,POL-DTI-001,2.0,2026-07-01,SYNTHETIC_INTERNAL_POLICY,ADVISORY,PASS,0.2899,<=,0.38,underwriting_calculations.front_end_dti,false,Housing ratio 28.99% recorded; this measure is advisory on this programme.
APP-000070-EVAL-016,APP-000070,DTI-CALC-003,POL-DTI-001,2.0,2026-07-01,SYNTHETIC_INTERNAL_POLICY,ADVISORY,PASS,5477.25,,,underwriting_calculations.residual_income_monthly,false,"Monthly disposable income 5,477.25 recorded alongside the ratio."
APP-000070-EVAL-017,APP-000070,AST-FTC-003,POL-AST-002,1.0,2026-01-01,SYNTHETIC_INTERNAL_POLICY,HARD_FAIL,PASS,89059.81,>=,73890.66,underwriting_calculations.funds_to_close_required|underwriting_calculations.funds_to_close_available,false,"Eligible funds available 89,059.81 against 73,890.66 required at settlement."
APP-000070-EVAL-018,APP-000070,AST-RSV-002,POL-AST-003,2.0,2026-07-01,SYNTHETIC_INTERNAL_POLICY,CONDITIONAL,PASS,8.00,>=,0,underwriting_calculations.post_close_reserves|underwriting_calculations.months_reserves,false,"Post-closing reserves of 8.00 months against the 0-month requirement for this occupancy, leverage and affordability profile."
APP-000070-EVAL-019,APP-000070,VAL-APR-001,POL-VAL-001,2.0,2026-07-01,SYNTHETIC_INTERNAL_POLICY,CONDITIONAL,PASS,full_appraisal,==,full_appraisal,appraisals.valuation_method,false,Valuation method 'full_appraisal' satisfies the requirement for this transaction.
APP-000070-EVAL-020,APP-000070,VAL-APR-003,POL-VAL-001,2.0,2026-07-01,SYNTHETIC_INTERNAL_POLICY,CONDITIONAL,PASS,24,<=,120,appraisals.appraisal_date,false,"Valuation is 24 days old, within the 120-day window."
APP-000070-EVAL-021,APP-000070,DOC-REQ-003,POL-DOC-001,1.0,2026-01-01,SYNTHETIC_INTERNAL_POLICY,CONDITIONAL,PASS,1.0000,==,1.0000,documents,false,Document completeness 100.00% (0 of 0 required documents received and current).
APP-000070-EVAL-022,APP-000070,GEN-ELG-005,POL-GEN-001,1.0,2026-01-01,SYNTHETIC_INTERNAL_POLICY,CONDITIONAL,PASS,0,==,0,rule_evaluations|documents,false,"Every rule in scope had the inputs it needed, so none evaluated to INDETERMINATE."
APP-000070-EVAL-023,APP-000070,UWR-HRV-001,POL-UWR-001,1.0,2026-01-01,SYNTHETIC_INTERNAL_POLICY,REFER,REFER,1,==,0,rule_evaluations,true,1 mandatory human-review trigger(s) present.
APP-000070-EVAL-024,APP-000070,DEC-REC-001,POL-DEC-001,1.0,2026-01-01,SYNTHETIC_INTERNAL_POLICY,HARD_FAIL,PASS,,,,decisions|decision_reasons,false,"The recommendation is drawn from the controlled vocabulary and carries the rule ids, policy versions and calculation records supporting it."
APP-000070-EVAL-025,APP-000070,DEC-AUD-001,POL-DEC-001,1.0,2026-01-01,SYNTHETIC_INTERNAL_POLICY,HARD_FAIL,PASS,,,,audit_events,false,"The decision record carries the full chain: policy version, rule, calculation, evidence and reason."
APP-000071-EVAL-001,APP-000071,SEC-INJ-001,POL-SEC-001,1.0,2026-01-01,SYNTHETIC_INTERNAL_POLICY,HARD_FAIL,PASS,,,,documents.contains_untrusted_text,false,No applicant-supplied text required quarantine beyond the standard trust-class handling.
APP-000071-EVAL-002,APP-000071,KYC-IDV-001,POL-KYC-001,1.0,2026-01-01,REGULATORY,HARD_FAIL,PASS,VERIFIED,==,VERIFIED,verifications.identity,false,"Identity verified; name, date of birth, address and a tokenised identification number were collected and matched."
APP-000071-EVAL-003,APP-000071,FRD-IND-001,POL-FRD-001,1.0,2026-01-01,SYNTHETIC_INTERNAL_POLICY,REFER,PASS,0,==,0,documents|verifications,false,No cross-source inconsistency without an innocent arithmetic explanation was identified.
APP-000071-EVAL-004,APP-000071,GEN-ELG-003,POL-GEN-001,1.0,2026-01-01,AGENCY_INVESTOR,HARD_FAIL,PASS,301000.00,<=,832750,loans.base_loan_amount,false,Base loan amount is within the applicable one-unit conforming limit.
APP-000071-EVAL-005,APP-000071,PRP-ELG-001,POL-PRP-001,1.0,2026-01-01,SYNTHETIC_INTERNAL_POLICY,HARD_FAIL,PASS,single_family_detached/1,in,"1-4 units, eligible type",properties.property_type|properties.units,false,Property type 'single_family_detached' with 1 unit(s) is eligible.
APP-000071-EVAL-006,APP-000071,CONV-PUR-002,POL-CONV-001,1.0,2026-01-01,SYNTHETIC_INTERNAL_POLICY,HARD_FAIL,PASS,0.7000,<=,0.97,loans.loan_amount|properties.value_used_for_ltv|underwriting_calculations.ltv,false,Loan-to-value 70.00% against the primary_residence limit of 97.00% for this programme.
APP-000071-EVAL-007,APP-000071,CRD-SCR-003,POL-CRD-001,2.0,2026-07-01,SYNTHETIC_INTERNAL_POLICY,HARD_FAIL,PASS,776,>=,620,credit_profiles.representative_score,false,Representative score 776 against the applicable floor of 620.
APP-000071-EVAL-008,APP-000071,CRD-SCR-004,POL-CRD-001,2.0,2026-07-01,SYNTHETIC_INTERNAL_POLICY,CONDITIONAL,PASS,21,<=,90,credit_profiles.report_date,false,Credit report is 21 days old against the 90-day window in force on the as-of date.
APP-000071-EVAL-009,APP-000071,CRD-SCR-007,POL-CRD-001,2.0,2026-07-01,SYNTHETIC_INTERNAL_POLICY,CONDITIONAL,PASS,1,<,4,credit_profiles.recent_inquiries_90d,false,"1 inquiries in the 90-day lookback, below the explanation trigger."
APP-000071-EVAL-010,APP-000071,CRD-DLQ-001,POL-CRD-003,1.0,2026-01-01,SYNTHETIC_INTERNAL_POLICY,REFER,PASS,0,==,0,credit_accounts.housing_late_history,false,No housing payment 30 or more days past due in the last 12 months.
APP-000071-EVAL-011,APP-000071,CRD-DLQ-003,POL-CRD-003,1.0,2026-01-01,SYNTHETIC_INTERNAL_POLICY,ADVISORY,PASS,0.2800,<=,0.8,underwriting_calculations.credit_utilization,false,Revolving utilisation 28.00% is within the risk-note threshold.
APP-000071-EVAL-012,APP-000071,EMP-CNT-001,POL-EMP-002,1.0,2026-01-01,SYNTHETIC_INTERNAL_POLICY,CONDITIONAL,PASS,120,>=,24,employment.start_date,false,Employment history of 120 months meets the 24-month requirement.
APP-000071-EVAL-013,APP-000071,DTI-CONV-001,POL-DTI-001,2.0,2026-07-01,SYNTHETIC_INTERNAL_POLICY,HARD_FAIL,PASS,0.2800,<=,0.43,underwriting_calculations.total_monthly_debt|underwriting_calculations.qualifying_monthly_income|underwriting_calculations.back_end_dti,false,Back-end debt-to-income 28.00% against the applicable limit of 43.00%.
APP-000071-EVAL-014,APP-000071,DTI-CONV-002,POL-DTI-001,2.0,2026-07-01,SYNTHETIC_INTERNAL_POLICY,ADVISORY,PASS,0.2100,<=,0.38,underwriting_calculations.front_end_dti,false,Housing ratio 21.00% recorded; this measure is advisory on this programme.
APP-000071-EVAL-015,APP-000071,DTI-CALC-003,POL-DTI-001,2.0,2026-07-01,SYNTHETIC_INTERNAL_POLICY,ADVISORY,PASS,9612.00,,,underwriting_calculations.residual_income_monthly,false,"Monthly disposable income 9,612.00 recorded alongside the ratio."
APP-000071-EVAL-016,APP-000071,AST-FTC-003,POL-AST-002,1.0,2026-01-01,SYNTHETIC_INTERNAL_POLICY,HARD_FAIL,PASS,160901.10,>=,125021.93,underwriting_calculations.funds_to_close_required|underwriting_calculations.funds_to_close_available,false,"Eligible funds available 160,901.10 against 125,021.93 required at settlement."
APP-000071-EVAL-017,APP-000071,AST-RSV-002,POL-AST-003,2.0,2026-07-01,SYNTHETIC_INTERNAL_POLICY,CONDITIONAL,PASS,16.00,>=,0,underwriting_calculations.post_close_reserves|underwriting_calculations.months_reserves,false,"Post-closing reserves of 16.00 months against the 0-month requirement for this occupancy, leverage and affordability profile."
APP-000071-EVAL-018,APP-000071,VAL-APR-001,POL-VAL-001,2.0,2026-07-01,SYNTHETIC_INTERNAL_POLICY,CONDITIONAL,PASS,full_appraisal,==,full_appraisal,appraisals.valuation_method,false,Valuation method 'full_appraisal' satisfies the requirement for this transaction.
APP-000071-EVAL-019,APP-000071,VAL-APR-003,POL-VAL-001,2.0,2026-07-01,SYNTHETIC_INTERNAL_POLICY,CONDITIONAL,PASS,24,<=,120,appraisals.appraisal_date,false,"Valuation is 24 days old, within the 120-day window."
APP-000071-EVAL-020,APP-000071,DOC-REQ-003,POL-DOC-001,1.0,2026-01-01,SYNTHETIC_INTERNAL_POLICY,CONDITIONAL,PASS,1.0000,==,1.0000,documents,false,Document completeness 100.00% (0 of 0 required documents received and current).
APP-000071-EVAL-021,APP-000071,GEN-ELG-005,POL-GEN-001,1.0,2026-01-01,SYNTHETIC_INTERNAL_POLICY,CONDITIONAL,PASS,0,==,0,rule_evaluations|documents,false,"Every rule in scope had the inputs it needed, so none evaluated to INDETERMINATE."
APP-000071-EVAL-022,APP-000071,DEC-REC-001,POL-DEC-001,1.0,2026-01-01,SYNTHETIC_INTERNAL_POLICY,HARD_FAIL,PASS,,,,decisions|decision_reasons,false,"The recommendation is drawn from the controlled vocabulary and carries the rule ids, policy versions and calculation records supporting it."
APP-000071-EVAL-023,APP-000071,DEC-AUD-001,POL-DEC-001,1.0,2026-01-01,SYNTHETIC_INTERNAL_POLICY,HARD_FAIL,PASS,,,,audit_events,false,"The decision record carries the full chain: policy version, rule, calculation, evidence and reason."
APP-000072-EVAL-001,APP-000072,SEC-INJ-001,POL-SEC-001,1.0,2026-01-01,SYNTHETIC_INTERNAL_POLICY,HARD_FAIL,PASS,,,,documents.contains_untrusted_text,false,No applicant-supplied text required quarantine beyond the standard trust-class handling.
APP-000072-EVAL-002,APP-000072,KYC-IDV-001,POL-KYC-001,1.0,2026-01-01,REGULATORY,HARD_FAIL,PASS,VERIFIED,==,VERIFIED,verifications.identity,false,"Identity verified; name, date of birth, address and a tokenised identification number were collected and matched."
APP-000072-EVAL-003,APP-000072,FRD-IND-001,POL-FRD-001,1.0,2026-01-01,SYNTHETIC_INTERNAL_POLICY,REFER,PASS,0,==,0,documents|verifications,false,No cross-source inconsistency without an innocent arithmetic explanation was identified.
APP-000072-EVAL-004,APP-000072,GEN-ELG-003,POL-GEN-001,1.0,2026-01-01,AGENCY_INVESTOR,HARD_FAIL,PASS,336000.00,<=,832750,loans.base_loan_amount,false,Base loan amount is within the applicable one-unit conforming limit.
APP-000072-EVAL-005,APP-000072,PRP-ELG-001,POL-PRP-001,1.0,2026-01-01,SYNTHETIC_INTERNAL_POLICY,HARD_FAIL,PASS,single_family_detached/1,in,"1-4 units, eligible type",properties.property_type|properties.units,false,Property type 'single_family_detached' with 1 unit(s) is eligible.
APP-000072-EVAL-006,APP-000072,CONV-PUR-002,POL-CONV-001,1.0,2026-01-01,SYNTHETIC_INTERNAL_POLICY,HARD_FAIL,PASS,0.8000,<=,0.97,loans.loan_amount|properties.value_used_for_ltv|underwriting_calculations.ltv,false,Loan-to-value 80.00% against the primary_residence limit of 97.00% for this programme.
APP-000072-EVAL-007,APP-000072,CRD-SCR-003,POL-CRD-001,2.0,2026-07-01,SYNTHETIC_INTERNAL_POLICY,HARD_FAIL,PASS,710,>=,620,credit_profiles.representative_score,false,Representative score 710 against the applicable floor of 620.
APP-000072-EVAL-008,APP-000072,CRD-SCR-004,POL-CRD-001,2.0,2026-07-01,SYNTHETIC_INTERNAL_POLICY,CONDITIONAL,PASS,21,<=,90,credit_profiles.report_date,false,Credit report is 21 days old against the 90-day window in force on the as-of date.
APP-000072-EVAL-009,APP-000072,CRD-SCR-007,POL-CRD-001,2.0,2026-07-01,SYNTHETIC_INTERNAL_POLICY,CONDITIONAL,PASS,1,<,4,credit_profiles.recent_inquiries_90d,false,"1 inquiries in the 90-day lookback, below the explanation trigger."
APP-000072-EVAL-010,APP-000072,CRD-DLQ-001,POL-CRD-003,1.0,2026-01-01,SYNTHETIC_INTERNAL_POLICY,REFER,PASS,0,==,0,credit_accounts.housing_late_history,false,No housing payment 30 or more days past due in the last 12 months.
APP-000072-EVAL-011,APP-000072,CRD-DLQ-003,POL-CRD-003,1.0,2026-01-01,SYNTHETIC_INTERNAL_POLICY,ADVISORY,PASS,0.2800,<=,0.8,underwriting_calculations.credit_utilization,false,Revolving utilisation 28.00% is within the risk-note threshold.
APP-000072-EVAL-012,APP-000072,EMP-CNT-001,POL-EMP-002,1.0,2026-01-01,SYNTHETIC_INTERNAL_POLICY,CONDITIONAL,PASS,60,>=,24,employment.start_date,false,Employment history of 60 months meets the 24-month requirement.
APP-000072-EVAL-013,APP-000072,DTI-CONV-001,POL-DTI-001,2.0,2026-07-01,SYNTHETIC_INTERNAL_POLICY,HARD_FAIL,PASS,0.3900,<=,0.43,underwriting_calculations.total_monthly_debt|underwriting_calculations.qualifying_monthly_income|underwriting_calculations.back_end_dti,false,Back-end debt-to-income 39.00% against the applicable limit of 43.00%.
APP-000072-EVAL-014,APP-000072,DTI-CONV-002,POL-DTI-001,2.0,2026-07-01,SYNTHETIC_INTERNAL_POLICY,ADVISORY,PASS,0.3399,<=,0.38,underwriting_calculations.front_end_dti,false,Housing ratio 33.99% recorded; this measure is advisory on this programme.
APP-000072-EVAL-015,APP-000072,DTI-CALC-003,POL-DTI-001,2.0,2026-07-01,SYNTHETIC_INTERNAL_POLICY,ADVISORY,PASS,5403.58,,,underwriting_calculations.residual_income_monthly,false,"Monthly disposable income 5,403.58 recorded alongside the ratio."
APP-000072-EVAL-016,APP-000072,AST-FTC-003,POL-AST-002,1.0,2026-01-01,SYNTHETIC_INTERNAL_POLICY,HARD_FAIL,PASS,98842.95,>=,89207.75,underwriting_calculations.funds_to_close_required|underwriting_calculations.funds_to_close_available,false,"Eligible funds available 98,842.95 against 89,207.75 required at settlement."
APP-000072-EVAL-017,APP-000072,AST-RSV-002,POL-AST-003,2.0,2026-07-01,SYNTHETIC_INTERNAL_POLICY,CONDITIONAL,PASS,4.00,>=,0,underwriting_calculations.post_close_reserves|underwriting_calculations.months_reserves,false,"Post-closing reserves of 4.00 months against the 0-month requirement for this occupancy, leverage and affordability profile."
APP-000072-EVAL-018,APP-000072,VAL-APR-001,POL-VAL-001,2.0,2026-07-01,SYNTHETIC_INTERNAL_POLICY,CONDITIONAL,PASS,full_appraisal,==,full_appraisal,appraisals.valuation_method,false,Valuation method 'full_appraisal' satisfies the requirement for this transaction.
APP-000072-EVAL-019,APP-000072,VAL-APR-003,POL-VAL-001,2.0,2026-07-01,SYNTHETIC_INTERNAL_POLICY,CONDITIONAL,PASS,24,<=,120,appraisals.appraisal_date,false,"Valuation is 24 days old, within the 120-day window."
APP-000072-EVAL-020,APP-000072,DOC-REQ-003,POL-DOC-001,1.0,2026-01-01,SYNTHETIC_INTERNAL_POLICY,CONDITIONAL,PASS,1.0000,==,1.0000,documents,false,Document completeness 100.00% (0 of 0 required documents received and current).
APP-000072-EVAL-021,APP-000072,GEN-ELG-005,POL-GEN-001,1.0,2026-01-01,SYNTHETIC_INTERNAL_POLICY,CONDITIONAL,PASS,0,==,0,rule_evaluations|documents,false,"Every rule in scope had the inputs it needed, so none evaluated to INDETERMINATE."
APP-000072-EVAL-022,APP-000072,DEC-REC-001,POL-DEC-001,1.0,2026-01-01,SYNTHETIC_INTERNAL_POLICY,HARD_FAIL,PASS,,,,decisions|decision_reasons,false,"The recommendation is drawn from the controlled vocabulary and carries the rule ids, policy versions and calculation records supporting it."
APP-000072-EVAL-023,APP-000072,DEC-AUD-001,POL-DEC-001,1.0,2026-01-01,SYNTHETIC_INTERNAL_POLICY,HARD_FAIL,PASS,,,,audit_events,false,"The decision record carries the full chain: policy version, rule, calculation, evidence and reason."
APP-000073-EVAL-001,APP-000073,SEC-INJ-001,POL-SEC-001,1.0,2026-01-01,SYNTHETIC_INTERNAL_POLICY,HARD_FAIL,PASS,,,,documents.contains_untrusted_text,false,No applicant-supplied text required quarantine beyond the standard trust-class handling.
APP-000073-EVAL-002,APP-000073,KYC-IDV-001,POL-KYC-001,1.0,2026-01-01,REGULATORY,HARD_FAIL,PASS,VERIFIED,==,VERIFIED,verifications.identity,false,"Identity verified; name, date of birth, address and a tokenised identification number were collected and matched."
APP-000073-EVAL-003,APP-000073,FRD-IND-001,POL-FRD-001,1.0,2026-01-01,SYNTHETIC_INTERNAL_POLICY,REFER,PASS,0,==,0,documents|verifications,false,No cross-source inconsistency without an innocent arithmetic explanation was identified.
APP-000073-EVAL-004,APP-000073,GEN-ELG-003,POL-GEN-001,1.0,2026-01-01,AGENCY_INVESTOR,HARD_FAIL,PASS,374000.00,<=,832750,loans.base_loan_amount,false,Base loan amount is within the applicable one-unit conforming limit.
APP-000073-EVAL-005,APP-000073,PRP-ELG-001,POL-PRP-001,1.0,2026-01-01,SYNTHETIC_INTERNAL_POLICY,HARD_FAIL,PASS,two_to_four_unit/2,in,"1-4 units, eligible type",properties.property_type|properties.units,false,Property type 'two_to_four_unit' with 2 unit(s) is eligible.
APP-000073-EVAL-006,APP-000073,CONV-PUR-002,POL-CONV-001,1.0,2026-01-01,SYNTHETIC_INTERNAL_POLICY,HARD_FAIL,PASS,0.8500,<=,0.97,loans.loan_amount|properties.value_used_for_ltv|underwriting_calculations.ltv,false,Loan-to-value 85.00% against the primary_residence limit of 97.00% for this programme.
APP-000073-EVAL-007,APP-000073,CONV-PUR-003,POL-CONV-001,1.0,2026-01-01,SYNTHETIC_INTERNAL_POLICY,CONDITIONAL,PASS,0.8500,>,0.80,underwriting_calculations.ltv|loans.monthly_mi,false,Mortgage insurance is required above 80 percent leverage and its premium is included in the qualifying housing expense.
APP-000073-EVAL-008,APP-000073,CRD-SCR-003,POL-CRD-001,2.0,2026-07-01,SYNTHETIC_INTERNAL_POLICY,HARD_FAIL,PASS,728,>=,620,credit_profiles.representative_score,false,Representative score 728 against the applicable floor of 620.
APP-000073-EVAL-009,APP-000073,CRD-SCR-004,POL-CRD-001,2.0,2026-07-01,SYNTHETIC_INTERNAL_POLICY,CONDITIONAL,PASS,21,<=,90,credit_profiles.report_date,false,Credit report is 21 days old against the 90-day window in force on the as-of date.
APP-000073-EVAL-010,APP-000073,CRD-SCR-007,POL-CRD-001,2.0,2026-07-01,SYNTHETIC_INTERNAL_POLICY,CONDITIONAL,PASS,1,<,4,credit_profiles.recent_inquiries_90d,false,"1 inquiries in the 90-day lookback, below the explanation trigger."
APP-000073-EVAL-011,APP-000073,CRD-DLQ-001,POL-CRD-003,1.0,2026-01-01,SYNTHETIC_INTERNAL_POLICY,REFER,PASS,0,==,0,credit_accounts.housing_late_history,false,No housing payment 30 or more days past due in the last 12 months.
APP-000073-EVAL-012,APP-000073,CRD-DLQ-003,POL-CRD-003,1.0,2026-01-01,SYNTHETIC_INTERNAL_POLICY,ADVISORY,PASS,0.2800,<=,0.8,underwriting_calculations.credit_utilization,false,Revolving utilisation 28.00% is within the risk-note threshold.
APP-000073-EVAL-013,APP-000073,EMP-CNT-001,POL-EMP-002,1.0,2026-01-01,SYNTHETIC_INTERNAL_POLICY,CONDITIONAL,PASS,60,>=,24,employment.start_date,false,Employment history of 60 months meets the 24-month requirement.
APP-000073-EVAL-014,APP-000073,DTI-CONV-001,POL-DTI-001,2.0,2026-07-01,SYNTHETIC_INTERNAL_POLICY,HARD_FAIL,PASS,0.3900,<=,0.43,underwriting_calculations.total_monthly_debt|underwriting_calculations.qualifying_monthly_income|underwriting_calculations.back_end_dti,false,Back-end debt-to-income 39.00% against the applicable limit of 43.00%.
APP-000073-EVAL-015,APP-000073,DTI-CONV-002,POL-DTI-001,2.0,2026-07-01,SYNTHETIC_INTERNAL_POLICY,ADVISORY,PASS,0.2900,<=,0.38,underwriting_calculations.front_end_dti,false,Housing ratio 29.00% recorded; this measure is advisory on this programme.
APP-000073-EVAL-016,APP-000073,DTI-CALC-003,POL-DTI-001,2.0,2026-07-01,SYNTHETIC_INTERNAL_POLICY,ADVISORY,PASS,6618.50,,,underwriting_calculations.residual_income_monthly,false,"Monthly disposable income 6,618.50 recorded alongside the ratio."
APP-000073-EVAL-017,APP-000073,AST-FTC-003,POL-AST-002,1.0,2026-01-01,SYNTHETIC_INTERNAL_POLICY,HARD_FAIL,PASS,86055.61,>=,70954.76,underwriting_calculations.funds_to_close_required|underwriting_calculations.funds_to_close_available,false,"Eligible funds available 86,055.61 against 70,954.76 required at settlement."
APP-000073-EVAL-018,APP-000073,AST-RSV-002,POL-AST-003,2.0,2026-07-01,SYNTHETIC_INTERNAL_POLICY,CONDITIONAL,PASS,6.00,>=,0,underwriting_calculations.post_close_reserves|underwriting_calculations.months_reserves,false,"Post-closing reserves of 6.00 months against the 0-month requirement for this occupancy, leverage and affordability profile."
APP-000073-EVAL-019,APP-000073,VAL-APR-001,POL-VAL-001,2.0,2026-07-01,SYNTHETIC_INTERNAL_POLICY,CONDITIONAL,PASS,full_appraisal,==,full_appraisal,appraisals.valuation_method,false,Valuation method 'full_appraisal' satisfies the requirement for this transaction.
APP-000073-EVAL-020,APP-000073,VAL-APR-003,POL-VAL-001,2.0,2026-07-01,SYNTHETIC_INTERNAL_POLICY,CONDITIONAL,PASS,24,<=,120,appraisals.appraisal_date,false,"Valuation is 24 days old, within the 120-day window."
APP-000073-EVAL-021,APP-000073,DOC-REQ-003,POL-DOC-001,1.0,2026-01-01,SYNTHETIC_INTERNAL_POLICY,CONDITIONAL,PASS,1.0000,==,1.0000,documents,false,Document completeness 100.00% (0 of 0 required documents received and current).
APP-000073-EVAL-022,APP-000073,GEN-ELG-005,POL-GEN-001,1.0,2026-01-01,SYNTHETIC_INTERNAL_POLICY,CONDITIONAL,PASS,0,==,0,rule_evaluations|documents,false,"Every rule in scope had the inputs it needed, so none evaluated to INDETERMINATE."
APP-000073-EVAL-023,APP-000073,DEC-REC-001,POL-DEC-001,1.0,2026-01-01,SYNTHETIC_INTERNAL_POLICY,HARD_FAIL,PASS,,,,decisions|decision_reasons,false,"The recommendation is drawn from the controlled vocabulary and carries the rule ids, policy versions and calculation records supporting it."
APP-000073-EVAL-024,APP-000073,DEC-AUD-001,POL-DEC-001,1.0,2026-01-01,SYNTHETIC_INTERNAL_POLICY,HARD_FAIL,PASS,,,,audit_events,false,"The decision record carries the full chain: policy version, rule, calculation, evidence and reason."
APP-000074-EVAL-001,APP-000074,SEC-INJ-001,POL-SEC-001,1.0,2026-01-01,SYNTHETIC_INTERNAL_POLICY,HARD_FAIL,PASS,,,,documents.contains_untrusted_text,false,No applicant-supplied text required quarantine beyond the standard trust-class handling.
APP-000074-EVAL-002,APP-000074,KYC-IDV-001,POL-KYC-001,1.0,2026-01-01,REGULATORY,HARD_FAIL,PASS,VERIFIED,==,VERIFIED,verifications.identity,false,"Identity verified; name, date of birth, address and a tokenised identification number were collected and matched."
APP-000074-EVAL-003,APP-000074,FRD-IND-001,POL-FRD-001,1.0,2026-01-01,SYNTHETIC_INTERNAL_POLICY,REFER,PASS,0,==,0,documents|verifications,false,No cross-source inconsistency without an innocent arithmetic explanation was identified.
APP-000074-EVAL-004,APP-000074,GEN-ELG-003,POL-GEN-001,1.0,2026-01-01,AGENCY_INVESTOR,HARD_FAIL,PASS,396000.00,<=,832750,loans.base_loan_amount,false,Base loan amount is within the applicable one-unit conforming limit.
APP-000074-EVAL-005,APP-000074,PRP-ELG-001,POL-PRP-001,1.0,2026-01-01,SYNTHETIC_INTERNAL_POLICY,HARD_FAIL,PASS,condominium/1,in,"1-4 units, eligible type",properties.property_type|properties.units,false,Property type 'condominium' with 1 unit(s) is eligible.
APP-000074-EVAL-006,APP-000074,CONV-PUR-002,POL-CONV-001,1.0,2026-01-01,SYNTHETIC_INTERNAL_POLICY,HARD_FAIL,PASS,0.9000,<=,0.97,loans.loan_amount|properties.value_used_for_ltv|underwriting_calculations.ltv,false,Loan-to-value 90.00% against the primary_residence limit of 97.00% for this programme.
APP-000074-EVAL-007,APP-000074,CONV-PUR-003,POL-CONV-001,1.0,2026-01-01,SYNTHETIC_INTERNAL_POLICY,CONDITIONAL,PASS,0.9000,>,0.80,underwriting_calculations.ltv|loans.monthly_mi,false,Mortgage insurance is required above 80 percent leverage and its premium is included in the qualifying housing expense.
APP-000074-EVAL-008,APP-000074,CRD-SCR-003,POL-CRD-001,2.0,2026-07-01,SYNTHETIC_INTERNAL_POLICY,HARD_FAIL,PASS,734,>=,620,credit_profiles.representative_score,false,Representative score 734 against the applicable floor of 620.
APP-000074-EVAL-009,APP-000074,CRD-SCR-004,POL-CRD-001,2.0,2026-07-01,SYNTHETIC_INTERNAL_POLICY,CONDITIONAL,PASS,21,<=,90,credit_profiles.report_date,false,Credit report is 21 days old against the 90-day window in force on the as-of date.
APP-000074-EVAL-010,APP-000074,CRD-SCR-007,POL-CRD-001,2.0,2026-07-01,SYNTHETIC_INTERNAL_POLICY,CONDITIONAL,PASS,1,<,4,credit_profiles.recent_inquiries_90d,false,"1 inquiries in the 90-day lookback, below the explanation trigger."
APP-000074-EVAL-011,APP-000074,CRD-DLQ-001,POL-CRD-003,1.0,2026-01-01,SYNTHETIC_INTERNAL_POLICY,REFER,PASS,0,==,0,credit_accounts.housing_late_history,false,No housing payment 30 or more days past due in the last 12 months.
APP-000074-EVAL-012,APP-000074,CRD-DLQ-003,POL-CRD-003,1.0,2026-01-01,SYNTHETIC_INTERNAL_POLICY,ADVISORY,PASS,0.2800,<=,0.8,underwriting_calculations.credit_utilization,false,Revolving utilisation 28.00% is within the risk-note threshold.
APP-000074-EVAL-013,APP-000074,EMP-CNT-001,POL-EMP-002,1.0,2026-01-01,SYNTHETIC_INTERNAL_POLICY,CONDITIONAL,PASS,60,>=,24,employment.start_date,false,Employment history of 60 months meets the 24-month requirement.
APP-000074-EVAL-014,APP-000074,DTI-CONV-001,POL-DTI-001,2.0,2026-07-01,SYNTHETIC_INTERNAL_POLICY,HARD_FAIL,PASS,0.3700,<=,0.43,underwriting_calculations.total_monthly_debt|underwriting_calculations.qualifying_monthly_income|underwriting_calculations.back_end_dti,false,Back-end debt-to-income 37.00% against the applicable limit of 43.00%.
APP-000074-EVAL-015,APP-000074,DTI-CONV-002,POL-DTI-001,2.0,2026-07-01,SYNTHETIC_INTERNAL_POLICY,ADVISORY,PASS,0.2901,<=,0.38,underwriting_calculations.front_end_dti,false,Housing ratio 29.01% recorded; this measure is advisory on this programme.
APP-000074-EVAL-016,APP-000074,DTI-CALC-003,POL-DTI-001,2.0,2026-07-01,SYNTHETIC_INTERNAL_POLICY,ADVISORY,PASS,7229.25,,,underwriting_calculations.residual_income_monthly,false,"Monthly disposable income 7,229.25 recorded alongside the ratio."
APP-000074-EVAL-017,APP-000074,AST-FTC-003,POL-AST-002,1.0,2026-01-01,SYNTHETIC_INTERNAL_POLICY,HARD_FAIL,PASS,61659.01,>=,48343.89,underwriting_calculations.funds_to_close_required|underwriting_calculations.funds_to_close_available,false,"Eligible funds available 61,659.01 against 48,343.89 required at settlement."
APP-000074-EVAL-018,APP-000074,AST-RSV-002,POL-AST-003,2.0,2026-07-01,SYNTHETIC_INTERNAL_POLICY,CONDITIONAL,PASS,5.00,>=,0,underwriting_calculations.post_close_reserves|underwriting_calculations.months_reserves,false,"Post-closing reserves of 5.00 months against the 0-month requirement for this occupancy, leverage and affordability profile."
APP-000074-EVAL-019,APP-000074,VAL-APR-001,POL-VAL-001,2.0,2026-07-01,SYNTHETIC_INTERNAL_POLICY,CONDITIONAL,PASS,full_appraisal,==,full_appraisal,appraisals.valuation_method,false,Valuation method 'full_appraisal' satisfies the requirement for this transaction.
APP-000074-EVAL-020,APP-000074,VAL-APR-003,POL-VAL-001,2.0,2026-07-01,SYNTHETIC_INTERNAL_POLICY,CONDITIONAL,PASS,24,<=,120,appraisals.appraisal_date,false,"Valuation is 24 days old, within the 120-day window."
APP-000074-EVAL-021,APP-000074,DOC-REQ-003,POL-DOC-001,1.0,2026-01-01,SYNTHETIC_INTERNAL_POLICY,CONDITIONAL,PASS,1.0000,==,1.0000,documents,false,Document completeness 100.00% (0 of 0 required documents received and current).
APP-000074-EVAL-022,APP-000074,GEN-ELG-005,POL-GEN-001,1.0,2026-01-01,SYNTHETIC_INTERNAL_POLICY,CONDITIONAL,PASS,0,==,0,rule_evaluations|documents,false,"Every rule in scope had the inputs it needed, so none evaluated to INDETERMINATE."
APP-000074-EVAL-023,APP-000074,DEC-REC-001,POL-DEC-001,1.0,2026-01-01,SYNTHETIC_INTERNAL_POLICY,HARD_FAIL,PASS,,,,decisions|decision_reasons,false,"The recommendation is drawn from the controlled vocabulary and carries the rule ids, policy versions and calculation records supporting it."
APP-000074-EVAL-024,APP-000074,DEC-AUD-001,POL-DEC-001,1.0,2026-01-01,SYNTHETIC_INTERNAL_POLICY,HARD_FAIL,PASS,,,,audit_events,false,"The decision record carries the full chain: policy version, rule, calculation, evidence and reason."
APP-000075-EVAL-001,APP-000075,SEC-INJ-001,POL-SEC-001,1.0,2026-01-01,SYNTHETIC_INTERNAL_POLICY,HARD_FAIL,PASS,,,,documents.contains_untrusted_text,false,No applicant-supplied text required quarantine beyond the standard trust-class handling.
APP-000075-EVAL-002,APP-000075,KYC-IDV-001,POL-KYC-001,1.0,2026-01-01,REGULATORY,HARD_FAIL,PASS,VERIFIED,==,VERIFIED,verifications.identity,false,"Identity verified; name, date of birth, address and a tokenised identification number were collected and matched."
APP-000075-EVAL-003,APP-000075,FRD-IND-001,POL-FRD-001,1.0,2026-01-01,SYNTHETIC_INTERNAL_POLICY,REFER,PASS,0,==,0,documents|verifications,false,No cross-source inconsistency without an innocent arithmetic explanation was identified.
APP-000075-EVAL-004,APP-000075,GEN-ELG-003,POL-GEN-001,1.0,2026-01-01,AGENCY_INVESTOR,HARD_FAIL,PASS,150000.00,<=,832750,loans.base_loan_amount,false,Base loan amount is within the applicable one-unit conforming limit.
APP-000075-EVAL-005,APP-000075,PRP-ELG-001,POL-PRP-001,1.0,2026-01-01,SYNTHETIC_INTERNAL_POLICY,HARD_FAIL,PASS,single_family_detached/1,in,"1-4 units, eligible type",properties.property_type|properties.units,false,Property type 'single_family_detached' with 1 unit(s) is eligible.
APP-000075-EVAL-006,APP-000075,CONV-PUR-002,POL-CONV-001,1.0,2026-01-01,SYNTHETIC_INTERNAL_POLICY,HARD_FAIL,PASS,0.6000,<=,0.97,loans.loan_amount|properties.value_used_for_ltv|underwriting_calculations.ltv,false,Loan-to-value 60.00% against the primary_residence limit of 97.00% for this programme.
APP-000075-EVAL-007,APP-000075,CRD-SCR-003,POL-CRD-001,2.0,2026-07-01,SYNTHETIC_INTERNAL_POLICY,HARD_FAIL,PASS,752,>=,620,credit_profiles.representative_score,false,Representative score 752 against the applicable floor of 620.
APP-000075-EVAL-008,APP-000075,CRD-SCR-004,POL-CRD-001,2.0,2026-07-01,SYNTHETIC_INTERNAL_POLICY,CONDITIONAL,PASS,21,<=,90,credit_profiles.report_date,false,Credit report is 21 days old against the 90-day window in force on the as-of date.
APP-000075-EVAL-009,APP-000075,CRD-SCR-007,POL-CRD-001,2.0,2026-07-01,SYNTHETIC_INTERNAL_POLICY,CONDITIONAL,PASS,1,<,4,credit_profiles.recent_inquiries_90d,false,"1 inquiries in the 90-day lookback, below the explanation trigger."
APP-000075-EVAL-010,APP-000075,CRD-DLQ-001,POL-CRD-003,1.0,2026-01-01,SYNTHETIC_INTERNAL_POLICY,REFER,PASS,0,==,0,credit_accounts.housing_late_history,false,No housing payment 30 or more days past due in the last 12 months.
APP-000075-EVAL-011,APP-000075,CRD-DLQ-003,POL-CRD-003,1.0,2026-01-01,SYNTHETIC_INTERNAL_POLICY,ADVISORY,PASS,0.2800,<=,0.8,underwriting_calculations.credit_utilization,false,Revolving utilisation 28.00% is within the risk-note threshold.
APP-000075-EVAL-012,APP-000075,EMP-CNT-001,POL-EMP-002,1.0,2026-01-01,SYNTHETIC_INTERNAL_POLICY,CONDITIONAL,REFER,0,>=,24,employment.start_date,true,"Combined employment history of 0 months is below the 24-month requirement; the file is reviewed rather than failed, because a shorter history with strong continuity can still support the income."
APP-000075-EVAL-013,APP-000075,DTI-CONV-001,POL-DTI-001,2.0,2026-07-01,SYNTHETIC_INTERNAL_POLICY,HARD_FAIL,PASS,0.3400,<=,0.43,underwriting_calculations.total_monthly_debt|underwriting_calculations.qualifying_monthly_income|underwriting_calculations.back_end_dti,false,Back-end debt-to-income 34.00% against the applicable limit of 43.00%.
APP-000075-EVAL-014,APP-000075,DTI-CONV-002,POL-DTI-001,2.0,2026-07-01,SYNTHETIC_INTERNAL_POLICY,ADVISORY,PASS,0.2898,<=,0.38,underwriting_calculations.front_end_dti,false,Housing ratio 28.98% recorded; this measure is advisory on this programme.
APP-000075-EVAL-015,APP-000075,DTI-CALC-003,POL-DTI-001,2.0,2026-07-01,SYNTHETIC_INTERNAL_POLICY,ADVISORY,PASS,3217.50,,,underwriting_calculations.residual_income_monthly,false,"Monthly disposable income 3,217.50 recorded alongside the ratio."
APP-000075-EVAL-016,APP-000075,AST-FTC-003,POL-AST-002,1.0,2026-01-01,SYNTHETIC_INTERNAL_POLICY,HARD_FAIL,PASS,118258.49,>=,97912.01,underwriting_calculations.funds_to_close_required|underwriting_calculations.funds_to_close_available,false,"Eligible funds available 118,258.49 against 97,912.01 required at settlement."
APP-000075-EVAL-017,APP-000075,AST-RSV-002,POL-AST-003,2.0,2026-07-01,SYNTHETIC_INTERNAL_POLICY,CONDITIONAL,PASS,18.00,>=,0,underwriting_calculations.post_close_reserves|underwriting_calculations.months_reserves,false,"Post-closing reserves of 18.00 months against the 0-month requirement for this occupancy, leverage and affordability profile."
APP-000075-EVAL-018,APP-000075,VAL-APR-001,POL-VAL-001,2.0,2026-07-01,SYNTHETIC_INTERNAL_POLICY,CONDITIONAL,PASS,full_appraisal,==,full_appraisal,appraisals.valuation_method,false,Valuation method 'full_appraisal' satisfies the requirement for this transaction.
APP-000075-EVAL-019,APP-000075,VAL-APR-003,POL-VAL-001,2.0,2026-07-01,SYNTHETIC_INTERNAL_POLICY,CONDITIONAL,PASS,24,<=,120,appraisals.appraisal_date,false,"Valuation is 24 days old, within the 120-day window."
APP-000075-EVAL-020,APP-000075,DOC-REQ-003,POL-DOC-001,1.0,2026-01-01,SYNTHETIC_INTERNAL_POLICY,CONDITIONAL,PASS,1.0000,==,1.0000,documents,false,Document completeness 100.00% (0 of 0 required documents received and current).
APP-000075-EVAL-021,APP-000075,GEN-ELG-005,POL-GEN-001,1.0,2026-01-01,SYNTHETIC_INTERNAL_POLICY,CONDITIONAL,PASS,0,==,0,rule_evaluations|documents,false,"Every rule in scope had the inputs it needed, so none evaluated to INDETERMINATE."
APP-000075-EVAL-022,APP-000075,UWR-HRV-001,POL-UWR-001,1.0,2026-01-01,SYNTHETIC_INTERNAL_POLICY,REFER,REFER,1,==,0,rule_evaluations,true,1 mandatory human-review trigger(s) present.
APP-000075-EVAL-023,APP-000075,DEC-REC-001,POL-DEC-001,1.0,2026-01-01,SYNTHETIC_INTERNAL_POLICY,HARD_FAIL,PASS,,,,decisions|decision_reasons,false,"The recommendation is drawn from the controlled vocabulary and carries the rule ids, policy versions and calculation records supporting it."
APP-000075-EVAL-024,APP-000075,DEC-AUD-001,POL-DEC-001,1.0,2026-01-01,SYNTHETIC_INTERNAL_POLICY,HARD_FAIL,PASS,,,,audit_events,false,"The decision record carries the full chain: policy version, rule, calculation, evidence and reason."
