calculation_id,application_id,calculation_name,input_fields,formula_version,result,units,calculated_at,policy_context,expected_interpretation
APP-000001-CALC-01,APP-000001,gross_monthly_income,income.annual_amount,v1.0.0,8325.00,USD_PER_MONTH,2026-08-12,POL-INC-001,"Gross eligible earnings before tax, before policy adjustment."
APP-000001-CALC-02,APP-000001,qualifying_monthly_income,income.qualifying_monthly_amount,v1.0.0,8325.00,USD_PER_MONTH,2026-08-12,POL-INC-001,The income figure the affordability rules are permitted to use.
APP-000001-CALC-03,APP-000001,housing_expense_pitia,loans.principal_and_interest|properties.annual_property_tax|properties.annual_hazard_premium|properties.monthly_hoa|loans.monthly_mortgage_insurance,v1.0.0,2414.29,USD_PER_MONTH,2026-08-12,POL-DTI-001,Full qualifying housing expense; the reserve denominator.
APP-000001-CALC-04,APP-000001,total_monthly_debt,underwriting_calculations.housing_expense_pitia|liabilities.monthly_payment,v1.0.0,2664.00,USD_PER_MONTH,2026-08-12,POL-LIA-001,DTI numerator.
APP-000001-CALC-05,APP-000001,front_end_dti,underwriting_calculations.housing_expense_pitia|underwriting_calculations.qualifying_monthly_income,v1.0.0,0.2900,RATIO,2026-08-12,POL-DTI-001,Housing ratio; advisory except on the USDA overlay.
APP-000001-CALC-06,APP-000001,back_end_dti,underwriting_calculations.total_monthly_debt|underwriting_calculations.qualifying_monthly_income,v1.0.0,0.3200,RATIO,2026-08-12,POL-DTI-001,Principal affordability measure (AC-02).
APP-000001-CALC-07,APP-000001,residual_income_monthly,underwriting_calculations.qualifying_monthly_income|underwriting_calculations.total_monthly_debt,v1.0.0,5661.00,USD_PER_MONTH,2026-08-12,POL-DTI-001,Disposable income (AC-02 alternative measure).
APP-000001-CALC-08,APP-000001,ltv,loans.base_loan_amount|properties.value_used_for_ltv,v1.0.0,0.8000,RATIO,2026-08-12,POL-CONV-001,Leverage against the value the rule uses.
APP-000001-CALC-09,APP-000001,cltv,loans.base_loan_amount|properties.value_used_for_ltv,v1.0.0,0.8000,RATIO,2026-08-12,POL-CONV-001,Leverage including every subordinate lien.
APP-000001-CALC-10,APP-000001,hcltv,loans.base_loan_amount|properties.value_used_for_ltv,v1.0.0,0.8000,RATIO,2026-08-12,POL-CONV-001,Leverage counting HELOC credit lines in full.
APP-000001-CALC-11,APP-000001,down_payment_amount,properties.purchase_price|loans.base_loan_amount,v1.0.0,80000.00,USD,2026-08-12,POL-AST-002,Borrower equity contribution at purchase.
APP-000001-CALC-12,APP-000001,down_payment_pct,underwriting_calculations.down_payment_amount|properties.purchase_price,v1.0.0,0.2000,RATIO,2026-08-12,POL-AST-002,Contribution as a share of price.
APP-000001-CALC-13,APP-000001,cash_to_close,underwriting_calculations.down_payment_amount|loans.closing_costs|loans.prepaids_and_escrow|loans.seller_credits|loans.earnest_money_paid,v1.0.0,75687.85,USD,2026-08-12,POL-AST-002,Borrower funds required at settlement.
APP-000001-CALC-14,APP-000001,funds_to_close_available,assets.eligible_close_amount,v1.0.0,95002.17,USD,2026-08-12,POL-AST-001,Eligible assets available at settlement.
APP-000001-CALC-15,APP-000001,funds_shortfall,underwriting_calculations.cash_to_close|underwriting_calculations.funds_to_close_available,v1.0.0,0.00,USD,2026-08-12,POL-AST-002,Positive value means the file cannot close as structured.
APP-000001-CALC-16,APP-000001,post_close_reserves,assets.eligible_reserve_amount|underwriting_calculations.cash_to_close,v1.0.0,24142.90,USD,2026-08-12,POL-AST-003,Reserve-eligible assets surviving the settlement draw.
APP-000001-CALC-17,APP-000001,months_reserves,underwriting_calculations.post_close_reserves|underwriting_calculations.housing_expense_pitia,v1.0.0,10.00,MONTHS,2026-08-12,POL-AST-003,Reserves expressed in months of housing expense.
APP-000001-CALC-18,APP-000001,credit_utilization,credit_accounts.balance|credit_accounts.credit_limit,v1.0.0,0.2800,RATIO,2026-08-12,POL-CRD-003,Risk context only; never a policy breach on its own.
APP-000001-CALC-19,APP-000001,employment_tenure_months,employment.verified_start_date|applications.application_date,v1.0.0,54,MONTHS,2026-08-12,POL-EMP-002,"Computed from the verified start date, not the declared one."
APP-000001-CALC-20,APP-000001,payment_shock_pct,underwriting_calculations.housing_expense_pitia|applications.current_housing_payment,v1.0.0,0.0526,RATIO,2026-08-12,POL-DTI-001,Not applicable where there is no prior housing payment.
APP-000001-CALC-21,APP-000001,loan_to_income,loans.base_loan_amount|underwriting_calculations.qualifying_annual_income,v1.0.0,3.20,MULTIPLE,2026-08-12,POL-DTI-001,"Supplemental analytical measure, not an eligibility rule."
APP-000001-CALC-22,APP-000001,representative_credit_score,credit_profiles.score_1|credit_profiles.score_2|credit_profiles.score_3,v1.0.0,742,SCORE,2026-08-12,POL-CRD-001,Middle of three per borrower; lowest across borrowers.
APP-000002-CALC-01,APP-000002,gross_monthly_income,income.annual_amount,v1.0.0,9466.67,USD_PER_MONTH,2026-08-12,POL-INC-001,"Gross eligible earnings before tax, before policy adjustment."
APP-000002-CALC-02,APP-000002,qualifying_monthly_income,income.qualifying_monthly_amount,v1.0.0,9466.67,USD_PER_MONTH,2026-08-12,POL-INC-001,The income figure the affordability rules are permitted to use.
APP-000002-CALC-03,APP-000002,housing_expense_pitia,loans.principal_and_interest|properties.annual_property_tax|properties.annual_hazard_premium|properties.monthly_hoa|loans.monthly_mortgage_insurance,v1.0.0,2935.89,USD_PER_MONTH,2026-08-12,POL-DTI-001,Full qualifying housing expense; the reserve denominator.
APP-000002-CALC-04,APP-000002,total_monthly_debt,underwriting_calculations.housing_expense_pitia|liabilities.monthly_payment,v1.0.0,3976.00,USD_PER_MONTH,2026-08-12,POL-LIA-001,DTI numerator.
APP-000002-CALC-05,APP-000002,front_end_dti,underwriting_calculations.housing_expense_pitia|underwriting_calculations.qualifying_monthly_income,v1.0.0,0.3101,RATIO,2026-08-12,POL-DTI-001,Housing ratio; advisory except on the USDA overlay.
APP-000002-CALC-06,APP-000002,back_end_dti,underwriting_calculations.total_monthly_debt|underwriting_calculations.qualifying_monthly_income,v1.0.0,0.4200,RATIO,2026-08-12,POL-DTI-001,Principal affordability measure (AC-02).
APP-000002-CALC-07,APP-000002,residual_income_monthly,underwriting_calculations.qualifying_monthly_income|underwriting_calculations.total_monthly_debt,v1.0.0,5490.67,USD_PER_MONTH,2026-08-12,POL-DTI-001,Disposable income (AC-02 alternative measure).
APP-000002-CALC-08,APP-000002,ltv,loans.base_loan_amount|properties.value_used_for_ltv,v1.0.0,0.8000,RATIO,2026-08-12,POL-CONV-001,Leverage against the value the rule uses.
APP-000002-CALC-09,APP-000002,cltv,loans.base_loan_amount|properties.value_used_for_ltv,v1.0.0,0.8000,RATIO,2026-08-12,POL-CONV-001,Leverage including every subordinate lien.
APP-000002-CALC-10,APP-000002,hcltv,loans.base_loan_amount|properties.value_used_for_ltv,v1.0.0,0.8000,RATIO,2026-08-12,POL-CONV-001,Leverage counting HELOC credit lines in full.
APP-000002-CALC-11,APP-000002,down_payment_amount,properties.purchase_price|loans.base_loan_amount,v1.0.0,82000.00,USD,2026-08-12,POL-AST-002,Borrower equity contribution at purchase.
APP-000002-CALC-12,APP-000002,down_payment_pct,underwriting_calculations.down_payment_amount|properties.purchase_price,v1.0.0,0.2000,RATIO,2026-08-12,POL-AST-002,Contribution as a share of price.
APP-000002-CALC-13,APP-000002,cash_to_close,underwriting_calculations.down_payment_amount|loans.closing_costs|loans.prepaids_and_escrow|loans.seller_credits|loans.earnest_money_paid,v1.0.0,87117.55,USD,2026-08-12,POL-AST-002,Borrower funds required at settlement.
APP-000002-CALC-14,APP-000002,funds_to_close_available,assets.eligible_close_amount,v1.0.0,96512.40,USD,2026-08-12,POL-AST-001,Eligible assets available at settlement.
APP-000002-CALC-15,APP-000002,funds_shortfall,underwriting_calculations.cash_to_close|underwriting_calculations.funds_to_close_available,v1.0.0,0.00,USD,2026-08-12,POL-AST-002,Positive value means the file cannot close as structured.
APP-000002-CALC-16,APP-000002,post_close_reserves,assets.eligible_reserve_amount|underwriting_calculations.cash_to_close,v1.0.0,11743.56,USD,2026-08-12,POL-AST-003,Reserve-eligible assets surviving the settlement draw.
APP-000002-CALC-17,APP-000002,months_reserves,underwriting_calculations.post_close_reserves|underwriting_calculations.housing_expense_pitia,v1.0.0,4.00,MONTHS,2026-08-12,POL-AST-003,Reserves expressed in months of housing expense.
APP-000002-CALC-18,APP-000002,credit_utilization,credit_accounts.balance|credit_accounts.credit_limit,v1.0.0,0.2800,RATIO,2026-08-12,POL-CRD-003,Risk context only; never a policy breach on its own.
APP-000002-CALC-19,APP-000002,employment_tenure_months,employment.verified_start_date|applications.application_date,v1.0.0,54,MONTHS,2026-08-12,POL-EMP-002,"Computed from the verified start date, not the declared one."
APP-000002-CALC-20,APP-000002,payment_shock_pct,underwriting_calculations.housing_expense_pitia|applications.current_housing_payment,v1.0.0,0.3514,RATIO,2026-08-12,POL-DTI-001,Not applicable where there is no prior housing payment.
APP-000002-CALC-21,APP-000002,loan_to_income,loans.base_loan_amount|underwriting_calculations.qualifying_annual_income,v1.0.0,2.89,MULTIPLE,2026-08-12,POL-DTI-001,"Supplemental analytical measure, not an eligibility rule."
APP-000002-CALC-22,APP-000002,representative_credit_score,credit_profiles.score_1|credit_profiles.score_2|credit_profiles.score_3,v1.0.0,742,SCORE,2026-08-12,POL-CRD-001,Middle of three per borrower; lowest across borrowers.
APP-000003-CALC-01,APP-000003,gross_monthly_income,income.annual_amount,v1.0.0,11241.67,USD_PER_MONTH,2026-08-12,POL-INC-001,"Gross eligible earnings before tax, before policy adjustment."
APP-000003-CALC-02,APP-000003,qualifying_monthly_income,income.qualifying_monthly_amount,v1.0.0,11241.67,USD_PER_MONTH,2026-08-12,POL-INC-001,The income figure the affordability rules are permitted to use.
APP-000003-CALC-03,APP-000003,housing_expense_pitia,loans.principal_and_interest|properties.annual_property_tax|properties.annual_hazard_premium|properties.monthly_hoa|loans.monthly_mortgage_insurance,v1.0.0,3259.29,USD_PER_MONTH,2026-08-12,POL-DTI-001,Full qualifying housing expense; the reserve denominator.
APP-000003-CALC-04,APP-000003,total_monthly_debt,underwriting_calculations.housing_expense_pitia|liabilities.monthly_payment,v1.0.0,3822.17,USD_PER_MONTH,2026-08-12,POL-LIA-001,DTI numerator.
APP-000003-CALC-05,APP-000003,front_end_dti,underwriting_calculations.housing_expense_pitia|underwriting_calculations.qualifying_monthly_income,v1.0.0,0.2899,RATIO,2026-08-12,POL-DTI-001,Housing ratio; advisory except on the USDA overlay.
APP-000003-CALC-06,APP-000003,back_end_dti,underwriting_calculations.total_monthly_debt|underwriting_calculations.qualifying_monthly_income,v1.0.0,0.3400,RATIO,2026-08-12,POL-DTI-001,Principal affordability measure (AC-02).
APP-000003-CALC-07,APP-000003,residual_income_monthly,underwriting_calculations.qualifying_monthly_income|underwriting_calculations.total_monthly_debt,v1.0.0,7419.50,USD_PER_MONTH,2026-08-12,POL-DTI-001,Disposable income (AC-02 alternative measure).
APP-000003-CALC-08,APP-000003,ltv,loans.base_loan_amount|properties.value_used_for_ltv,v1.0.0,0.8000,RATIO,2026-08-12,POL-CONV-001,Leverage against the value the rule uses.
APP-000003-CALC-09,APP-000003,cltv,loans.base_loan_amount|properties.value_used_for_ltv,v1.0.0,0.8000,RATIO,2026-08-12,POL-CONV-001,Leverage including every subordinate lien.
APP-000003-CALC-10,APP-000003,hcltv,loans.base_loan_amount|properties.value_used_for_ltv,v1.0.0,0.8000,RATIO,2026-08-12,POL-CONV-001,Leverage counting HELOC credit lines in full.
APP-000003-CALC-11,APP-000003,down_payment_amount,properties.purchase_price|loans.base_loan_amount,v1.0.0,108000.00,USD,2026-08-12,POL-AST-002,Borrower equity contribution at purchase.
APP-000003-CALC-12,APP-000003,down_payment_pct,underwriting_calculations.down_payment_amount|properties.purchase_price,v1.0.0,0.2000,RATIO,2026-08-12,POL-AST-002,Contribution as a share of price.
APP-000003-CALC-13,APP-000003,cash_to_close,underwriting_calculations.down_payment_amount|loans.closing_costs|loans.prepaids_and_escrow|loans.seller_credits|loans.earnest_money_paid,v1.0.0,101531.10,USD,2026-08-12,POL-AST-002,Borrower funds required at settlement.
APP-000003-CALC-14,APP-000003,funds_to_close_available,assets.eligible_close_amount,v1.0.0,122390.56,USD,2026-08-12,POL-AST-001,Eligible assets available at settlement.
APP-000003-CALC-15,APP-000003,funds_shortfall,underwriting_calculations.cash_to_close|underwriting_calculations.funds_to_close_available,v1.0.0,0.00,USD,2026-08-12,POL-AST-002,Positive value means the file cannot close as structured.
APP-000003-CALC-16,APP-000003,post_close_reserves,assets.eligible_reserve_amount|underwriting_calculations.cash_to_close,v1.0.0,26074.32,USD,2026-08-12,POL-AST-003,Reserve-eligible assets surviving the settlement draw.
APP-000003-CALC-17,APP-000003,months_reserves,underwriting_calculations.post_close_reserves|underwriting_calculations.housing_expense_pitia,v1.0.0,8.00,MONTHS,2026-08-12,POL-AST-003,Reserves expressed in months of housing expense.
APP-000003-CALC-18,APP-000003,credit_utilization,credit_accounts.balance|credit_accounts.credit_limit,v1.0.0,0.2800,RATIO,2026-08-12,POL-CRD-003,Risk context only; never a policy breach on its own.
APP-000003-CALC-19,APP-000003,employment_tenure_months,employment.verified_start_date|applications.application_date,v1.0.0,54,MONTHS,2026-08-12,POL-EMP-002,"Computed from the verified start date, not the declared one."
APP-000003-CALC-20,APP-000003,payment_shock_pct,underwriting_calculations.housing_expense_pitia|applications.current_housing_payment,v1.0.0,0.5152,RATIO,2026-08-12,POL-DTI-001,Not applicable where there is no prior housing payment.
APP-000003-CALC-21,APP-000003,loan_to_income,loans.base_loan_amount|underwriting_calculations.qualifying_annual_income,v1.0.0,3.20,MULTIPLE,2026-08-12,POL-DTI-001,"Supplemental analytical measure, not an eligibility rule."
APP-000003-CALC-22,APP-000003,representative_credit_score,credit_profiles.score_1|credit_profiles.score_2|credit_profiles.score_3,v1.0.0,598,SCORE,2026-08-12,POL-CRD-001,Middle of three per borrower; lowest across borrowers.
APP-000004-CALC-01,APP-000004,gross_monthly_income,income.annual_amount,v1.0.0,7900.00,USD_PER_MONTH,2026-08-12,POL-INC-001,"Gross eligible earnings before tax, before policy adjustment."
APP-000004-CALC-02,APP-000004,qualifying_monthly_income,income.qualifying_monthly_amount,v1.0.0,7900.00,USD_PER_MONTH,2026-08-12,POL-INC-001,The income figure the affordability rules are permitted to use.
APP-000004-CALC-03,APP-000004,housing_expense_pitia,loans.principal_and_interest|properties.annual_property_tax|properties.annual_hazard_premium|properties.monthly_hoa|loans.monthly_mortgage_insurance,v1.0.0,2369.57,USD_PER_MONTH,2026-08-12,POL-DTI-001,Full qualifying housing expense; the reserve denominator.
APP-000004-CALC-04,APP-000004,total_monthly_debt,underwriting_calculations.housing_expense_pitia|liabilities.monthly_payment,v1.0.0,3871.00,USD_PER_MONTH,2026-08-12,POL-LIA-001,DTI numerator.
APP-000004-CALC-05,APP-000004,front_end_dti,underwriting_calculations.housing_expense_pitia|underwriting_calculations.qualifying_monthly_income,v1.0.0,0.2999,RATIO,2026-08-12,POL-DTI-001,Housing ratio; advisory except on the USDA overlay.
APP-000004-CALC-06,APP-000004,back_end_dti,underwriting_calculations.total_monthly_debt|underwriting_calculations.qualifying_monthly_income,v1.0.0,0.4900,RATIO,2026-08-12,POL-DTI-001,Principal affordability measure (AC-02).
APP-000004-CALC-07,APP-000004,residual_income_monthly,underwriting_calculations.qualifying_monthly_income|underwriting_calculations.total_monthly_debt,v1.0.0,4029.00,USD_PER_MONTH,2026-08-12,POL-DTI-001,Disposable income (AC-02 alternative measure).
APP-000004-CALC-08,APP-000004,ltv,loans.base_loan_amount|properties.value_used_for_ltv,v1.0.0,0.8000,RATIO,2026-08-12,POL-CONV-001,Leverage against the value the rule uses.
APP-000004-CALC-09,APP-000004,cltv,loans.base_loan_amount|properties.value_used_for_ltv,v1.0.0,0.8000,RATIO,2026-08-12,POL-CONV-001,Leverage including every subordinate lien.
APP-000004-CALC-10,APP-000004,hcltv,loans.base_loan_amount|properties.value_used_for_ltv,v1.0.0,0.8000,RATIO,2026-08-12,POL-CONV-001,Leverage counting HELOC credit lines in full.
APP-000004-CALC-11,APP-000004,down_payment_amount,properties.purchase_price|loans.base_loan_amount,v1.0.0,76000.00,USD,2026-08-12,POL-AST-002,Borrower equity contribution at purchase.
APP-000004-CALC-12,APP-000004,down_payment_pct,underwriting_calculations.down_payment_amount|properties.purchase_price,v1.0.0,0.2000,RATIO,2026-08-12,POL-AST-002,Contribution as a share of price.
APP-000004-CALC-13,APP-000004,cash_to_close,underwriting_calculations.down_payment_amount|loans.closing_costs|loans.prepaids_and_escrow|loans.seller_credits|loans.earnest_money_paid,v1.0.0,72223.96,USD,2026-08-12,POL-AST-002,Borrower funds required at settlement.
APP-000004-CALC-14,APP-000004,funds_to_close_available,assets.eligible_close_amount,v1.0.0,77910.93,USD,2026-08-12,POL-AST-001,Eligible assets available at settlement.
APP-000004-CALC-15,APP-000004,funds_shortfall,underwriting_calculations.cash_to_close|underwriting_calculations.funds_to_close_available,v1.0.0,0.00,USD,2026-08-12,POL-AST-002,Positive value means the file cannot close as structured.
APP-000004-CALC-16,APP-000004,post_close_reserves,assets.eligible_reserve_amount|underwriting_calculations.cash_to_close,v1.0.0,7108.71,USD,2026-08-12,POL-AST-003,Reserve-eligible assets surviving the settlement draw.
APP-000004-CALC-17,APP-000004,months_reserves,underwriting_calculations.post_close_reserves|underwriting_calculations.housing_expense_pitia,v1.0.0,3.00,MONTHS,2026-08-12,POL-AST-003,Reserves expressed in months of housing expense.
APP-000004-CALC-18,APP-000004,credit_utilization,credit_accounts.balance|credit_accounts.credit_limit,v1.0.0,0.2800,RATIO,2026-08-12,POL-CRD-003,Risk context only; never a policy breach on its own.
APP-000004-CALC-19,APP-000004,employment_tenure_months,employment.verified_start_date|applications.application_date,v1.0.0,54,MONTHS,2026-08-12,POL-EMP-002,"Computed from the verified start date, not the declared one."
APP-000004-CALC-20,APP-000004,payment_shock_pct,underwriting_calculations.housing_expense_pitia|applications.current_housing_payment,v1.0.0,0.1905,RATIO,2026-08-12,POL-DTI-001,Not applicable where there is no prior housing payment.
APP-000004-CALC-21,APP-000004,loan_to_income,loans.base_loan_amount|underwriting_calculations.qualifying_annual_income,v1.0.0,3.21,MULTIPLE,2026-08-12,POL-DTI-001,"Supplemental analytical measure, not an eligibility rule."
APP-000004-CALC-22,APP-000004,representative_credit_score,credit_profiles.score_1|credit_profiles.score_2|credit_profiles.score_3,v1.0.0,742,SCORE,2026-08-12,POL-CRD-001,Middle of three per borrower; lowest across borrowers.
APP-000005-CALC-01,APP-000005,gross_monthly_income,income.annual_amount,v1.0.0,13341.67,USD_PER_MONTH,2026-08-12,POL-INC-001,"Gross eligible earnings before tax, before policy adjustment."
APP-000005-CALC-02,APP-000005,qualifying_monthly_income,income.qualifying_monthly_amount,v1.0.0,13341.67,USD_PER_MONTH,2026-08-12,POL-INC-001,The income figure the affordability rules are permitted to use.
APP-000005-CALC-03,APP-000005,housing_expense_pitia,loans.principal_and_interest|properties.annual_property_tax|properties.annual_hazard_premium|properties.monthly_hoa|loans.monthly_mortgage_insurance,v1.0.0,3868.45,USD_PER_MONTH,2026-08-12,POL-DTI-001,Full qualifying housing expense; the reserve denominator.
APP-000005-CALC-04,APP-000005,total_monthly_debt,underwriting_calculations.housing_expense_pitia|liabilities.monthly_payment,v1.0.0,5203.25,USD_PER_MONTH,2026-08-12,POL-LIA-001,DTI numerator.
APP-000005-CALC-05,APP-000005,front_end_dti,underwriting_calculations.housing_expense_pitia|underwriting_calculations.qualifying_monthly_income,v1.0.0,0.2900,RATIO,2026-08-12,POL-DTI-001,Housing ratio; advisory except on the USDA overlay.
APP-000005-CALC-06,APP-000005,back_end_dti,underwriting_calculations.total_monthly_debt|underwriting_calculations.qualifying_monthly_income,v1.0.0,0.3900,RATIO,2026-08-12,POL-DTI-001,Principal affordability measure (AC-02).
APP-000005-CALC-07,APP-000005,residual_income_monthly,underwriting_calculations.qualifying_monthly_income|underwriting_calculations.total_monthly_debt,v1.0.0,8138.42,USD_PER_MONTH,2026-08-12,POL-DTI-001,Disposable income (AC-02 alternative measure).
APP-000005-CALC-08,APP-000005,ltv,loans.base_loan_amount|properties.value_used_for_ltv,v1.0.0,0.9700,RATIO,2026-08-12,POL-CONV-001,Leverage against the value the rule uses.
APP-000005-CALC-09,APP-000005,cltv,loans.base_loan_amount|properties.value_used_for_ltv,v1.0.0,0.9700,RATIO,2026-08-12,POL-CONV-001,Leverage including every subordinate lien.
APP-000005-CALC-10,APP-000005,hcltv,loans.base_loan_amount|properties.value_used_for_ltv,v1.0.0,0.9700,RATIO,2026-08-12,POL-CONV-001,Leverage counting HELOC credit lines in full.
APP-000005-CALC-11,APP-000005,down_payment_amount,properties.purchase_price|loans.base_loan_amount,v1.0.0,15000.00,USD,2026-08-12,POL-AST-002,Borrower equity contribution at purchase.
APP-000005-CALC-12,APP-000005,down_payment_pct,underwriting_calculations.down_payment_amount|properties.purchase_price,v1.0.0,0.0300,RATIO,2026-08-12,POL-AST-002,Contribution as a share of price.
APP-000005-CALC-13,APP-000005,cash_to_close,underwriting_calculations.down_payment_amount|loans.closing_costs|loans.prepaids_and_escrow|loans.seller_credits|loans.earnest_money_paid,v1.0.0,20217.12,USD,2026-08-12,POL-AST-002,Borrower funds required at settlement.
APP-000005-CALC-14,APP-000005,funds_to_close_available,assets.eligible_close_amount,v1.0.0,32596.16,USD,2026-08-12,POL-AST-001,Eligible assets available at settlement.
APP-000005-CALC-15,APP-000005,funds_shortfall,underwriting_calculations.cash_to_close|underwriting_calculations.funds_to_close_available,v1.0.0,0.00,USD,2026-08-12,POL-AST-002,Positive value means the file cannot close as structured.
APP-000005-CALC-16,APP-000005,post_close_reserves,assets.eligible_reserve_amount|underwriting_calculations.cash_to_close,v1.0.0,15473.80,USD,2026-08-12,POL-AST-003,Reserve-eligible assets surviving the settlement draw.
APP-000005-CALC-17,APP-000005,months_reserves,underwriting_calculations.post_close_reserves|underwriting_calculations.housing_expense_pitia,v1.0.0,4.00,MONTHS,2026-08-12,POL-AST-003,Reserves expressed in months of housing expense.
APP-000005-CALC-18,APP-000005,credit_utilization,credit_accounts.balance|credit_accounts.credit_limit,v1.0.0,0.2800,RATIO,2026-08-12,POL-CRD-003,Risk context only; never a policy breach on its own.
APP-000005-CALC-19,APP-000005,employment_tenure_months,employment.verified_start_date|applications.application_date,v1.0.0,54,MONTHS,2026-08-12,POL-EMP-002,"Computed from the verified start date, not the declared one."
APP-000005-CALC-20,APP-000005,payment_shock_pct,underwriting_calculations.housing_expense_pitia|applications.current_housing_payment,v1.0.0,0.8868,RATIO,2026-08-12,POL-DTI-001,Not applicable where there is no prior housing payment.
APP-000005-CALC-21,APP-000005,loan_to_income,loans.base_loan_amount|underwriting_calculations.qualifying_annual_income,v1.0.0,3.03,MULTIPLE,2026-08-12,POL-DTI-001,"Supplemental analytical measure, not an eligibility rule."
APP-000005-CALC-22,APP-000005,representative_credit_score,credit_profiles.score_1|credit_profiles.score_2|credit_profiles.score_3,v1.0.0,688,SCORE,2026-08-12,POL-CRD-001,Middle of three per borrower; lowest across borrowers.
APP-000006-CALC-01,APP-000006,gross_monthly_income,income.annual_amount,v1.0.0,9025.00,USD_PER_MONTH,2026-08-12,POL-INC-001,"Gross eligible earnings before tax, before policy adjustment."
APP-000006-CALC-02,APP-000006,qualifying_monthly_income,income.qualifying_monthly_amount,v1.0.0,9025.00,USD_PER_MONTH,2026-08-12,POL-INC-001,The income figure the affordability rules are permitted to use.
APP-000006-CALC-03,APP-000006,housing_expense_pitia,loans.principal_and_interest|properties.annual_property_tax|properties.annual_hazard_premium|properties.monthly_hoa|loans.monthly_mortgage_insurance,v1.0.0,2617.18,USD_PER_MONTH,2026-08-12,POL-DTI-001,Full qualifying housing expense; the reserve denominator.
APP-000006-CALC-04,APP-000006,total_monthly_debt,underwriting_calculations.housing_expense_pitia|liabilities.monthly_payment,v1.0.0,3158.75,USD_PER_MONTH,2026-08-12,POL-LIA-001,DTI numerator.
APP-000006-CALC-05,APP-000006,front_end_dti,underwriting_calculations.housing_expense_pitia|underwriting_calculations.qualifying_monthly_income,v1.0.0,0.2900,RATIO,2026-08-12,POL-DTI-001,Housing ratio; advisory except on the USDA overlay.
APP-000006-CALC-06,APP-000006,back_end_dti,underwriting_calculations.total_monthly_debt|underwriting_calculations.qualifying_monthly_income,v1.0.0,0.3500,RATIO,2026-08-12,POL-DTI-001,Principal affordability measure (AC-02).
APP-000006-CALC-07,APP-000006,residual_income_monthly,underwriting_calculations.qualifying_monthly_income|underwriting_calculations.total_monthly_debt,v1.0.0,5866.25,USD_PER_MONTH,2026-08-12,POL-DTI-001,Disposable income (AC-02 alternative measure).
APP-000006-CALC-08,APP-000006,ltv,loans.base_loan_amount|properties.value_used_for_ltv,v1.0.0,0.8000,RATIO,2026-08-12,POL-CONV-001,Leverage against the value the rule uses.
APP-000006-CALC-09,APP-000006,cltv,loans.base_loan_amount|properties.value_used_for_ltv,v1.0.0,0.8000,RATIO,2026-08-12,POL-CONV-001,Leverage including every subordinate lien.
APP-000006-CALC-10,APP-000006,hcltv,loans.base_loan_amount|properties.value_used_for_ltv,v1.0.0,0.8000,RATIO,2026-08-12,POL-CONV-001,Leverage counting HELOC credit lines in full.
APP-000006-CALC-11,APP-000006,down_payment_amount,properties.purchase_price|loans.base_loan_amount,v1.0.0,78000.00,USD,2026-08-12,POL-AST-002,Borrower equity contribution at purchase.
APP-000006-CALC-12,APP-000006,down_payment_pct,underwriting_calculations.down_payment_amount|properties.purchase_price,v1.0.0,0.2000,RATIO,2026-08-12,POL-AST-002,Contribution as a share of price.
APP-000006-CALC-13,APP-000006,cash_to_close,underwriting_calculations.down_payment_amount|loans.closing_costs|loans.prepaids_and_escrow|loans.seller_credits|loans.earnest_money_paid,v1.0.0,82431.66,USD,2026-08-12,POL-AST-002,Borrower funds required at settlement.
APP-000006-CALC-14,APP-000006,funds_to_close_available,assets.eligible_close_amount,v1.0.0,59350.80,USD,2026-08-12,POL-AST-001,Eligible assets available at settlement.
APP-000006-CALC-15,APP-000006,funds_shortfall,underwriting_calculations.cash_to_close|underwriting_calculations.funds_to_close_available,v1.0.0,23080.86,USD,2026-08-12,POL-AST-002,Positive value means the file cannot close as structured.
APP-000006-CALC-16,APP-000006,post_close_reserves,assets.eligible_reserve_amount|underwriting_calculations.cash_to_close,v1.0.0,0.00,USD,2026-08-12,POL-AST-003,Reserve-eligible assets surviving the settlement draw.
APP-000006-CALC-17,APP-000006,months_reserves,underwriting_calculations.post_close_reserves|underwriting_calculations.housing_expense_pitia,v1.0.0,0.00,MONTHS,2026-08-12,POL-AST-003,Reserves expressed in months of housing expense.
APP-000006-CALC-18,APP-000006,credit_utilization,credit_accounts.balance|credit_accounts.credit_limit,v1.0.0,0.2800,RATIO,2026-08-12,POL-CRD-003,Risk context only; never a policy breach on its own.
APP-000006-CALC-19,APP-000006,employment_tenure_months,employment.verified_start_date|applications.application_date,v1.0.0,54,MONTHS,2026-08-12,POL-EMP-002,"Computed from the verified start date, not the declared one."
APP-000006-CALC-20,APP-000006,payment_shock_pct,underwriting_calculations.housing_expense_pitia|applications.current_housing_payment,v1.0.0,0.4286,RATIO,2026-08-12,POL-DTI-001,Not applicable where there is no prior housing payment.
APP-000006-CALC-21,APP-000006,loan_to_income,loans.base_loan_amount|underwriting_calculations.qualifying_annual_income,v1.0.0,2.88,MULTIPLE,2026-08-12,POL-DTI-001,"Supplemental analytical measure, not an eligibility rule."
APP-000006-CALC-22,APP-000006,representative_credit_score,credit_profiles.score_1|credit_profiles.score_2|credit_profiles.score_3,v1.0.0,742,SCORE,2026-08-12,POL-CRD-001,Middle of three per borrower; lowest across borrowers.
APP-000007-CALC-01,APP-000007,gross_monthly_income,income.annual_amount,v1.0.0,11125.00,USD_PER_MONTH,2026-08-12,POL-INC-001,"Gross eligible earnings before tax, before policy adjustment."
APP-000007-CALC-02,APP-000007,qualifying_monthly_income,income.qualifying_monthly_amount,v1.0.0,11125.00,USD_PER_MONTH,2026-08-12,POL-INC-001,The income figure the affordability rules are permitted to use.
APP-000007-CALC-03,APP-000007,housing_expense_pitia,loans.principal_and_interest|properties.annual_property_tax|properties.annual_hazard_premium|properties.monthly_hoa|loans.monthly_mortgage_insurance,v1.0.0,3671.29,USD_PER_MONTH,2026-08-12,POL-DTI-001,Full qualifying housing expense; the reserve denominator.
APP-000007-CALC-04,APP-000007,total_monthly_debt,underwriting_calculations.housing_expense_pitia|liabilities.monthly_payment,v1.0.0,4895.00,USD_PER_MONTH,2026-08-12,POL-LIA-001,DTI numerator.
APP-000007-CALC-05,APP-000007,front_end_dti,underwriting_calculations.housing_expense_pitia|underwriting_calculations.qualifying_monthly_income,v1.0.0,0.3300,RATIO,2026-08-12,POL-DTI-001,Housing ratio; advisory except on the USDA overlay.
APP-000007-CALC-06,APP-000007,back_end_dti,underwriting_calculations.total_monthly_debt|underwriting_calculations.qualifying_monthly_income,v1.0.0,0.4400,RATIO,2026-08-12,POL-DTI-001,Principal affordability measure (AC-02).
APP-000007-CALC-07,APP-000007,residual_income_monthly,underwriting_calculations.qualifying_monthly_income|underwriting_calculations.total_monthly_debt,v1.0.0,6230.00,USD_PER_MONTH,2026-08-12,POL-DTI-001,Disposable income (AC-02 alternative measure).
APP-000007-CALC-08,APP-000007,ltv,loans.base_loan_amount|properties.value_used_for_ltv,v1.0.0,0.9500,RATIO,2026-08-12,POL-CONV-001,Leverage against the value the rule uses.
APP-000007-CALC-09,APP-000007,cltv,loans.base_loan_amount|properties.value_used_for_ltv,v1.0.0,0.9500,RATIO,2026-08-12,POL-CONV-001,Leverage including every subordinate lien.
APP-000007-CALC-10,APP-000007,hcltv,loans.base_loan_amount|properties.value_used_for_ltv,v1.0.0,0.9500,RATIO,2026-08-12,POL-CONV-001,Leverage counting HELOC credit lines in full.
APP-000007-CALC-11,APP-000007,down_payment_amount,properties.purchase_price|loans.base_loan_amount,v1.0.0,21000.00,USD,2026-08-12,POL-AST-002,Borrower equity contribution at purchase.
APP-000007-CALC-12,APP-000007,down_payment_pct,underwriting_calculations.down_payment_amount|properties.purchase_price,v1.0.0,0.0500,RATIO,2026-08-12,POL-AST-002,Contribution as a share of price.
APP-000007-CALC-13,APP-000007,cash_to_close,underwriting_calculations.down_payment_amount|loans.closing_costs|loans.prepaids_and_escrow|loans.seller_credits|loans.earnest_money_paid,v1.0.0,27156.92,USD,2026-08-12,POL-AST-002,Borrower funds required at settlement.
APP-000007-CALC-14,APP-000007,funds_to_close_available,assets.eligible_close_amount,v1.0.0,28992.57,USD,2026-08-12,POL-AST-001,Eligible assets available at settlement.
APP-000007-CALC-15,APP-000007,funds_shortfall,underwriting_calculations.cash_to_close|underwriting_calculations.funds_to_close_available,v1.0.0,0.00,USD,2026-08-12,POL-AST-002,Positive value means the file cannot close as structured.
APP-000007-CALC-16,APP-000007,post_close_reserves,assets.eligible_reserve_amount|underwriting_calculations.cash_to_close,v1.0.0,1835.65,USD,2026-08-12,POL-AST-003,Reserve-eligible assets surviving the settlement draw.
APP-000007-CALC-17,APP-000007,months_reserves,underwriting_calculations.post_close_reserves|underwriting_calculations.housing_expense_pitia,v1.0.0,0.50,MONTHS,2026-08-12,POL-AST-003,Reserves expressed in months of housing expense.
APP-000007-CALC-18,APP-000007,credit_utilization,credit_accounts.balance|credit_accounts.credit_limit,v1.0.0,0.2800,RATIO,2026-08-12,POL-CRD-003,Risk context only; never a policy breach on its own.
APP-000007-CALC-19,APP-000007,employment_tenure_months,employment.verified_start_date|applications.application_date,v1.0.0,54,MONTHS,2026-08-12,POL-EMP-002,"Computed from the verified start date, not the declared one."
APP-000007-CALC-20,APP-000007,payment_shock_pct,underwriting_calculations.housing_expense_pitia|applications.current_housing_payment,v1.0.0,0.2658,RATIO,2026-08-12,POL-DTI-001,Not applicable where there is no prior housing payment.
APP-000007-CALC-21,APP-000007,loan_to_income,loans.base_loan_amount|underwriting_calculations.qualifying_annual_income,v1.0.0,2.99,MULTIPLE,2026-08-12,POL-DTI-001,"Supplemental analytical measure, not an eligibility rule."
APP-000007-CALC-22,APP-000007,representative_credit_score,credit_profiles.score_1|credit_profiles.score_2|credit_profiles.score_3,v1.0.0,706,SCORE,2026-08-12,POL-CRD-001,Middle of three per borrower; lowest across borrowers.
APP-000008-CALC-01,APP-000008,gross_monthly_income,income.annual_amount,v1.0.0,9400.00,USD_PER_MONTH,2026-08-12,POL-INC-001,"Gross eligible earnings before tax, before policy adjustment."
APP-000008-CALC-02,APP-000008,qualifying_monthly_income,income.qualifying_monthly_amount,v1.0.0,9400.00,USD_PER_MONTH,2026-08-12,POL-INC-001,The income figure the affordability rules are permitted to use.
APP-000008-CALC-03,APP-000008,housing_expense_pitia,loans.principal_and_interest|properties.annual_property_tax|properties.annual_hazard_premium|properties.monthly_hoa|loans.monthly_mortgage_insurance,v1.0.0,2725.38,USD_PER_MONTH,2026-08-12,POL-DTI-001,Full qualifying housing expense; the reserve denominator.
APP-000008-CALC-04,APP-000008,total_monthly_debt,underwriting_calculations.housing_expense_pitia|liabilities.monthly_payment,v1.0.0,3102.00,USD_PER_MONTH,2026-08-12,POL-LIA-001,DTI numerator.
APP-000008-CALC-05,APP-000008,front_end_dti,underwriting_calculations.housing_expense_pitia|underwriting_calculations.qualifying_monthly_income,v1.0.0,0.2899,RATIO,2026-08-12,POL-DTI-001,Housing ratio; advisory except on the USDA overlay.
APP-000008-CALC-06,APP-000008,back_end_dti,underwriting_calculations.total_monthly_debt|underwriting_calculations.qualifying_monthly_income,v1.0.0,0.3300,RATIO,2026-08-12,POL-DTI-001,Principal affordability measure (AC-02).
APP-000008-CALC-07,APP-000008,residual_income_monthly,underwriting_calculations.qualifying_monthly_income|underwriting_calculations.total_monthly_debt,v1.0.0,6298.00,USD_PER_MONTH,2026-08-12,POL-DTI-001,Disposable income (AC-02 alternative measure).
APP-000008-CALC-08,APP-000008,ltv,loans.base_loan_amount|properties.value_used_for_ltv,v1.0.0,0.8000,RATIO,2026-08-12,POL-CONV-001,Leverage against the value the rule uses.
APP-000008-CALC-09,APP-000008,cltv,loans.base_loan_amount|properties.value_used_for_ltv,v1.0.0,0.8000,RATIO,2026-08-12,POL-CONV-001,Leverage including every subordinate lien.
APP-000008-CALC-10,APP-000008,hcltv,loans.base_loan_amount|properties.value_used_for_ltv,v1.0.0,0.8000,RATIO,2026-08-12,POL-CONV-001,Leverage counting HELOC credit lines in full.
APP-000008-CALC-11,APP-000008,down_payment_amount,properties.purchase_price|loans.base_loan_amount,v1.0.0,88000.00,USD,2026-08-12,POL-AST-002,Borrower equity contribution at purchase.
APP-000008-CALC-12,APP-000008,down_payment_pct,underwriting_calculations.down_payment_amount|properties.purchase_price,v1.0.0,0.2000,RATIO,2026-08-12,POL-AST-002,Contribution as a share of price.
APP-000008-CALC-13,APP-000008,cash_to_close,underwriting_calculations.down_payment_amount|loans.closing_costs|loans.prepaids_and_escrow|loans.seller_credits|loans.earnest_money_paid,v1.0.0,83280.62,USD,2026-08-12,POL-AST-002,Borrower funds required at settlement.
APP-000008-CALC-14,APP-000008,funds_to_close_available,assets.eligible_close_amount,v1.0.0,100723.05,USD,2026-08-12,POL-AST-001,Eligible assets available at settlement.
APP-000008-CALC-15,APP-000008,funds_shortfall,underwriting_calculations.cash_to_close|underwriting_calculations.funds_to_close_available,v1.0.0,0.00,USD,2026-08-12,POL-AST-002,Positive value means the file cannot close as structured.
APP-000008-CALC-16,APP-000008,post_close_reserves,assets.eligible_reserve_amount|underwriting_calculations.cash_to_close,v1.0.0,21803.04,USD,2026-08-12,POL-AST-003,Reserve-eligible assets surviving the settlement draw.
APP-000008-CALC-17,APP-000008,months_reserves,underwriting_calculations.post_close_reserves|underwriting_calculations.housing_expense_pitia,v1.0.0,8.00,MONTHS,2026-08-12,POL-AST-003,Reserves expressed in months of housing expense.
APP-000008-CALC-18,APP-000008,credit_utilization,credit_accounts.balance|credit_accounts.credit_limit,v1.0.0,0.2800,RATIO,2026-08-12,POL-CRD-003,Risk context only; never a policy breach on its own.
APP-000008-CALC-19,APP-000008,employment_tenure_months,employment.verified_start_date|applications.application_date,v1.0.0,11,MONTHS,2026-08-12,POL-EMP-002,"Computed from the verified start date, not the declared one."
APP-000008-CALC-20,APP-000008,payment_shock_pct,underwriting_calculations.housing_expense_pitia|applications.current_housing_payment,v1.0.0,0.6949,RATIO,2026-08-12,POL-DTI-001,Not applicable where there is no prior housing payment.
APP-000008-CALC-21,APP-000008,loan_to_income,loans.base_loan_amount|underwriting_calculations.qualifying_annual_income,v1.0.0,3.12,MULTIPLE,2026-08-12,POL-DTI-001,"Supplemental analytical measure, not an eligibility rule."
APP-000008-CALC-22,APP-000008,representative_credit_score,credit_profiles.score_1|credit_profiles.score_2|credit_profiles.score_3,v1.0.0,742,SCORE,2026-08-12,POL-CRD-001,Middle of three per borrower; lowest across borrowers.
APP-000009-CALC-01,APP-000009,gross_monthly_income,income.annual_amount,v1.0.0,9091.67,USD_PER_MONTH,2026-08-12,POL-INC-001,"Gross eligible earnings before tax, before policy adjustment."
APP-000009-CALC-02,APP-000009,qualifying_monthly_income,income.qualifying_monthly_amount,v1.0.0,9091.67,USD_PER_MONTH,2026-08-12,POL-INC-001,The income figure the affordability rules are permitted to use.
APP-000009-CALC-03,APP-000009,housing_expense_pitia,loans.principal_and_interest|properties.annual_property_tax|properties.annual_hazard_premium|properties.monthly_hoa|loans.monthly_mortgage_insurance,v1.0.0,2637.63,USD_PER_MONTH,2026-08-12,POL-DTI-001,Full qualifying housing expense; the reserve denominator.
APP-000009-CALC-04,APP-000009,total_monthly_debt,underwriting_calculations.housing_expense_pitia|liabilities.monthly_payment,v1.0.0,3363.92,USD_PER_MONTH,2026-08-12,POL-LIA-001,DTI numerator.
APP-000009-CALC-05,APP-000009,front_end_dti,underwriting_calculations.housing_expense_pitia|underwriting_calculations.qualifying_monthly_income,v1.0.0,0.2901,RATIO,2026-08-12,POL-DTI-001,Housing ratio; advisory except on the USDA overlay.
APP-000009-CALC-06,APP-000009,back_end_dti,underwriting_calculations.total_monthly_debt|underwriting_calculations.qualifying_monthly_income,v1.0.0,0.3700,RATIO,2026-08-12,POL-DTI-001,Principal affordability measure (AC-02).
APP-000009-CALC-07,APP-000009,residual_income_monthly,underwriting_calculations.qualifying_monthly_income|underwriting_calculations.total_monthly_debt,v1.0.0,5727.75,USD_PER_MONTH,2026-08-12,POL-DTI-001,Disposable income (AC-02 alternative measure).
APP-000009-CALC-08,APP-000009,ltv,loans.base_loan_amount|properties.value_used_for_ltv,v1.0.0,0.8000,RATIO,2026-08-12,POL-CONV-001,Leverage against the value the rule uses.
APP-000009-CALC-09,APP-000009,cltv,loans.base_loan_amount|properties.value_used_for_ltv,v1.0.0,0.8000,RATIO,2026-08-12,POL-CONV-001,Leverage including every subordinate lien.
APP-000009-CALC-10,APP-000009,hcltv,loans.base_loan_amount|properties.value_used_for_ltv,v1.0.0,0.8000,RATIO,2026-08-12,POL-CONV-001,Leverage counting HELOC credit lines in full.
APP-000009-CALC-11,APP-000009,down_payment_amount,properties.purchase_price|loans.base_loan_amount,v1.0.0,80000.00,USD,2026-08-12,POL-AST-002,Borrower equity contribution at purchase.
APP-000009-CALC-12,APP-000009,down_payment_pct,underwriting_calculations.down_payment_amount|properties.purchase_price,v1.0.0,0.2000,RATIO,2026-08-12,POL-AST-002,Contribution as a share of price.
APP-000009-CALC-13,APP-000009,cash_to_close,underwriting_calculations.down_payment_amount|loans.closing_costs|loans.prepaids_and_escrow|loans.seller_credits|loans.earnest_money_paid,v1.0.0,84357.87,USD,2026-08-12,POL-AST-002,Borrower funds required at settlement.
APP-000009-CALC-14,APP-000009,funds_to_close_available,assets.eligible_close_amount,v1.0.0,101238.70,USD,2026-08-12,POL-AST-001,Eligible assets available at settlement.
APP-000009-CALC-15,APP-000009,funds_shortfall,underwriting_calculations.cash_to_close|underwriting_calculations.funds_to_close_available,v1.0.0,0.00,USD,2026-08-12,POL-AST-002,Positive value means the file cannot close as structured.
APP-000009-CALC-16,APP-000009,post_close_reserves,assets.eligible_reserve_amount|underwriting_calculations.cash_to_close,v1.0.0,21101.04,USD,2026-08-12,POL-AST-003,Reserve-eligible assets surviving the settlement draw.
APP-000009-CALC-17,APP-000009,months_reserves,underwriting_calculations.post_close_reserves|underwriting_calculations.housing_expense_pitia,v1.0.0,8.00,MONTHS,2026-08-12,POL-AST-003,Reserves expressed in months of housing expense.
APP-000009-CALC-18,APP-000009,credit_utilization,credit_accounts.balance|credit_accounts.credit_limit,v1.0.0,0.2800,RATIO,2026-08-12,POL-CRD-003,Risk context only; never a policy breach on its own.
APP-000009-CALC-19,APP-000009,employment_tenure_months,employment.verified_start_date|applications.application_date,v1.0.0,4,MONTHS,2026-08-12,POL-EMP-002,"Computed from the verified start date, not the declared one."
APP-000009-CALC-20,APP-000009,payment_shock_pct,underwriting_calculations.housing_expense_pitia|applications.current_housing_payment,v1.0.0,0.0526,RATIO,2026-08-12,POL-DTI-001,Not applicable where there is no prior housing payment.
APP-000009-CALC-21,APP-000009,loan_to_income,loans.base_loan_amount|underwriting_calculations.qualifying_annual_income,v1.0.0,2.93,MULTIPLE,2026-08-12,POL-DTI-001,"Supplemental analytical measure, not an eligibility rule."
APP-000009-CALC-22,APP-000009,representative_credit_score,credit_profiles.score_1|credit_profiles.score_2|credit_profiles.score_3,v1.0.0,742,SCORE,2026-08-12,POL-CRD-001,Middle of three per borrower; lowest across borrowers.
APP-000010-CALC-01,APP-000010,gross_monthly_income,income.annual_amount,v1.0.0,8875.00,USD_PER_MONTH,2026-08-12,POL-INC-001,"Gross eligible earnings before tax, before policy adjustment."
APP-000010-CALC-02,APP-000010,qualifying_monthly_income,income.qualifying_monthly_amount,v1.0.0,8875.00,USD_PER_MONTH,2026-08-12,POL-INC-001,The income figure the affordability rules are permitted to use.
APP-000010-CALC-03,APP-000010,housing_expense_pitia,loans.principal_and_interest|properties.annual_property_tax|properties.annual_hazard_premium|properties.monthly_hoa|loans.monthly_mortgage_insurance,v1.0.0,2574.93,USD_PER_MONTH,2026-08-12,POL-DTI-001,Full qualifying housing expense; the reserve denominator.
APP-000010-CALC-04,APP-000010,total_monthly_debt,underwriting_calculations.housing_expense_pitia|liabilities.monthly_payment,v1.0.0,3372.50,USD_PER_MONTH,2026-08-12,POL-LIA-001,DTI numerator.
APP-000010-CALC-05,APP-000010,front_end_dti,underwriting_calculations.housing_expense_pitia|underwriting_calculations.qualifying_monthly_income,v1.0.0,0.2901,RATIO,2026-08-12,POL-DTI-001,Housing ratio; advisory except on the USDA overlay.
APP-000010-CALC-06,APP-000010,back_end_dti,underwriting_calculations.total_monthly_debt|underwriting_calculations.qualifying_monthly_income,v1.0.0,0.3800,RATIO,2026-08-12,POL-DTI-001,Principal affordability measure (AC-02).
APP-000010-CALC-07,APP-000010,residual_income_monthly,underwriting_calculations.qualifying_monthly_income|underwriting_calculations.total_monthly_debt,v1.0.0,5502.50,USD_PER_MONTH,2026-08-12,POL-DTI-001,Disposable income (AC-02 alternative measure).
APP-000010-CALC-08,APP-000010,ltv,loans.base_loan_amount|properties.value_used_for_ltv,v1.0.0,0.8000,RATIO,2026-08-12,POL-CONV-001,Leverage against the value the rule uses.
APP-000010-CALC-09,APP-000010,cltv,loans.base_loan_amount|properties.value_used_for_ltv,v1.0.0,0.8000,RATIO,2026-08-12,POL-CONV-001,Leverage including every subordinate lien.
APP-000010-CALC-10,APP-000010,hcltv,loans.base_loan_amount|properties.value_used_for_ltv,v1.0.0,0.8000,RATIO,2026-08-12,POL-CONV-001,Leverage counting HELOC credit lines in full.
APP-000010-CALC-11,APP-000010,down_payment_amount,properties.purchase_price|loans.base_loan_amount,v1.0.0,78000.00,USD,2026-08-12,POL-AST-002,Borrower equity contribution at purchase.
APP-000010-CALC-12,APP-000010,down_payment_pct,underwriting_calculations.down_payment_amount|properties.purchase_price,v1.0.0,0.2000,RATIO,2026-08-12,POL-AST-002,Contribution as a share of price.
APP-000010-CALC-13,APP-000010,cash_to_close,underwriting_calculations.down_payment_amount|loans.closing_costs|loans.prepaids_and_escrow|loans.seller_credits|loans.earnest_money_paid,v1.0.0,74504.91,USD,2026-08-12,POL-AST-002,Borrower funds required at settlement.
APP-000010-CALC-14,APP-000010,funds_to_close_available,assets.eligible_close_amount,v1.0.0,84804.63,USD,2026-08-12,POL-AST-001,Eligible assets available at settlement.
APP-000010-CALC-15,APP-000010,funds_shortfall,underwriting_calculations.cash_to_close|underwriting_calculations.funds_to_close_available,v1.0.0,0.00,USD,2026-08-12,POL-AST-002,Positive value means the file cannot close as structured.
APP-000010-CALC-16,APP-000010,post_close_reserves,assets.eligible_reserve_amount|underwriting_calculations.cash_to_close,v1.0.0,12874.65,USD,2026-08-12,POL-AST-003,Reserve-eligible assets surviving the settlement draw.
APP-000010-CALC-17,APP-000010,months_reserves,underwriting_calculations.post_close_reserves|underwriting_calculations.housing_expense_pitia,v1.0.0,5.00,MONTHS,2026-08-12,POL-AST-003,Reserves expressed in months of housing expense.
APP-000010-CALC-18,APP-000010,credit_utilization,credit_accounts.balance|credit_accounts.credit_limit,v1.0.0,0.2800,RATIO,2026-08-12,POL-CRD-003,Risk context only; never a policy breach on its own.
APP-000010-CALC-19,APP-000010,employment_tenure_months,employment.verified_start_date|applications.application_date,v1.0.0,54,MONTHS,2026-08-12,POL-EMP-002,"Computed from the verified start date, not the declared one."
APP-000010-CALC-20,APP-000010,payment_shock_pct,underwriting_calculations.housing_expense_pitia|applications.current_housing_payment,v1.0.0,0.1364,RATIO,2026-08-12,POL-DTI-001,Not applicable where there is no prior housing payment.
APP-000010-CALC-21,APP-000010,loan_to_income,loans.base_loan_amount|underwriting_calculations.qualifying_annual_income,v1.0.0,2.93,MULTIPLE,2026-08-12,POL-DTI-001,"Supplemental analytical measure, not an eligibility rule."
APP-000010-CALC-22,APP-000010,representative_credit_score,credit_profiles.score_1|credit_profiles.score_2|credit_profiles.score_3,v1.0.0,712,SCORE,2026-08-12,POL-CRD-001,Middle of three per borrower; lowest across borrowers.
APP-000011-CALC-01,APP-000011,gross_monthly_income,income.annual_amount,v1.0.0,8525.00,USD_PER_MONTH,2026-08-12,POL-INC-001,"Gross eligible earnings before tax, before policy adjustment."
APP-000011-CALC-02,APP-000011,qualifying_monthly_income,income.qualifying_monthly_amount,v1.0.0,8525.00,USD_PER_MONTH,2026-08-12,POL-INC-001,The income figure the affordability rules are permitted to use.
APP-000011-CALC-03,APP-000011,housing_expense_pitia,loans.principal_and_interest|properties.annual_property_tax|properties.annual_hazard_premium|properties.monthly_hoa|loans.monthly_mortgage_insurance,v1.0.0,2472.00,USD_PER_MONTH,2026-08-12,POL-DTI-001,Full qualifying housing expense; the reserve denominator.
APP-000011-CALC-04,APP-000011,total_monthly_debt,underwriting_calculations.housing_expense_pitia|liabilities.monthly_payment,v1.0.0,3069.00,USD_PER_MONTH,2026-08-12,POL-LIA-001,DTI numerator.
APP-000011-CALC-05,APP-000011,front_end_dti,underwriting_calculations.housing_expense_pitia|underwriting_calculations.qualifying_monthly_income,v1.0.0,0.2900,RATIO,2026-08-12,POL-DTI-001,Housing ratio; advisory except on the USDA overlay.
APP-000011-CALC-06,APP-000011,back_end_dti,underwriting_calculations.total_monthly_debt|underwriting_calculations.qualifying_monthly_income,v1.0.0,0.3600,RATIO,2026-08-12,POL-DTI-001,Principal affordability measure (AC-02).
APP-000011-CALC-07,APP-000011,residual_income_monthly,underwriting_calculations.qualifying_monthly_income|underwriting_calculations.total_monthly_debt,v1.0.0,5456.00,USD_PER_MONTH,2026-08-12,POL-DTI-001,Disposable income (AC-02 alternative measure).
APP-000011-CALC-08,APP-000011,ltv,loans.base_loan_amount|properties.value_used_for_ltv,v1.0.0,0.8000,RATIO,2026-08-12,POL-CONV-001,Leverage against the value the rule uses.
APP-000011-CALC-09,APP-000011,cltv,loans.base_loan_amount|properties.value_used_for_ltv,v1.0.0,0.8000,RATIO,2026-08-12,POL-CONV-001,Leverage including every subordinate lien.
APP-000011-CALC-10,APP-000011,hcltv,loans.base_loan_amount|properties.value_used_for_ltv,v1.0.0,0.8000,RATIO,2026-08-12,POL-CONV-001,Leverage counting HELOC credit lines in full.
APP-000011-CALC-11,APP-000011,down_payment_amount,properties.purchase_price|loans.base_loan_amount,v1.0.0,84000.00,USD,2026-08-12,POL-AST-002,Borrower equity contribution at purchase.
APP-000011-CALC-12,APP-000011,down_payment_pct,underwriting_calculations.down_payment_amount|properties.purchase_price,v1.0.0,0.2000,RATIO,2026-08-12,POL-AST-002,Contribution as a share of price.
APP-000011-CALC-13,APP-000011,cash_to_close,underwriting_calculations.down_payment_amount|loans.closing_costs|loans.prepaids_and_escrow|loans.seller_credits|loans.earnest_money_paid,v1.0.0,87590.75,USD,2026-08-12,POL-AST-002,Borrower funds required at settlement.
APP-000011-CALC-14,APP-000011,funds_to_close_available,assets.eligible_close_amount,v1.0.0,105389.15,USD,2026-08-12,POL-AST-001,Eligible assets available at settlement.
APP-000011-CALC-15,APP-000011,funds_shortfall,underwriting_calculations.cash_to_close|underwriting_calculations.funds_to_close_available,v1.0.0,0.00,USD,2026-08-12,POL-AST-002,Positive value means the file cannot close as structured.
APP-000011-CALC-16,APP-000011,post_close_reserves,assets.eligible_reserve_amount|underwriting_calculations.cash_to_close,v1.0.0,22248.00,USD,2026-08-12,POL-AST-003,Reserve-eligible assets surviving the settlement draw.
APP-000011-CALC-17,APP-000011,months_reserves,underwriting_calculations.post_close_reserves|underwriting_calculations.housing_expense_pitia,v1.0.0,9.00,MONTHS,2026-08-12,POL-AST-003,Reserves expressed in months of housing expense.
APP-000011-CALC-18,APP-000011,credit_utilization,credit_accounts.balance|credit_accounts.credit_limit,v1.0.0,0.2800,RATIO,2026-08-12,POL-CRD-003,Risk context only; never a policy breach on its own.
APP-000011-CALC-19,APP-000011,employment_tenure_months,employment.verified_start_date|applications.application_date,v1.0.0,54,MONTHS,2026-08-12,POL-EMP-002,"Computed from the verified start date, not the declared one."
APP-000011-CALC-20,APP-000011,payment_shock_pct,underwriting_calculations.housing_expense_pitia|applications.current_housing_payment,v1.0.0,0.8182,RATIO,2026-08-12,POL-DTI-001,Not applicable where there is no prior housing payment.
APP-000011-CALC-21,APP-000011,loan_to_income,loans.base_loan_amount|underwriting_calculations.qualifying_annual_income,v1.0.0,3.28,MULTIPLE,2026-08-12,POL-DTI-001,"Supplemental analytical measure, not an eligibility rule."
APP-000011-CALC-22,APP-000011,representative_credit_score,credit_profiles.score_1|credit_profiles.score_2|credit_profiles.score_3,v1.0.0,742,SCORE,2026-08-12,POL-CRD-001,Middle of three per borrower; lowest across borrowers.
APP-000012-CALC-01,APP-000012,gross_monthly_income,income.annual_amount,v1.0.0,10325.00,USD_PER_MONTH,2026-09-04,POL-INC-001,"Gross eligible earnings before tax, before policy adjustment."
APP-000012-CALC-02,APP-000012,qualifying_monthly_income,income.qualifying_monthly_amount,v1.0.0,10325.00,USD_PER_MONTH,2026-09-04,POL-INC-001,The income figure the affordability rules are permitted to use.
APP-000012-CALC-03,APP-000012,housing_expense_pitia,loans.principal_and_interest|properties.annual_property_tax|properties.annual_hazard_premium|properties.monthly_hoa|loans.monthly_mortgage_insurance,v1.0.0,2993.15,USD_PER_MONTH,2026-09-04,POL-DTI-001,Full qualifying housing expense; the reserve denominator.
APP-000012-CALC-04,APP-000012,total_monthly_debt,underwriting_calculations.housing_expense_pitia|liabilities.monthly_payment,v1.0.0,3820.25,USD_PER_MONTH,2026-09-04,POL-LIA-001,DTI numerator.
APP-000012-CALC-05,APP-000012,front_end_dti,underwriting_calculations.housing_expense_pitia|underwriting_calculations.qualifying_monthly_income,v1.0.0,0.2899,RATIO,2026-09-04,POL-DTI-001,Housing ratio; advisory except on the USDA overlay.
APP-000012-CALC-06,APP-000012,back_end_dti,underwriting_calculations.total_monthly_debt|underwriting_calculations.qualifying_monthly_income,v1.0.0,0.3700,RATIO,2026-09-04,POL-DTI-001,Principal affordability measure (AC-02).
APP-000012-CALC-07,APP-000012,residual_income_monthly,underwriting_calculations.qualifying_monthly_income|underwriting_calculations.total_monthly_debt,v1.0.0,6504.75,USD_PER_MONTH,2026-09-04,POL-DTI-001,Disposable income (AC-02 alternative measure).
APP-000012-CALC-08,APP-000012,ltv,loans.base_loan_amount|properties.value_used_for_ltv,v1.0.0,0.8000,RATIO,2026-09-04,POL-CONV-001,Leverage against the value the rule uses.
APP-000012-CALC-09,APP-000012,cltv,loans.base_loan_amount|properties.value_used_for_ltv,v1.0.0,0.8000,RATIO,2026-09-04,POL-CONV-001,Leverage including every subordinate lien.
APP-000012-CALC-10,APP-000012,hcltv,loans.base_loan_amount|properties.value_used_for_ltv,v1.0.0,0.8000,RATIO,2026-09-04,POL-CONV-001,Leverage counting HELOC credit lines in full.
APP-000012-CALC-11,APP-000012,down_payment_amount,properties.purchase_price|loans.base_loan_amount,v1.0.0,96000.00,USD,2026-09-04,POL-AST-002,Borrower equity contribution at purchase.
APP-000012-CALC-12,APP-000012,down_payment_pct,underwriting_calculations.down_payment_amount|properties.purchase_price,v1.0.0,0.2000,RATIO,2026-09-04,POL-AST-002,Contribution as a share of price.
APP-000012-CALC-13,APP-000012,cash_to_close,underwriting_calculations.down_payment_amount|loans.closing_costs|loans.prepaids_and_escrow|loans.seller_credits|loans.earnest_money_paid,v1.0.0,100343.42,USD,2026-09-04,POL-AST-002,Borrower funds required at settlement.
APP-000012-CALC-14,APP-000012,funds_to_close_available,assets.eligible_close_amount,v1.0.0,119499.58,USD,2026-09-04,POL-AST-001,Eligible assets available at settlement.
APP-000012-CALC-15,APP-000012,funds_shortfall,underwriting_calculations.cash_to_close|underwriting_calculations.funds_to_close_available,v1.0.0,0.00,USD,2026-09-04,POL-AST-002,Positive value means the file cannot close as structured.
APP-000012-CALC-16,APP-000012,post_close_reserves,assets.eligible_reserve_amount|underwriting_calculations.cash_to_close,v1.0.0,23945.20,USD,2026-09-04,POL-AST-003,Reserve-eligible assets surviving the settlement draw.
APP-000012-CALC-17,APP-000012,months_reserves,underwriting_calculations.post_close_reserves|underwriting_calculations.housing_expense_pitia,v1.0.0,8.00,MONTHS,2026-09-04,POL-AST-003,Reserves expressed in months of housing expense.
APP-000012-CALC-18,APP-000012,credit_utilization,credit_accounts.balance|credit_accounts.credit_limit,v1.0.0,0.2800,RATIO,2026-09-04,POL-CRD-003,Risk context only; never a policy breach on its own.
APP-000012-CALC-19,APP-000012,employment_tenure_months,employment.verified_start_date|applications.application_date,v1.0.0,54,MONTHS,2026-09-04,POL-EMP-002,"Computed from the verified start date, not the declared one."
APP-000012-CALC-20,APP-000012,payment_shock_pct,underwriting_calculations.housing_expense_pitia|applications.current_housing_payment,v1.0.0,0.7241,RATIO,2026-09-04,POL-DTI-001,Not applicable where there is no prior housing payment.
APP-000012-CALC-21,APP-000012,loan_to_income,loans.base_loan_amount|underwriting_calculations.qualifying_annual_income,v1.0.0,3.10,MULTIPLE,2026-09-04,POL-DTI-001,"Supplemental analytical measure, not an eligibility rule."
APP-000012-CALC-22,APP-000012,representative_credit_score,credit_profiles.score_1|credit_profiles.score_2|credit_profiles.score_3,v1.0.0,742,SCORE,2026-09-04,POL-CRD-001,Middle of three per borrower; lowest across borrowers.
APP-000013-CALC-01,APP-000013,gross_monthly_income,income.annual_amount,v1.0.0,11275.00,USD_PER_MONTH,2026-08-12,POL-INC-001,"Gross eligible earnings before tax, before policy adjustment."
APP-000013-CALC-02,APP-000013,qualifying_monthly_income,income.qualifying_monthly_amount,v1.0.0,11275.00,USD_PER_MONTH,2026-08-12,POL-INC-001,The income figure the affordability rules are permitted to use.
APP-000013-CALC-03,APP-000013,housing_expense_pitia,loans.principal_and_interest|properties.annual_property_tax|properties.annual_hazard_premium|properties.monthly_hoa|loans.monthly_mortgage_insurance,v1.0.0,3269.59,USD_PER_MONTH,2026-08-12,POL-DTI-001,Full qualifying housing expense; the reserve denominator.
APP-000013-CALC-04,APP-000013,total_monthly_debt,underwriting_calculations.housing_expense_pitia|liabilities.monthly_payment,v1.0.0,4059.00,USD_PER_MONTH,2026-08-12,POL-LIA-001,DTI numerator.
APP-000013-CALC-05,APP-000013,front_end_dti,underwriting_calculations.housing_expense_pitia|underwriting_calculations.qualifying_monthly_income,v1.0.0,0.2900,RATIO,2026-08-12,POL-DTI-001,Housing ratio; advisory except on the USDA overlay.
APP-000013-CALC-06,APP-000013,back_end_dti,underwriting_calculations.total_monthly_debt|underwriting_calculations.qualifying_monthly_income,v1.0.0,0.3600,RATIO,2026-08-12,POL-DTI-001,Principal affordability measure (AC-02).
APP-000013-CALC-07,APP-000013,residual_income_monthly,underwriting_calculations.qualifying_monthly_income|underwriting_calculations.total_monthly_debt,v1.0.0,7216.00,USD_PER_MONTH,2026-08-12,POL-DTI-001,Disposable income (AC-02 alternative measure).
APP-000013-CALC-08,APP-000013,ltv,loans.base_loan_amount|properties.value_used_for_ltv,v1.0.0,0.8000,RATIO,2026-08-12,POL-CONV-001,Leverage against the value the rule uses.
APP-000013-CALC-09,APP-000013,cltv,loans.base_loan_amount|properties.value_used_for_ltv,v1.0.0,0.8000,RATIO,2026-08-12,POL-CONV-001,Leverage including every subordinate lien.
APP-000013-CALC-10,APP-000013,hcltv,loans.base_loan_amount|properties.value_used_for_ltv,v1.0.0,0.8000,RATIO,2026-08-12,POL-CONV-001,Leverage counting HELOC credit lines in full.
APP-000013-CALC-11,APP-000013,down_payment_amount,properties.purchase_price|loans.base_loan_amount,v1.0.0,106000.00,USD,2026-08-12,POL-AST-002,Borrower equity contribution at purchase.
APP-000013-CALC-12,APP-000013,down_payment_pct,underwriting_calculations.down_payment_amount|properties.purchase_price,v1.0.0,0.2000,RATIO,2026-08-12,POL-AST-002,Contribution as a share of price.
APP-000013-CALC-13,APP-000013,cash_to_close,underwriting_calculations.down_payment_amount|loans.closing_costs|loans.prepaids_and_escrow|loans.seller_credits|loans.earnest_money_paid,v1.0.0,110497.14,USD,2026-08-12,POL-AST-002,Borrower funds required at settlement.
APP-000013-CALC-14,APP-000013,funds_to_close_available,assets.eligible_close_amount,v1.0.0,126191.17,USD,2026-08-12,POL-AST-001,Eligible assets available at settlement.
APP-000013-CALC-15,APP-000013,funds_shortfall,underwriting_calculations.cash_to_close|underwriting_calculations.funds_to_close_available,v1.0.0,0.00,USD,2026-08-12,POL-AST-002,Positive value means the file cannot close as structured.
APP-000013-CALC-16,APP-000013,post_close_reserves,assets.eligible_reserve_amount|underwriting_calculations.cash_to_close,v1.0.0,19617.54,USD,2026-08-12,POL-AST-003,Reserve-eligible assets surviving the settlement draw.
APP-000013-CALC-17,APP-000013,months_reserves,underwriting_calculations.post_close_reserves|underwriting_calculations.housing_expense_pitia,v1.0.0,6.00,MONTHS,2026-08-12,POL-AST-003,Reserves expressed in months of housing expense.
APP-000013-CALC-18,APP-000013,credit_utilization,credit_accounts.balance|credit_accounts.credit_limit,v1.0.0,0.2800,RATIO,2026-08-12,POL-CRD-003,Risk context only; never a policy breach on its own.
APP-000013-CALC-19,APP-000013,employment_tenure_months,employment.verified_start_date|applications.application_date,v1.0.0,54,MONTHS,2026-08-12,POL-EMP-002,"Computed from the verified start date, not the declared one."
APP-000013-CALC-20,APP-000013,payment_shock_pct,underwriting_calculations.housing_expense_pitia|applications.current_housing_payment,v1.0.0,0.2048,RATIO,2026-08-12,POL-DTI-001,Not applicable where there is no prior housing payment.
APP-000013-CALC-21,APP-000013,loan_to_income,loans.base_loan_amount|underwriting_calculations.qualifying_annual_income,v1.0.0,3.13,MULTIPLE,2026-08-12,POL-DTI-001,"Supplemental analytical measure, not an eligibility rule."
APP-000013-CALC-22,APP-000013,representative_credit_score,credit_profiles.score_1|credit_profiles.score_2|credit_profiles.score_3,v1.0.0,742,SCORE,2026-08-12,POL-CRD-001,Middle of three per borrower; lowest across borrowers.
APP-000014-CALC-01,APP-000014,gross_monthly_income,income.annual_amount,v1.0.0,7700.00,USD_PER_MONTH,2026-08-12,POL-INC-001,"Gross eligible earnings before tax, before policy adjustment."
APP-000014-CALC-02,APP-000014,qualifying_monthly_income,income.qualifying_monthly_amount,v1.0.0,7700.00,USD_PER_MONTH,2026-08-12,POL-INC-001,The income figure the affordability rules are permitted to use.
APP-000014-CALC-03,APP-000014,housing_expense_pitia,loans.principal_and_interest|properties.annual_property_tax|properties.annual_hazard_premium|properties.monthly_hoa|loans.monthly_mortgage_insurance,v1.0.0,2309.40,USD_PER_MONTH,2026-08-12,POL-DTI-001,Full qualifying housing expense; the reserve denominator.
APP-000014-CALC-04,APP-000014,total_monthly_debt,underwriting_calculations.housing_expense_pitia|liabilities.monthly_payment,v1.0.0,3542.00,USD_PER_MONTH,2026-08-12,POL-LIA-001,DTI numerator.
APP-000014-CALC-05,APP-000014,front_end_dti,underwriting_calculations.housing_expense_pitia|underwriting_calculations.qualifying_monthly_income,v1.0.0,0.2999,RATIO,2026-08-12,POL-DTI-001,Housing ratio; advisory except on the USDA overlay.
APP-000014-CALC-06,APP-000014,back_end_dti,underwriting_calculations.total_monthly_debt|underwriting_calculations.qualifying_monthly_income,v1.0.0,0.4600,RATIO,2026-08-12,POL-DTI-001,Principal affordability measure (AC-02).
APP-000014-CALC-07,APP-000014,residual_income_monthly,underwriting_calculations.qualifying_monthly_income|underwriting_calculations.total_monthly_debt,v1.0.0,4158.00,USD_PER_MONTH,2026-08-12,POL-DTI-001,Disposable income (AC-02 alternative measure).
APP-000014-CALC-08,APP-000014,ltv,loans.base_loan_amount|properties.value_used_for_ltv,v1.0.0,0.8000,RATIO,2026-08-12,POL-CONV-001,Leverage against the value the rule uses.
APP-000014-CALC-09,APP-000014,cltv,loans.base_loan_amount|properties.value_used_for_ltv,v1.0.0,0.8000,RATIO,2026-08-12,POL-CONV-001,Leverage including every subordinate lien.
APP-000014-CALC-10,APP-000014,hcltv,loans.base_loan_amount|properties.value_used_for_ltv,v1.0.0,0.8000,RATIO,2026-08-12,POL-CONV-001,Leverage counting HELOC credit lines in full.
APP-000014-CALC-11,APP-000014,down_payment_amount,properties.purchase_price|loans.base_loan_amount,v1.0.0,76000.00,USD,2026-08-12,POL-AST-002,Borrower equity contribution at purchase.
APP-000014-CALC-12,APP-000014,down_payment_pct,underwriting_calculations.down_payment_amount|properties.purchase_price,v1.0.0,0.2000,RATIO,2026-08-12,POL-AST-002,Contribution as a share of price.
APP-000014-CALC-13,APP-000014,cash_to_close,underwriting_calculations.down_payment_amount|loans.closing_costs|loans.prepaids_and_escrow|loans.seller_credits|loans.earnest_money_paid,v1.0.0,79643.45,USD,2026-08-12,POL-AST-002,Borrower funds required at settlement.
APP-000014-CALC-14,APP-000014,funds_to_close_available,assets.eligible_close_amount,v1.0.0,88881.05,USD,2026-08-12,POL-AST-001,Eligible assets available at settlement.
APP-000014-CALC-15,APP-000014,funds_shortfall,underwriting_calculations.cash_to_close|underwriting_calculations.funds_to_close_available,v1.0.0,0.00,USD,2026-08-12,POL-AST-002,Positive value means the file cannot close as structured.
APP-000014-CALC-16,APP-000014,post_close_reserves,assets.eligible_reserve_amount|underwriting_calculations.cash_to_close,v1.0.0,11547.00,USD,2026-08-12,POL-AST-003,Reserve-eligible assets surviving the settlement draw.
APP-000014-CALC-17,APP-000014,months_reserves,underwriting_calculations.post_close_reserves|underwriting_calculations.housing_expense_pitia,v1.0.0,5.00,MONTHS,2026-08-12,POL-AST-003,Reserves expressed in months of housing expense.
APP-000014-CALC-18,APP-000014,credit_utilization,credit_accounts.balance|credit_accounts.credit_limit,v1.0.0,0.2800,RATIO,2026-08-12,POL-CRD-003,Risk context only; never a policy breach on its own.
APP-000014-CALC-19,APP-000014,employment_tenure_months,employment.verified_start_date|applications.application_date,v1.0.0,54,MONTHS,2026-08-12,POL-EMP-002,"Computed from the verified start date, not the declared one."
APP-000014-CALC-20,APP-000014,payment_shock_pct,underwriting_calculations.housing_expense_pitia|applications.current_housing_payment,v1.0.0,0.1236,RATIO,2026-08-12,POL-DTI-001,Not applicable where there is no prior housing payment.
APP-000014-CALC-21,APP-000014,loan_to_income,loans.base_loan_amount|underwriting_calculations.qualifying_annual_income,v1.0.0,3.29,MULTIPLE,2026-08-12,POL-DTI-001,"Supplemental analytical measure, not an eligibility rule."
APP-000014-CALC-22,APP-000014,representative_credit_score,credit_profiles.score_1|credit_profiles.score_2|credit_profiles.score_3,v1.0.0,742,SCORE,2026-08-12,POL-CRD-001,Middle of three per borrower; lowest across borrowers.
APP-000015-CALC-01,APP-000015,gross_monthly_income,income.annual_amount,v1.0.0,10925.00,USD_PER_MONTH,2026-08-12,POL-INC-001,"Gross eligible earnings before tax, before policy adjustment."
APP-000015-CALC-02,APP-000015,qualifying_monthly_income,income.qualifying_monthly_amount,v1.0.0,10925.00,USD_PER_MONTH,2026-08-12,POL-INC-001,The income figure the affordability rules are permitted to use.
APP-000015-CALC-03,APP-000015,housing_expense_pitia,loans.principal_and_interest|properties.annual_property_tax|properties.annual_hazard_premium|properties.monthly_hoa|loans.monthly_mortgage_insurance,v1.0.0,3169.15,USD_PER_MONTH,2026-08-12,POL-DTI-001,Full qualifying housing expense; the reserve denominator.
APP-000015-CALC-04,APP-000015,total_monthly_debt,underwriting_calculations.housing_expense_pitia|liabilities.monthly_payment,v1.0.0,3823.75,USD_PER_MONTH,2026-08-12,POL-LIA-001,DTI numerator.
APP-000015-CALC-05,APP-000015,front_end_dti,underwriting_calculations.housing_expense_pitia|underwriting_calculations.qualifying_monthly_income,v1.0.0,0.2901,RATIO,2026-08-12,POL-DTI-001,Housing ratio; advisory except on the USDA overlay.
APP-000015-CALC-06,APP-000015,back_end_dti,underwriting_calculations.total_monthly_debt|underwriting_calculations.qualifying_monthly_income,v1.0.0,0.3500,RATIO,2026-08-12,POL-DTI-001,Principal affordability measure (AC-02).
APP-000015-CALC-07,APP-000015,residual_income_monthly,underwriting_calculations.qualifying_monthly_income|underwriting_calculations.total_monthly_debt,v1.0.0,7101.25,USD_PER_MONTH,2026-08-12,POL-DTI-001,Disposable income (AC-02 alternative measure).
APP-000015-CALC-08,APP-000015,ltv,loans.base_loan_amount|properties.value_used_for_ltv,v1.0.0,0.8000,RATIO,2026-08-12,POL-CONV-001,Leverage against the value the rule uses.
APP-000015-CALC-09,APP-000015,cltv,loans.base_loan_amount|properties.value_used_for_ltv,v1.0.0,0.8000,RATIO,2026-08-12,POL-CONV-001,Leverage including every subordinate lien.
APP-000015-CALC-10,APP-000015,hcltv,loans.base_loan_amount|properties.value_used_for_ltv,v1.0.0,0.8000,RATIO,2026-08-12,POL-CONV-001,Leverage counting HELOC credit lines in full.
APP-000015-CALC-11,APP-000015,down_payment_amount,properties.purchase_price|loans.base_loan_amount,v1.0.0,96000.00,USD,2026-08-12,POL-AST-002,Borrower equity contribution at purchase.
APP-000015-CALC-12,APP-000015,down_payment_pct,underwriting_calculations.down_payment_amount|properties.purchase_price,v1.0.0,0.2000,RATIO,2026-08-12,POL-AST-002,Contribution as a share of price.
APP-000015-CALC-13,APP-000015,cash_to_close,underwriting_calculations.down_payment_amount|loans.closing_costs|loans.prepaids_and_escrow|loans.seller_credits|loans.earnest_money_paid,v1.0.0,100871.42,USD,2026-08-12,POL-AST-002,Borrower funds required at settlement.
APP-000015-CALC-14,APP-000015,funds_to_close_available,assets.eligible_close_amount,v1.0.0,118618.66,USD,2026-08-12,POL-AST-001,Eligible assets available at settlement.
APP-000015-CALC-15,APP-000015,funds_shortfall,underwriting_calculations.cash_to_close|underwriting_calculations.funds_to_close_available,v1.0.0,0.00,USD,2026-08-12,POL-AST-002,Positive value means the file cannot close as structured.
APP-000015-CALC-16,APP-000015,post_close_reserves,assets.eligible_reserve_amount|underwriting_calculations.cash_to_close,v1.0.0,22184.05,USD,2026-08-12,POL-AST-003,Reserve-eligible assets surviving the settlement draw.
APP-000015-CALC-17,APP-000015,months_reserves,underwriting_calculations.post_close_reserves|underwriting_calculations.housing_expense_pitia,v1.0.0,7.00,MONTHS,2026-08-12,POL-AST-003,Reserves expressed in months of housing expense.
APP-000015-CALC-18,APP-000015,credit_utilization,credit_accounts.balance|credit_accounts.credit_limit,v1.0.0,0.2800,RATIO,2026-08-12,POL-CRD-003,Risk context only; never a policy breach on its own.
APP-000015-CALC-19,APP-000015,employment_tenure_months,employment.verified_start_date|applications.application_date,v1.0.0,54,MONTHS,2026-08-12,POL-EMP-002,"Computed from the verified start date, not the declared one."
APP-000015-CALC-20,APP-000015,payment_shock_pct,underwriting_calculations.housing_expense_pitia|applications.current_housing_payment,v1.0.0,0.2820,RATIO,2026-08-12,POL-DTI-001,Not applicable where there is no prior housing payment.
APP-000015-CALC-21,APP-000015,loan_to_income,loans.base_loan_amount|underwriting_calculations.qualifying_annual_income,v1.0.0,2.93,MULTIPLE,2026-08-12,POL-DTI-001,"Supplemental analytical measure, not an eligibility rule."
APP-000015-CALC-22,APP-000015,representative_credit_score,credit_profiles.score_1|credit_profiles.score_2|credit_profiles.score_3,v1.0.0,742,SCORE,2026-08-12,POL-CRD-001,Middle of three per borrower; lowest across borrowers.
APP-000016-CALC-01,APP-000016,gross_monthly_income,income.annual_amount,v1.0.0,10925.00,USD_PER_MONTH,2026-08-12,POL-INC-001,"Gross eligible earnings before tax, before policy adjustment."
APP-000016-CALC-02,APP-000016,qualifying_monthly_income,income.qualifying_monthly_amount,v1.0.0,10925.00,USD_PER_MONTH,2026-08-12,POL-INC-001,The income figure the affordability rules are permitted to use.
APP-000016-CALC-03,APP-000016,housing_expense_pitia,loans.principal_and_interest|properties.annual_property_tax|properties.annual_hazard_premium|properties.monthly_hoa|loans.monthly_mortgage_insurance,v1.0.0,3168.01,USD_PER_MONTH,2026-08-12,POL-DTI-001,Full qualifying housing expense; the reserve denominator.
APP-000016-CALC-04,APP-000016,total_monthly_debt,underwriting_calculations.housing_expense_pitia|liabilities.monthly_payment,v1.0.0,3714.50,USD_PER_MONTH,2026-08-12,POL-LIA-001,DTI numerator.
APP-000016-CALC-05,APP-000016,front_end_dti,underwriting_calculations.housing_expense_pitia|underwriting_calculations.qualifying_monthly_income,v1.0.0,0.2900,RATIO,2026-08-12,POL-DTI-001,Housing ratio; advisory except on the USDA overlay.
APP-000016-CALC-06,APP-000016,back_end_dti,underwriting_calculations.total_monthly_debt|underwriting_calculations.qualifying_monthly_income,v1.0.0,0.3400,RATIO,2026-08-12,POL-DTI-001,Principal affordability measure (AC-02).
APP-000016-CALC-07,APP-000016,residual_income_monthly,underwriting_calculations.qualifying_monthly_income|underwriting_calculations.total_monthly_debt,v1.0.0,7210.50,USD_PER_MONTH,2026-08-12,POL-DTI-001,Disposable income (AC-02 alternative measure).
APP-000016-CALC-08,APP-000016,ltv,loans.base_loan_amount|properties.value_used_for_ltv,v1.0.0,0.8000,RATIO,2026-08-12,POL-CONV-001,Leverage against the value the rule uses.
APP-000016-CALC-09,APP-000016,cltv,loans.base_loan_amount|properties.value_used_for_ltv,v1.0.0,0.8000,RATIO,2026-08-12,POL-CONV-001,Leverage including every subordinate lien.
APP-000016-CALC-10,APP-000016,hcltv,loans.base_loan_amount|properties.value_used_for_ltv,v1.0.0,0.8000,RATIO,2026-08-12,POL-CONV-001,Leverage counting HELOC credit lines in full.
APP-000016-CALC-11,APP-000016,down_payment_amount,properties.purchase_price|loans.base_loan_amount,v1.0.0,106000.00,USD,2026-08-12,POL-AST-002,Borrower equity contribution at purchase.
APP-000016-CALC-12,APP-000016,down_payment_pct,underwriting_calculations.down_payment_amount|properties.purchase_price,v1.0.0,0.2000,RATIO,2026-08-12,POL-AST-002,Contribution as a share of price.
APP-000016-CALC-13,APP-000016,cash_to_close,underwriting_calculations.down_payment_amount|loans.closing_costs|loans.prepaids_and_escrow|loans.seller_credits|loans.earnest_money_paid,v1.0.0,99592.40,USD,2026-08-12,POL-AST-002,Borrower funds required at settlement.
APP-000016-CALC-14,APP-000016,funds_to_close_available,assets.eligible_close_amount,v1.0.0,130005.30,USD,2026-08-12,POL-AST-001,Eligible assets available at settlement.
APP-000016-CALC-15,APP-000016,funds_shortfall,underwriting_calculations.cash_to_close|underwriting_calculations.funds_to_close_available,v1.0.0,0.00,USD,2026-08-12,POL-AST-002,Positive value means the file cannot close as structured.
APP-000016-CALC-16,APP-000016,post_close_reserves,assets.eligible_reserve_amount|underwriting_calculations.cash_to_close,v1.0.0,38016.12,USD,2026-08-12,POL-AST-003,Reserve-eligible assets surviving the settlement draw.
APP-000016-CALC-17,APP-000016,months_reserves,underwriting_calculations.post_close_reserves|underwriting_calculations.housing_expense_pitia,v1.0.0,12.00,MONTHS,2026-08-12,POL-AST-003,Reserves expressed in months of housing expense.
APP-000016-CALC-18,APP-000016,credit_utilization,credit_accounts.balance|credit_accounts.credit_limit,v1.0.0,0.2800,RATIO,2026-08-12,POL-CRD-003,Risk context only; never a policy breach on its own.
APP-000016-CALC-19,APP-000016,employment_tenure_months,employment.verified_start_date|applications.application_date,v1.0.0,0,MONTHS,2026-08-12,POL-EMP-002,"Computed from the verified start date, not the declared one."
APP-000016-CALC-20,APP-000016,payment_shock_pct,underwriting_calculations.housing_expense_pitia|applications.current_housing_payment,v1.0.0,0.7857,RATIO,2026-08-12,POL-DTI-001,Not applicable where there is no prior housing payment.
APP-000016-CALC-21,APP-000016,loan_to_income,loans.base_loan_amount|underwriting_calculations.qualifying_annual_income,v1.0.0,3.23,MULTIPLE,2026-08-12,POL-DTI-001,"Supplemental analytical measure, not an eligibility rule."
APP-000016-CALC-22,APP-000016,representative_credit_score,credit_profiles.score_1|credit_profiles.score_2|credit_profiles.score_3,v1.0.0,742,SCORE,2026-08-12,POL-CRD-001,Middle of three per borrower; lowest across borrowers.
APP-000017-CALC-01,APP-000017,gross_monthly_income,income.annual_amount,v1.0.0,29275.00,USD_PER_MONTH,2026-08-12,POL-INC-001,"Gross eligible earnings before tax, before policy adjustment."
APP-000017-CALC-02,APP-000017,qualifying_monthly_income,income.qualifying_monthly_amount,v1.0.0,29275.00,USD_PER_MONTH,2026-08-12,POL-INC-001,The income figure the affordability rules are permitted to use.
APP-000017-CALC-03,APP-000017,housing_expense_pitia,loans.principal_and_interest|properties.annual_property_tax|properties.annual_hazard_premium|properties.monthly_hoa|loans.monthly_mortgage_insurance,v1.0.0,8490.09,USD_PER_MONTH,2026-08-12,POL-DTI-001,Full qualifying housing expense; the reserve denominator.
APP-000017-CALC-04,APP-000017,total_monthly_debt,underwriting_calculations.housing_expense_pitia|liabilities.monthly_payment,v1.0.0,9953.50,USD_PER_MONTH,2026-08-12,POL-LIA-001,DTI numerator.
APP-000017-CALC-05,APP-000017,front_end_dti,underwriting_calculations.housing_expense_pitia|underwriting_calculations.qualifying_monthly_income,v1.0.0,0.2900,RATIO,2026-08-12,POL-DTI-001,Housing ratio; advisory except on the USDA overlay.
APP-000017-CALC-06,APP-000017,back_end_dti,underwriting_calculations.total_monthly_debt|underwriting_calculations.qualifying_monthly_income,v1.0.0,0.3400,RATIO,2026-08-12,POL-DTI-001,Principal affordability measure (AC-02).
APP-000017-CALC-07,APP-000017,residual_income_monthly,underwriting_calculations.qualifying_monthly_income|underwriting_calculations.total_monthly_debt,v1.0.0,19321.50,USD_PER_MONTH,2026-08-12,POL-DTI-001,Disposable income (AC-02 alternative measure).
APP-000017-CALC-08,APP-000017,ltv,loans.base_loan_amount|properties.value_used_for_ltv,v1.0.0,0.7200,RATIO,2026-08-12,POL-CONV-001,Leverage against the value the rule uses.
APP-000017-CALC-09,APP-000017,cltv,loans.base_loan_amount|properties.value_used_for_ltv,v1.0.0,0.7200,RATIO,2026-08-12,POL-CONV-001,Leverage including every subordinate lien.
APP-000017-CALC-10,APP-000017,hcltv,loans.base_loan_amount|properties.value_used_for_ltv,v1.0.0,0.7200,RATIO,2026-08-12,POL-CONV-001,Leverage counting HELOC credit lines in full.
APP-000017-CALC-11,APP-000017,down_payment_amount,properties.purchase_price|loans.base_loan_amount,v1.0.0,383600.00,USD,2026-08-12,POL-AST-002,Borrower equity contribution at purchase.
APP-000017-CALC-12,APP-000017,down_payment_pct,underwriting_calculations.down_payment_amount|properties.purchase_price,v1.0.0,0.2800,RATIO,2026-08-12,POL-AST-002,Contribution as a share of price.
APP-000017-CALC-13,APP-000017,cash_to_close,underwriting_calculations.down_payment_amount|loans.closing_costs|loans.prepaids_and_escrow|loans.seller_credits|loans.earnest_money_paid,v1.0.0,365449.38,USD,2026-08-12,POL-AST-002,Borrower funds required at settlement.
APP-000017-CALC-14,APP-000017,funds_to_close_available,assets.eligible_close_amount,v1.0.0,446954.24,USD,2026-08-12,POL-AST-001,Eligible assets available at settlement.
APP-000017-CALC-15,APP-000017,funds_shortfall,underwriting_calculations.cash_to_close|underwriting_calculations.funds_to_close_available,v1.0.0,0.00,USD,2026-08-12,POL-AST-002,Positive value means the file cannot close as structured.
APP-000017-CALC-16,APP-000017,post_close_reserves,assets.eligible_reserve_amount|underwriting_calculations.cash_to_close,v1.0.0,101881.08,USD,2026-08-12,POL-AST-003,Reserve-eligible assets surviving the settlement draw.
APP-000017-CALC-17,APP-000017,months_reserves,underwriting_calculations.post_close_reserves|underwriting_calculations.housing_expense_pitia,v1.0.0,12.00,MONTHS,2026-08-12,POL-AST-003,Reserves expressed in months of housing expense.
APP-000017-CALC-18,APP-000017,credit_utilization,credit_accounts.balance|credit_accounts.credit_limit,v1.0.0,0.2800,RATIO,2026-08-12,POL-CRD-003,Risk context only; never a policy breach on its own.
APP-000017-CALC-19,APP-000017,employment_tenure_months,employment.verified_start_date|applications.application_date,v1.0.0,54,MONTHS,2026-08-12,POL-EMP-002,"Computed from the verified start date, not the declared one."
APP-000017-CALC-20,APP-000017,payment_shock_pct,underwriting_calculations.housing_expense_pitia|applications.current_housing_payment,v1.0.0,0.9231,RATIO,2026-08-12,POL-DTI-001,Not applicable where there is no prior housing payment.
APP-000017-CALC-21,APP-000017,loan_to_income,loans.base_loan_amount|underwriting_calculations.qualifying_annual_income,v1.0.0,2.81,MULTIPLE,2026-08-12,POL-DTI-001,"Supplemental analytical measure, not an eligibility rule."
APP-000017-CALC-22,APP-000017,representative_credit_score,credit_profiles.score_1|credit_profiles.score_2|credit_profiles.score_3,v1.0.0,768,SCORE,2026-08-12,POL-CRD-001,Middle of three per borrower; lowest across borrowers.
APP-000018-CALC-01,APP-000018,gross_monthly_income,income.annual_amount,v1.0.0,44991.67,USD_PER_MONTH,2026-09-04,POL-INC-001,"Gross eligible earnings before tax, before policy adjustment."
APP-000018-CALC-02,APP-000018,qualifying_monthly_income,income.qualifying_monthly_amount,v1.0.0,44991.67,USD_PER_MONTH,2026-09-04,POL-INC-001,The income figure the affordability rules are permitted to use.
APP-000018-CALC-03,APP-000018,housing_expense_pitia,loans.principal_and_interest|properties.annual_property_tax|properties.annual_hazard_premium|properties.monthly_hoa|loans.monthly_mortgage_insurance,v1.0.0,13047.41,USD_PER_MONTH,2026-09-04,POL-DTI-001,Full qualifying housing expense; the reserve denominator.
APP-000018-CALC-04,APP-000018,total_monthly_debt,underwriting_calculations.housing_expense_pitia|liabilities.monthly_payment,v1.0.0,13947.42,USD_PER_MONTH,2026-09-04,POL-LIA-001,DTI numerator.
APP-000018-CALC-05,APP-000018,front_end_dti,underwriting_calculations.housing_expense_pitia|underwriting_calculations.qualifying_monthly_income,v1.0.0,0.2900,RATIO,2026-09-04,POL-DTI-001,Housing ratio; advisory except on the USDA overlay.
APP-000018-CALC-06,APP-000018,back_end_dti,underwriting_calculations.total_monthly_debt|underwriting_calculations.qualifying_monthly_income,v1.0.0,0.3100,RATIO,2026-09-04,POL-DTI-001,Principal affordability measure (AC-02).
APP-000018-CALC-07,APP-000018,residual_income_monthly,underwriting_calculations.qualifying_monthly_income|underwriting_calculations.total_monthly_debt,v1.0.0,31044.25,USD_PER_MONTH,2026-09-04,POL-DTI-001,Disposable income (AC-02 alternative measure).
APP-000018-CALC-08,APP-000018,ltv,loans.base_loan_amount|properties.value_used_for_ltv,v1.0.0,0.7000,RATIO,2026-09-04,POL-CONV-001,Leverage against the value the rule uses.
APP-000018-CALC-09,APP-000018,cltv,loans.base_loan_amount|properties.value_used_for_ltv,v1.0.0,0.7000,RATIO,2026-09-04,POL-CONV-001,Leverage including every subordinate lien.
APP-000018-CALC-10,APP-000018,hcltv,loans.base_loan_amount|properties.value_used_for_ltv,v1.0.0,0.7000,RATIO,2026-09-04,POL-CONV-001,Leverage counting HELOC credit lines in full.
APP-000018-CALC-11,APP-000018,down_payment_amount,properties.purchase_price|loans.base_loan_amount,v1.0.0,705000.00,USD,2026-09-04,POL-AST-002,Borrower equity contribution at purchase.
APP-000018-CALC-12,APP-000018,down_payment_pct,underwriting_calculations.down_payment_amount|properties.purchase_price,v1.0.0,0.3000,RATIO,2026-09-04,POL-AST-002,Contribution as a share of price.
APP-000018-CALC-13,APP-000018,cash_to_close,underwriting_calculations.down_payment_amount|loans.closing_costs|loans.prepaids_and_escrow|loans.seller_credits|loans.earnest_money_paid,v1.0.0,715183.93,USD,2026-09-04,POL-AST-002,Borrower funds required at settlement.
APP-000018-CALC-14,APP-000018,funds_to_close_available,assets.eligible_close_amount,v1.0.0,861314.92,USD,2026-09-04,POL-AST-001,Eligible assets available at settlement.
APP-000018-CALC-15,APP-000018,funds_shortfall,underwriting_calculations.cash_to_close|underwriting_calculations.funds_to_close_available,v1.0.0,0.00,USD,2026-09-04,POL-AST-002,Positive value means the file cannot close as structured.
APP-000018-CALC-16,APP-000018,post_close_reserves,assets.eligible_reserve_amount|underwriting_calculations.cash_to_close,v1.0.0,182663.74,USD,2026-09-04,POL-AST-003,Reserve-eligible assets surviving the settlement draw.
APP-000018-CALC-17,APP-000018,months_reserves,underwriting_calculations.post_close_reserves|underwriting_calculations.housing_expense_pitia,v1.0.0,14.00,MONTHS,2026-09-04,POL-AST-003,Reserves expressed in months of housing expense.
APP-000018-CALC-18,APP-000018,credit_utilization,credit_accounts.balance|credit_accounts.credit_limit,v1.0.0,0.2800,RATIO,2026-09-04,POL-CRD-003,Risk context only; never a policy breach on its own.
APP-000018-CALC-19,APP-000018,employment_tenure_months,employment.verified_start_date|applications.application_date,v1.0.0,54,MONTHS,2026-09-04,POL-EMP-002,"Computed from the verified start date, not the declared one."
APP-000018-CALC-20,APP-000018,payment_shock_pct,underwriting_calculations.housing_expense_pitia|applications.current_housing_payment,v1.0.0,0.8868,RATIO,2026-09-04,POL-DTI-001,Not applicable where there is no prior housing payment.
APP-000018-CALC-21,APP-000018,loan_to_income,loans.base_loan_amount|underwriting_calculations.qualifying_annual_income,v1.0.0,3.05,MULTIPLE,2026-09-04,POL-DTI-001,"Supplemental analytical measure, not an eligibility rule."
APP-000018-CALC-22,APP-000018,representative_credit_score,credit_profiles.score_1|credit_profiles.score_2|credit_profiles.score_3,v1.0.0,784,SCORE,2026-09-04,POL-CRD-001,Middle of three per borrower; lowest across borrowers.
APP-000019-CALC-01,APP-000019,gross_monthly_income,income.annual_amount,v1.0.0,5275.00,USD_PER_MONTH,2026-08-12,POL-INC-001,"Gross eligible earnings before tax, before policy adjustment."
APP-000019-CALC-02,APP-000019,qualifying_monthly_income,income.qualifying_monthly_amount,v1.0.0,5275.00,USD_PER_MONTH,2026-08-12,POL-INC-001,The income figure the affordability rules are permitted to use.
APP-000019-CALC-03,APP-000019,housing_expense_pitia,loans.principal_and_interest|properties.annual_property_tax|properties.annual_hazard_premium|properties.monthly_hoa|loans.monthly_mortgage_insurance,v1.0.0,1530.68,USD_PER_MONTH,2026-08-12,POL-DTI-001,Full qualifying housing expense; the reserve denominator.
APP-000019-CALC-04,APP-000019,total_monthly_debt,underwriting_calculations.housing_expense_pitia|liabilities.monthly_payment,v1.0.0,2004.50,USD_PER_MONTH,2026-08-12,POL-LIA-001,DTI numerator.
APP-000019-CALC-05,APP-000019,front_end_dti,underwriting_calculations.housing_expense_pitia|underwriting_calculations.qualifying_monthly_income,v1.0.0,0.2902,RATIO,2026-08-12,POL-DTI-001,Housing ratio; advisory except on the USDA overlay.
APP-000019-CALC-06,APP-000019,back_end_dti,underwriting_calculations.total_monthly_debt|underwriting_calculations.qualifying_monthly_income,v1.0.0,0.3800,RATIO,2026-08-12,POL-DTI-001,Principal affordability measure (AC-02).
APP-000019-CALC-07,APP-000019,residual_income_monthly,underwriting_calculations.qualifying_monthly_income|underwriting_calculations.total_monthly_debt,v1.0.0,3270.50,USD_PER_MONTH,2026-08-12,POL-DTI-001,Disposable income (AC-02 alternative measure).
APP-000019-CALC-08,APP-000019,ltv,loans.base_loan_amount|properties.value_used_for_ltv,v1.0.0,0.9650,RATIO,2026-08-12,POL-CONV-001,Leverage against the value the rule uses.
APP-000019-CALC-09,APP-000019,cltv,loans.base_loan_amount|properties.value_used_for_ltv,v1.0.0,0.9650,RATIO,2026-08-12,POL-CONV-001,Leverage including every subordinate lien.
APP-000019-CALC-10,APP-000019,hcltv,loans.base_loan_amount|properties.value_used_for_ltv,v1.0.0,0.9650,RATIO,2026-08-12,POL-CONV-001,Leverage counting HELOC credit lines in full.
APP-000019-CALC-11,APP-000019,down_payment_amount,properties.purchase_price|loans.base_loan_amount,v1.0.0,7000.00,USD,2026-08-12,POL-AST-002,Borrower equity contribution at purchase.
APP-000019-CALC-12,APP-000019,down_payment_pct,underwriting_calculations.down_payment_amount|properties.purchase_price,v1.0.0,0.0350,RATIO,2026-08-12,POL-AST-002,Contribution as a share of price.
APP-000019-CALC-13,APP-000019,cash_to_close,underwriting_calculations.down_payment_amount|loans.closing_costs|loans.prepaids_and_escrow|loans.seller_credits|loans.earnest_money_paid,v1.0.0,10323.07,USD,2026-08-12,POL-AST-002,Borrower funds required at settlement.
APP-000019-CALC-14,APP-000019,funds_to_close_available,assets.eligible_close_amount,v1.0.0,13996.70,USD,2026-08-12,POL-AST-001,Eligible assets available at settlement.
APP-000019-CALC-15,APP-000019,funds_shortfall,underwriting_calculations.cash_to_close|underwriting_calculations.funds_to_close_available,v1.0.0,0.00,USD,2026-08-12,POL-AST-002,Positive value means the file cannot close as structured.
APP-000019-CALC-16,APP-000019,post_close_reserves,assets.eligible_reserve_amount|underwriting_calculations.cash_to_close,v1.0.0,4592.04,USD,2026-08-12,POL-AST-003,Reserve-eligible assets surviving the settlement draw.
APP-000019-CALC-17,APP-000019,months_reserves,underwriting_calculations.post_close_reserves|underwriting_calculations.housing_expense_pitia,v1.0.0,3.00,MONTHS,2026-08-12,POL-AST-003,Reserves expressed in months of housing expense.
APP-000019-CALC-18,APP-000019,credit_utilization,credit_accounts.balance|credit_accounts.credit_limit,v1.0.0,0.2800,RATIO,2026-08-12,POL-CRD-003,Risk context only; never a policy breach on its own.
APP-000019-CALC-19,APP-000019,employment_tenure_months,employment.verified_start_date|applications.application_date,v1.0.0,54,MONTHS,2026-08-12,POL-EMP-002,"Computed from the verified start date, not the declared one."
APP-000019-CALC-20,APP-000019,payment_shock_pct,underwriting_calculations.housing_expense_pitia|applications.current_housing_payment,v1.0.0,0.4493,RATIO,2026-08-12,POL-DTI-001,Not applicable where there is no prior housing payment.
APP-000019-CALC-21,APP-000019,loan_to_income,loans.base_loan_amount|underwriting_calculations.qualifying_annual_income,v1.0.0,3.05,MULTIPLE,2026-08-12,POL-DTI-001,"Supplemental analytical measure, not an eligibility rule."
APP-000019-CALC-22,APP-000019,representative_credit_score,credit_profiles.score_1|credit_profiles.score_2|credit_profiles.score_3,v1.0.0,642,SCORE,2026-08-12,POL-CRD-001,Middle of three per borrower; lowest across borrowers.
APP-000020-CALC-01,APP-000020,gross_monthly_income,income.annual_amount,v1.0.0,3100.00,USD_PER_MONTH,2026-08-12,POL-INC-001,"Gross eligible earnings before tax, before policy adjustment."
APP-000020-CALC-02,APP-000020,qualifying_monthly_income,income.qualifying_monthly_amount,v1.0.0,3100.00,USD_PER_MONTH,2026-08-12,POL-INC-001,The income figure the affordability rules are permitted to use.
APP-000020-CALC-03,APP-000020,housing_expense_pitia,loans.principal_and_interest|properties.annual_property_tax|properties.annual_hazard_premium|properties.monthly_hoa|loans.monthly_mortgage_insurance,v1.0.0,1548.11,USD_PER_MONTH,2026-08-12,POL-DTI-001,Full qualifying housing expense; the reserve denominator.
APP-000020-CALC-04,APP-000020,total_monthly_debt,underwriting_calculations.housing_expense_pitia|liabilities.monthly_payment,v1.0.0,1798.00,USD_PER_MONTH,2026-08-12,POL-LIA-001,DTI numerator.
APP-000020-CALC-05,APP-000020,front_end_dti,underwriting_calculations.housing_expense_pitia|underwriting_calculations.qualifying_monthly_income,v1.0.0,0.4994,RATIO,2026-08-12,POL-DTI-001,Housing ratio; advisory except on the USDA overlay.
APP-000020-CALC-06,APP-000020,back_end_dti,underwriting_calculations.total_monthly_debt|underwriting_calculations.qualifying_monthly_income,v1.0.0,0.5800,RATIO,2026-08-12,POL-DTI-001,Principal affordability measure (AC-02).
APP-000020-CALC-07,APP-000020,residual_income_monthly,underwriting_calculations.qualifying_monthly_income|underwriting_calculations.total_monthly_debt,v1.0.0,1302.00,USD_PER_MONTH,2026-08-12,POL-DTI-001,Disposable income (AC-02 alternative measure).
APP-000020-CALC-08,APP-000020,ltv,loans.base_loan_amount|properties.value_used_for_ltv,v1.0.0,1.0000,RATIO,2026-08-12,POL-CONV-001,Leverage against the value the rule uses.
APP-000020-CALC-09,APP-000020,cltv,loans.base_loan_amount|properties.value_used_for_ltv,v1.0.0,1.0000,RATIO,2026-08-12,POL-CONV-001,Leverage including every subordinate lien.
APP-000020-CALC-10,APP-000020,hcltv,loans.base_loan_amount|properties.value_used_for_ltv,v1.0.0,1.0000,RATIO,2026-08-12,POL-CONV-001,Leverage counting HELOC credit lines in full.
APP-000020-CALC-11,APP-000020,down_payment_amount,properties.purchase_price|loans.base_loan_amount,v1.0.0,0.00,USD,2026-08-12,POL-AST-002,Borrower equity contribution at purchase.
APP-000020-CALC-12,APP-000020,down_payment_pct,underwriting_calculations.down_payment_amount|properties.purchase_price,v1.0.0,0.0000,RATIO,2026-08-12,POL-AST-002,Contribution as a share of price.
APP-000020-CALC-13,APP-000020,cash_to_close,underwriting_calculations.down_payment_amount|loans.closing_costs|loans.prepaids_and_escrow|loans.seller_credits|loans.earnest_money_paid,v1.0.0,3900.48,USD,2026-08-12,POL-AST-002,Borrower funds required at settlement.
APP-000020-CALC-14,APP-000020,funds_to_close_available,assets.eligible_close_amount,v1.0.0,8854.43,USD,2026-08-12,POL-AST-001,Eligible assets available at settlement.
APP-000020-CALC-15,APP-000020,funds_shortfall,underwriting_calculations.cash_to_close|underwriting_calculations.funds_to_close_available,v1.0.0,0.00,USD,2026-08-12,POL-AST-002,Positive value means the file cannot close as structured.
APP-000020-CALC-16,APP-000020,post_close_reserves,assets.eligible_reserve_amount|underwriting_calculations.cash_to_close,v1.0.0,6192.44,USD,2026-08-12,POL-AST-003,Reserve-eligible assets surviving the settlement draw.
APP-000020-CALC-17,APP-000020,months_reserves,underwriting_calculations.post_close_reserves|underwriting_calculations.housing_expense_pitia,v1.0.0,4.00,MONTHS,2026-08-12,POL-AST-003,Reserves expressed in months of housing expense.
APP-000020-CALC-18,APP-000020,credit_utilization,credit_accounts.balance|credit_accounts.credit_limit,v1.0.0,0.2800,RATIO,2026-08-12,POL-CRD-003,Risk context only; never a policy breach on its own.
APP-000020-CALC-19,APP-000020,employment_tenure_months,employment.verified_start_date|applications.application_date,v1.0.0,54,MONTHS,2026-08-12,POL-EMP-002,"Computed from the verified start date, not the declared one."
APP-000020-CALC-20,APP-000020,payment_shock_pct,underwriting_calculations.housing_expense_pitia|applications.current_housing_payment,v1.0.0,0.2500,RATIO,2026-08-12,POL-DTI-001,Not applicable where there is no prior housing payment.
APP-000020-CALC-21,APP-000020,loan_to_income,loans.base_loan_amount|underwriting_calculations.qualifying_annual_income,v1.0.0,4.84,MULTIPLE,2026-08-12,POL-DTI-001,"Supplemental analytical measure, not an eligibility rule."
APP-000020-CALC-22,APP-000020,representative_credit_score,credit_profiles.score_1|credit_profiles.score_2|credit_profiles.score_3,v1.0.0,698,SCORE,2026-08-12,POL-CRD-001,Middle of three per borrower; lowest across borrowers.
APP-000021-CALC-01,APP-000021,gross_monthly_income,income.annual_amount,v1.0.0,5791.67,USD_PER_MONTH,2026-08-12,POL-INC-001,"Gross eligible earnings before tax, before policy adjustment."
APP-000021-CALC-02,APP-000021,qualifying_monthly_income,income.qualifying_monthly_amount,v1.0.0,5791.67,USD_PER_MONTH,2026-08-12,POL-INC-001,The income figure the affordability rules are permitted to use.
APP-000021-CALC-03,APP-000021,housing_expense_pitia,loans.principal_and_interest|properties.annual_property_tax|properties.annual_hazard_premium|properties.monthly_hoa|loans.monthly_mortgage_insurance,v1.0.0,1621.22,USD_PER_MONTH,2026-08-12,POL-DTI-001,Full qualifying housing expense; the reserve denominator.
APP-000021-CALC-04,APP-000021,total_monthly_debt,underwriting_calculations.housing_expense_pitia|liabilities.monthly_payment,v1.0.0,1737.50,USD_PER_MONTH,2026-08-12,POL-LIA-001,DTI numerator.
APP-000021-CALC-05,APP-000021,front_end_dti,underwriting_calculations.housing_expense_pitia|underwriting_calculations.qualifying_monthly_income,v1.0.0,0.2799,RATIO,2026-08-12,POL-DTI-001,Housing ratio; advisory except on the USDA overlay.
APP-000021-CALC-06,APP-000021,back_end_dti,underwriting_calculations.total_monthly_debt|underwriting_calculations.qualifying_monthly_income,v1.0.0,0.3000,RATIO,2026-08-12,POL-DTI-001,Principal affordability measure (AC-02).
APP-000021-CALC-07,APP-000021,residual_income_monthly,underwriting_calculations.qualifying_monthly_income|underwriting_calculations.total_monthly_debt,v1.0.0,4054.17,USD_PER_MONTH,2026-08-12,POL-DTI-001,Disposable income (AC-02 alternative measure).
APP-000021-CALC-08,APP-000021,ltv,loans.base_loan_amount|properties.value_used_for_ltv,v1.0.0,1.0000,RATIO,2026-08-12,POL-CONV-001,Leverage against the value the rule uses.
APP-000021-CALC-09,APP-000021,cltv,loans.base_loan_amount|properties.value_used_for_ltv,v1.0.0,1.0000,RATIO,2026-08-12,POL-CONV-001,Leverage including every subordinate lien.
APP-000021-CALC-10,APP-000021,hcltv,loans.base_loan_amount|properties.value_used_for_ltv,v1.0.0,1.0000,RATIO,2026-08-12,POL-CONV-001,Leverage counting HELOC credit lines in full.
APP-000021-CALC-11,APP-000021,down_payment_amount,properties.purchase_price|loans.base_loan_amount,v1.0.0,0.00,USD,2026-08-12,POL-AST-002,Borrower equity contribution at purchase.
APP-000021-CALC-12,APP-000021,down_payment_pct,underwriting_calculations.down_payment_amount|properties.purchase_price,v1.0.0,0.0000,RATIO,2026-08-12,POL-AST-002,Contribution as a share of price.
APP-000021-CALC-13,APP-000021,cash_to_close,underwriting_calculations.down_payment_amount|loans.closing_costs|loans.prepaids_and_escrow|loans.seller_credits|loans.earnest_money_paid,v1.0.0,3512.89,USD,2026-08-12,POL-AST-002,Borrower funds required at settlement.
APP-000021-CALC-14,APP-000021,funds_to_close_available,assets.eligible_close_amount,v1.0.0,8700.79,USD,2026-08-12,POL-AST-001,Eligible assets available at settlement.
APP-000021-CALC-15,APP-000021,funds_shortfall,underwriting_calculations.cash_to_close|underwriting_calculations.funds_to_close_available,v1.0.0,0.00,USD,2026-08-12,POL-AST-002,Positive value means the file cannot close as structured.
APP-000021-CALC-16,APP-000021,post_close_reserves,assets.eligible_reserve_amount|underwriting_calculations.cash_to_close,v1.0.0,6484.88,USD,2026-08-12,POL-AST-003,Reserve-eligible assets surviving the settlement draw.
APP-000021-CALC-17,APP-000021,months_reserves,underwriting_calculations.post_close_reserves|underwriting_calculations.housing_expense_pitia,v1.0.0,4.00,MONTHS,2026-08-12,POL-AST-003,Reserves expressed in months of housing expense.
APP-000021-CALC-18,APP-000021,credit_utilization,credit_accounts.balance|credit_accounts.credit_limit,v1.0.0,0.2800,RATIO,2026-08-12,POL-CRD-003,Risk context only; never a policy breach on its own.
APP-000021-CALC-19,APP-000021,employment_tenure_months,employment.verified_start_date|applications.application_date,v1.0.0,54,MONTHS,2026-08-12,POL-EMP-002,"Computed from the verified start date, not the declared one."
APP-000021-CALC-20,APP-000021,payment_shock_pct,underwriting_calculations.housing_expense_pitia|applications.current_housing_payment,v1.0.0,0.1905,RATIO,2026-08-12,POL-DTI-001,Not applicable where there is no prior housing payment.
APP-000021-CALC-21,APP-000021,loan_to_income,loans.base_loan_amount|underwriting_calculations.qualifying_annual_income,v1.0.0,3.02,MULTIPLE,2026-08-12,POL-DTI-001,"Supplemental analytical measure, not an eligibility rule."
APP-000021-CALC-22,APP-000021,representative_credit_score,credit_profiles.score_1|credit_profiles.score_2|credit_profiles.score_3,v1.0.0,704,SCORE,2026-08-12,POL-CRD-001,Middle of three per borrower; lowest across borrowers.
APP-000022-CALC-01,APP-000022,gross_monthly_income,income.annual_amount,v1.0.0,11491.67,USD_PER_MONTH,2026-08-12,POL-INC-001,"Gross eligible earnings before tax, before policy adjustment."
APP-000022-CALC-02,APP-000022,qualifying_monthly_income,income.qualifying_monthly_amount,v1.0.0,11491.67,USD_PER_MONTH,2026-08-12,POL-INC-001,The income figure the affordability rules are permitted to use.
APP-000022-CALC-03,APP-000022,housing_expense_pitia,loans.principal_and_interest|properties.annual_property_tax|properties.annual_hazard_premium|properties.monthly_hoa|loans.monthly_mortgage_insurance,v1.0.0,3332.87,USD_PER_MONTH,2026-08-12,POL-DTI-001,Full qualifying housing expense; the reserve denominator.
APP-000022-CALC-04,APP-000022,total_monthly_debt,underwriting_calculations.housing_expense_pitia|liabilities.monthly_payment,v1.0.0,4022.08,USD_PER_MONTH,2026-08-12,POL-LIA-001,DTI numerator.
APP-000022-CALC-05,APP-000022,front_end_dti,underwriting_calculations.housing_expense_pitia|underwriting_calculations.qualifying_monthly_income,v1.0.0,0.2900,RATIO,2026-08-12,POL-DTI-001,Housing ratio; advisory except on the USDA overlay.
APP-000022-CALC-06,APP-000022,back_end_dti,underwriting_calculations.total_monthly_debt|underwriting_calculations.qualifying_monthly_income,v1.0.0,0.3500,RATIO,2026-08-12,POL-DTI-001,Principal affordability measure (AC-02).
APP-000022-CALC-07,APP-000022,residual_income_monthly,underwriting_calculations.qualifying_monthly_income|underwriting_calculations.total_monthly_debt,v1.0.0,7469.59,USD_PER_MONTH,2026-08-12,POL-DTI-001,Disposable income (AC-02 alternative measure).
APP-000022-CALC-08,APP-000022,ltv,loans.base_loan_amount|properties.value_used_for_ltv,v1.0.0,0.7800,RATIO,2026-08-12,POL-CONV-001,Leverage against the value the rule uses.
APP-000022-CALC-09,APP-000022,cltv,loans.base_loan_amount|properties.value_used_for_ltv,v1.0.0,0.7800,RATIO,2026-08-12,POL-CONV-001,Leverage including every subordinate lien.
APP-000022-CALC-10,APP-000022,hcltv,loans.base_loan_amount|properties.value_used_for_ltv,v1.0.0,0.7800,RATIO,2026-08-12,POL-CONV-001,Leverage counting HELOC credit lines in full.
APP-000022-CALC-11,APP-000022,down_payment_amount,properties.purchase_price|loans.base_loan_amount,v1.0.0,0,USD,2026-08-12,POL-AST-002,Borrower equity contribution at purchase.
APP-000022-CALC-12,APP-000022,down_payment_pct,underwriting_calculations.down_payment_amount|properties.purchase_price,v1.0.0,,RATIO,2026-08-12,POL-AST-002,Contribution as a share of price.
APP-000022-CALC-13,APP-000022,cash_to_close,underwriting_calculations.down_payment_amount|loans.closing_costs|loans.prepaids_and_escrow|loans.seller_credits|loans.earnest_money_paid,v1.0.0,10168.29,USD,2026-08-12,POL-AST-002,Borrower funds required at settlement.
APP-000022-CALC-14,APP-000022,funds_to_close_available,assets.eligible_close_amount,v1.0.0,26166.07,USD,2026-08-12,POL-AST-001,Eligible assets available at settlement.
APP-000022-CALC-15,APP-000022,funds_shortfall,underwriting_calculations.cash_to_close|underwriting_calculations.funds_to_close_available,v1.0.0,0.00,USD,2026-08-12,POL-AST-002,Positive value means the file cannot close as structured.
APP-000022-CALC-16,APP-000022,post_close_reserves,assets.eligible_reserve_amount|underwriting_calculations.cash_to_close,v1.0.0,19997.22,USD,2026-08-12,POL-AST-003,Reserve-eligible assets surviving the settlement draw.
APP-000022-CALC-17,APP-000022,months_reserves,underwriting_calculations.post_close_reserves|underwriting_calculations.housing_expense_pitia,v1.0.0,6.00,MONTHS,2026-08-12,POL-AST-003,Reserves expressed in months of housing expense.
APP-000022-CALC-18,APP-000022,credit_utilization,credit_accounts.balance|credit_accounts.credit_limit,v1.0.0,0.2800,RATIO,2026-08-12,POL-CRD-003,Risk context only; never a policy breach on its own.
APP-000022-CALC-19,APP-000022,employment_tenure_months,employment.verified_start_date|applications.application_date,v1.0.0,54,MONTHS,2026-08-12,POL-EMP-002,"Computed from the verified start date, not the declared one."
APP-000022-CALC-20,APP-000022,payment_shock_pct,underwriting_calculations.housing_expense_pitia|applications.current_housing_payment,v1.0.0,,RATIO,2026-08-12,POL-DTI-001,Not applicable where there is no prior housing payment.
APP-000022-CALC-21,APP-000022,loan_to_income,loans.base_loan_amount|underwriting_calculations.qualifying_annual_income,v1.0.0,2.77,MULTIPLE,2026-08-12,POL-DTI-001,"Supplemental analytical measure, not an eligibility rule."
APP-000022-CALC-22,APP-000022,representative_credit_score,credit_profiles.score_1|credit_profiles.score_2|credit_profiles.score_3,v1.0.0,738,SCORE,2026-08-12,POL-CRD-001,Middle of three per borrower; lowest across borrowers.
APP-000023-CALC-01,APP-000023,gross_monthly_income,income.annual_amount,v1.0.0,8950.00,USD_PER_MONTH,2026-08-12,POL-INC-001,"Gross eligible earnings before tax, before policy adjustment."
APP-000023-CALC-02,APP-000023,qualifying_monthly_income,income.qualifying_monthly_amount,v1.0.0,8950.00,USD_PER_MONTH,2026-08-12,POL-INC-001,The income figure the affordability rules are permitted to use.
APP-000023-CALC-03,APP-000023,housing_expense_pitia,loans.principal_and_interest|properties.annual_property_tax|properties.annual_hazard_premium|properties.monthly_hoa|loans.monthly_mortgage_insurance,v1.0.0,2595.80,USD_PER_MONTH,2026-08-12,POL-DTI-001,Full qualifying housing expense; the reserve denominator.
APP-000023-CALC-04,APP-000023,total_monthly_debt,underwriting_calculations.housing_expense_pitia|liabilities.monthly_payment,v1.0.0,3222.00,USD_PER_MONTH,2026-08-12,POL-LIA-001,DTI numerator.
APP-000023-CALC-05,APP-000023,front_end_dti,underwriting_calculations.housing_expense_pitia|underwriting_calculations.qualifying_monthly_income,v1.0.0,0.2900,RATIO,2026-08-12,POL-DTI-001,Housing ratio; advisory except on the USDA overlay.
APP-000023-CALC-06,APP-000023,back_end_dti,underwriting_calculations.total_monthly_debt|underwriting_calculations.qualifying_monthly_income,v1.0.0,0.3600,RATIO,2026-08-12,POL-DTI-001,Principal affordability measure (AC-02).
APP-000023-CALC-07,APP-000023,residual_income_monthly,underwriting_calculations.qualifying_monthly_income|underwriting_calculations.total_monthly_debt,v1.0.0,5728.00,USD_PER_MONTH,2026-08-12,POL-DTI-001,Disposable income (AC-02 alternative measure).
APP-000023-CALC-08,APP-000023,ltv,loans.base_loan_amount|properties.value_used_for_ltv,v1.0.0,0.7400,RATIO,2026-08-12,POL-CONV-001,Leverage against the value the rule uses.
APP-000023-CALC-09,APP-000023,cltv,loans.base_loan_amount|properties.value_used_for_ltv,v1.0.0,0.7400,RATIO,2026-08-12,POL-CONV-001,Leverage including every subordinate lien.
APP-000023-CALC-10,APP-000023,hcltv,loans.base_loan_amount|properties.value_used_for_ltv,v1.0.0,0.7400,RATIO,2026-08-12,POL-CONV-001,Leverage counting HELOC credit lines in full.
APP-000023-CALC-11,APP-000023,down_payment_amount,properties.purchase_price|loans.base_loan_amount,v1.0.0,0,USD,2026-08-12,POL-AST-002,Borrower equity contribution at purchase.
APP-000023-CALC-12,APP-000023,down_payment_pct,underwriting_calculations.down_payment_amount|properties.purchase_price,v1.0.0,,RATIO,2026-08-12,POL-AST-002,Contribution as a share of price.
APP-000023-CALC-13,APP-000023,cash_to_close,underwriting_calculations.down_payment_amount|loans.closing_costs|loans.prepaids_and_escrow|loans.seller_credits|loans.earnest_money_paid,v1.0.0,0.00,USD,2026-08-12,POL-AST-002,Borrower funds required at settlement.
APP-000023-CALC-14,APP-000023,funds_to_close_available,assets.eligible_close_amount,v1.0.0,16613.12,USD,2026-08-12,POL-AST-001,Eligible assets available at settlement.
APP-000023-CALC-15,APP-000023,funds_shortfall,underwriting_calculations.cash_to_close|underwriting_calculations.funds_to_close_available,v1.0.0,0.00,USD,2026-08-12,POL-AST-002,Positive value means the file cannot close as structured.
APP-000023-CALC-16,APP-000023,post_close_reserves,assets.eligible_reserve_amount|underwriting_calculations.cash_to_close,v1.0.0,20766.40,USD,2026-08-12,POL-AST-003,Reserve-eligible assets surviving the settlement draw.
APP-000023-CALC-17,APP-000023,months_reserves,underwriting_calculations.post_close_reserves|underwriting_calculations.housing_expense_pitia,v1.0.0,8.00,MONTHS,2026-08-12,POL-AST-003,Reserves expressed in months of housing expense.
APP-000023-CALC-18,APP-000023,credit_utilization,credit_accounts.balance|credit_accounts.credit_limit,v1.0.0,0.2800,RATIO,2026-08-12,POL-CRD-003,Risk context only; never a policy breach on its own.
APP-000023-CALC-19,APP-000023,employment_tenure_months,employment.verified_start_date|applications.application_date,v1.0.0,54,MONTHS,2026-08-12,POL-EMP-002,"Computed from the verified start date, not the declared one."
APP-000023-CALC-20,APP-000023,payment_shock_pct,underwriting_calculations.housing_expense_pitia|applications.current_housing_payment,v1.0.0,,RATIO,2026-08-12,POL-DTI-001,Not applicable where there is no prior housing payment.
APP-000023-CALC-21,APP-000023,loan_to_income,loans.base_loan_amount|underwriting_calculations.qualifying_annual_income,v1.0.0,3.09,MULTIPLE,2026-08-12,POL-DTI-001,"Supplemental analytical measure, not an eligibility rule."
APP-000023-CALC-22,APP-000023,representative_credit_score,credit_profiles.score_1|credit_profiles.score_2|credit_profiles.score_3,v1.0.0,724,SCORE,2026-08-12,POL-CRD-001,Middle of three per borrower; lowest across borrowers.
APP-000024-CALC-01,APP-000024,gross_monthly_income,income.annual_amount,v1.0.0,10258.33,USD_PER_MONTH,2026-08-12,POL-INC-001,"Gross eligible earnings before tax, before policy adjustment."
APP-000024-CALC-02,APP-000024,qualifying_monthly_income,income.qualifying_monthly_amount,v1.0.0,10258.33,USD_PER_MONTH,2026-08-12,POL-INC-001,The income figure the affordability rules are permitted to use.
APP-000024-CALC-03,APP-000024,housing_expense_pitia,loans.principal_and_interest|properties.annual_property_tax|properties.annual_hazard_premium|properties.monthly_hoa|loans.monthly_mortgage_insurance,v1.0.0,2974.86,USD_PER_MONTH,2026-08-12,POL-DTI-001,Full qualifying housing expense; the reserve denominator.
APP-000024-CALC-04,APP-000024,total_monthly_debt,underwriting_calculations.housing_expense_pitia|liabilities.monthly_payment,v1.0.0,3385.25,USD_PER_MONTH,2026-08-12,POL-LIA-001,DTI numerator.
APP-000024-CALC-05,APP-000024,front_end_dti,underwriting_calculations.housing_expense_pitia|underwriting_calculations.qualifying_monthly_income,v1.0.0,0.2900,RATIO,2026-08-12,POL-DTI-001,Housing ratio; advisory except on the USDA overlay.
APP-000024-CALC-06,APP-000024,back_end_dti,underwriting_calculations.total_monthly_debt|underwriting_calculations.qualifying_monthly_income,v1.0.0,0.3300,RATIO,2026-08-12,POL-DTI-001,Principal affordability measure (AC-02).
APP-000024-CALC-07,APP-000024,residual_income_monthly,underwriting_calculations.qualifying_monthly_income|underwriting_calculations.total_monthly_debt,v1.0.0,6873.08,USD_PER_MONTH,2026-08-12,POL-DTI-001,Disposable income (AC-02 alternative measure).
APP-000024-CALC-08,APP-000024,ltv,loans.base_loan_amount|properties.value_used_for_ltv,v1.0.0,0.7000,RATIO,2026-08-12,POL-CONV-001,Leverage against the value the rule uses.
APP-000024-CALC-09,APP-000024,cltv,loans.base_loan_amount|properties.value_used_for_ltv,v1.0.0,0.7000,RATIO,2026-08-12,POL-CONV-001,Leverage including every subordinate lien.
APP-000024-CALC-10,APP-000024,hcltv,loans.base_loan_amount|properties.value_used_for_ltv,v1.0.0,0.7000,RATIO,2026-08-12,POL-CONV-001,Leverage counting HELOC credit lines in full.
APP-000024-CALC-11,APP-000024,down_payment_amount,properties.purchase_price|loans.base_loan_amount,v1.0.0,0,USD,2026-08-12,POL-AST-002,Borrower equity contribution at purchase.
APP-000024-CALC-12,APP-000024,down_payment_pct,underwriting_calculations.down_payment_amount|properties.purchase_price,v1.0.0,,RATIO,2026-08-12,POL-AST-002,Contribution as a share of price.
APP-000024-CALC-13,APP-000024,cash_to_close,underwriting_calculations.down_payment_amount|loans.closing_costs|loans.prepaids_and_escrow|loans.seller_credits|loans.earnest_money_paid,v1.0.0,0.00,USD,2026-08-12,POL-AST-002,Borrower funds required at settlement.
APP-000024-CALC-14,APP-000024,funds_to_close_available,assets.eligible_close_amount,v1.0.0,21418.99,USD,2026-08-12,POL-AST-001,Eligible assets available at settlement.
APP-000024-CALC-15,APP-000024,funds_shortfall,underwriting_calculations.cash_to_close|underwriting_calculations.funds_to_close_available,v1.0.0,0.00,USD,2026-08-12,POL-AST-002,Positive value means the file cannot close as structured.
APP-000024-CALC-16,APP-000024,post_close_reserves,assets.eligible_reserve_amount|underwriting_calculations.cash_to_close,v1.0.0,26773.74,USD,2026-08-12,POL-AST-003,Reserve-eligible assets surviving the settlement draw.
APP-000024-CALC-17,APP-000024,months_reserves,underwriting_calculations.post_close_reserves|underwriting_calculations.housing_expense_pitia,v1.0.0,9.00,MONTHS,2026-08-12,POL-AST-003,Reserves expressed in months of housing expense.
APP-000024-CALC-18,APP-000024,credit_utilization,credit_accounts.balance|credit_accounts.credit_limit,v1.0.0,0.2800,RATIO,2026-08-12,POL-CRD-003,Risk context only; never a policy breach on its own.
APP-000024-CALC-19,APP-000024,employment_tenure_months,employment.verified_start_date|applications.application_date,v1.0.0,54,MONTHS,2026-08-12,POL-EMP-002,"Computed from the verified start date, not the declared one."
APP-000024-CALC-20,APP-000024,payment_shock_pct,underwriting_calculations.housing_expense_pitia|applications.current_housing_payment,v1.0.0,,RATIO,2026-08-12,POL-DTI-001,Not applicable where there is no prior housing payment.
APP-000024-CALC-21,APP-000024,loan_to_income,loans.base_loan_amount|underwriting_calculations.qualifying_annual_income,v1.0.0,2.84,MULTIPLE,2026-08-12,POL-DTI-001,"Supplemental analytical measure, not an eligibility rule."
APP-000024-CALC-22,APP-000024,representative_credit_score,credit_profiles.score_1|credit_profiles.score_2|credit_profiles.score_3,v1.0.0,736,SCORE,2026-08-12,POL-CRD-001,Middle of three per borrower; lowest across borrowers.
APP-000025-CALC-01,APP-000025,gross_monthly_income,income.annual_amount,v1.0.0,9533.33,USD_PER_MONTH,2026-08-12,POL-INC-001,"Gross eligible earnings before tax, before policy adjustment."
APP-000025-CALC-02,APP-000025,qualifying_monthly_income,income.qualifying_monthly_amount,v1.0.0,9533.33,USD_PER_MONTH,2026-08-12,POL-INC-001,The income figure the affordability rules are permitted to use.
APP-000025-CALC-03,APP-000025,housing_expense_pitia,loans.principal_and_interest|properties.annual_property_tax|properties.annual_hazard_premium|properties.monthly_hoa|loans.monthly_mortgage_insurance,v1.0.0,2764.09,USD_PER_MONTH,2026-08-12,POL-DTI-001,Full qualifying housing expense; the reserve denominator.
APP-000025-CALC-04,APP-000025,total_monthly_debt,underwriting_calculations.housing_expense_pitia|liabilities.monthly_payment,v1.0.0,3241.33,USD_PER_MONTH,2026-08-12,POL-LIA-001,DTI numerator.
APP-000025-CALC-05,APP-000025,front_end_dti,underwriting_calculations.housing_expense_pitia|underwriting_calculations.qualifying_monthly_income,v1.0.0,0.2899,RATIO,2026-08-12,POL-DTI-001,Housing ratio; advisory except on the USDA overlay.
APP-000025-CALC-06,APP-000025,back_end_dti,underwriting_calculations.total_monthly_debt|underwriting_calculations.qualifying_monthly_income,v1.0.0,0.3400,RATIO,2026-08-12,POL-DTI-001,Principal affordability measure (AC-02).
APP-000025-CALC-07,APP-000025,residual_income_monthly,underwriting_calculations.qualifying_monthly_income|underwriting_calculations.total_monthly_debt,v1.0.0,6292.00,USD_PER_MONTH,2026-08-12,POL-DTI-001,Disposable income (AC-02 alternative measure).
APP-000025-CALC-08,APP-000025,ltv,loans.base_loan_amount|properties.value_used_for_ltv,v1.0.0,0.8500,RATIO,2026-08-12,POL-CONV-001,Leverage against the value the rule uses.
APP-000025-CALC-09,APP-000025,cltv,loans.base_loan_amount|properties.value_used_for_ltv,v1.0.0,0.8500,RATIO,2026-08-12,POL-CONV-001,Leverage including every subordinate lien.
APP-000025-CALC-10,APP-000025,hcltv,loans.base_loan_amount|properties.value_used_for_ltv,v1.0.0,0.8500,RATIO,2026-08-12,POL-CONV-001,Leverage counting HELOC credit lines in full.
APP-000025-CALC-11,APP-000025,down_payment_amount,properties.purchase_price|loans.base_loan_amount,v1.0.0,61500.00,USD,2026-08-12,POL-AST-002,Borrower equity contribution at purchase.
APP-000025-CALC-12,APP-000025,down_payment_pct,underwriting_calculations.down_payment_amount|properties.purchase_price,v1.0.0,0.1500,RATIO,2026-08-12,POL-AST-002,Contribution as a share of price.
APP-000025-CALC-13,APP-000025,cash_to_close,underwriting_calculations.down_payment_amount|loans.closing_costs|loans.prepaids_and_escrow|loans.seller_credits|loans.earnest_money_paid,v1.0.0,65740.81,USD,2026-08-12,POL-AST-002,Borrower funds required at settlement.
APP-000025-CALC-14,APP-000025,funds_to_close_available,assets.eligible_close_amount,v1.0.0,79008.44,USD,2026-08-12,POL-AST-001,Eligible assets available at settlement.
APP-000025-CALC-15,APP-000025,funds_shortfall,underwriting_calculations.cash_to_close|underwriting_calculations.funds_to_close_available,v1.0.0,0.00,USD,2026-08-12,POL-AST-002,Positive value means the file cannot close as structured.
APP-000025-CALC-16,APP-000025,post_close_reserves,assets.eligible_reserve_amount|underwriting_calculations.cash_to_close,v1.0.0,16584.54,USD,2026-08-12,POL-AST-003,Reserve-eligible assets surviving the settlement draw.
APP-000025-CALC-17,APP-000025,months_reserves,underwriting_calculations.post_close_reserves|underwriting_calculations.housing_expense_pitia,v1.0.0,6.00,MONTHS,2026-08-12,POL-AST-003,Reserves expressed in months of housing expense.
APP-000025-CALC-18,APP-000025,credit_utilization,credit_accounts.balance|credit_accounts.credit_limit,v1.0.0,0.2800,RATIO,2026-08-12,POL-CRD-003,Risk context only; never a policy breach on its own.
APP-000025-CALC-19,APP-000025,employment_tenure_months,employment.verified_start_date|applications.application_date,v1.0.0,54,MONTHS,2026-08-12,POL-EMP-002,"Computed from the verified start date, not the declared one."
APP-000025-CALC-20,APP-000025,payment_shock_pct,underwriting_calculations.housing_expense_pitia|applications.current_housing_payment,v1.0.0,0.1236,RATIO,2026-08-12,POL-DTI-001,Not applicable where there is no prior housing payment.
APP-000025-CALC-21,APP-000025,loan_to_income,loans.base_loan_amount|underwriting_calculations.qualifying_annual_income,v1.0.0,3.05,MULTIPLE,2026-08-12,POL-DTI-001,"Supplemental analytical measure, not an eligibility rule."
APP-000025-CALC-22,APP-000025,representative_credit_score,credit_profiles.score_1|credit_profiles.score_2|credit_profiles.score_3,v1.0.0,756,SCORE,2026-08-12,POL-CRD-001,Middle of three per borrower; lowest across borrowers.
APP-000026-CALC-01,APP-000026,gross_monthly_income,income.annual_amount,v1.0.0,9325.00,USD_PER_MONTH,2026-08-12,POL-INC-001,"Gross eligible earnings before tax, before policy adjustment."
APP-000026-CALC-02,APP-000026,qualifying_monthly_income,income.qualifying_monthly_amount,v1.0.0,9325.00,USD_PER_MONTH,2026-08-12,POL-INC-001,The income figure the affordability rules are permitted to use.
APP-000026-CALC-03,APP-000026,housing_expense_pitia,loans.principal_and_interest|properties.annual_property_tax|properties.annual_hazard_premium|properties.monthly_hoa|loans.monthly_mortgage_insurance,v1.0.0,2704.93,USD_PER_MONTH,2026-08-12,POL-DTI-001,Full qualifying housing expense; the reserve denominator.
APP-000026-CALC-04,APP-000026,total_monthly_debt,underwriting_calculations.housing_expense_pitia|liabilities.monthly_payment,v1.0.0,3263.75,USD_PER_MONTH,2026-08-12,POL-LIA-001,DTI numerator.
APP-000026-CALC-05,APP-000026,front_end_dti,underwriting_calculations.housing_expense_pitia|underwriting_calculations.qualifying_monthly_income,v1.0.0,0.2901,RATIO,2026-08-12,POL-DTI-001,Housing ratio; advisory except on the USDA overlay.
APP-000026-CALC-06,APP-000026,back_end_dti,underwriting_calculations.total_monthly_debt|underwriting_calculations.qualifying_monthly_income,v1.0.0,0.3500,RATIO,2026-08-12,POL-DTI-001,Principal affordability measure (AC-02).
APP-000026-CALC-07,APP-000026,residual_income_monthly,underwriting_calculations.qualifying_monthly_income|underwriting_calculations.total_monthly_debt,v1.0.0,6061.25,USD_PER_MONTH,2026-08-12,POL-DTI-001,Disposable income (AC-02 alternative measure).
APP-000026-CALC-08,APP-000026,ltv,loans.base_loan_amount|properties.value_used_for_ltv,v1.0.0,0.8000,RATIO,2026-08-12,POL-CONV-001,Leverage against the value the rule uses.
APP-000026-CALC-09,APP-000026,cltv,loans.base_loan_amount|properties.value_used_for_ltv,v1.0.0,0.8000,RATIO,2026-08-12,POL-CONV-001,Leverage including every subordinate lien.
APP-000026-CALC-10,APP-000026,hcltv,loans.base_loan_amount|properties.value_used_for_ltv,v1.0.0,0.8000,RATIO,2026-08-12,POL-CONV-001,Leverage counting HELOC credit lines in full.
APP-000026-CALC-11,APP-000026,down_payment_amount,properties.purchase_price|loans.base_loan_amount,v1.0.0,78000.00,USD,2026-08-12,POL-AST-002,Borrower equity contribution at purchase.
APP-000026-CALC-12,APP-000026,down_payment_pct,underwriting_calculations.down_payment_amount|properties.purchase_price,v1.0.0,0.2000,RATIO,2026-08-12,POL-AST-002,Contribution as a share of price.
APP-000026-CALC-13,APP-000026,cash_to_close,underwriting_calculations.down_payment_amount|loans.closing_costs|loans.prepaids_and_escrow|loans.seller_credits|loans.earnest_money_paid,v1.0.0,82694.91,USD,2026-08-12,POL-AST-002,Borrower funds required at settlement.
APP-000026-CALC-14,APP-000026,funds_to_close_available,assets.eligible_close_amount,v1.0.0,70006.46,USD,2026-08-12,POL-AST-001,Eligible assets available at settlement.
APP-000026-CALC-15,APP-000026,funds_shortfall,underwriting_calculations.cash_to_close|underwriting_calculations.funds_to_close_available,v1.0.0,12688.45,USD,2026-08-12,POL-AST-002,Positive value means the file cannot close as structured.
APP-000026-CALC-16,APP-000026,post_close_reserves,assets.eligible_reserve_amount|underwriting_calculations.cash_to_close,v1.0.0,4327.89,USD,2026-08-12,POL-AST-003,Reserve-eligible assets surviving the settlement draw.
APP-000026-CALC-17,APP-000026,months_reserves,underwriting_calculations.post_close_reserves|underwriting_calculations.housing_expense_pitia,v1.0.0,1.60,MONTHS,2026-08-12,POL-AST-003,Reserves expressed in months of housing expense.
APP-000026-CALC-18,APP-000026,credit_utilization,credit_accounts.balance|credit_accounts.credit_limit,v1.0.0,0.2800,RATIO,2026-08-12,POL-CRD-003,Risk context only; never a policy breach on its own.
APP-000026-CALC-19,APP-000026,employment_tenure_months,employment.verified_start_date|applications.application_date,v1.0.0,54,MONTHS,2026-08-12,POL-EMP-002,"Computed from the verified start date, not the declared one."
APP-000026-CALC-20,APP-000026,payment_shock_pct,underwriting_calculations.housing_expense_pitia|applications.current_housing_payment,v1.0.0,0.0526,RATIO,2026-08-12,POL-DTI-001,Not applicable where there is no prior housing payment.
APP-000026-CALC-21,APP-000026,loan_to_income,loans.base_loan_amount|underwriting_calculations.qualifying_annual_income,v1.0.0,2.79,MULTIPLE,2026-08-12,POL-DTI-001,"Supplemental analytical measure, not an eligibility rule."
APP-000026-CALC-22,APP-000026,representative_credit_score,credit_profiles.score_1|credit_profiles.score_2|credit_profiles.score_3,v1.0.0,762,SCORE,2026-08-12,POL-CRD-001,Middle of three per borrower; lowest across borrowers.
APP-000027-CALC-01,APP-000027,gross_monthly_income,income.annual_amount,v1.0.0,10208.33,USD_PER_MONTH,2026-08-12,POL-INC-001,"Gross eligible earnings before tax, before policy adjustment."
APP-000027-CALC-02,APP-000027,qualifying_monthly_income,income.qualifying_monthly_amount,v1.0.0,10208.33,USD_PER_MONTH,2026-08-12,POL-INC-001,The income figure the affordability rules are permitted to use.
APP-000027-CALC-03,APP-000027,housing_expense_pitia,loans.principal_and_interest|properties.annual_property_tax|properties.annual_hazard_premium|properties.monthly_hoa|loans.monthly_mortgage_insurance,v1.0.0,2961.15,USD_PER_MONTH,2026-08-12,POL-DTI-001,Full qualifying housing expense; the reserve denominator.
APP-000027-CALC-04,APP-000027,total_monthly_debt,underwriting_calculations.housing_expense_pitia|liabilities.monthly_payment,v1.0.0,3777.08,USD_PER_MONTH,2026-08-12,POL-LIA-001,DTI numerator.
APP-000027-CALC-05,APP-000027,front_end_dti,underwriting_calculations.housing_expense_pitia|underwriting_calculations.qualifying_monthly_income,v1.0.0,0.2901,RATIO,2026-08-12,POL-DTI-001,Housing ratio; advisory except on the USDA overlay.
APP-000027-CALC-06,APP-000027,back_end_dti,underwriting_calculations.total_monthly_debt|underwriting_calculations.qualifying_monthly_income,v1.0.0,0.3700,RATIO,2026-08-12,POL-DTI-001,Principal affordability measure (AC-02).
APP-000027-CALC-07,APP-000027,residual_income_monthly,underwriting_calculations.qualifying_monthly_income|underwriting_calculations.total_monthly_debt,v1.0.0,6431.25,USD_PER_MONTH,2026-08-12,POL-DTI-001,Disposable income (AC-02 alternative measure).
APP-000027-CALC-08,APP-000027,ltv,loans.base_loan_amount|properties.value_used_for_ltv,v1.0.0,0.8000,RATIO,2026-08-12,POL-CONV-001,Leverage against the value the rule uses.
APP-000027-CALC-09,APP-000027,cltv,loans.base_loan_amount|properties.value_used_for_ltv,v1.0.0,0.8000,RATIO,2026-08-12,POL-CONV-001,Leverage including every subordinate lien.
APP-000027-CALC-10,APP-000027,hcltv,loans.base_loan_amount|properties.value_used_for_ltv,v1.0.0,0.8000,RATIO,2026-08-12,POL-CONV-001,Leverage counting HELOC credit lines in full.
APP-000027-CALC-11,APP-000027,down_payment_amount,properties.purchase_price|loans.base_loan_amount,v1.0.0,96000.00,USD,2026-08-12,POL-AST-002,Borrower equity contribution at purchase.
APP-000027-CALC-12,APP-000027,down_payment_pct,underwriting_calculations.down_payment_amount|properties.purchase_price,v1.0.0,0.2000,RATIO,2026-08-12,POL-AST-002,Contribution as a share of price.
APP-000027-CALC-13,APP-000027,cash_to_close,underwriting_calculations.down_payment_amount|loans.closing_costs|loans.prepaids_and_escrow|loans.seller_credits|loans.earnest_money_paid,v1.0.0,100247.42,USD,2026-08-12,POL-AST-002,Borrower funds required at settlement.
APP-000027-CALC-14,APP-000027,funds_to_close_available,assets.eligible_close_amount,v1.0.0,112092.02,USD,2026-08-12,POL-AST-001,Eligible assets available at settlement.
APP-000027-CALC-15,APP-000027,funds_shortfall,underwriting_calculations.cash_to_close|underwriting_calculations.funds_to_close_available,v1.0.0,0.00,USD,2026-08-12,POL-AST-002,Positive value means the file cannot close as structured.
APP-000027-CALC-16,APP-000027,post_close_reserves,assets.eligible_reserve_amount|underwriting_calculations.cash_to_close,v1.0.0,14805.75,USD,2026-08-12,POL-AST-003,Reserve-eligible assets surviving the settlement draw.
APP-000027-CALC-17,APP-000027,months_reserves,underwriting_calculations.post_close_reserves|underwriting_calculations.housing_expense_pitia,v1.0.0,5.00,MONTHS,2026-08-12,POL-AST-003,Reserves expressed in months of housing expense.
APP-000027-CALC-18,APP-000027,credit_utilization,credit_accounts.balance|credit_accounts.credit_limit,v1.0.0,0.2800,RATIO,2026-08-12,POL-CRD-003,Risk context only; never a policy breach on its own.
APP-000027-CALC-19,APP-000027,employment_tenure_months,employment.verified_start_date|applications.application_date,v1.0.0,54,MONTHS,2026-08-12,POL-EMP-002,"Computed from the verified start date, not the declared one."
APP-000027-CALC-20,APP-000027,payment_shock_pct,underwriting_calculations.housing_expense_pitia|applications.current_housing_payment,v1.0.0,0.7241,RATIO,2026-08-12,POL-DTI-001,Not applicable where there is no prior housing payment.
APP-000027-CALC-21,APP-000027,loan_to_income,loans.base_loan_amount|underwriting_calculations.qualifying_annual_income,v1.0.0,3.13,MULTIPLE,2026-08-12,POL-DTI-001,"Supplemental analytical measure, not an eligibility rule."
APP-000027-CALC-22,APP-000027,representative_credit_score,credit_profiles.score_1|credit_profiles.score_2|credit_profiles.score_3,v1.0.0,688,SCORE,2026-08-12,POL-CRD-001,Middle of three per borrower; lowest across borrowers.
APP-000028-CALC-01,APP-000028,gross_monthly_income,income.annual_amount,v1.0.0,8383.33,USD_PER_MONTH,2026-08-12,POL-INC-001,"Gross eligible earnings before tax, before policy adjustment."
APP-000028-CALC-02,APP-000028,qualifying_monthly_income,income.qualifying_monthly_amount,v1.0.0,8383.33,USD_PER_MONTH,2026-08-12,POL-INC-001,The income figure the affordability rules are permitted to use.
APP-000028-CALC-03,APP-000028,housing_expense_pitia,loans.principal_and_interest|properties.annual_property_tax|properties.annual_hazard_premium|properties.monthly_hoa|loans.monthly_mortgage_insurance,v1.0.0,2431.93,USD_PER_MONTH,2026-08-12,POL-DTI-001,Full qualifying housing expense; the reserve denominator.
APP-000028-CALC-04,APP-000028,total_monthly_debt,underwriting_calculations.housing_expense_pitia|liabilities.monthly_payment,v1.0.0,3018.00,USD_PER_MONTH,2026-08-12,POL-LIA-001,DTI numerator.
APP-000028-CALC-05,APP-000028,front_end_dti,underwriting_calculations.housing_expense_pitia|underwriting_calculations.qualifying_monthly_income,v1.0.0,0.2901,RATIO,2026-08-12,POL-DTI-001,Housing ratio; advisory except on the USDA overlay.
APP-000028-CALC-06,APP-000028,back_end_dti,underwriting_calculations.total_monthly_debt|underwriting_calculations.qualifying_monthly_income,v1.0.0,0.3600,RATIO,2026-08-12,POL-DTI-001,Principal affordability measure (AC-02).
APP-000028-CALC-07,APP-000028,residual_income_monthly,underwriting_calculations.qualifying_monthly_income|underwriting_calculations.total_monthly_debt,v1.0.0,5365.33,USD_PER_MONTH,2026-08-12,POL-DTI-001,Disposable income (AC-02 alternative measure).
APP-000028-CALC-08,APP-000028,ltv,loans.base_loan_amount|properties.value_used_for_ltv,v1.0.0,0.8000,RATIO,2026-08-12,POL-CONV-001,Leverage against the value the rule uses.
APP-000028-CALC-09,APP-000028,cltv,loans.base_loan_amount|properties.value_used_for_ltv,v1.0.0,0.8000,RATIO,2026-08-12,POL-CONV-001,Leverage including every subordinate lien.
APP-000028-CALC-10,APP-000028,hcltv,loans.base_loan_amount|properties.value_used_for_ltv,v1.0.0,0.8000,RATIO,2026-08-12,POL-CONV-001,Leverage counting HELOC credit lines in full.
APP-000028-CALC-11,APP-000028,down_payment_amount,properties.purchase_price|loans.base_loan_amount,v1.0.0,78000.00,USD,2026-08-12,POL-AST-002,Borrower equity contribution at purchase.
APP-000028-CALC-12,APP-000028,down_payment_pct,underwriting_calculations.down_payment_amount|properties.purchase_price,v1.0.0,0.2000,RATIO,2026-08-12,POL-AST-002,Contribution as a share of price.
APP-000028-CALC-13,APP-000028,cash_to_close,underwriting_calculations.down_payment_amount|loans.closing_costs|loans.prepaids_and_escrow|loans.seller_credits|loans.earnest_money_paid,v1.0.0,81875.91,USD,2026-08-12,POL-AST-002,Borrower funds required at settlement.
APP-000028-CALC-14,APP-000028,funds_to_close_available,assets.eligible_close_amount,v1.0.0,89658.09,USD,2026-08-12,POL-AST-001,Eligible assets available at settlement.
APP-000028-CALC-15,APP-000028,funds_shortfall,underwriting_calculations.cash_to_close|underwriting_calculations.funds_to_close_available,v1.0.0,0.00,USD,2026-08-12,POL-AST-002,Positive value means the file cannot close as structured.
APP-000028-CALC-16,APP-000028,post_close_reserves,assets.eligible_reserve_amount|underwriting_calculations.cash_to_close,v1.0.0,9727.72,USD,2026-08-12,POL-AST-003,Reserve-eligible assets surviving the settlement draw.
APP-000028-CALC-17,APP-000028,months_reserves,underwriting_calculations.post_close_reserves|underwriting_calculations.housing_expense_pitia,v1.0.0,4.00,MONTHS,2026-08-12,POL-AST-003,Reserves expressed in months of housing expense.
APP-000028-CALC-18,APP-000028,credit_utilization,credit_accounts.balance|credit_accounts.credit_limit,v1.0.0,0.2800,RATIO,2026-08-12,POL-CRD-003,Risk context only; never a policy breach on its own.
APP-000028-CALC-19,APP-000028,employment_tenure_months,employment.verified_start_date|applications.application_date,v1.0.0,54,MONTHS,2026-08-12,POL-EMP-002,"Computed from the verified start date, not the declared one."
APP-000028-CALC-20,APP-000028,payment_shock_pct,underwriting_calculations.housing_expense_pitia|applications.current_housing_payment,v1.0.0,0.0870,RATIO,2026-08-12,POL-DTI-001,Not applicable where there is no prior housing payment.
APP-000028-CALC-21,APP-000028,loan_to_income,loans.base_loan_amount|underwriting_calculations.qualifying_annual_income,v1.0.0,3.10,MULTIPLE,2026-08-12,POL-DTI-001,"Supplemental analytical measure, not an eligibility rule."
APP-000028-CALC-22,APP-000028,representative_credit_score,credit_profiles.score_1|credit_profiles.score_2|credit_profiles.score_3,v1.0.0,664,SCORE,2026-08-12,POL-CRD-001,Middle of three per borrower; lowest across borrowers.
APP-000029-CALC-01,APP-000029,gross_monthly_income,income.annual_amount,v1.0.0,13150.00,USD_PER_MONTH,2026-08-12,POL-INC-001,"Gross eligible earnings before tax, before policy adjustment."
APP-000029-CALC-02,APP-000029,qualifying_monthly_income,income.qualifying_monthly_amount,v1.0.0,13150.00,USD_PER_MONTH,2026-08-12,POL-INC-001,The income figure the affordability rules are permitted to use.
APP-000029-CALC-03,APP-000029,housing_expense_pitia,loans.principal_and_interest|properties.annual_property_tax|properties.annual_hazard_premium|properties.monthly_hoa|loans.monthly_mortgage_insurance,v1.0.0,3814.65,USD_PER_MONTH,2026-08-12,POL-DTI-001,Full qualifying housing expense; the reserve denominator.
APP-000029-CALC-04,APP-000029,total_monthly_debt,underwriting_calculations.housing_expense_pitia|liabilities.monthly_payment,v1.0.0,4602.50,USD_PER_MONTH,2026-08-12,POL-LIA-001,DTI numerator.
APP-000029-CALC-05,APP-000029,front_end_dti,underwriting_calculations.housing_expense_pitia|underwriting_calculations.qualifying_monthly_income,v1.0.0,0.2901,RATIO,2026-08-12,POL-DTI-001,Housing ratio; advisory except on the USDA overlay.
APP-000029-CALC-06,APP-000029,back_end_dti,underwriting_calculations.total_monthly_debt|underwriting_calculations.qualifying_monthly_income,v1.0.0,0.3500,RATIO,2026-08-12,POL-DTI-001,Principal affordability measure (AC-02).
APP-000029-CALC-07,APP-000029,residual_income_monthly,underwriting_calculations.qualifying_monthly_income|underwriting_calculations.total_monthly_debt,v1.0.0,8547.50,USD_PER_MONTH,2026-08-12,POL-DTI-001,Disposable income (AC-02 alternative measure).
APP-000029-CALC-08,APP-000029,ltv,loans.base_loan_amount|properties.value_used_for_ltv,v1.0.0,0.8000,RATIO,2026-08-12,POL-CONV-001,Leverage against the value the rule uses.
APP-000029-CALC-09,APP-000029,cltv,loans.base_loan_amount|properties.value_used_for_ltv,v1.0.0,0.8000,RATIO,2026-08-12,POL-CONV-001,Leverage including every subordinate lien.
APP-000029-CALC-10,APP-000029,hcltv,loans.base_loan_amount|properties.value_used_for_ltv,v1.0.0,0.8000,RATIO,2026-08-12,POL-CONV-001,Leverage counting HELOC credit lines in full.
APP-000029-CALC-11,APP-000029,down_payment_amount,properties.purchase_price|loans.base_loan_amount,v1.0.0,110000.00,USD,2026-08-12,POL-AST-002,Borrower equity contribution at purchase.
APP-000029-CALC-12,APP-000029,down_payment_pct,underwriting_calculations.down_payment_amount|properties.purchase_price,v1.0.0,0.2000,RATIO,2026-08-12,POL-AST-002,Contribution as a share of price.
APP-000029-CALC-13,APP-000029,cash_to_close,underwriting_calculations.down_payment_amount|loans.closing_costs|loans.prepaids_and_escrow|loans.seller_credits|loans.earnest_money_paid,v1.0.0,115862.05,USD,2026-08-12,POL-AST-002,Borrower funds required at settlement.
APP-000029-CALC-14,APP-000029,funds_to_close_available,assets.eligible_close_amount,v1.0.0,134172.37,USD,2026-08-12,POL-AST-001,Eligible assets available at settlement.
APP-000029-CALC-15,APP-000029,funds_shortfall,underwriting_calculations.cash_to_close|underwriting_calculations.funds_to_close_available,v1.0.0,0.00,USD,2026-08-12,POL-AST-002,Positive value means the file cannot close as structured.
APP-000029-CALC-16,APP-000029,post_close_reserves,assets.eligible_reserve_amount|underwriting_calculations.cash_to_close,v1.0.0,22887.90,USD,2026-08-12,POL-AST-003,Reserve-eligible assets surviving the settlement draw.
APP-000029-CALC-17,APP-000029,months_reserves,underwriting_calculations.post_close_reserves|underwriting_calculations.housing_expense_pitia,v1.0.0,6.00,MONTHS,2026-08-12,POL-AST-003,Reserves expressed in months of housing expense.
APP-000029-CALC-18,APP-000029,credit_utilization,credit_accounts.balance|credit_accounts.credit_limit,v1.0.0,0.2800,RATIO,2026-08-12,POL-CRD-003,Risk context only; never a policy breach on its own.
APP-000029-CALC-19,APP-000029,employment_tenure_months,employment.verified_start_date|applications.application_date,v1.0.0,54,MONTHS,2026-08-12,POL-EMP-002,"Computed from the verified start date, not the declared one."
APP-000029-CALC-20,APP-000029,payment_shock_pct,underwriting_calculations.housing_expense_pitia|applications.current_housing_payment,v1.0.0,0.0753,RATIO,2026-08-12,POL-DTI-001,Not applicable where there is no prior housing payment.
APP-000029-CALC-21,APP-000029,loan_to_income,loans.base_loan_amount|underwriting_calculations.qualifying_annual_income,v1.0.0,2.79,MULTIPLE,2026-08-12,POL-DTI-001,"Supplemental analytical measure, not an eligibility rule."
APP-000029-CALC-22,APP-000029,representative_credit_score,credit_profiles.score_1|credit_profiles.score_2|credit_profiles.score_3,v1.0.0,672,SCORE,2026-08-12,POL-CRD-001,Middle of three per borrower; lowest across borrowers.
APP-000030-CALC-01,APP-000030,gross_monthly_income,income.annual_amount,v1.0.0,10641.67,USD_PER_MONTH,2026-08-12,POL-INC-001,"Gross eligible earnings before tax, before policy adjustment."
APP-000030-CALC-02,APP-000030,qualifying_monthly_income,income.qualifying_monthly_amount,v1.0.0,10641.67,USD_PER_MONTH,2026-08-12,POL-INC-001,The income figure the affordability rules are permitted to use.
APP-000030-CALC-03,APP-000030,housing_expense_pitia,loans.principal_and_interest|properties.annual_property_tax|properties.annual_hazard_premium|properties.monthly_hoa|loans.monthly_mortgage_insurance,v1.0.0,3086.93,USD_PER_MONTH,2026-08-12,POL-DTI-001,Full qualifying housing expense; the reserve denominator.
APP-000030-CALC-04,APP-000030,total_monthly_debt,underwriting_calculations.housing_expense_pitia|liabilities.monthly_payment,v1.0.0,4043.83,USD_PER_MONTH,2026-08-12,POL-LIA-001,DTI numerator.
APP-000030-CALC-05,APP-000030,front_end_dti,underwriting_calculations.housing_expense_pitia|underwriting_calculations.qualifying_monthly_income,v1.0.0,0.2901,RATIO,2026-08-12,POL-DTI-001,Housing ratio; advisory except on the USDA overlay.
APP-000030-CALC-06,APP-000030,back_end_dti,underwriting_calculations.total_monthly_debt|underwriting_calculations.qualifying_monthly_income,v1.0.0,0.3800,RATIO,2026-08-12,POL-DTI-001,Principal affordability measure (AC-02).
APP-000030-CALC-07,APP-000030,residual_income_monthly,underwriting_calculations.qualifying_monthly_income|underwriting_calculations.total_monthly_debt,v1.0.0,6597.84,USD_PER_MONTH,2026-08-12,POL-DTI-001,Disposable income (AC-02 alternative measure).
APP-000030-CALC-08,APP-000030,ltv,loans.base_loan_amount|properties.value_used_for_ltv,v1.0.0,0.8000,RATIO,2026-08-12,POL-CONV-001,Leverage against the value the rule uses.
APP-000030-CALC-09,APP-000030,cltv,loans.base_loan_amount|properties.value_used_for_ltv,v1.0.0,0.8000,RATIO,2026-08-12,POL-CONV-001,Leverage including every subordinate lien.
APP-000030-CALC-10,APP-000030,hcltv,loans.base_loan_amount|properties.value_used_for_ltv,v1.0.0,0.8000,RATIO,2026-08-12,POL-CONV-001,Leverage counting HELOC credit lines in full.
APP-000030-CALC-11,APP-000030,down_payment_amount,properties.purchase_price|loans.base_loan_amount,v1.0.0,92000.00,USD,2026-08-12,POL-AST-002,Borrower equity contribution at purchase.
APP-000030-CALC-12,APP-000030,down_payment_pct,underwriting_calculations.down_payment_amount|properties.purchase_price,v1.0.0,0.2000,RATIO,2026-08-12,POL-AST-002,Contribution as a share of price.
APP-000030-CALC-13,APP-000030,cash_to_close,underwriting_calculations.down_payment_amount|loans.closing_costs|loans.prepaids_and_escrow|loans.seller_credits|loans.earnest_money_paid,v1.0.0,87695.03,USD,2026-08-12,POL-AST-002,Borrower funds required at settlement.
APP-000030-CALC-14,APP-000030,funds_to_close_available,assets.eligible_close_amount,v1.0.0,97573.21,USD,2026-08-12,POL-AST-001,Eligible assets available at settlement.
APP-000030-CALC-15,APP-000030,funds_shortfall,underwriting_calculations.cash_to_close|underwriting_calculations.funds_to_close_available,v1.0.0,0.00,USD,2026-08-12,POL-AST-002,Positive value means the file cannot close as structured.
APP-000030-CALC-16,APP-000030,post_close_reserves,assets.eligible_reserve_amount|underwriting_calculations.cash_to_close,v1.0.0,12347.72,USD,2026-08-12,POL-AST-003,Reserve-eligible assets surviving the settlement draw.
APP-000030-CALC-17,APP-000030,months_reserves,underwriting_calculations.post_close_reserves|underwriting_calculations.housing_expense_pitia,v1.0.0,4.00,MONTHS,2026-08-12,POL-AST-003,Reserves expressed in months of housing expense.
APP-000030-CALC-18,APP-000030,credit_utilization,credit_accounts.balance|credit_accounts.credit_limit,v1.0.0,0.2800,RATIO,2026-08-12,POL-CRD-003,Risk context only; never a policy breach on its own.
APP-000030-CALC-19,APP-000030,employment_tenure_months,employment.verified_start_date|applications.application_date,v1.0.0,54,MONTHS,2026-08-12,POL-EMP-002,"Computed from the verified start date, not the declared one."
APP-000030-CALC-20,APP-000030,payment_shock_pct,underwriting_calculations.housing_expense_pitia|applications.current_housing_payment,v1.0.0,0.2500,RATIO,2026-08-12,POL-DTI-001,Not applicable where there is no prior housing payment.
APP-000030-CALC-21,APP-000030,loan_to_income,loans.base_loan_amount|underwriting_calculations.qualifying_annual_income,v1.0.0,2.88,MULTIPLE,2026-08-12,POL-DTI-001,"Supplemental analytical measure, not an eligibility rule."
APP-000030-CALC-22,APP-000030,representative_credit_score,credit_profiles.score_1|credit_profiles.score_2|credit_profiles.score_3,v1.0.0,694,SCORE,2026-08-12,POL-CRD-001,Middle of three per borrower; lowest across borrowers.
APP-000031-CALC-01,APP-000031,gross_monthly_income,income.annual_amount,v1.0.0,12066.67,USD_PER_MONTH,2026-08-12,POL-INC-001,"Gross eligible earnings before tax, before policy adjustment."
APP-000031-CALC-02,APP-000031,qualifying_monthly_income,income.qualifying_monthly_amount,v1.0.0,12066.67,USD_PER_MONTH,2026-08-12,POL-INC-001,The income figure the affordability rules are permitted to use.
APP-000031-CALC-03,APP-000031,housing_expense_pitia,loans.principal_and_interest|properties.annual_property_tax|properties.annual_hazard_premium|properties.monthly_hoa|loans.monthly_mortgage_insurance,v1.0.0,3499.26,USD_PER_MONTH,2026-08-12,POL-DTI-001,Full qualifying housing expense; the reserve denominator.
APP-000031-CALC-04,APP-000031,total_monthly_debt,underwriting_calculations.housing_expense_pitia|liabilities.monthly_payment,v1.0.0,4706.00,USD_PER_MONTH,2026-08-12,POL-LIA-001,DTI numerator.
APP-000031-CALC-05,APP-000031,front_end_dti,underwriting_calculations.housing_expense_pitia|underwriting_calculations.qualifying_monthly_income,v1.0.0,0.2900,RATIO,2026-08-12,POL-DTI-001,Housing ratio; advisory except on the USDA overlay.
APP-000031-CALC-06,APP-000031,back_end_dti,underwriting_calculations.total_monthly_debt|underwriting_calculations.qualifying_monthly_income,v1.0.0,0.3900,RATIO,2026-08-12,POL-DTI-001,Principal affordability measure (AC-02).
APP-000031-CALC-07,APP-000031,residual_income_monthly,underwriting_calculations.qualifying_monthly_income|underwriting_calculations.total_monthly_debt,v1.0.0,7360.67,USD_PER_MONTH,2026-08-12,POL-DTI-001,Disposable income (AC-02 alternative measure).
APP-000031-CALC-08,APP-000031,ltv,loans.base_loan_amount|properties.value_used_for_ltv,v1.0.0,0.8000,RATIO,2026-08-12,POL-CONV-001,Leverage against the value the rule uses.
APP-000031-CALC-09,APP-000031,cltv,loans.base_loan_amount|properties.value_used_for_ltv,v1.0.0,0.8000,RATIO,2026-08-12,POL-CONV-001,Leverage including every subordinate lien.
APP-000031-CALC-10,APP-000031,hcltv,loans.base_loan_amount|properties.value_used_for_ltv,v1.0.0,0.8000,RATIO,2026-08-12,POL-CONV-001,Leverage counting HELOC credit lines in full.
APP-000031-CALC-11,APP-000031,down_payment_amount,properties.purchase_price|loans.base_loan_amount,v1.0.0,106000.00,USD,2026-08-12,POL-AST-002,Borrower equity contribution at purchase.
APP-000031-CALC-12,APP-000031,down_payment_pct,underwriting_calculations.down_payment_amount|properties.purchase_price,v1.0.0,0.2000,RATIO,2026-08-12,POL-AST-002,Contribution as a share of price.
APP-000031-CALC-13,APP-000031,cash_to_close,underwriting_calculations.down_payment_amount|loans.closing_costs|loans.prepaids_and_escrow|loans.seller_credits|loans.earnest_money_paid,v1.0.0,100586.15,USD,2026-08-12,POL-AST-002,Borrower funds required at settlement.
APP-000031-CALC-14,APP-000031,funds_to_close_available,assets.eligible_close_amount,v1.0.0,108984.37,USD,2026-08-12,POL-AST-001,Eligible assets available at settlement.
APP-000031-CALC-15,APP-000031,funds_shortfall,underwriting_calculations.cash_to_close|underwriting_calculations.funds_to_close_available,v1.0.0,0.00,USD,2026-08-12,POL-AST-002,Positive value means the file cannot close as structured.
APP-000031-CALC-16,APP-000031,post_close_reserves,assets.eligible_reserve_amount|underwriting_calculations.cash_to_close,v1.0.0,10497.78,USD,2026-08-12,POL-AST-003,Reserve-eligible assets surviving the settlement draw.
APP-000031-CALC-17,APP-000031,months_reserves,underwriting_calculations.post_close_reserves|underwriting_calculations.housing_expense_pitia,v1.0.0,3.00,MONTHS,2026-08-12,POL-AST-003,Reserves expressed in months of housing expense.
APP-000031-CALC-18,APP-000031,credit_utilization,credit_accounts.balance|credit_accounts.credit_limit,v1.0.0,0.8400,RATIO,2026-08-12,POL-CRD-003,Risk context only; never a policy breach on its own.
APP-000031-CALC-19,APP-000031,employment_tenure_months,employment.verified_start_date|applications.application_date,v1.0.0,54,MONTHS,2026-08-12,POL-EMP-002,"Computed from the verified start date, not the declared one."
APP-000031-CALC-20,APP-000031,payment_shock_pct,underwriting_calculations.housing_expense_pitia|applications.current_housing_payment,v1.0.0,0.7857,RATIO,2026-08-12,POL-DTI-001,Not applicable where there is no prior housing payment.
APP-000031-CALC-21,APP-000031,loan_to_income,loans.base_loan_amount|underwriting_calculations.qualifying_annual_income,v1.0.0,2.93,MULTIPLE,2026-08-12,POL-DTI-001,"Supplemental analytical measure, not an eligibility rule."
APP-000031-CALC-22,APP-000031,representative_credit_score,credit_profiles.score_1|credit_profiles.score_2|credit_profiles.score_3,v1.0.0,678,SCORE,2026-08-12,POL-CRD-001,Middle of three per borrower; lowest across borrowers.
APP-000032-CALC-01,APP-000032,gross_monthly_income,income.annual_amount,v1.0.0,10700.00,USD_PER_MONTH,2026-08-12,POL-INC-001,"Gross eligible earnings before tax, before policy adjustment."
APP-000032-CALC-02,APP-000032,qualifying_monthly_income,income.qualifying_monthly_amount,v1.0.0,10700.00,USD_PER_MONTH,2026-08-12,POL-INC-001,The income figure the affordability rules are permitted to use.
APP-000032-CALC-03,APP-000032,housing_expense_pitia,loans.principal_and_interest|properties.annual_property_tax|properties.annual_hazard_premium|properties.monthly_hoa|loans.monthly_mortgage_insurance,v1.0.0,3103.12,USD_PER_MONTH,2026-08-12,POL-DTI-001,Full qualifying housing expense; the reserve denominator.
APP-000032-CALC-04,APP-000032,total_monthly_debt,underwriting_calculations.housing_expense_pitia|liabilities.monthly_payment,v1.0.0,3959.00,USD_PER_MONTH,2026-08-12,POL-LIA-001,DTI numerator.
APP-000032-CALC-05,APP-000032,front_end_dti,underwriting_calculations.housing_expense_pitia|underwriting_calculations.qualifying_monthly_income,v1.0.0,0.2900,RATIO,2026-08-12,POL-DTI-001,Housing ratio; advisory except on the USDA overlay.
APP-000032-CALC-06,APP-000032,back_end_dti,underwriting_calculations.total_monthly_debt|underwriting_calculations.qualifying_monthly_income,v1.0.0,0.3700,RATIO,2026-08-12,POL-DTI-001,Principal affordability measure (AC-02).
APP-000032-CALC-07,APP-000032,residual_income_monthly,underwriting_calculations.qualifying_monthly_income|underwriting_calculations.total_monthly_debt,v1.0.0,6741.00,USD_PER_MONTH,2026-08-12,POL-DTI-001,Disposable income (AC-02 alternative measure).
APP-000032-CALC-08,APP-000032,ltv,loans.base_loan_amount|properties.value_used_for_ltv,v1.0.0,0.8000,RATIO,2026-08-12,POL-CONV-001,Leverage against the value the rule uses.
APP-000032-CALC-09,APP-000032,cltv,loans.base_loan_amount|properties.value_used_for_ltv,v1.0.0,0.8000,RATIO,2026-08-12,POL-CONV-001,Leverage including every subordinate lien.
APP-000032-CALC-10,APP-000032,hcltv,loans.base_loan_amount|properties.value_used_for_ltv,v1.0.0,0.8000,RATIO,2026-08-12,POL-CONV-001,Leverage counting HELOC credit lines in full.
APP-000032-CALC-11,APP-000032,down_payment_amount,properties.purchase_price|loans.base_loan_amount,v1.0.0,94000.00,USD,2026-08-12,POL-AST-002,Borrower equity contribution at purchase.
APP-000032-CALC-12,APP-000032,down_payment_pct,underwriting_calculations.down_payment_amount|properties.purchase_price,v1.0.0,0.2000,RATIO,2026-08-12,POL-AST-002,Contribution as a share of price.
APP-000032-CALC-13,APP-000032,cash_to_close,underwriting_calculations.down_payment_amount|loans.closing_costs|loans.prepaids_and_escrow|loans.seller_credits|loans.earnest_money_paid,v1.0.0,89408.47,USD,2026-08-12,POL-AST-002,Borrower funds required at settlement.
APP-000032-CALC-14,APP-000032,funds_to_close_available,assets.eligible_close_amount,v1.0.0,99338.45,USD,2026-08-12,POL-AST-001,Eligible assets available at settlement.
APP-000032-CALC-15,APP-000032,funds_shortfall,underwriting_calculations.cash_to_close|underwriting_calculations.funds_to_close_available,v1.0.0,0.00,USD,2026-08-12,POL-AST-002,Positive value means the file cannot close as structured.
APP-000032-CALC-16,APP-000032,post_close_reserves,assets.eligible_reserve_amount|underwriting_calculations.cash_to_close,v1.0.0,12412.48,USD,2026-08-12,POL-AST-003,Reserve-eligible assets surviving the settlement draw.
APP-000032-CALC-17,APP-000032,months_reserves,underwriting_calculations.post_close_reserves|underwriting_calculations.housing_expense_pitia,v1.0.0,4.00,MONTHS,2026-08-12,POL-AST-003,Reserves expressed in months of housing expense.
APP-000032-CALC-18,APP-000032,credit_utilization,credit_accounts.balance|credit_accounts.credit_limit,v1.0.0,0.2800,RATIO,2026-08-12,POL-CRD-003,Risk context only; never a policy breach on its own.
APP-000032-CALC-19,APP-000032,employment_tenure_months,employment.verified_start_date|applications.application_date,v1.0.0,54,MONTHS,2026-08-12,POL-EMP-002,"Computed from the verified start date, not the declared one."
APP-000032-CALC-20,APP-000032,payment_shock_pct,underwriting_calculations.housing_expense_pitia|applications.current_housing_payment,v1.0.0,0.5873,RATIO,2026-08-12,POL-DTI-001,Not applicable where there is no prior housing payment.
APP-000032-CALC-21,APP-000032,loan_to_income,loans.base_loan_amount|underwriting_calculations.qualifying_annual_income,v1.0.0,2.93,MULTIPLE,2026-08-12,POL-DTI-001,"Supplemental analytical measure, not an eligibility rule."
APP-000032-CALC-22,APP-000032,representative_credit_score,credit_profiles.score_1|credit_profiles.score_2|credit_profiles.score_3,v1.0.0,682,SCORE,2026-08-12,POL-CRD-001,Middle of three per borrower; lowest across borrowers.
APP-000033-CALC-01,APP-000033,gross_monthly_income,income.annual_amount,v1.0.0,10850.00,USD_PER_MONTH,2026-09-04,POL-INC-001,"Gross eligible earnings before tax, before policy adjustment."
APP-000033-CALC-02,APP-000033,qualifying_monthly_income,income.qualifying_monthly_amount,v1.0.0,10850.00,USD_PER_MONTH,2026-09-04,POL-INC-001,The income figure the affordability rules are permitted to use.
APP-000033-CALC-03,APP-000033,housing_expense_pitia,loans.principal_and_interest|properties.annual_property_tax|properties.annual_hazard_premium|properties.monthly_hoa|loans.monthly_mortgage_insurance,v1.0.0,3146.22,USD_PER_MONTH,2026-09-04,POL-DTI-001,Full qualifying housing expense; the reserve denominator.
APP-000033-CALC-04,APP-000033,total_monthly_debt,underwriting_calculations.housing_expense_pitia|liabilities.monthly_payment,v1.0.0,3906.00,USD_PER_MONTH,2026-09-04,POL-LIA-001,DTI numerator.
APP-000033-CALC-05,APP-000033,front_end_dti,underwriting_calculations.housing_expense_pitia|underwriting_calculations.qualifying_monthly_income,v1.0.0,0.2900,RATIO,2026-09-04,POL-DTI-001,Housing ratio; advisory except on the USDA overlay.
APP-000033-CALC-06,APP-000033,back_end_dti,underwriting_calculations.total_monthly_debt|underwriting_calculations.qualifying_monthly_income,v1.0.0,0.3600,RATIO,2026-09-04,POL-DTI-001,Principal affordability measure (AC-02).
APP-000033-CALC-07,APP-000033,residual_income_monthly,underwriting_calculations.qualifying_monthly_income|underwriting_calculations.total_monthly_debt,v1.0.0,6944.00,USD_PER_MONTH,2026-09-04,POL-DTI-001,Disposable income (AC-02 alternative measure).
APP-000033-CALC-08,APP-000033,ltv,loans.base_loan_amount|properties.value_used_for_ltv,v1.0.0,0.8000,RATIO,2026-09-04,POL-CONV-001,Leverage against the value the rule uses.
APP-000033-CALC-09,APP-000033,cltv,loans.base_loan_amount|properties.value_used_for_ltv,v1.0.0,0.8000,RATIO,2026-09-04,POL-CONV-001,Leverage including every subordinate lien.
APP-000033-CALC-10,APP-000033,hcltv,loans.base_loan_amount|properties.value_used_for_ltv,v1.0.0,0.8000,RATIO,2026-09-04,POL-CONV-001,Leverage counting HELOC credit lines in full.
APP-000033-CALC-11,APP-000033,down_payment_amount,properties.purchase_price|loans.base_loan_amount,v1.0.0,102000.00,USD,2026-09-04,POL-AST-002,Borrower equity contribution at purchase.
APP-000033-CALC-12,APP-000033,down_payment_pct,underwriting_calculations.down_payment_amount|properties.purchase_price,v1.0.0,0.2000,RATIO,2026-09-04,POL-AST-002,Contribution as a share of price.
APP-000033-CALC-13,APP-000033,cash_to_close,underwriting_calculations.down_payment_amount|loans.closing_costs|loans.prepaids_and_escrow|loans.seller_credits|loans.earnest_money_paid,v1.0.0,106397.26,USD,2026-09-04,POL-AST-002,Borrower funds required at settlement.
APP-000033-CALC-14,APP-000033,funds_to_close_available,assets.eligible_close_amount,v1.0.0,121499.12,USD,2026-09-04,POL-AST-001,Eligible assets available at settlement.
APP-000033-CALC-15,APP-000033,funds_shortfall,underwriting_calculations.cash_to_close|underwriting_calculations.funds_to_close_available,v1.0.0,0.00,USD,2026-09-04,POL-AST-002,Positive value means the file cannot close as structured.
APP-000033-CALC-16,APP-000033,post_close_reserves,assets.eligible_reserve_amount|underwriting_calculations.cash_to_close,v1.0.0,18877.32,USD,2026-09-04,POL-AST-003,Reserve-eligible assets surviving the settlement draw.
APP-000033-CALC-17,APP-000033,months_reserves,underwriting_calculations.post_close_reserves|underwriting_calculations.housing_expense_pitia,v1.0.0,6.00,MONTHS,2026-09-04,POL-AST-003,Reserves expressed in months of housing expense.
APP-000033-CALC-18,APP-000033,credit_utilization,credit_accounts.balance|credit_accounts.credit_limit,v1.0.0,0.2800,RATIO,2026-09-04,POL-CRD-003,Risk context only; never a policy breach on its own.
APP-000033-CALC-19,APP-000033,employment_tenure_months,employment.verified_start_date|applications.application_date,v1.0.0,54,MONTHS,2026-09-04,POL-EMP-002,"Computed from the verified start date, not the declared one."
APP-000033-CALC-20,APP-000033,payment_shock_pct,underwriting_calculations.housing_expense_pitia|applications.current_housing_payment,v1.0.0,0.3333,RATIO,2026-09-04,POL-DTI-001,Not applicable where there is no prior housing payment.
APP-000033-CALC-21,APP-000033,loan_to_income,loans.base_loan_amount|underwriting_calculations.qualifying_annual_income,v1.0.0,3.13,MULTIPLE,2026-09-04,POL-DTI-001,"Supplemental analytical measure, not an eligibility rule."
APP-000033-CALC-22,APP-000033,representative_credit_score,credit_profiles.score_1|credit_profiles.score_2|credit_profiles.score_3,v1.0.0,742,SCORE,2026-09-04,POL-CRD-001,Middle of three per borrower; lowest across borrowers.
APP-000034-CALC-01,APP-000034,gross_monthly_income,income.annual_amount,v1.0.0,9091.67,USD_PER_MONTH,2026-08-12,POL-INC-001,"Gross eligible earnings before tax, before policy adjustment."
APP-000034-CALC-02,APP-000034,qualifying_monthly_income,income.qualifying_monthly_amount,v1.0.0,9091.67,USD_PER_MONTH,2026-08-12,POL-INC-001,The income figure the affordability rules are permitted to use.
APP-000034-CALC-03,APP-000034,housing_expense_pitia,loans.principal_and_interest|properties.annual_property_tax|properties.annual_hazard_premium|properties.monthly_hoa|loans.monthly_mortgage_insurance,v1.0.0,2635.57,USD_PER_MONTH,2026-08-12,POL-DTI-001,Full qualifying housing expense; the reserve denominator.
APP-000034-CALC-04,APP-000034,total_monthly_debt,underwriting_calculations.housing_expense_pitia|liabilities.monthly_payment,v1.0.0,2909.33,USD_PER_MONTH,2026-08-12,POL-LIA-001,DTI numerator.
APP-000034-CALC-05,APP-000034,front_end_dti,underwriting_calculations.housing_expense_pitia|underwriting_calculations.qualifying_monthly_income,v1.0.0,0.2899,RATIO,2026-08-12,POL-DTI-001,Housing ratio; advisory except on the USDA overlay.
APP-000034-CALC-06,APP-000034,back_end_dti,underwriting_calculations.total_monthly_debt|underwriting_calculations.qualifying_monthly_income,v1.0.0,0.3200,RATIO,2026-08-12,POL-DTI-001,Principal affordability measure (AC-02).
APP-000034-CALC-07,APP-000034,residual_income_monthly,underwriting_calculations.qualifying_monthly_income|underwriting_calculations.total_monthly_debt,v1.0.0,6182.34,USD_PER_MONTH,2026-08-12,POL-DTI-001,Disposable income (AC-02 alternative measure).
APP-000034-CALC-08,APP-000034,ltv,loans.base_loan_amount|properties.value_used_for_ltv,v1.0.0,0.8000,RATIO,2026-08-12,POL-CONV-001,Leverage against the value the rule uses.
APP-000034-CALC-09,APP-000034,cltv,loans.base_loan_amount|properties.value_used_for_ltv,v1.0.0,0.8000,RATIO,2026-08-12,POL-CONV-001,Leverage including every subordinate lien.
APP-000034-CALC-10,APP-000034,hcltv,loans.base_loan_amount|properties.value_used_for_ltv,v1.0.0,0.8000,RATIO,2026-08-12,POL-CONV-001,Leverage counting HELOC credit lines in full.
APP-000034-CALC-11,APP-000034,down_payment_amount,properties.purchase_price|loans.base_loan_amount,v1.0.0,76000.00,USD,2026-08-12,POL-AST-002,Borrower equity contribution at purchase.
APP-000034-CALC-12,APP-000034,down_payment_pct,underwriting_calculations.down_payment_amount|properties.purchase_price,v1.0.0,0.2000,RATIO,2026-08-12,POL-AST-002,Contribution as a share of price.
APP-000034-CALC-13,APP-000034,cash_to_close,underwriting_calculations.down_payment_amount|loans.closing_costs|loans.prepaids_and_escrow|loans.seller_credits|loans.earnest_money_paid,v1.0.0,73021.96,USD,2026-08-12,POL-AST-002,Borrower funds required at settlement.
APP-000034-CALC-14,APP-000034,funds_to_close_available,assets.eligible_close_amount,v1.0.0,87781.15,USD,2026-08-12,POL-AST-001,Eligible assets available at settlement.
APP-000034-CALC-15,APP-000034,funds_shortfall,underwriting_calculations.cash_to_close|underwriting_calculations.funds_to_close_available,v1.0.0,0.00,USD,2026-08-12,POL-AST-002,Positive value means the file cannot close as structured.
APP-000034-CALC-16,APP-000034,post_close_reserves,assets.eligible_reserve_amount|underwriting_calculations.cash_to_close,v1.0.0,18448.99,USD,2026-08-12,POL-AST-003,Reserve-eligible assets surviving the settlement draw.
APP-000034-CALC-17,APP-000034,months_reserves,underwriting_calculations.post_close_reserves|underwriting_calculations.housing_expense_pitia,v1.0.0,7.00,MONTHS,2026-08-12,POL-AST-003,Reserves expressed in months of housing expense.
APP-000034-CALC-18,APP-000034,credit_utilization,credit_accounts.balance|credit_accounts.credit_limit,v1.0.0,0.2800,RATIO,2026-08-12,POL-CRD-003,Risk context only; never a policy breach on its own.
APP-000034-CALC-19,APP-000034,employment_tenure_months,employment.verified_start_date|applications.application_date,v1.0.0,54,MONTHS,2026-08-12,POL-EMP-002,"Computed from the verified start date, not the declared one."
APP-000034-CALC-20,APP-000034,payment_shock_pct,underwriting_calculations.housing_expense_pitia|applications.current_housing_payment,v1.0.0,0.1364,RATIO,2026-08-12,POL-DTI-001,Not applicable where there is no prior housing payment.
APP-000034-CALC-21,APP-000034,loan_to_income,loans.base_loan_amount|underwriting_calculations.qualifying_annual_income,v1.0.0,2.79,MULTIPLE,2026-08-12,POL-DTI-001,"Supplemental analytical measure, not an eligibility rule."
APP-000034-CALC-22,APP-000034,representative_credit_score,credit_profiles.score_1|credit_profiles.score_2|credit_profiles.score_3,v1.0.0,702,SCORE,2026-08-12,POL-CRD-001,Middle of three per borrower; lowest across borrowers.
APP-000035-CALC-01,APP-000035,gross_monthly_income,income.annual_amount,v1.0.0,11641.67,USD_PER_MONTH,2026-08-12,POL-INC-001,"Gross eligible earnings before tax, before policy adjustment."
APP-000035-CALC-02,APP-000035,qualifying_monthly_income,income.qualifying_monthly_amount,v1.0.0,11641.67,USD_PER_MONTH,2026-08-12,POL-INC-001,The income figure the affordability rules are permitted to use.
APP-000035-CALC-03,APP-000035,housing_expense_pitia,loans.principal_and_interest|properties.annual_property_tax|properties.annual_hazard_premium|properties.monthly_hoa|loans.monthly_mortgage_insurance,v1.0.0,3492.00,USD_PER_MONTH,2026-08-12,POL-DTI-001,Full qualifying housing expense; the reserve denominator.
APP-000035-CALC-04,APP-000035,total_monthly_debt,underwriting_calculations.housing_expense_pitia|liabilities.monthly_payment,v1.0.0,4773.08,USD_PER_MONTH,2026-08-12,POL-LIA-001,DTI numerator.
APP-000035-CALC-05,APP-000035,front_end_dti,underwriting_calculations.housing_expense_pitia|underwriting_calculations.qualifying_monthly_income,v1.0.0,0.3000,RATIO,2026-08-12,POL-DTI-001,Housing ratio; advisory except on the USDA overlay.
APP-000035-CALC-06,APP-000035,back_end_dti,underwriting_calculations.total_monthly_debt|underwriting_calculations.qualifying_monthly_income,v1.0.0,0.4100,RATIO,2026-08-12,POL-DTI-001,Principal affordability measure (AC-02).
APP-000035-CALC-07,APP-000035,residual_income_monthly,underwriting_calculations.qualifying_monthly_income|underwriting_calculations.total_monthly_debt,v1.0.0,6868.59,USD_PER_MONTH,2026-08-12,POL-DTI-001,Disposable income (AC-02 alternative measure).
APP-000035-CALC-08,APP-000035,ltv,loans.base_loan_amount|properties.value_used_for_ltv,v1.0.0,0.8000,RATIO,2026-08-12,POL-CONV-001,Leverage against the value the rule uses.
APP-000035-CALC-09,APP-000035,cltv,loans.base_loan_amount|properties.value_used_for_ltv,v1.0.0,0.8000,RATIO,2026-08-12,POL-CONV-001,Leverage including every subordinate lien.
APP-000035-CALC-10,APP-000035,hcltv,loans.base_loan_amount|properties.value_used_for_ltv,v1.0.0,0.8000,RATIO,2026-08-12,POL-CONV-001,Leverage counting HELOC credit lines in full.
APP-000035-CALC-11,APP-000035,down_payment_amount,properties.purchase_price|loans.base_loan_amount,v1.0.0,112000.00,USD,2026-08-12,POL-AST-002,Borrower equity contribution at purchase.
APP-000035-CALC-12,APP-000035,down_payment_pct,underwriting_calculations.down_payment_amount|properties.purchase_price,v1.0.0,0.2000,RATIO,2026-08-12,POL-AST-002,Contribution as a share of price.
APP-000035-CALC-13,APP-000035,cash_to_close,underwriting_calculations.down_payment_amount|loans.closing_costs|loans.prepaids_and_escrow|loans.seller_credits|loans.earnest_money_paid,v1.0.0,105559.00,USD,2026-08-12,POL-AST-002,Borrower funds required at settlement.
APP-000035-CALC-14,APP-000035,funds_to_close_available,assets.eligible_close_amount,v1.0.0,116733.40,USD,2026-08-12,POL-AST-001,Eligible assets available at settlement.
APP-000035-CALC-15,APP-000035,funds_shortfall,underwriting_calculations.cash_to_close|underwriting_calculations.funds_to_close_available,v1.0.0,0.00,USD,2026-08-12,POL-AST-002,Positive value means the file cannot close as structured.
APP-000035-CALC-16,APP-000035,post_close_reserves,assets.eligible_reserve_amount|underwriting_calculations.cash_to_close,v1.0.0,13968.00,USD,2026-08-12,POL-AST-003,Reserve-eligible assets surviving the settlement draw.
APP-000035-CALC-17,APP-000035,months_reserves,underwriting_calculations.post_close_reserves|underwriting_calculations.housing_expense_pitia,v1.0.0,4.00,MONTHS,2026-08-12,POL-AST-003,Reserves expressed in months of housing expense.
APP-000035-CALC-18,APP-000035,credit_utilization,credit_accounts.balance|credit_accounts.credit_limit,v1.0.0,0.2800,RATIO,2026-08-12,POL-CRD-003,Risk context only; never a policy breach on its own.
APP-000035-CALC-19,APP-000035,employment_tenure_months,employment.verified_start_date|applications.application_date,v1.0.0,54,MONTHS,2026-08-12,POL-EMP-002,"Computed from the verified start date, not the declared one."
APP-000035-CALC-20,APP-000035,payment_shock_pct,underwriting_calculations.housing_expense_pitia|applications.current_housing_payment,v1.0.0,0.4085,RATIO,2026-08-12,POL-DTI-001,Not applicable where there is no prior housing payment.
APP-000035-CALC-21,APP-000035,loan_to_income,loans.base_loan_amount|underwriting_calculations.qualifying_annual_income,v1.0.0,3.21,MULTIPLE,2026-08-12,POL-DTI-001,"Supplemental analytical measure, not an eligibility rule."
APP-000035-CALC-22,APP-000035,representative_credit_score,credit_profiles.score_1|credit_profiles.score_2|credit_profiles.score_3,v1.0.0,742,SCORE,2026-08-12,POL-CRD-001,Middle of three per borrower; lowest across borrowers.
APP-000036-CALC-01,APP-000036,gross_monthly_income,income.annual_amount,v1.0.0,9850.00,USD_PER_MONTH,2026-08-12,POL-INC-001,"Gross eligible earnings before tax, before policy adjustment."
APP-000036-CALC-02,APP-000036,qualifying_monthly_income,income.qualifying_monthly_amount,v1.0.0,9850.00,USD_PER_MONTH,2026-08-12,POL-INC-001,The income figure the affordability rules are permitted to use.
APP-000036-CALC-03,APP-000036,housing_expense_pitia,loans.principal_and_interest|properties.annual_property_tax|properties.annual_hazard_premium|properties.monthly_hoa|loans.monthly_mortgage_insurance,v1.0.0,2856.37,USD_PER_MONTH,2026-08-12,POL-DTI-001,Full qualifying housing expense; the reserve denominator.
APP-000036-CALC-04,APP-000036,total_monthly_debt,underwriting_calculations.housing_expense_pitia|liabilities.monthly_payment,v1.0.0,3743.00,USD_PER_MONTH,2026-08-12,POL-LIA-001,DTI numerator.
APP-000036-CALC-05,APP-000036,front_end_dti,underwriting_calculations.housing_expense_pitia|underwriting_calculations.qualifying_monthly_income,v1.0.0,0.2900,RATIO,2026-08-12,POL-DTI-001,Housing ratio; advisory except on the USDA overlay.
APP-000036-CALC-06,APP-000036,back_end_dti,underwriting_calculations.total_monthly_debt|underwriting_calculations.qualifying_monthly_income,v1.0.0,0.3800,RATIO,2026-08-12,POL-DTI-001,Principal affordability measure (AC-02).
APP-000036-CALC-07,APP-000036,residual_income_monthly,underwriting_calculations.qualifying_monthly_income|underwriting_calculations.total_monthly_debt,v1.0.0,6107.00,USD_PER_MONTH,2026-08-12,POL-DTI-001,Disposable income (AC-02 alternative measure).
APP-000036-CALC-08,APP-000036,ltv,loans.base_loan_amount|properties.value_used_for_ltv,v1.0.0,0.8000,RATIO,2026-08-12,POL-CONV-001,Leverage against the value the rule uses.
APP-000036-CALC-09,APP-000036,cltv,loans.base_loan_amount|properties.value_used_for_ltv,v1.0.0,0.8000,RATIO,2026-08-12,POL-CONV-001,Leverage including every subordinate lien.
APP-000036-CALC-10,APP-000036,hcltv,loans.base_loan_amount|properties.value_used_for_ltv,v1.0.0,0.8000,RATIO,2026-08-12,POL-CONV-001,Leverage counting HELOC credit lines in full.
APP-000036-CALC-11,APP-000036,down_payment_amount,properties.purchase_price|loans.base_loan_amount,v1.0.0,94000.00,USD,2026-08-12,POL-AST-002,Borrower equity contribution at purchase.
APP-000036-CALC-12,APP-000036,down_payment_pct,underwriting_calculations.down_payment_amount|properties.purchase_price,v1.0.0,0.2000,RATIO,2026-08-12,POL-AST-002,Contribution as a share of price.
APP-000036-CALC-13,APP-000036,cash_to_close,underwriting_calculations.down_payment_amount|loans.closing_costs|loans.prepaids_and_escrow|loans.seller_credits|loans.earnest_money_paid,v1.0.0,98068.22,USD,2026-08-12,POL-AST-002,Borrower funds required at settlement.
APP-000036-CALC-14,APP-000036,funds_to_close_available,assets.eligible_close_amount,v1.0.0,109493.70,USD,2026-08-12,POL-AST-001,Eligible assets available at settlement.
APP-000036-CALC-15,APP-000036,funds_shortfall,underwriting_calculations.cash_to_close|underwriting_calculations.funds_to_close_available,v1.0.0,0.00,USD,2026-08-12,POL-AST-002,Positive value means the file cannot close as structured.
APP-000036-CALC-16,APP-000036,post_close_reserves,assets.eligible_reserve_amount|underwriting_calculations.cash_to_close,v1.0.0,14281.85,USD,2026-08-12,POL-AST-003,Reserve-eligible assets surviving the settlement draw.
APP-000036-CALC-17,APP-000036,months_reserves,underwriting_calculations.post_close_reserves|underwriting_calculations.housing_expense_pitia,v1.0.0,5.00,MONTHS,2026-08-12,POL-AST-003,Reserves expressed in months of housing expense.
APP-000036-CALC-18,APP-000036,credit_utilization,credit_accounts.balance|credit_accounts.credit_limit,v1.0.0,0.2800,RATIO,2026-08-12,POL-CRD-003,Risk context only; never a policy breach on its own.
APP-000036-CALC-19,APP-000036,employment_tenure_months,employment.verified_start_date|applications.application_date,v1.0.0,54,MONTHS,2026-08-12,POL-EMP-002,"Computed from the verified start date, not the declared one."
APP-000036-CALC-20,APP-000036,payment_shock_pct,underwriting_calculations.housing_expense_pitia|applications.current_housing_payment,v1.0.0,0.1494,RATIO,2026-08-12,POL-DTI-001,Not applicable where there is no prior housing payment.
APP-000036-CALC-21,APP-000036,loan_to_income,loans.base_loan_amount|underwriting_calculations.qualifying_annual_income,v1.0.0,3.18,MULTIPLE,2026-08-12,POL-DTI-001,"Supplemental analytical measure, not an eligibility rule."
APP-000036-CALC-22,APP-000036,representative_credit_score,credit_profiles.score_1|credit_profiles.score_2|credit_profiles.score_3,v1.0.0,719,SCORE,2026-08-12,POL-CRD-001,Middle of three per borrower; lowest across borrowers.
APP-000037-CALC-01,APP-000037,gross_monthly_income,income.annual_amount,v1.0.0,8208.33,USD_PER_MONTH,2026-08-12,POL-INC-001,"Gross eligible earnings before tax, before policy adjustment."
APP-000037-CALC-02,APP-000037,qualifying_monthly_income,income.qualifying_monthly_amount,v1.0.0,8208.33,USD_PER_MONTH,2026-08-12,POL-INC-001,The income figure the affordability rules are permitted to use.
APP-000037-CALC-03,APP-000037,housing_expense_pitia,loans.principal_and_interest|properties.annual_property_tax|properties.annual_hazard_premium|properties.monthly_hoa|loans.monthly_mortgage_insurance,v1.0.0,2380.96,USD_PER_MONTH,2026-08-12,POL-DTI-001,Full qualifying housing expense; the reserve denominator.
APP-000037-CALC-04,APP-000037,total_monthly_debt,underwriting_calculations.housing_expense_pitia|liabilities.monthly_payment,v1.0.0,2955.00,USD_PER_MONTH,2026-08-12,POL-LIA-001,DTI numerator.
APP-000037-CALC-05,APP-000037,front_end_dti,underwriting_calculations.housing_expense_pitia|underwriting_calculations.qualifying_monthly_income,v1.0.0,0.2901,RATIO,2026-08-12,POL-DTI-001,Housing ratio; advisory except on the USDA overlay.
APP-000037-CALC-06,APP-000037,back_end_dti,underwriting_calculations.total_monthly_debt|underwriting_calculations.qualifying_monthly_income,v1.0.0,0.3600,RATIO,2026-08-12,POL-DTI-001,Principal affordability measure (AC-02).
APP-000037-CALC-07,APP-000037,residual_income_monthly,underwriting_calculations.qualifying_monthly_income|underwriting_calculations.total_monthly_debt,v1.0.0,5253.33,USD_PER_MONTH,2026-08-12,POL-DTI-001,Disposable income (AC-02 alternative measure).
APP-000037-CALC-08,APP-000037,ltv,loans.base_loan_amount|properties.value_used_for_ltv,v1.0.0,0.8000,RATIO,2026-08-12,POL-CONV-001,Leverage against the value the rule uses.
APP-000037-CALC-09,APP-000037,cltv,loans.base_loan_amount|properties.value_used_for_ltv,v1.0.0,0.8000,RATIO,2026-08-12,POL-CONV-001,Leverage including every subordinate lien.
APP-000037-CALC-10,APP-000037,hcltv,loans.base_loan_amount|properties.value_used_for_ltv,v1.0.0,0.8000,RATIO,2026-08-12,POL-CONV-001,Leverage counting HELOC credit lines in full.
APP-000037-CALC-11,APP-000037,down_payment_amount,properties.purchase_price|loans.base_loan_amount,v1.0.0,80000.00,USD,2026-08-12,POL-AST-002,Borrower equity contribution at purchase.
APP-000037-CALC-12,APP-000037,down_payment_pct,underwriting_calculations.down_payment_amount|properties.purchase_price,v1.0.0,0.2000,RATIO,2026-08-12,POL-AST-002,Contribution as a share of price.
APP-000037-CALC-13,APP-000037,cash_to_close,underwriting_calculations.down_payment_amount|loans.closing_costs|loans.prepaids_and_escrow|loans.seller_credits|loans.earnest_money_paid,v1.0.0,83587.86,USD,2026-08-12,POL-AST-002,Borrower funds required at settlement.
APP-000037-CALC-14,APP-000037,funds_to_close_available,assets.eligible_close_amount,v1.0.0,95016.47,USD,2026-08-12,POL-AST-001,Eligible assets available at settlement.
APP-000037-CALC-15,APP-000037,funds_shortfall,underwriting_calculations.cash_to_close|underwriting_calculations.funds_to_close_available,v1.0.0,0.00,USD,2026-08-12,POL-AST-002,Positive value means the file cannot close as structured.
APP-000037-CALC-16,APP-000037,post_close_reserves,assets.eligible_reserve_amount|underwriting_calculations.cash_to_close,v1.0.0,14285.76,USD,2026-08-12,POL-AST-003,Reserve-eligible assets surviving the settlement draw.
APP-000037-CALC-17,APP-000037,months_reserves,underwriting_calculations.post_close_reserves|underwriting_calculations.housing_expense_pitia,v1.0.0,6.00,MONTHS,2026-08-12,POL-AST-003,Reserves expressed in months of housing expense.
APP-000037-CALC-18,APP-000037,credit_utilization,credit_accounts.balance|credit_accounts.credit_limit,v1.0.0,0.2800,RATIO,2026-08-12,POL-CRD-003,Risk context only; never a policy breach on its own.
APP-000037-CALC-19,APP-000037,employment_tenure_months,employment.verified_start_date|applications.application_date,v1.0.0,29,MONTHS,2026-08-12,POL-EMP-002,"Computed from the verified start date, not the declared one."
APP-000037-CALC-20,APP-000037,payment_shock_pct,underwriting_calculations.housing_expense_pitia|applications.current_housing_payment,v1.0.0,0.2500,RATIO,2026-08-12,POL-DTI-001,Not applicable where there is no prior housing payment.
APP-000037-CALC-21,APP-000037,loan_to_income,loans.base_loan_amount|underwriting_calculations.qualifying_annual_income,v1.0.0,3.25,MULTIPLE,2026-08-12,POL-DTI-001,"Supplemental analytical measure, not an eligibility rule."
APP-000037-CALC-22,APP-000037,representative_credit_score,credit_profiles.score_1|credit_profiles.score_2|credit_profiles.score_3,v1.0.0,742,SCORE,2026-08-12,POL-CRD-001,Middle of three per borrower; lowest across borrowers.
APP-000038-CALC-01,APP-000038,gross_monthly_income,income.annual_amount,v1.0.0,8383.33,USD_PER_MONTH,2026-08-12,POL-INC-001,"Gross eligible earnings before tax, before policy adjustment."
APP-000038-CALC-02,APP-000038,qualifying_monthly_income,income.qualifying_monthly_amount,v1.0.0,8383.33,USD_PER_MONTH,2026-08-12,POL-INC-001,The income figure the affordability rules are permitted to use.
APP-000038-CALC-03,APP-000038,housing_expense_pitia,loans.principal_and_interest|properties.annual_property_tax|properties.annual_hazard_premium|properties.monthly_hoa|loans.monthly_mortgage_insurance,v1.0.0,2430.96,USD_PER_MONTH,2026-08-12,POL-DTI-001,Full qualifying housing expense; the reserve denominator.
APP-000038-CALC-04,APP-000038,total_monthly_debt,underwriting_calculations.housing_expense_pitia|liabilities.monthly_payment,v1.0.0,2934.17,USD_PER_MONTH,2026-08-12,POL-LIA-001,DTI numerator.
APP-000038-CALC-05,APP-000038,front_end_dti,underwriting_calculations.housing_expense_pitia|underwriting_calculations.qualifying_monthly_income,v1.0.0,0.2900,RATIO,2026-08-12,POL-DTI-001,Housing ratio; advisory except on the USDA overlay.
APP-000038-CALC-06,APP-000038,back_end_dti,underwriting_calculations.total_monthly_debt|underwriting_calculations.qualifying_monthly_income,v1.0.0,0.3500,RATIO,2026-08-12,POL-DTI-001,Principal affordability measure (AC-02).
APP-000038-CALC-07,APP-000038,residual_income_monthly,underwriting_calculations.qualifying_monthly_income|underwriting_calculations.total_monthly_debt,v1.0.0,5449.16,USD_PER_MONTH,2026-08-12,POL-DTI-001,Disposable income (AC-02 alternative measure).
APP-000038-CALC-08,APP-000038,ltv,loans.base_loan_amount|properties.value_used_for_ltv,v1.0.0,0.8000,RATIO,2026-08-12,POL-CONV-001,Leverage against the value the rule uses.
APP-000038-CALC-09,APP-000038,cltv,loans.base_loan_amount|properties.value_used_for_ltv,v1.0.0,0.8000,RATIO,2026-08-12,POL-CONV-001,Leverage including every subordinate lien.
APP-000038-CALC-10,APP-000038,hcltv,loans.base_loan_amount|properties.value_used_for_ltv,v1.0.0,0.8000,RATIO,2026-08-12,POL-CONV-001,Leverage counting HELOC credit lines in full.
APP-000038-CALC-11,APP-000038,down_payment_amount,properties.purchase_price|loans.base_loan_amount,v1.0.0,80000.00,USD,2026-08-12,POL-AST-002,Borrower equity contribution at purchase.
APP-000038-CALC-12,APP-000038,down_payment_pct,underwriting_calculations.down_payment_amount|properties.purchase_price,v1.0.0,0.2000,RATIO,2026-08-12,POL-AST-002,Contribution as a share of price.
APP-000038-CALC-13,APP-000038,cash_to_close,underwriting_calculations.down_payment_amount|loans.closing_costs|loans.prepaids_and_escrow|loans.seller_credits|loans.earnest_money_paid,v1.0.0,83737.86,USD,2026-08-12,POL-AST-002,Borrower funds required at settlement.
APP-000038-CALC-14,APP-000038,funds_to_close_available,assets.eligible_close_amount,v1.0.0,93461.70,USD,2026-08-12,POL-AST-001,Eligible assets available at settlement.
APP-000038-CALC-15,APP-000038,funds_shortfall,underwriting_calculations.cash_to_close|underwriting_calculations.funds_to_close_available,v1.0.0,0.00,USD,2026-08-12,POL-AST-002,Positive value means the file cannot close as structured.
APP-000038-CALC-16,APP-000038,post_close_reserves,assets.eligible_reserve_amount|underwriting_calculations.cash_to_close,v1.0.0,12154.80,USD,2026-08-12,POL-AST-003,Reserve-eligible assets surviving the settlement draw.
APP-000038-CALC-17,APP-000038,months_reserves,underwriting_calculations.post_close_reserves|underwriting_calculations.housing_expense_pitia,v1.0.0,5.00,MONTHS,2026-08-12,POL-AST-003,Reserves expressed in months of housing expense.
APP-000038-CALC-18,APP-000038,credit_utilization,credit_accounts.balance|credit_accounts.credit_limit,v1.0.0,0.2800,RATIO,2026-08-12,POL-CRD-003,Risk context only; never a policy breach on its own.
APP-000038-CALC-19,APP-000038,employment_tenure_months,employment.verified_start_date|applications.application_date,v1.0.0,54,MONTHS,2026-08-12,POL-EMP-002,"Computed from the verified start date, not the declared one."
APP-000038-CALC-20,APP-000038,payment_shock_pct,underwriting_calculations.housing_expense_pitia|applications.current_housing_payment,v1.0.0,0.0870,RATIO,2026-08-12,POL-DTI-001,Not applicable where there is no prior housing payment.
APP-000038-CALC-21,APP-000038,loan_to_income,loans.base_loan_amount|underwriting_calculations.qualifying_annual_income,v1.0.0,3.18,MULTIPLE,2026-08-12,POL-DTI-001,"Supplemental analytical measure, not an eligibility rule."
APP-000038-CALC-22,APP-000038,representative_credit_score,credit_profiles.score_1|credit_profiles.score_2|credit_profiles.score_3,v1.0.0,742,SCORE,2026-08-12,POL-CRD-001,Middle of three per borrower; lowest across borrowers.
APP-000039-CALC-01,APP-000039,gross_monthly_income,income.annual_amount,v1.0.0,8725.00,USD_PER_MONTH,2026-08-12,POL-INC-001,"Gross eligible earnings before tax, before policy adjustment."
APP-000039-CALC-02,APP-000039,qualifying_monthly_income,income.qualifying_monthly_amount,v1.0.0,8725.00,USD_PER_MONTH,2026-08-12,POL-INC-001,The income figure the affordability rules are permitted to use.
APP-000039-CALC-03,APP-000039,housing_expense_pitia,loans.principal_and_interest|properties.annual_property_tax|properties.annual_hazard_premium|properties.monthly_hoa|loans.monthly_mortgage_insurance,v1.0.0,2530.86,USD_PER_MONTH,2026-08-12,POL-DTI-001,Full qualifying housing expense; the reserve denominator.
APP-000039-CALC-04,APP-000039,total_monthly_debt,underwriting_calculations.housing_expense_pitia|liabilities.monthly_payment,v1.0.0,3228.25,USD_PER_MONTH,2026-08-12,POL-LIA-001,DTI numerator.
APP-000039-CALC-05,APP-000039,front_end_dti,underwriting_calculations.housing_expense_pitia|underwriting_calculations.qualifying_monthly_income,v1.0.0,0.2901,RATIO,2026-08-12,POL-DTI-001,Housing ratio; advisory except on the USDA overlay.
APP-000039-CALC-06,APP-000039,back_end_dti,underwriting_calculations.total_monthly_debt|underwriting_calculations.qualifying_monthly_income,v1.0.0,0.3700,RATIO,2026-08-12,POL-DTI-001,Principal affordability measure (AC-02).
APP-000039-CALC-07,APP-000039,residual_income_monthly,underwriting_calculations.qualifying_monthly_income|underwriting_calculations.total_monthly_debt,v1.0.0,5496.75,USD_PER_MONTH,2026-08-12,POL-DTI-001,Disposable income (AC-02 alternative measure).
APP-000039-CALC-08,APP-000039,ltv,loans.base_loan_amount|properties.value_used_for_ltv,v1.0.0,0.8000,RATIO,2026-08-12,POL-CONV-001,Leverage against the value the rule uses.
APP-000039-CALC-09,APP-000039,cltv,loans.base_loan_amount|properties.value_used_for_ltv,v1.0.0,0.8000,RATIO,2026-08-12,POL-CONV-001,Leverage including every subordinate lien.
APP-000039-CALC-10,APP-000039,hcltv,loans.base_loan_amount|properties.value_used_for_ltv,v1.0.0,0.8000,RATIO,2026-08-12,POL-CONV-001,Leverage counting HELOC credit lines in full.
APP-000039-CALC-11,APP-000039,down_payment_amount,properties.purchase_price|loans.base_loan_amount,v1.0.0,86000.00,USD,2026-08-12,POL-AST-002,Borrower equity contribution at purchase.
APP-000039-CALC-12,APP-000039,down_payment_pct,underwriting_calculations.down_payment_amount|properties.purchase_price,v1.0.0,0.2000,RATIO,2026-08-12,POL-AST-002,Contribution as a share of price.
APP-000039-CALC-13,APP-000039,cash_to_close,underwriting_calculations.down_payment_amount|loans.closing_costs|loans.prepaids_and_escrow|loans.seller_credits|loans.earnest_money_paid,v1.0.0,89632.19,USD,2026-08-12,POL-AST-002,Borrower funds required at settlement.
APP-000039-CALC-14,APP-000039,funds_to_close_available,assets.eligible_close_amount,v1.0.0,99755.63,USD,2026-08-12,POL-AST-001,Eligible assets available at settlement.
APP-000039-CALC-15,APP-000039,funds_shortfall,underwriting_calculations.cash_to_close|underwriting_calculations.funds_to_close_available,v1.0.0,0.00,USD,2026-08-12,POL-AST-002,Positive value means the file cannot close as structured.
APP-000039-CALC-16,APP-000039,post_close_reserves,assets.eligible_reserve_amount|underwriting_calculations.cash_to_close,v1.0.0,12654.30,USD,2026-08-12,POL-AST-003,Reserve-eligible assets surviving the settlement draw.
APP-000039-CALC-17,APP-000039,months_reserves,underwriting_calculations.post_close_reserves|underwriting_calculations.housing_expense_pitia,v1.0.0,5.00,MONTHS,2026-08-12,POL-AST-003,Reserves expressed in months of housing expense.
APP-000039-CALC-18,APP-000039,credit_utilization,credit_accounts.balance|credit_accounts.credit_limit,v1.0.0,0.2800,RATIO,2026-08-12,POL-CRD-003,Risk context only; never a policy breach on its own.
APP-000039-CALC-19,APP-000039,employment_tenure_months,employment.verified_start_date|applications.application_date,v1.0.0,54,MONTHS,2026-08-12,POL-EMP-002,"Computed from the verified start date, not the declared one."
APP-000039-CALC-20,APP-000039,payment_shock_pct,underwriting_calculations.housing_expense_pitia|applications.current_housing_payment,v1.0.0,0.1111,RATIO,2026-08-12,POL-DTI-001,Not applicable where there is no prior housing payment.
APP-000039-CALC-21,APP-000039,loan_to_income,loans.base_loan_amount|underwriting_calculations.qualifying_annual_income,v1.0.0,3.29,MULTIPLE,2026-08-12,POL-DTI-001,"Supplemental analytical measure, not an eligibility rule."
APP-000039-CALC-22,APP-000039,representative_credit_score,credit_profiles.score_1|credit_profiles.score_2|credit_profiles.score_3,v1.0.0,742,SCORE,2026-08-12,POL-CRD-001,Middle of three per borrower; lowest across borrowers.
APP-000040-CALC-01,APP-000040,gross_monthly_income,income.annual_amount,v1.0.0,10458.33,USD_PER_MONTH,2026-08-12,POL-INC-001,"Gross eligible earnings before tax, before policy adjustment."
APP-000040-CALC-02,APP-000040,qualifying_monthly_income,income.qualifying_monthly_amount,v1.0.0,10458.33,USD_PER_MONTH,2026-08-12,POL-INC-001,The income figure the affordability rules are permitted to use.
APP-000040-CALC-03,APP-000040,housing_expense_pitia,loans.principal_and_interest|properties.annual_property_tax|properties.annual_hazard_premium|properties.monthly_hoa|loans.monthly_mortgage_insurance,v1.0.0,3033.27,USD_PER_MONTH,2026-08-12,POL-DTI-001,Full qualifying housing expense; the reserve denominator.
APP-000040-CALC-04,APP-000040,total_monthly_debt,underwriting_calculations.housing_expense_pitia|liabilities.monthly_payment,v1.0.0,3765.00,USD_PER_MONTH,2026-08-12,POL-LIA-001,DTI numerator.
APP-000040-CALC-05,APP-000040,front_end_dti,underwriting_calculations.housing_expense_pitia|underwriting_calculations.qualifying_monthly_income,v1.0.0,0.2900,RATIO,2026-08-12,POL-DTI-001,Housing ratio; advisory except on the USDA overlay.
APP-000040-CALC-06,APP-000040,back_end_dti,underwriting_calculations.total_monthly_debt|underwriting_calculations.qualifying_monthly_income,v1.0.0,0.3600,RATIO,2026-08-12,POL-DTI-001,Principal affordability measure (AC-02).
APP-000040-CALC-07,APP-000040,residual_income_monthly,underwriting_calculations.qualifying_monthly_income|underwriting_calculations.total_monthly_debt,v1.0.0,6693.33,USD_PER_MONTH,2026-08-12,POL-DTI-001,Disposable income (AC-02 alternative measure).
APP-000040-CALC-08,APP-000040,ltv,loans.base_loan_amount|properties.value_used_for_ltv,v1.0.0,0.8000,RATIO,2026-08-12,POL-CONV-001,Leverage against the value the rule uses.
APP-000040-CALC-09,APP-000040,cltv,loans.base_loan_amount|properties.value_used_for_ltv,v1.0.0,0.8000,RATIO,2026-08-12,POL-CONV-001,Leverage including every subordinate lien.
APP-000040-CALC-10,APP-000040,hcltv,loans.base_loan_amount|properties.value_used_for_ltv,v1.0.0,0.8000,RATIO,2026-08-12,POL-CONV-001,Leverage counting HELOC credit lines in full.
APP-000040-CALC-11,APP-000040,down_payment_amount,properties.purchase_price|loans.base_loan_amount,v1.0.0,92000.00,USD,2026-08-12,POL-AST-002,Borrower equity contribution at purchase.
APP-000040-CALC-12,APP-000040,down_payment_pct,underwriting_calculations.down_payment_amount|properties.purchase_price,v1.0.0,0.2000,RATIO,2026-08-12,POL-AST-002,Contribution as a share of price.
APP-000040-CALC-13,APP-000040,cash_to_close,underwriting_calculations.down_payment_amount|loans.closing_costs|loans.prepaids_and_escrow|loans.seller_credits|loans.earnest_money_paid,v1.0.0,87534.05,USD,2026-08-12,POL-AST-002,Borrower funds required at settlement.
APP-000040-CALC-14,APP-000040,funds_to_close_available,assets.eligible_close_amount,v1.0.0,96633.86,USD,2026-08-12,POL-AST-001,Eligible assets available at settlement.
APP-000040-CALC-15,APP-000040,funds_shortfall,underwriting_calculations.cash_to_close|underwriting_calculations.funds_to_close_available,v1.0.0,0.00,USD,2026-08-12,POL-AST-002,Positive value means the file cannot close as structured.
APP-000040-CALC-16,APP-000040,post_close_reserves,assets.eligible_reserve_amount|underwriting_calculations.cash_to_close,v1.0.0,9099.81,USD,2026-08-12,POL-AST-003,Reserve-eligible assets surviving the settlement draw.
APP-000040-CALC-17,APP-000040,months_reserves,underwriting_calculations.post_close_reserves|underwriting_calculations.housing_expense_pitia,v1.0.0,3.00,MONTHS,2026-08-12,POL-AST-003,Reserves expressed in months of housing expense.
APP-000040-CALC-18,APP-000040,credit_utilization,credit_accounts.balance|credit_accounts.credit_limit,v1.0.0,0.2800,RATIO,2026-08-12,POL-CRD-003,Risk context only; never a policy breach on its own.
APP-000040-CALC-19,APP-000040,employment_tenure_months,employment.verified_start_date|applications.application_date,v1.0.0,54,MONTHS,2026-08-12,POL-EMP-002,"Computed from the verified start date, not the declared one."
APP-000040-CALC-20,APP-000040,payment_shock_pct,underwriting_calculations.housing_expense_pitia|applications.current_housing_payment,v1.0.0,0.0870,RATIO,2026-08-12,POL-DTI-001,Not applicable where there is no prior housing payment.
APP-000040-CALC-21,APP-000040,loan_to_income,loans.base_loan_amount|underwriting_calculations.qualifying_annual_income,v1.0.0,2.93,MULTIPLE,2026-08-12,POL-DTI-001,"Supplemental analytical measure, not an eligibility rule."
APP-000040-CALC-22,APP-000040,representative_credit_score,credit_profiles.score_1|credit_profiles.score_2|credit_profiles.score_3,v1.0.0,742,SCORE,2026-08-12,POL-CRD-001,Middle of three per borrower; lowest across borrowers.
APP-000041-CALC-01,APP-000041,gross_monthly_income,income.annual_amount,v1.0.0,12675.00,USD_PER_MONTH,2026-08-12,POL-INC-001,"Gross eligible earnings before tax, before policy adjustment."
APP-000041-CALC-02,APP-000041,qualifying_monthly_income,income.qualifying_monthly_amount,v1.0.0,12675.00,USD_PER_MONTH,2026-08-12,POL-INC-001,The income figure the affordability rules are permitted to use.
APP-000041-CALC-03,APP-000041,housing_expense_pitia,loans.principal_and_interest|properties.annual_property_tax|properties.annual_hazard_premium|properties.monthly_hoa|loans.monthly_mortgage_insurance,v1.0.0,3675.20,USD_PER_MONTH,2026-08-12,POL-DTI-001,Full qualifying housing expense; the reserve denominator.
APP-000041-CALC-04,APP-000041,total_monthly_debt,underwriting_calculations.housing_expense_pitia|liabilities.monthly_payment,v1.0.0,4689.75,USD_PER_MONTH,2026-08-12,POL-LIA-001,DTI numerator.
APP-000041-CALC-05,APP-000041,front_end_dti,underwriting_calculations.housing_expense_pitia|underwriting_calculations.qualifying_monthly_income,v1.0.0,0.2900,RATIO,2026-08-12,POL-DTI-001,Housing ratio; advisory except on the USDA overlay.
APP-000041-CALC-06,APP-000041,back_end_dti,underwriting_calculations.total_monthly_debt|underwriting_calculations.qualifying_monthly_income,v1.0.0,0.3700,RATIO,2026-08-12,POL-DTI-001,Principal affordability measure (AC-02).
APP-000041-CALC-07,APP-000041,residual_income_monthly,underwriting_calculations.qualifying_monthly_income|underwriting_calculations.total_monthly_debt,v1.0.0,7985.25,USD_PER_MONTH,2026-08-12,POL-DTI-001,Disposable income (AC-02 alternative measure).
APP-000041-CALC-08,APP-000041,ltv,loans.base_loan_amount|properties.value_used_for_ltv,v1.0.0,0.9000,RATIO,2026-08-12,POL-CONV-001,Leverage against the value the rule uses.
APP-000041-CALC-09,APP-000041,cltv,loans.base_loan_amount|properties.value_used_for_ltv,v1.0.0,0.9000,RATIO,2026-08-12,POL-CONV-001,Leverage including every subordinate lien.
APP-000041-CALC-10,APP-000041,hcltv,loans.base_loan_amount|properties.value_used_for_ltv,v1.0.0,0.9000,RATIO,2026-08-12,POL-CONV-001,Leverage counting HELOC credit lines in full.
APP-000041-CALC-11,APP-000041,down_payment_amount,properties.purchase_price|loans.base_loan_amount,v1.0.0,52000.00,USD,2026-08-12,POL-AST-002,Borrower equity contribution at purchase.
APP-000041-CALC-12,APP-000041,down_payment_pct,underwriting_calculations.down_payment_amount|properties.purchase_price,v1.0.0,0.1000,RATIO,2026-08-12,POL-AST-002,Contribution as a share of price.
APP-000041-CALC-13,APP-000041,cash_to_close,underwriting_calculations.down_payment_amount|loans.closing_costs|loans.prepaids_and_escrow|loans.seller_credits|loans.earnest_money_paid,v1.0.0,57031.32,USD,2026-08-12,POL-AST-002,Borrower funds required at settlement.
APP-000041-CALC-14,APP-000041,funds_to_close_available,assets.eligible_close_amount,v1.0.0,65851.80,USD,2026-08-12,POL-AST-001,Eligible assets available at settlement.
APP-000041-CALC-15,APP-000041,funds_shortfall,underwriting_calculations.cash_to_close|underwriting_calculations.funds_to_close_available,v1.0.0,0.00,USD,2026-08-12,POL-AST-002,Positive value means the file cannot close as structured.
APP-000041-CALC-16,APP-000041,post_close_reserves,assets.eligible_reserve_amount|underwriting_calculations.cash_to_close,v1.0.0,11025.60,USD,2026-08-12,POL-AST-003,Reserve-eligible assets surviving the settlement draw.
APP-000041-CALC-17,APP-000041,months_reserves,underwriting_calculations.post_close_reserves|underwriting_calculations.housing_expense_pitia,v1.0.0,3.00,MONTHS,2026-08-12,POL-AST-003,Reserves expressed in months of housing expense.
APP-000041-CALC-18,APP-000041,credit_utilization,credit_accounts.balance|credit_accounts.credit_limit,v1.0.0,0.2800,RATIO,2026-08-12,POL-CRD-003,Risk context only; never a policy breach on its own.
APP-000041-CALC-19,APP-000041,employment_tenure_months,employment.verified_start_date|applications.application_date,v1.0.0,54,MONTHS,2026-08-12,POL-EMP-002,"Computed from the verified start date, not the declared one."
APP-000041-CALC-20,APP-000041,payment_shock_pct,underwriting_calculations.housing_expense_pitia|applications.current_housing_payment,v1.0.0,0.1628,RATIO,2026-08-12,POL-DTI-001,Not applicable where there is no prior housing payment.
APP-000041-CALC-21,APP-000041,loan_to_income,loans.base_loan_amount|underwriting_calculations.qualifying_annual_income,v1.0.0,3.08,MULTIPLE,2026-08-12,POL-DTI-001,"Supplemental analytical measure, not an eligibility rule."
APP-000041-CALC-22,APP-000041,representative_credit_score,credit_profiles.score_1|credit_profiles.score_2|credit_profiles.score_3,v1.0.0,716,SCORE,2026-08-12,POL-CRD-001,Middle of three per borrower; lowest across borrowers.
APP-000042-CALC-01,APP-000042,gross_monthly_income,income.annual_amount,v1.0.0,12533.33,USD_PER_MONTH,2026-08-12,POL-INC-001,"Gross eligible earnings before tax, before policy adjustment."
APP-000042-CALC-02,APP-000042,qualifying_monthly_income,income.qualifying_monthly_amount,v1.0.0,12533.33,USD_PER_MONTH,2026-08-12,POL-INC-001,The income figure the affordability rules are permitted to use.
APP-000042-CALC-03,APP-000042,housing_expense_pitia,loans.principal_and_interest|properties.annual_property_tax|properties.annual_hazard_premium|properties.monthly_hoa|loans.monthly_mortgage_insurance,v1.0.0,3633.84,USD_PER_MONTH,2026-08-12,POL-DTI-001,Full qualifying housing expense; the reserve denominator.
APP-000042-CALC-04,APP-000042,total_monthly_debt,underwriting_calculations.housing_expense_pitia|liabilities.monthly_payment,v1.0.0,4512.00,USD_PER_MONTH,2026-08-12,POL-LIA-001,DTI numerator.
APP-000042-CALC-05,APP-000042,front_end_dti,underwriting_calculations.housing_expense_pitia|underwriting_calculations.qualifying_monthly_income,v1.0.0,0.2899,RATIO,2026-08-12,POL-DTI-001,Housing ratio; advisory except on the USDA overlay.
APP-000042-CALC-06,APP-000042,back_end_dti,underwriting_calculations.total_monthly_debt|underwriting_calculations.qualifying_monthly_income,v1.0.0,0.3600,RATIO,2026-08-12,POL-DTI-001,Principal affordability measure (AC-02).
APP-000042-CALC-07,APP-000042,residual_income_monthly,underwriting_calculations.qualifying_monthly_income|underwriting_calculations.total_monthly_debt,v1.0.0,8021.33,USD_PER_MONTH,2026-08-12,POL-DTI-001,Disposable income (AC-02 alternative measure).
APP-000042-CALC-08,APP-000042,ltv,loans.base_loan_amount|properties.value_used_for_ltv,v1.0.0,0.9000,RATIO,2026-08-12,POL-CONV-001,Leverage against the value the rule uses.
APP-000042-CALC-09,APP-000042,cltv,loans.base_loan_amount|properties.value_used_for_ltv,v1.0.0,0.9000,RATIO,2026-08-12,POL-CONV-001,Leverage including every subordinate lien.
APP-000042-CALC-10,APP-000042,hcltv,loans.base_loan_amount|properties.value_used_for_ltv,v1.0.0,0.9000,RATIO,2026-08-12,POL-CONV-001,Leverage counting HELOC credit lines in full.
APP-000042-CALC-11,APP-000042,down_payment_amount,properties.purchase_price|loans.base_loan_amount,v1.0.0,50000.00,USD,2026-08-12,POL-AST-002,Borrower equity contribution at purchase.
APP-000042-CALC-12,APP-000042,down_payment_pct,underwriting_calculations.down_payment_amount|properties.purchase_price,v1.0.0,0.1000,RATIO,2026-08-12,POL-AST-002,Contribution as a share of price.
APP-000042-CALC-13,APP-000042,cash_to_close,underwriting_calculations.down_payment_amount|loans.closing_costs|loans.prepaids_and_escrow|loans.seller_credits|loans.earnest_money_paid,v1.0.0,55208.96,USD,2026-08-12,POL-AST-002,Borrower funds required at settlement.
APP-000042-CALC-14,APP-000042,funds_to_close_available,assets.eligible_close_amount,v1.0.0,63930.18,USD,2026-08-12,POL-AST-001,Eligible assets available at settlement.
APP-000042-CALC-15,APP-000042,funds_shortfall,underwriting_calculations.cash_to_close|underwriting_calculations.funds_to_close_available,v1.0.0,0.00,USD,2026-08-12,POL-AST-002,Positive value means the file cannot close as structured.
APP-000042-CALC-16,APP-000042,post_close_reserves,assets.eligible_reserve_amount|underwriting_calculations.cash_to_close,v1.0.0,10901.52,USD,2026-08-12,POL-AST-003,Reserve-eligible assets surviving the settlement draw.
APP-000042-CALC-17,APP-000042,months_reserves,underwriting_calculations.post_close_reserves|underwriting_calculations.housing_expense_pitia,v1.0.0,3.00,MONTHS,2026-08-12,POL-AST-003,Reserves expressed in months of housing expense.
APP-000042-CALC-18,APP-000042,credit_utilization,credit_accounts.balance|credit_accounts.credit_limit,v1.0.0,0.2800,RATIO,2026-08-12,POL-CRD-003,Risk context only; never a policy breach on its own.
APP-000042-CALC-19,APP-000042,employment_tenure_months,employment.verified_start_date|applications.application_date,v1.0.0,54,MONTHS,2026-08-12,POL-EMP-002,"Computed from the verified start date, not the declared one."
APP-000042-CALC-20,APP-000042,payment_shock_pct,underwriting_calculations.housing_expense_pitia|applications.current_housing_payment,v1.0.0,0.4706,RATIO,2026-08-12,POL-DTI-001,Not applicable where there is no prior housing payment.
APP-000042-CALC-21,APP-000042,loan_to_income,loans.base_loan_amount|underwriting_calculations.qualifying_annual_income,v1.0.0,2.99,MULTIPLE,2026-08-12,POL-DTI-001,"Supplemental analytical measure, not an eligibility rule."
APP-000042-CALC-22,APP-000042,representative_credit_score,credit_profiles.score_1|credit_profiles.score_2|credit_profiles.score_3,v1.0.0,742,SCORE,2026-08-12,POL-CRD-001,Middle of three per borrower; lowest across borrowers.
APP-000043-CALC-01,APP-000043,gross_monthly_income,income.annual_amount,v1.0.0,10041.67,USD_PER_MONTH,2026-08-12,POL-INC-001,"Gross eligible earnings before tax, before policy adjustment."
APP-000043-CALC-02,APP-000043,qualifying_monthly_income,income.qualifying_monthly_amount,v1.0.0,10041.67,USD_PER_MONTH,2026-08-12,POL-INC-001,The income figure the affordability rules are permitted to use.
APP-000043-CALC-03,APP-000043,housing_expense_pitia,loans.principal_and_interest|properties.annual_property_tax|properties.annual_hazard_premium|properties.monthly_hoa|loans.monthly_mortgage_insurance,v1.0.0,2913.00,USD_PER_MONTH,2026-08-12,POL-DTI-001,Full qualifying housing expense; the reserve denominator.
APP-000043-CALC-04,APP-000043,total_monthly_debt,underwriting_calculations.housing_expense_pitia|liabilities.monthly_payment,v1.0.0,3815.83,USD_PER_MONTH,2026-08-12,POL-LIA-001,DTI numerator.
APP-000043-CALC-05,APP-000043,front_end_dti,underwriting_calculations.housing_expense_pitia|underwriting_calculations.qualifying_monthly_income,v1.0.0,0.2901,RATIO,2026-08-12,POL-DTI-001,Housing ratio; advisory except on the USDA overlay.
APP-000043-CALC-06,APP-000043,back_end_dti,underwriting_calculations.total_monthly_debt|underwriting_calculations.qualifying_monthly_income,v1.0.0,0.3800,RATIO,2026-08-12,POL-DTI-001,Principal affordability measure (AC-02).
APP-000043-CALC-07,APP-000043,residual_income_monthly,underwriting_calculations.qualifying_monthly_income|underwriting_calculations.total_monthly_debt,v1.0.0,6225.84,USD_PER_MONTH,2026-08-12,POL-DTI-001,Disposable income (AC-02 alternative measure).
APP-000043-CALC-08,APP-000043,ltv,loans.base_loan_amount|properties.value_used_for_ltv,v1.0.0,0.8000,RATIO,2026-08-12,POL-CONV-001,Leverage against the value the rule uses.
APP-000043-CALC-09,APP-000043,cltv,loans.base_loan_amount|properties.value_used_for_ltv,v1.0.0,0.8000,RATIO,2026-08-12,POL-CONV-001,Leverage including every subordinate lien.
APP-000043-CALC-10,APP-000043,hcltv,loans.base_loan_amount|properties.value_used_for_ltv,v1.0.0,0.8000,RATIO,2026-08-12,POL-CONV-001,Leverage counting HELOC credit lines in full.
APP-000043-CALC-11,APP-000043,down_payment_amount,properties.purchase_price|loans.base_loan_amount,v1.0.0,84000.00,USD,2026-08-12,POL-AST-002,Borrower equity contribution at purchase.
APP-000043-CALC-12,APP-000043,down_payment_pct,underwriting_calculations.down_payment_amount|properties.purchase_price,v1.0.0,0.2000,RATIO,2026-08-12,POL-AST-002,Contribution as a share of price.
APP-000043-CALC-13,APP-000043,cash_to_close,underwriting_calculations.down_payment_amount|loans.closing_costs|loans.prepaids_and_escrow|loans.seller_credits|loans.earnest_money_paid,v1.0.0,88913.75,USD,2026-08-12,POL-AST-002,Borrower funds required at settlement.
APP-000043-CALC-14,APP-000043,funds_to_close_available,assets.eligible_close_amount,v1.0.0,98235.35,USD,2026-08-12,POL-AST-001,Eligible assets available at settlement.
APP-000043-CALC-15,APP-000043,funds_shortfall,underwriting_calculations.cash_to_close|underwriting_calculations.funds_to_close_available,v1.0.0,0.00,USD,2026-08-12,POL-AST-002,Positive value means the file cannot close as structured.
APP-000043-CALC-16,APP-000043,post_close_reserves,assets.eligible_reserve_amount|underwriting_calculations.cash_to_close,v1.0.0,11652.00,USD,2026-08-12,POL-AST-003,Reserve-eligible assets surviving the settlement draw.
APP-000043-CALC-17,APP-000043,months_reserves,underwriting_calculations.post_close_reserves|underwriting_calculations.housing_expense_pitia,v1.0.0,4.00,MONTHS,2026-08-12,POL-AST-003,Reserves expressed in months of housing expense.
APP-000043-CALC-18,APP-000043,credit_utilization,credit_accounts.balance|credit_accounts.credit_limit,v1.0.0,0.2800,RATIO,2026-08-12,POL-CRD-003,Risk context only; never a policy breach on its own.
APP-000043-CALC-19,APP-000043,employment_tenure_months,employment.verified_start_date|applications.application_date,v1.0.0,54,MONTHS,2026-08-12,POL-EMP-002,"Computed from the verified start date, not the declared one."
APP-000043-CALC-20,APP-000043,payment_shock_pct,underwriting_calculations.housing_expense_pitia|applications.current_housing_payment,v1.0.0,0.0989,RATIO,2026-08-12,POL-DTI-001,Not applicable where there is no prior housing payment.
APP-000043-CALC-21,APP-000043,loan_to_income,loans.base_loan_amount|underwriting_calculations.qualifying_annual_income,v1.0.0,2.79,MULTIPLE,2026-08-12,POL-DTI-001,"Supplemental analytical measure, not an eligibility rule."
APP-000043-CALC-22,APP-000043,representative_credit_score,credit_profiles.score_1|credit_profiles.score_2|credit_profiles.score_3,v1.0.0,742,SCORE,2026-08-12,POL-CRD-001,Middle of three per borrower; lowest across borrowers.
APP-000044-CALC-01,APP-000044,gross_monthly_income,income.annual_amount,v1.0.0,12158.33,USD_PER_MONTH,2026-08-12,POL-INC-001,"Gross eligible earnings before tax, before policy adjustment."
APP-000044-CALC-02,APP-000044,qualifying_monthly_income,income.qualifying_monthly_amount,v1.0.0,12158.33,USD_PER_MONTH,2026-08-12,POL-INC-001,The income figure the affordability rules are permitted to use.
APP-000044-CALC-03,APP-000044,housing_expense_pitia,loans.principal_and_interest|properties.annual_property_tax|properties.annual_hazard_premium|properties.monthly_hoa|loans.monthly_mortgage_insurance,v1.0.0,3282.84,USD_PER_MONTH,2026-08-12,POL-DTI-001,Full qualifying housing expense; the reserve denominator.
APP-000044-CALC-04,APP-000044,total_monthly_debt,underwriting_calculations.housing_expense_pitia|liabilities.monthly_payment,v1.0.0,3525.92,USD_PER_MONTH,2026-08-12,POL-LIA-001,DTI numerator.
APP-000044-CALC-05,APP-000044,front_end_dti,underwriting_calculations.housing_expense_pitia|underwriting_calculations.qualifying_monthly_income,v1.0.0,0.2700,RATIO,2026-08-12,POL-DTI-001,Housing ratio; advisory except on the USDA overlay.
APP-000044-CALC-06,APP-000044,back_end_dti,underwriting_calculations.total_monthly_debt|underwriting_calculations.qualifying_monthly_income,v1.0.0,0.2900,RATIO,2026-08-12,POL-DTI-001,Principal affordability measure (AC-02).
APP-000044-CALC-07,APP-000044,residual_income_monthly,underwriting_calculations.qualifying_monthly_income|underwriting_calculations.total_monthly_debt,v1.0.0,8632.41,USD_PER_MONTH,2026-08-12,POL-DTI-001,Disposable income (AC-02 alternative measure).
APP-000044-CALC-08,APP-000044,ltv,loans.base_loan_amount|properties.value_used_for_ltv,v1.0.0,0.8000,RATIO,2026-08-12,POL-CONV-001,Leverage against the value the rule uses.
APP-000044-CALC-09,APP-000044,cltv,loans.base_loan_amount|properties.value_used_for_ltv,v1.0.0,0.8000,RATIO,2026-08-12,POL-CONV-001,Leverage including every subordinate lien.
APP-000044-CALC-10,APP-000044,hcltv,loans.base_loan_amount|properties.value_used_for_ltv,v1.0.0,0.8000,RATIO,2026-08-12,POL-CONV-001,Leverage counting HELOC credit lines in full.
APP-000044-CALC-11,APP-000044,down_payment_amount,properties.purchase_price|loans.base_loan_amount,v1.0.0,106000.00,USD,2026-08-12,POL-AST-002,Borrower equity contribution at purchase.
APP-000044-CALC-12,APP-000044,down_payment_pct,underwriting_calculations.down_payment_amount|properties.purchase_price,v1.0.0,0.2000,RATIO,2026-08-12,POL-AST-002,Contribution as a share of price.
APP-000044-CALC-13,APP-000044,cash_to_close,underwriting_calculations.down_payment_amount|loans.closing_costs|loans.prepaids_and_escrow|loans.seller_credits|loans.earnest_money_paid,v1.0.0,99936.89,USD,2026-08-12,POL-AST-002,Borrower funds required at settlement.
APP-000044-CALC-14,APP-000044,funds_to_close_available,assets.eligible_close_amount,v1.0.0,136704.70,USD,2026-08-12,POL-AST-001,Eligible assets available at settlement.
APP-000044-CALC-15,APP-000044,funds_shortfall,underwriting_calculations.cash_to_close|underwriting_calculations.funds_to_close_available,v1.0.0,0.00,USD,2026-08-12,POL-AST-002,Positive value means the file cannot close as structured.
APP-000044-CALC-16,APP-000044,post_close_reserves,assets.eligible_reserve_amount|underwriting_calculations.cash_to_close,v1.0.0,45959.76,USD,2026-08-12,POL-AST-003,Reserve-eligible assets surviving the settlement draw.
APP-000044-CALC-17,APP-000044,months_reserves,underwriting_calculations.post_close_reserves|underwriting_calculations.housing_expense_pitia,v1.0.0,14.00,MONTHS,2026-08-12,POL-AST-003,Reserves expressed in months of housing expense.
APP-000044-CALC-18,APP-000044,credit_utilization,credit_accounts.balance|credit_accounts.credit_limit,v1.0.0,0.2800,RATIO,2026-08-12,POL-CRD-003,Risk context only; never a policy breach on its own.
APP-000044-CALC-19,APP-000044,employment_tenure_months,employment.verified_start_date|applications.application_date,v1.0.0,54,MONTHS,2026-08-12,POL-EMP-002,"Computed from the verified start date, not the declared one."
APP-000044-CALC-20,APP-000044,payment_shock_pct,underwriting_calculations.housing_expense_pitia|applications.current_housing_payment,v1.0.0,0.2820,RATIO,2026-08-12,POL-DTI-001,Not applicable where there is no prior housing payment.
APP-000044-CALC-21,APP-000044,loan_to_income,loans.base_loan_amount|underwriting_calculations.qualifying_annual_income,v1.0.0,2.91,MULTIPLE,2026-08-12,POL-DTI-001,"Supplemental analytical measure, not an eligibility rule."
APP-000044-CALC-22,APP-000044,representative_credit_score,credit_profiles.score_1|credit_profiles.score_2|credit_profiles.score_3,v1.0.0,768,SCORE,2026-08-12,POL-CRD-001,Middle of three per borrower; lowest across borrowers.
APP-000045-CALC-01,APP-000045,gross_monthly_income,income.annual_amount,v1.0.0,7916.67,USD_PER_MONTH,2026-08-12,POL-INC-001,"Gross eligible earnings before tax, before policy adjustment."
APP-000045-CALC-02,APP-000045,qualifying_monthly_income,income.qualifying_monthly_amount,v1.0.0,7916.67,USD_PER_MONTH,2026-08-12,POL-INC-001,The income figure the affordability rules are permitted to use.
APP-000045-CALC-03,APP-000045,housing_expense_pitia,loans.principal_and_interest|properties.annual_property_tax|properties.annual_hazard_premium|properties.monthly_hoa|loans.monthly_mortgage_insurance,v1.0.0,2295.43,USD_PER_MONTH,2026-08-12,POL-DTI-001,Full qualifying housing expense; the reserve denominator.
APP-000045-CALC-04,APP-000045,total_monthly_debt,underwriting_calculations.housing_expense_pitia|liabilities.monthly_payment,v1.0.0,2770.83,USD_PER_MONTH,2026-08-12,POL-LIA-001,DTI numerator.
APP-000045-CALC-05,APP-000045,front_end_dti,underwriting_calculations.housing_expense_pitia|underwriting_calculations.qualifying_monthly_income,v1.0.0,0.2899,RATIO,2026-08-12,POL-DTI-001,Housing ratio; advisory except on the USDA overlay.
APP-000045-CALC-06,APP-000045,back_end_dti,underwriting_calculations.total_monthly_debt|underwriting_calculations.qualifying_monthly_income,v1.0.0,0.3500,RATIO,2026-08-12,POL-DTI-001,Principal affordability measure (AC-02).
APP-000045-CALC-07,APP-000045,residual_income_monthly,underwriting_calculations.qualifying_monthly_income|underwriting_calculations.total_monthly_debt,v1.0.0,5145.84,USD_PER_MONTH,2026-08-12,POL-DTI-001,Disposable income (AC-02 alternative measure).
APP-000045-CALC-08,APP-000045,ltv,loans.base_loan_amount|properties.value_used_for_ltv,v1.0.0,0.8000,RATIO,2026-08-12,POL-CONV-001,Leverage against the value the rule uses.
APP-000045-CALC-09,APP-000045,cltv,loans.base_loan_amount|properties.value_used_for_ltv,v1.0.0,0.8000,RATIO,2026-08-12,POL-CONV-001,Leverage including every subordinate lien.
APP-000045-CALC-10,APP-000045,hcltv,loans.base_loan_amount|properties.value_used_for_ltv,v1.0.0,0.8000,RATIO,2026-08-12,POL-CONV-001,Leverage counting HELOC credit lines in full.
APP-000045-CALC-11,APP-000045,down_payment_amount,properties.purchase_price|loans.base_loan_amount,v1.0.0,78000.00,USD,2026-08-12,POL-AST-002,Borrower equity contribution at purchase.
APP-000045-CALC-12,APP-000045,down_payment_pct,underwriting_calculations.down_payment_amount|properties.purchase_price,v1.0.0,0.2000,RATIO,2026-08-12,POL-AST-002,Contribution as a share of price.
APP-000045-CALC-13,APP-000045,cash_to_close,underwriting_calculations.down_payment_amount|loans.closing_costs|loans.prepaids_and_escrow|loans.seller_credits|loans.earnest_money_paid,v1.0.0,73666.41,USD,2026-08-12,POL-AST-002,Borrower funds required at settlement.
APP-000045-CALC-14,APP-000045,funds_to_close_available,assets.eligible_close_amount,v1.0.0,84684.47,USD,2026-08-12,POL-AST-001,Eligible assets available at settlement.
APP-000045-CALC-15,APP-000045,funds_shortfall,underwriting_calculations.cash_to_close|underwriting_calculations.funds_to_close_available,v1.0.0,0.00,USD,2026-08-12,POL-AST-002,Positive value means the file cannot close as structured.
APP-000045-CALC-16,APP-000045,post_close_reserves,assets.eligible_reserve_amount|underwriting_calculations.cash_to_close,v1.0.0,13772.58,USD,2026-08-12,POL-AST-003,Reserve-eligible assets surviving the settlement draw.
APP-000045-CALC-17,APP-000045,months_reserves,underwriting_calculations.post_close_reserves|underwriting_calculations.housing_expense_pitia,v1.0.0,6.00,MONTHS,2026-08-12,POL-AST-003,Reserves expressed in months of housing expense.
APP-000045-CALC-18,APP-000045,credit_utilization,credit_accounts.balance|credit_accounts.credit_limit,v1.0.0,0.2800,RATIO,2026-08-12,POL-CRD-003,Risk context only; never a policy breach on its own.
APP-000045-CALC-19,APP-000045,employment_tenure_months,employment.verified_start_date|applications.application_date,v1.0.0,54,MONTHS,2026-08-12,POL-EMP-002,"Computed from the verified start date, not the declared one."
APP-000045-CALC-20,APP-000045,payment_shock_pct,underwriting_calculations.housing_expense_pitia|applications.current_housing_payment,v1.0.0,0.5152,RATIO,2026-08-12,POL-DTI-001,Not applicable where there is no prior housing payment.
APP-000045-CALC-21,APP-000045,loan_to_income,loans.base_loan_amount|underwriting_calculations.qualifying_annual_income,v1.0.0,3.28,MULTIPLE,2026-08-12,POL-DTI-001,"Supplemental analytical measure, not an eligibility rule."
APP-000045-CALC-22,APP-000045,representative_credit_score,credit_profiles.score_1|credit_profiles.score_2|credit_profiles.score_3,v1.0.0,726,SCORE,2026-08-12,POL-CRD-001,Middle of three per borrower; lowest across borrowers.
APP-000046-CALC-01,APP-000046,gross_monthly_income,income.annual_amount,v1.0.0,11716.67,USD_PER_MONTH,2026-08-12,POL-INC-001,"Gross eligible earnings before tax, before policy adjustment."
APP-000046-CALC-02,APP-000046,qualifying_monthly_income,income.qualifying_monthly_amount,v1.0.0,11716.67,USD_PER_MONTH,2026-08-12,POL-INC-001,The income figure the affordability rules are permitted to use.
APP-000046-CALC-03,APP-000046,housing_expense_pitia,loans.principal_and_interest|properties.annual_property_tax|properties.annual_hazard_premium|properties.monthly_hoa|loans.monthly_mortgage_insurance,v1.0.0,3398.50,USD_PER_MONTH,2026-08-12,POL-DTI-001,Full qualifying housing expense; the reserve denominator.
APP-000046-CALC-04,APP-000046,total_monthly_debt,underwriting_calculations.housing_expense_pitia|liabilities.monthly_payment,v1.0.0,3983.67,USD_PER_MONTH,2026-08-12,POL-LIA-001,DTI numerator.
APP-000046-CALC-05,APP-000046,front_end_dti,underwriting_calculations.housing_expense_pitia|underwriting_calculations.qualifying_monthly_income,v1.0.0,0.2901,RATIO,2026-08-12,POL-DTI-001,Housing ratio; advisory except on the USDA overlay.
APP-000046-CALC-06,APP-000046,back_end_dti,underwriting_calculations.total_monthly_debt|underwriting_calculations.qualifying_monthly_income,v1.0.0,0.3400,RATIO,2026-08-12,POL-DTI-001,Principal affordability measure (AC-02).
APP-000046-CALC-07,APP-000046,residual_income_monthly,underwriting_calculations.qualifying_monthly_income|underwriting_calculations.total_monthly_debt,v1.0.0,7733.00,USD_PER_MONTH,2026-08-12,POL-DTI-001,Disposable income (AC-02 alternative measure).
APP-000046-CALC-08,APP-000046,ltv,loans.base_loan_amount|properties.value_used_for_ltv,v1.0.0,0.8000,RATIO,2026-08-12,POL-CONV-001,Leverage against the value the rule uses.
APP-000046-CALC-09,APP-000046,cltv,loans.base_loan_amount|properties.value_used_for_ltv,v1.0.0,0.8000,RATIO,2026-08-12,POL-CONV-001,Leverage including every subordinate lien.
APP-000046-CALC-10,APP-000046,hcltv,loans.base_loan_amount|properties.value_used_for_ltv,v1.0.0,0.8000,RATIO,2026-08-12,POL-CONV-001,Leverage counting HELOC credit lines in full.
APP-000046-CALC-11,APP-000046,down_payment_amount,properties.purchase_price|loans.base_loan_amount,v1.0.0,98000.00,USD,2026-08-12,POL-AST-002,Borrower equity contribution at purchase.
APP-000046-CALC-12,APP-000046,down_payment_pct,underwriting_calculations.down_payment_amount|properties.purchase_price,v1.0.0,0.2000,RATIO,2026-08-12,POL-AST-002,Contribution as a share of price.
APP-000046-CALC-13,APP-000046,cash_to_close,underwriting_calculations.down_payment_amount|loans.closing_costs|loans.prepaids_and_escrow|loans.seller_credits|loans.earnest_money_paid,v1.0.0,103424.37,USD,2026-08-12,POL-AST-002,Borrower funds required at settlement.
APP-000046-CALC-14,APP-000046,funds_to_close_available,assets.eligible_close_amount,v1.0.0,122455.97,USD,2026-08-12,POL-AST-001,Eligible assets available at settlement.
APP-000046-CALC-15,APP-000046,funds_shortfall,underwriting_calculations.cash_to_close|underwriting_calculations.funds_to_close_available,v1.0.0,0.00,USD,2026-08-12,POL-AST-002,Positive value means the file cannot close as structured.
APP-000046-CALC-16,APP-000046,post_close_reserves,assets.eligible_reserve_amount|underwriting_calculations.cash_to_close,v1.0.0,23789.50,USD,2026-08-12,POL-AST-003,Reserve-eligible assets surviving the settlement draw.
APP-000046-CALC-17,APP-000046,months_reserves,underwriting_calculations.post_close_reserves|underwriting_calculations.housing_expense_pitia,v1.0.0,7.00,MONTHS,2026-08-12,POL-AST-003,Reserves expressed in months of housing expense.
APP-000046-CALC-18,APP-000046,credit_utilization,credit_accounts.balance|credit_accounts.credit_limit,v1.0.0,0.2800,RATIO,2026-08-12,POL-CRD-003,Risk context only; never a policy breach on its own.
APP-000046-CALC-19,APP-000046,employment_tenure_months,employment.verified_start_date|applications.application_date,v1.0.0,54,MONTHS,2026-08-12,POL-EMP-002,"Computed from the verified start date, not the declared one."
APP-000046-CALC-20,APP-000046,payment_shock_pct,underwriting_calculations.housing_expense_pitia|applications.current_housing_payment,v1.0.0,0.3699,RATIO,2026-08-12,POL-DTI-001,Not applicable where there is no prior housing payment.
APP-000046-CALC-21,APP-000046,loan_to_income,loans.base_loan_amount|underwriting_calculations.qualifying_annual_income,v1.0.0,2.79,MULTIPLE,2026-08-12,POL-DTI-001,"Supplemental analytical measure, not an eligibility rule."
APP-000046-CALC-22,APP-000046,representative_credit_score,credit_profiles.score_1|credit_profiles.score_2|credit_profiles.score_3,v1.0.0,742,SCORE,2026-08-12,POL-CRD-001,Middle of three per borrower; lowest across borrowers.
APP-000047-CALC-01,APP-000047,gross_monthly_income,income.annual_amount,v1.0.0,11000.00,USD_PER_MONTH,2026-09-04,POL-INC-001,"Gross eligible earnings before tax, before policy adjustment."
APP-000047-CALC-02,APP-000047,qualifying_monthly_income,income.qualifying_monthly_amount,v1.0.0,11000.00,USD_PER_MONTH,2026-09-04,POL-INC-001,The income figure the affordability rules are permitted to use.
APP-000047-CALC-03,APP-000047,housing_expense_pitia,loans.principal_and_interest|properties.annual_property_tax|properties.annual_hazard_premium|properties.monthly_hoa|loans.monthly_mortgage_insurance,v1.0.0,3190.57,USD_PER_MONTH,2026-09-04,POL-DTI-001,Full qualifying housing expense; the reserve denominator.
APP-000047-CALC-04,APP-000047,total_monthly_debt,underwriting_calculations.housing_expense_pitia|liabilities.monthly_payment,v1.0.0,3630.00,USD_PER_MONTH,2026-09-04,POL-LIA-001,DTI numerator.
APP-000047-CALC-05,APP-000047,front_end_dti,underwriting_calculations.housing_expense_pitia|underwriting_calculations.qualifying_monthly_income,v1.0.0,0.2901,RATIO,2026-09-04,POL-DTI-001,Housing ratio; advisory except on the USDA overlay.
APP-000047-CALC-06,APP-000047,back_end_dti,underwriting_calculations.total_monthly_debt|underwriting_calculations.qualifying_monthly_income,v1.0.0,0.3300,RATIO,2026-09-04,POL-DTI-001,Principal affordability measure (AC-02).
APP-000047-CALC-07,APP-000047,residual_income_monthly,underwriting_calculations.qualifying_monthly_income|underwriting_calculations.total_monthly_debt,v1.0.0,7370.00,USD_PER_MONTH,2026-09-04,POL-DTI-001,Disposable income (AC-02 alternative measure).
APP-000047-CALC-08,APP-000047,ltv,loans.base_loan_amount|properties.value_used_for_ltv,v1.0.0,0.8000,RATIO,2026-09-04,POL-CONV-001,Leverage against the value the rule uses.
APP-000047-CALC-09,APP-000047,cltv,loans.base_loan_amount|properties.value_used_for_ltv,v1.0.0,0.8000,RATIO,2026-09-04,POL-CONV-001,Leverage including every subordinate lien.
APP-000047-CALC-10,APP-000047,hcltv,loans.base_loan_amount|properties.value_used_for_ltv,v1.0.0,0.8000,RATIO,2026-09-04,POL-CONV-001,Leverage counting HELOC credit lines in full.
APP-000047-CALC-11,APP-000047,down_payment_amount,properties.purchase_price|loans.base_loan_amount,v1.0.0,104000.00,USD,2026-09-04,POL-AST-002,Borrower equity contribution at purchase.
APP-000047-CALC-12,APP-000047,down_payment_pct,underwriting_calculations.down_payment_amount|properties.purchase_price,v1.0.0,0.2000,RATIO,2026-09-04,POL-AST-002,Contribution as a share of price.
APP-000047-CALC-13,APP-000047,cash_to_close,underwriting_calculations.down_payment_amount|loans.closing_costs|loans.prepaids_and_escrow|loans.seller_credits|loans.earnest_money_paid,v1.0.0,108239.21,USD,2026-09-04,POL-AST-002,Borrower funds required at settlement.
APP-000047-CALC-14,APP-000047,funds_to_close_available,assets.eligible_close_amount,v1.0.0,128658.86,USD,2026-09-04,POL-AST-001,Eligible assets available at settlement.
APP-000047-CALC-15,APP-000047,funds_shortfall,underwriting_calculations.cash_to_close|underwriting_calculations.funds_to_close_available,v1.0.0,0.00,USD,2026-09-04,POL-AST-002,Positive value means the file cannot close as structured.
APP-000047-CALC-16,APP-000047,post_close_reserves,assets.eligible_reserve_amount|underwriting_calculations.cash_to_close,v1.0.0,25524.56,USD,2026-09-04,POL-AST-003,Reserve-eligible assets surviving the settlement draw.
APP-000047-CALC-17,APP-000047,months_reserves,underwriting_calculations.post_close_reserves|underwriting_calculations.housing_expense_pitia,v1.0.0,8.00,MONTHS,2026-09-04,POL-AST-003,Reserves expressed in months of housing expense.
APP-000047-CALC-18,APP-000047,credit_utilization,credit_accounts.balance|credit_accounts.credit_limit,v1.0.0,0.2800,RATIO,2026-09-04,POL-CRD-003,Risk context only; never a policy breach on its own.
APP-000047-CALC-19,APP-000047,employment_tenure_months,employment.verified_start_date|applications.application_date,v1.0.0,54,MONTHS,2026-09-04,POL-EMP-002,"Computed from the verified start date, not the declared one."
APP-000047-CALC-20,APP-000047,payment_shock_pct,underwriting_calculations.housing_expense_pitia|applications.current_housing_payment,v1.0.0,0.7544,RATIO,2026-09-04,POL-DTI-001,Not applicable where there is no prior housing payment.
APP-000047-CALC-21,APP-000047,loan_to_income,loans.base_loan_amount|underwriting_calculations.qualifying_annual_income,v1.0.0,3.15,MULTIPLE,2026-09-04,POL-DTI-001,"Supplemental analytical measure, not an eligibility rule."
APP-000047-CALC-22,APP-000047,representative_credit_score,credit_profiles.score_1|credit_profiles.score_2|credit_profiles.score_3,v1.0.0,742,SCORE,2026-09-04,POL-CRD-001,Middle of three per borrower; lowest across borrowers.
APP-000048-CALC-01,APP-000048,gross_monthly_income,income.annual_amount,v1.0.0,13516.67,USD_PER_MONTH,2026-08-12,POL-INC-001,"Gross eligible earnings before tax, before policy adjustment."
APP-000048-CALC-02,APP-000048,qualifying_monthly_income,income.qualifying_monthly_amount,v1.0.0,13516.67,USD_PER_MONTH,2026-08-12,POL-INC-001,The income figure the affordability rules are permitted to use.
APP-000048-CALC-03,APP-000048,housing_expense_pitia,loans.principal_and_interest|properties.annual_property_tax|properties.annual_hazard_premium|properties.monthly_hoa|loans.monthly_mortgage_insurance,v1.0.0,3920.79,USD_PER_MONTH,2026-08-12,POL-DTI-001,Full qualifying housing expense; the reserve denominator.
APP-000048-CALC-04,APP-000048,total_monthly_debt,underwriting_calculations.housing_expense_pitia|liabilities.monthly_payment,v1.0.0,4866.00,USD_PER_MONTH,2026-08-12,POL-LIA-001,DTI numerator.
APP-000048-CALC-05,APP-000048,front_end_dti,underwriting_calculations.housing_expense_pitia|underwriting_calculations.qualifying_monthly_income,v1.0.0,0.2901,RATIO,2026-08-12,POL-DTI-001,Housing ratio; advisory except on the USDA overlay.
APP-000048-CALC-06,APP-000048,back_end_dti,underwriting_calculations.total_monthly_debt|underwriting_calculations.qualifying_monthly_income,v1.0.0,0.3600,RATIO,2026-08-12,POL-DTI-001,Principal affordability measure (AC-02).
APP-000048-CALC-07,APP-000048,residual_income_monthly,underwriting_calculations.qualifying_monthly_income|underwriting_calculations.total_monthly_debt,v1.0.0,8650.67,USD_PER_MONTH,2026-08-12,POL-DTI-001,Disposable income (AC-02 alternative measure).
APP-000048-CALC-08,APP-000048,ltv,loans.base_loan_amount|properties.value_used_for_ltv,v1.0.0,0.8000,RATIO,2026-08-12,POL-CONV-001,Leverage against the value the rule uses.
APP-000048-CALC-09,APP-000048,cltv,loans.base_loan_amount|properties.value_used_for_ltv,v1.0.0,0.8000,RATIO,2026-08-12,POL-CONV-001,Leverage including every subordinate lien.
APP-000048-CALC-10,APP-000048,hcltv,loans.base_loan_amount|properties.value_used_for_ltv,v1.0.0,0.8000,RATIO,2026-08-12,POL-CONV-001,Leverage counting HELOC credit lines in full.
APP-000048-CALC-11,APP-000048,down_payment_amount,properties.purchase_price|loans.base_loan_amount,v1.0.0,108000.00,USD,2026-08-12,POL-AST-002,Borrower equity contribution at purchase.
APP-000048-CALC-12,APP-000048,down_payment_pct,underwriting_calculations.down_payment_amount|properties.purchase_price,v1.0.0,0.2000,RATIO,2026-08-12,POL-AST-002,Contribution as a share of price.
APP-000048-CALC-13,APP-000048,cash_to_close,underwriting_calculations.down_payment_amount|loans.closing_costs|loans.prepaids_and_escrow|loans.seller_credits|loans.earnest_money_paid,v1.0.0,114153.60,USD,2026-08-12,POL-AST-002,Borrower funds required at settlement.
APP-000048-CALC-14,APP-000048,funds_to_close_available,assets.eligible_close_amount,v1.0.0,129836.76,USD,2026-08-12,POL-AST-001,Eligible assets available at settlement.
APP-000048-CALC-15,APP-000048,funds_shortfall,underwriting_calculations.cash_to_close|underwriting_calculations.funds_to_close_available,v1.0.0,0.00,USD,2026-08-12,POL-AST-002,Positive value means the file cannot close as structured.
APP-000048-CALC-16,APP-000048,post_close_reserves,assets.eligible_reserve_amount|underwriting_calculations.cash_to_close,v1.0.0,19603.95,USD,2026-08-12,POL-AST-003,Reserve-eligible assets surviving the settlement draw.
APP-000048-CALC-17,APP-000048,months_reserves,underwriting_calculations.post_close_reserves|underwriting_calculations.housing_expense_pitia,v1.0.0,5.00,MONTHS,2026-08-12,POL-AST-003,Reserves expressed in months of housing expense.
APP-000048-CALC-18,APP-000048,credit_utilization,credit_accounts.balance|credit_accounts.credit_limit,v1.0.0,0.2800,RATIO,2026-08-12,POL-CRD-003,Risk context only; never a policy breach on its own.
APP-000048-CALC-19,APP-000048,employment_tenure_months,employment.verified_start_date|applications.application_date,v1.0.0,54,MONTHS,2026-08-12,POL-EMP-002,"Computed from the verified start date, not the declared one."
APP-000048-CALC-20,APP-000048,payment_shock_pct,underwriting_calculations.housing_expense_pitia|applications.current_housing_payment,v1.0.0,0.8868,RATIO,2026-08-12,POL-DTI-001,Not applicable where there is no prior housing payment.
APP-000048-CALC-21,APP-000048,loan_to_income,loans.base_loan_amount|underwriting_calculations.qualifying_annual_income,v1.0.0,2.66,MULTIPLE,2026-08-12,POL-DTI-001,"Supplemental analytical measure, not an eligibility rule."
APP-000048-CALC-22,APP-000048,representative_credit_score,credit_profiles.score_1|credit_profiles.score_2|credit_profiles.score_3,v1.0.0,742,SCORE,2026-08-12,POL-CRD-001,Middle of three per borrower; lowest across borrowers.
APP-000049-CALC-01,APP-000049,gross_monthly_income,income.annual_amount,v1.0.0,9658.33,USD_PER_MONTH,2026-08-12,POL-INC-001,"Gross eligible earnings before tax, before policy adjustment."
APP-000049-CALC-02,APP-000049,qualifying_monthly_income,income.qualifying_monthly_amount,v1.0.0,9658.33,USD_PER_MONTH,2026-08-12,POL-INC-001,The income figure the affordability rules are permitted to use.
APP-000049-CALC-03,APP-000049,housing_expense_pitia,loans.principal_and_interest|properties.annual_property_tax|properties.annual_hazard_premium|properties.monthly_hoa|loans.monthly_mortgage_insurance,v1.0.0,2704.93,USD_PER_MONTH,2026-08-12,POL-DTI-001,Full qualifying housing expense; the reserve denominator.
APP-000049-CALC-04,APP-000049,total_monthly_debt,underwriting_calculations.housing_expense_pitia|liabilities.monthly_payment,v1.0.0,2897.50,USD_PER_MONTH,2026-08-12,POL-LIA-001,DTI numerator.
APP-000049-CALC-05,APP-000049,front_end_dti,underwriting_calculations.housing_expense_pitia|underwriting_calculations.qualifying_monthly_income,v1.0.0,0.2801,RATIO,2026-08-12,POL-DTI-001,Housing ratio; advisory except on the USDA overlay.
APP-000049-CALC-06,APP-000049,back_end_dti,underwriting_calculations.total_monthly_debt|underwriting_calculations.qualifying_monthly_income,v1.0.0,0.3000,RATIO,2026-08-12,POL-DTI-001,Principal affordability measure (AC-02).
APP-000049-CALC-07,APP-000049,residual_income_monthly,underwriting_calculations.qualifying_monthly_income|underwriting_calculations.total_monthly_debt,v1.0.0,6760.83,USD_PER_MONTH,2026-08-12,POL-DTI-001,Disposable income (AC-02 alternative measure).
APP-000049-CALC-08,APP-000049,ltv,loans.base_loan_amount|properties.value_used_for_ltv,v1.0.0,0.8000,RATIO,2026-08-12,POL-CONV-001,Leverage against the value the rule uses.
APP-000049-CALC-09,APP-000049,cltv,loans.base_loan_amount|properties.value_used_for_ltv,v1.0.0,0.8000,RATIO,2026-08-12,POL-CONV-001,Leverage including every subordinate lien.
APP-000049-CALC-10,APP-000049,hcltv,loans.base_loan_amount|properties.value_used_for_ltv,v1.0.0,0.8000,RATIO,2026-08-12,POL-CONV-001,Leverage counting HELOC credit lines in full.
APP-000049-CALC-11,APP-000049,down_payment_amount,properties.purchase_price|loans.base_loan_amount,v1.0.0,78000.00,USD,2026-08-12,POL-AST-002,Borrower equity contribution at purchase.
APP-000049-CALC-12,APP-000049,down_payment_pct,underwriting_calculations.down_payment_amount|properties.purchase_price,v1.0.0,0.2000,RATIO,2026-08-12,POL-AST-002,Contribution as a share of price.
APP-000049-CALC-13,APP-000049,cash_to_close,underwriting_calculations.down_payment_amount|loans.closing_costs|loans.prepaids_and_escrow|loans.seller_credits|loans.earnest_money_paid,v1.0.0,82694.91,USD,2026-08-12,POL-AST-002,Borrower funds required at settlement.
APP-000049-CALC-14,APP-000049,funds_to_close_available,assets.eligible_close_amount,v1.0.0,106498.29,USD,2026-08-12,POL-AST-001,Eligible assets available at settlement.
APP-000049-CALC-15,APP-000049,funds_shortfall,underwriting_calculations.cash_to_close|underwriting_calculations.funds_to_close_available,v1.0.0,0.00,USD,2026-08-12,POL-AST-002,Positive value means the file cannot close as structured.
APP-000049-CALC-16,APP-000049,post_close_reserves,assets.eligible_reserve_amount|underwriting_calculations.cash_to_close,v1.0.0,29754.23,USD,2026-08-12,POL-AST-003,Reserve-eligible assets surviving the settlement draw.
APP-000049-CALC-17,APP-000049,months_reserves,underwriting_calculations.post_close_reserves|underwriting_calculations.housing_expense_pitia,v1.0.0,11.00,MONTHS,2026-08-12,POL-AST-003,Reserves expressed in months of housing expense.
APP-000049-CALC-18,APP-000049,credit_utilization,credit_accounts.balance|credit_accounts.credit_limit,v1.0.0,0.2800,RATIO,2026-08-12,POL-CRD-003,Risk context only; never a policy breach on its own.
APP-000049-CALC-19,APP-000049,employment_tenure_months,employment.verified_start_date|applications.application_date,v1.0.0,54,MONTHS,2026-08-12,POL-EMP-002,"Computed from the verified start date, not the declared one."
APP-000049-CALC-20,APP-000049,payment_shock_pct,underwriting_calculations.housing_expense_pitia|applications.current_housing_payment,v1.0.0,0.8519,RATIO,2026-08-12,POL-DTI-001,Not applicable where there is no prior housing payment.
APP-000049-CALC-21,APP-000049,loan_to_income,loans.base_loan_amount|underwriting_calculations.qualifying_annual_income,v1.0.0,2.69,MULTIPLE,2026-08-12,POL-DTI-001,"Supplemental analytical measure, not an eligibility rule."
APP-000049-CALC-22,APP-000049,representative_credit_score,credit_profiles.score_1|credit_profiles.score_2|credit_profiles.score_3,v1.0.0,772,SCORE,2026-08-12,POL-CRD-001,Middle of three per borrower; lowest across borrowers.
APP-000050-CALC-01,APP-000050,gross_monthly_income,income.annual_amount,v1.0.0,12800.00,USD_PER_MONTH,2026-08-12,POL-INC-001,"Gross eligible earnings before tax, before policy adjustment."
APP-000050-CALC-02,APP-000050,qualifying_monthly_income,income.qualifying_monthly_amount,v1.0.0,12800.00,USD_PER_MONTH,2026-08-12,POL-INC-001,The income figure the affordability rules are permitted to use.
APP-000050-CALC-03,APP-000050,housing_expense_pitia,loans.principal_and_interest|properties.annual_property_tax|properties.annual_hazard_premium|properties.monthly_hoa|loans.monthly_mortgage_insurance,v1.0.0,3711.85,USD_PER_MONTH,2026-08-12,POL-DTI-001,Full qualifying housing expense; the reserve denominator.
APP-000050-CALC-04,APP-000050,total_monthly_debt,underwriting_calculations.housing_expense_pitia|liabilities.monthly_payment,v1.0.0,4736.00,USD_PER_MONTH,2026-08-12,POL-LIA-001,DTI numerator.
APP-000050-CALC-05,APP-000050,front_end_dti,underwriting_calculations.housing_expense_pitia|underwriting_calculations.qualifying_monthly_income,v1.0.0,0.2900,RATIO,2026-08-12,POL-DTI-001,Housing ratio; advisory except on the USDA overlay.
APP-000050-CALC-06,APP-000050,back_end_dti,underwriting_calculations.total_monthly_debt|underwriting_calculations.qualifying_monthly_income,v1.0.0,0.3700,RATIO,2026-08-12,POL-DTI-001,Principal affordability measure (AC-02).
APP-000050-CALC-07,APP-000050,residual_income_monthly,underwriting_calculations.qualifying_monthly_income|underwriting_calculations.total_monthly_debt,v1.0.0,8064.00,USD_PER_MONTH,2026-08-12,POL-DTI-001,Disposable income (AC-02 alternative measure).
APP-000050-CALC-08,APP-000050,ltv,loans.base_loan_amount|properties.value_used_for_ltv,v1.0.0,0.9000,RATIO,2026-08-12,POL-CONV-001,Leverage against the value the rule uses.
APP-000050-CALC-09,APP-000050,cltv,loans.base_loan_amount|properties.value_used_for_ltv,v1.0.0,0.9000,RATIO,2026-08-12,POL-CONV-001,Leverage including every subordinate lien.
APP-000050-CALC-10,APP-000050,hcltv,loans.base_loan_amount|properties.value_used_for_ltv,v1.0.0,0.9000,RATIO,2026-08-12,POL-CONV-001,Leverage counting HELOC credit lines in full.
APP-000050-CALC-11,APP-000050,down_payment_amount,properties.purchase_price|loans.base_loan_amount,v1.0.0,78540.00,USD,2026-08-12,POL-AST-002,Borrower equity contribution at purchase.
APP-000050-CALC-12,APP-000050,down_payment_pct,underwriting_calculations.down_payment_amount|properties.purchase_price,v1.0.0,0.1540,RATIO,2026-08-12,POL-AST-002,Contribution as a share of price.
APP-000050-CALC-13,APP-000050,cash_to_close,underwriting_calculations.down_payment_amount|loans.closing_costs|loans.prepaids_and_escrow|loans.seller_credits|loans.earnest_money_paid,v1.0.0,73787.73,USD,2026-08-12,POL-AST-002,Borrower funds required at settlement.
APP-000050-CALC-14,APP-000050,funds_to_close_available,assets.eligible_close_amount,v1.0.0,81211.43,USD,2026-08-12,POL-AST-001,Eligible assets available at settlement.
APP-000050-CALC-15,APP-000050,funds_shortfall,underwriting_calculations.cash_to_close|underwriting_calculations.funds_to_close_available,v1.0.0,0.00,USD,2026-08-12,POL-AST-002,Positive value means the file cannot close as structured.
APP-000050-CALC-16,APP-000050,post_close_reserves,assets.eligible_reserve_amount|underwriting_calculations.cash_to_close,v1.0.0,7423.70,USD,2026-08-12,POL-AST-003,Reserve-eligible assets surviving the settlement draw.
APP-000050-CALC-17,APP-000050,months_reserves,underwriting_calculations.post_close_reserves|underwriting_calculations.housing_expense_pitia,v1.0.0,2.00,MONTHS,2026-08-12,POL-AST-003,Reserves expressed in months of housing expense.
APP-000050-CALC-18,APP-000050,credit_utilization,credit_accounts.balance|credit_accounts.credit_limit,v1.0.0,0.2800,RATIO,2026-08-12,POL-CRD-003,Risk context only; never a policy breach on its own.
APP-000050-CALC-19,APP-000050,employment_tenure_months,employment.verified_start_date|applications.application_date,v1.0.0,54,MONTHS,2026-08-12,POL-EMP-002,"Computed from the verified start date, not the declared one."
APP-000050-CALC-20,APP-000050,payment_shock_pct,underwriting_calculations.housing_expense_pitia|applications.current_housing_payment,v1.0.0,0.0870,RATIO,2026-08-12,POL-DTI-001,Not applicable where there is no prior housing payment.
APP-000050-CALC-21,APP-000050,loan_to_income,loans.base_loan_amount|underwriting_calculations.qualifying_annual_income,v1.0.0,2.81,MULTIPLE,2026-08-12,POL-DTI-001,"Supplemental analytical measure, not an eligibility rule."
APP-000050-CALC-22,APP-000050,representative_credit_score,credit_profiles.score_1|credit_profiles.score_2|credit_profiles.score_3,v1.0.0,707,SCORE,2026-08-12,POL-CRD-001,Middle of three per borrower; lowest across borrowers.
APP-000051-CALC-01,APP-000051,gross_monthly_income,income.annual_amount,v1.0.0,10866.67,USD_PER_MONTH,2026-08-12,POL-INC-001,"Gross eligible earnings before tax, before policy adjustment."
APP-000051-CALC-02,APP-000051,qualifying_monthly_income,income.qualifying_monthly_amount,v1.0.0,10866.67,USD_PER_MONTH,2026-08-12,POL-INC-001,The income figure the affordability rules are permitted to use.
APP-000051-CALC-03,APP-000051,housing_expense_pitia,loans.principal_and_interest|properties.annual_property_tax|properties.annual_hazard_premium|properties.monthly_hoa|loans.monthly_mortgage_insurance,v1.0.0,3150.72,USD_PER_MONTH,2026-08-12,POL-DTI-001,Full qualifying housing expense; the reserve denominator.
APP-000051-CALC-04,APP-000051,total_monthly_debt,underwriting_calculations.housing_expense_pitia|liabilities.monthly_payment,v1.0.0,3803.33,USD_PER_MONTH,2026-08-12,POL-LIA-001,DTI numerator.
APP-000051-CALC-05,APP-000051,front_end_dti,underwriting_calculations.housing_expense_pitia|underwriting_calculations.qualifying_monthly_income,v1.0.0,0.2899,RATIO,2026-08-12,POL-DTI-001,Housing ratio; advisory except on the USDA overlay.
APP-000051-CALC-06,APP-000051,back_end_dti,underwriting_calculations.total_monthly_debt|underwriting_calculations.qualifying_monthly_income,v1.0.0,0.3500,RATIO,2026-08-12,POL-DTI-001,Principal affordability measure (AC-02).
APP-000051-CALC-07,APP-000051,residual_income_monthly,underwriting_calculations.qualifying_monthly_income|underwriting_calculations.total_monthly_debt,v1.0.0,7063.34,USD_PER_MONTH,2026-08-12,POL-DTI-001,Disposable income (AC-02 alternative measure).
APP-000051-CALC-08,APP-000051,ltv,loans.base_loan_amount|properties.value_used_for_ltv,v1.0.0,0.8000,RATIO,2026-08-12,POL-CONV-001,Leverage against the value the rule uses.
APP-000051-CALC-09,APP-000051,cltv,loans.base_loan_amount|properties.value_used_for_ltv,v1.0.0,0.8000,RATIO,2026-08-12,POL-CONV-001,Leverage including every subordinate lien.
APP-000051-CALC-10,APP-000051,hcltv,loans.base_loan_amount|properties.value_used_for_ltv,v1.0.0,0.8000,RATIO,2026-08-12,POL-CONV-001,Leverage counting HELOC credit lines in full.
APP-000051-CALC-11,APP-000051,down_payment_amount,properties.purchase_price|loans.base_loan_amount,v1.0.0,88000.00,USD,2026-08-12,POL-AST-002,Borrower equity contribution at purchase.
APP-000051-CALC-12,APP-000051,down_payment_pct,underwriting_calculations.down_payment_amount|properties.purchase_price,v1.0.0,0.2000,RATIO,2026-08-12,POL-AST-002,Contribution as a share of price.
APP-000051-CALC-13,APP-000051,cash_to_close,underwriting_calculations.down_payment_amount|loans.closing_costs|loans.prepaids_and_escrow|loans.seller_credits|loans.earnest_money_paid,v1.0.0,93356.64,USD,2026-08-12,POL-AST-002,Borrower funds required at settlement.
APP-000051-CALC-14,APP-000051,funds_to_close_available,assets.eligible_close_amount,v1.0.0,108480.10,USD,2026-08-12,POL-AST-001,Eligible assets available at settlement.
APP-000051-CALC-15,APP-000051,funds_shortfall,underwriting_calculations.cash_to_close|underwriting_calculations.funds_to_close_available,v1.0.0,0.00,USD,2026-08-12,POL-AST-002,Positive value means the file cannot close as structured.
APP-000051-CALC-16,APP-000051,post_close_reserves,assets.eligible_reserve_amount|underwriting_calculations.cash_to_close,v1.0.0,18904.32,USD,2026-08-12,POL-AST-003,Reserve-eligible assets surviving the settlement draw.
APP-000051-CALC-17,APP-000051,months_reserves,underwriting_calculations.post_close_reserves|underwriting_calculations.housing_expense_pitia,v1.0.0,6.00,MONTHS,2026-08-12,POL-AST-003,Reserves expressed in months of housing expense.
APP-000051-CALC-18,APP-000051,credit_utilization,credit_accounts.balance|credit_accounts.credit_limit,v1.0.0,0.2800,RATIO,2026-08-12,POL-CRD-003,Risk context only; never a policy breach on its own.
APP-000051-CALC-19,APP-000051,employment_tenure_months,employment.verified_start_date|applications.application_date,v1.0.0,54,MONTHS,2026-08-12,POL-EMP-002,"Computed from the verified start date, not the declared one."
APP-000051-CALC-20,APP-000051,payment_shock_pct,underwriting_calculations.housing_expense_pitia|applications.current_housing_payment,v1.0.0,0.2195,RATIO,2026-08-12,POL-DTI-001,Not applicable where there is no prior housing payment.
APP-000051-CALC-21,APP-000051,loan_to_income,loans.base_loan_amount|underwriting_calculations.qualifying_annual_income,v1.0.0,2.70,MULTIPLE,2026-08-12,POL-DTI-001,"Supplemental analytical measure, not an eligibility rule."
APP-000051-CALC-22,APP-000051,representative_credit_score,credit_profiles.score_1|credit_profiles.score_2|credit_profiles.score_3,v1.0.0,742,SCORE,2026-08-12,POL-CRD-001,Middle of three per borrower; lowest across borrowers.
APP-000052-CALC-01,APP-000052,gross_monthly_income,income.annual_amount,v1.0.0,9350.00,USD_PER_MONTH,2026-09-04,POL-INC-001,"Gross eligible earnings before tax, before policy adjustment."
APP-000052-CALC-02,APP-000052,qualifying_monthly_income,income.qualifying_monthly_amount,v1.0.0,9350.00,USD_PER_MONTH,2026-09-04,POL-INC-001,The income figure the affordability rules are permitted to use.
APP-000052-CALC-03,APP-000052,housing_expense_pitia,loans.principal_and_interest|properties.annual_property_tax|properties.annual_hazard_premium|properties.monthly_hoa|loans.monthly_mortgage_insurance,v1.0.0,2712.04,USD_PER_MONTH,2026-09-04,POL-DTI-001,Full qualifying housing expense; the reserve denominator.
APP-000052-CALC-04,APP-000052,total_monthly_debt,underwriting_calculations.housing_expense_pitia|liabilities.monthly_payment,v1.0.0,2898.50,USD_PER_MONTH,2026-09-04,POL-LIA-001,DTI numerator.
APP-000052-CALC-05,APP-000052,front_end_dti,underwriting_calculations.housing_expense_pitia|underwriting_calculations.qualifying_monthly_income,v1.0.0,0.2901,RATIO,2026-09-04,POL-DTI-001,Housing ratio; advisory except on the USDA overlay.
APP-000052-CALC-06,APP-000052,back_end_dti,underwriting_calculations.total_monthly_debt|underwriting_calculations.qualifying_monthly_income,v1.0.0,0.3100,RATIO,2026-09-04,POL-DTI-001,Principal affordability measure (AC-02).
APP-000052-CALC-07,APP-000052,residual_income_monthly,underwriting_calculations.qualifying_monthly_income|underwriting_calculations.total_monthly_debt,v1.0.0,6451.50,USD_PER_MONTH,2026-09-04,POL-DTI-001,Disposable income (AC-02 alternative measure).
APP-000052-CALC-08,APP-000052,ltv,loans.base_loan_amount|properties.value_used_for_ltv,v1.0.0,0.7500,RATIO,2026-09-04,POL-CONV-001,Leverage against the value the rule uses.
APP-000052-CALC-09,APP-000052,cltv,loans.base_loan_amount|properties.value_used_for_ltv,v1.0.0,0.7500,RATIO,2026-09-04,POL-CONV-001,Leverage including every subordinate lien.
APP-000052-CALC-10,APP-000052,hcltv,loans.base_loan_amount|properties.value_used_for_ltv,v1.0.0,0.7500,RATIO,2026-09-04,POL-CONV-001,Leverage counting HELOC credit lines in full.
APP-000052-CALC-11,APP-000052,down_payment_amount,properties.purchase_price|loans.base_loan_amount,v1.0.0,102500.00,USD,2026-09-04,POL-AST-002,Borrower equity contribution at purchase.
APP-000052-CALC-12,APP-000052,down_payment_pct,underwriting_calculations.down_payment_amount|properties.purchase_price,v1.0.0,0.2500,RATIO,2026-09-04,POL-AST-002,Contribution as a share of price.
APP-000052-CALC-13,APP-000052,cash_to_close,underwriting_calculations.down_payment_amount|loans.closing_costs|loans.prepaids_and_escrow|loans.seller_credits|loans.earnest_money_paid,v1.0.0,107028.53,USD,2026-09-04,POL-AST-002,Borrower funds required at settlement.
APP-000052-CALC-14,APP-000052,funds_to_close_available,assets.eligible_close_amount,v1.0.0,128724.85,USD,2026-09-04,POL-AST-001,Eligible assets available at settlement.
APP-000052-CALC-15,APP-000052,funds_shortfall,underwriting_calculations.cash_to_close|underwriting_calculations.funds_to_close_available,v1.0.0,0.00,USD,2026-09-04,POL-AST-002,Positive value means the file cannot close as structured.
APP-000052-CALC-16,APP-000052,post_close_reserves,assets.eligible_reserve_amount|underwriting_calculations.cash_to_close,v1.0.0,27120.40,USD,2026-09-04,POL-AST-003,Reserve-eligible assets surviving the settlement draw.
APP-000052-CALC-17,APP-000052,months_reserves,underwriting_calculations.post_close_reserves|underwriting_calculations.housing_expense_pitia,v1.0.0,10.00,MONTHS,2026-09-04,POL-AST-003,Reserves expressed in months of housing expense.
APP-000052-CALC-18,APP-000052,credit_utilization,credit_accounts.balance|credit_accounts.credit_limit,v1.0.0,0.2800,RATIO,2026-09-04,POL-CRD-003,Risk context only; never a policy breach on its own.
APP-000052-CALC-19,APP-000052,employment_tenure_months,employment.verified_start_date|applications.application_date,v1.0.0,54,MONTHS,2026-09-04,POL-EMP-002,"Computed from the verified start date, not the declared one."
APP-000052-CALC-20,APP-000052,payment_shock_pct,underwriting_calculations.housing_expense_pitia|applications.current_housing_payment,v1.0.0,0.8182,RATIO,2026-09-04,POL-DTI-001,Not applicable where there is no prior housing payment.
APP-000052-CALC-21,APP-000052,loan_to_income,loans.base_loan_amount|underwriting_calculations.qualifying_annual_income,v1.0.0,2.74,MULTIPLE,2026-09-04,POL-DTI-001,"Supplemental analytical measure, not an eligibility rule."
APP-000052-CALC-22,APP-000052,representative_credit_score,credit_profiles.score_1|credit_profiles.score_2|credit_profiles.score_3,v1.0.0,764,SCORE,2026-09-04,POL-CRD-001,Middle of three per borrower; lowest across borrowers.
APP-000053-CALC-01,APP-000053,gross_monthly_income,income.annual_amount,v1.0.0,11341.67,USD_PER_MONTH,2026-06-25,POL-INC-001,"Gross eligible earnings before tax, before policy adjustment."
APP-000053-CALC-02,APP-000053,qualifying_monthly_income,income.qualifying_monthly_amount,v1.0.0,11341.67,USD_PER_MONTH,2026-06-25,POL-INC-001,The income figure the affordability rules are permitted to use.
APP-000053-CALC-03,APP-000053,housing_expense_pitia,loans.principal_and_interest|properties.annual_property_tax|properties.annual_hazard_premium|properties.monthly_hoa|loans.monthly_mortgage_insurance,v1.0.0,3288.91,USD_PER_MONTH,2026-06-25,POL-DTI-001,Full qualifying housing expense; the reserve denominator.
APP-000053-CALC-04,APP-000053,total_monthly_debt,underwriting_calculations.housing_expense_pitia|liabilities.monthly_payment,v1.0.0,3515.92,USD_PER_MONTH,2026-06-25,POL-LIA-001,DTI numerator.
APP-000053-CALC-05,APP-000053,front_end_dti,underwriting_calculations.housing_expense_pitia|underwriting_calculations.qualifying_monthly_income,v1.0.0,0.2900,RATIO,2026-06-25,POL-DTI-001,Housing ratio; advisory except on the USDA overlay.
APP-000053-CALC-06,APP-000053,back_end_dti,underwriting_calculations.total_monthly_debt|underwriting_calculations.qualifying_monthly_income,v1.0.0,0.3100,RATIO,2026-06-25,POL-DTI-001,Principal affordability measure (AC-02).
APP-000053-CALC-07,APP-000053,residual_income_monthly,underwriting_calculations.qualifying_monthly_income|underwriting_calculations.total_monthly_debt,v1.0.0,7825.75,USD_PER_MONTH,2026-06-25,POL-DTI-001,Disposable income (AC-02 alternative measure).
APP-000053-CALC-08,APP-000053,ltv,loans.base_loan_amount|properties.value_used_for_ltv,v1.0.0,0.7500,RATIO,2026-06-25,POL-CONV-001,Leverage against the value the rule uses.
APP-000053-CALC-09,APP-000053,cltv,loans.base_loan_amount|properties.value_used_for_ltv,v1.0.0,0.7500,RATIO,2026-06-25,POL-CONV-001,Leverage including every subordinate lien.
APP-000053-CALC-10,APP-000053,hcltv,loans.base_loan_amount|properties.value_used_for_ltv,v1.0.0,0.7500,RATIO,2026-06-25,POL-CONV-001,Leverage counting HELOC credit lines in full.
APP-000053-CALC-11,APP-000053,down_payment_amount,properties.purchase_price|loans.base_loan_amount,v1.0.0,140000.00,USD,2026-06-25,POL-AST-002,Borrower equity contribution at purchase.
APP-000053-CALC-12,APP-000053,down_payment_pct,underwriting_calculations.down_payment_amount|properties.purchase_price,v1.0.0,0.2500,RATIO,2026-06-25,POL-AST-002,Contribution as a share of price.
APP-000053-CALC-13,APP-000053,cash_to_close,underwriting_calculations.down_payment_amount|loans.closing_costs|loans.prepaids_and_escrow|loans.seller_credits|loans.earnest_money_paid,v1.0.0,133062.46,USD,2026-06-25,POL-AST-002,Borrower funds required at settlement.
APP-000053-CALC-14,APP-000053,funds_to_close_available,assets.eligible_close_amount,v1.0.0,159373.74,USD,2026-06-25,POL-AST-001,Eligible assets available at settlement.
APP-000053-CALC-15,APP-000053,funds_shortfall,underwriting_calculations.cash_to_close|underwriting_calculations.funds_to_close_available,v1.0.0,0.00,USD,2026-06-25,POL-AST-002,Positive value means the file cannot close as structured.
APP-000053-CALC-16,APP-000053,post_close_reserves,assets.eligible_reserve_amount|underwriting_calculations.cash_to_close,v1.0.0,32889.10,USD,2026-06-25,POL-AST-003,Reserve-eligible assets surviving the settlement draw.
APP-000053-CALC-17,APP-000053,months_reserves,underwriting_calculations.post_close_reserves|underwriting_calculations.housing_expense_pitia,v1.0.0,10.00,MONTHS,2026-06-25,POL-AST-003,Reserves expressed in months of housing expense.
APP-000053-CALC-18,APP-000053,credit_utilization,credit_accounts.balance|credit_accounts.credit_limit,v1.0.0,0.2800,RATIO,2026-06-25,POL-CRD-003,Risk context only; never a policy breach on its own.
APP-000053-CALC-19,APP-000053,employment_tenure_months,employment.verified_start_date|applications.application_date,v1.0.0,54,MONTHS,2026-06-25,POL-EMP-002,"Computed from the verified start date, not the declared one."
APP-000053-CALC-20,APP-000053,payment_shock_pct,underwriting_calculations.housing_expense_pitia|applications.current_housing_payment,v1.0.0,0.0870,RATIO,2026-06-25,POL-DTI-001,Not applicable where there is no prior housing payment.
APP-000053-CALC-21,APP-000053,loan_to_income,loans.base_loan_amount|underwriting_calculations.qualifying_annual_income,v1.0.0,3.09,MULTIPLE,2026-06-25,POL-DTI-001,"Supplemental analytical measure, not an eligibility rule."
APP-000053-CALC-22,APP-000053,representative_credit_score,credit_profiles.score_1|credit_profiles.score_2|credit_profiles.score_3,v1.0.0,764,SCORE,2026-06-25,POL-CRD-001,Middle of three per borrower; lowest across borrowers.
APP-000054-CALC-01,APP-000054,gross_monthly_income,income.annual_amount,v1.0.0,10041.67,USD_PER_MONTH,2026-08-12,POL-INC-001,"Gross eligible earnings before tax, before policy adjustment."
APP-000054-CALC-02,APP-000054,qualifying_monthly_income,income.qualifying_monthly_amount,v1.0.0,10041.67,USD_PER_MONTH,2026-08-12,POL-INC-001,The income figure the affordability rules are permitted to use.
APP-000054-CALC-03,APP-000054,housing_expense_pitia,loans.principal_and_interest|properties.annual_property_tax|properties.annual_hazard_premium|properties.monthly_hoa|loans.monthly_mortgage_insurance,v1.0.0,2913.00,USD_PER_MONTH,2026-08-12,POL-DTI-001,Full qualifying housing expense; the reserve denominator.
APP-000054-CALC-04,APP-000054,total_monthly_debt,underwriting_calculations.housing_expense_pitia|liabilities.monthly_payment,v1.0.0,3414.17,USD_PER_MONTH,2026-08-12,POL-LIA-001,DTI numerator.
APP-000054-CALC-05,APP-000054,front_end_dti,underwriting_calculations.housing_expense_pitia|underwriting_calculations.qualifying_monthly_income,v1.0.0,0.2901,RATIO,2026-08-12,POL-DTI-001,Housing ratio; advisory except on the USDA overlay.
APP-000054-CALC-06,APP-000054,back_end_dti,underwriting_calculations.total_monthly_debt|underwriting_calculations.qualifying_monthly_income,v1.0.0,0.3400,RATIO,2026-08-12,POL-DTI-001,Principal affordability measure (AC-02).
APP-000054-CALC-07,APP-000054,residual_income_monthly,underwriting_calculations.qualifying_monthly_income|underwriting_calculations.total_monthly_debt,v1.0.0,6627.50,USD_PER_MONTH,2026-08-12,POL-DTI-001,Disposable income (AC-02 alternative measure).
APP-000054-CALC-08,APP-000054,ltv,loans.base_loan_amount|properties.value_used_for_ltv,v1.0.0,0.8000,RATIO,2026-08-12,POL-CONV-001,Leverage against the value the rule uses.
APP-000054-CALC-09,APP-000054,cltv,loans.base_loan_amount|properties.value_used_for_ltv,v1.0.0,0.8000,RATIO,2026-08-12,POL-CONV-001,Leverage including every subordinate lien.
APP-000054-CALC-10,APP-000054,hcltv,loans.base_loan_amount|properties.value_used_for_ltv,v1.0.0,0.8000,RATIO,2026-08-12,POL-CONV-001,Leverage counting HELOC credit lines in full.
APP-000054-CALC-11,APP-000054,down_payment_amount,properties.purchase_price|loans.base_loan_amount,v1.0.0,84000.00,USD,2026-08-12,POL-AST-002,Borrower equity contribution at purchase.
APP-000054-CALC-12,APP-000054,down_payment_pct,underwriting_calculations.down_payment_amount|properties.purchase_price,v1.0.0,0.2000,RATIO,2026-08-12,POL-AST-002,Contribution as a share of price.
APP-000054-CALC-13,APP-000054,cash_to_close,underwriting_calculations.down_payment_amount|loans.closing_costs|loans.prepaids_and_escrow|loans.seller_credits|loans.earnest_money_paid,v1.0.0,88913.75,USD,2026-08-12,POL-AST-002,Borrower funds required at settlement.
APP-000054-CALC-14,APP-000054,funds_to_close_available,assets.eligible_close_amount,v1.0.0,105226.55,USD,2026-08-12,POL-AST-001,Eligible assets available at settlement.
APP-000054-CALC-15,APP-000054,funds_shortfall,underwriting_calculations.cash_to_close|underwriting_calculations.funds_to_close_available,v1.0.0,0.00,USD,2026-08-12,POL-AST-002,Positive value means the file cannot close as structured.
APP-000054-CALC-16,APP-000054,post_close_reserves,assets.eligible_reserve_amount|underwriting_calculations.cash_to_close,v1.0.0,20391.00,USD,2026-08-12,POL-AST-003,Reserve-eligible assets surviving the settlement draw.
APP-000054-CALC-17,APP-000054,months_reserves,underwriting_calculations.post_close_reserves|underwriting_calculations.housing_expense_pitia,v1.0.0,7.00,MONTHS,2026-08-12,POL-AST-003,Reserves expressed in months of housing expense.
APP-000054-CALC-18,APP-000054,credit_utilization,credit_accounts.balance|credit_accounts.credit_limit,v1.0.0,0.2800,RATIO,2026-08-12,POL-CRD-003,Risk context only; never a policy breach on its own.
APP-000054-CALC-19,APP-000054,employment_tenure_months,employment.verified_start_date|applications.application_date,v1.0.0,54,MONTHS,2026-08-12,POL-EMP-002,"Computed from the verified start date, not the declared one."
APP-000054-CALC-20,APP-000054,payment_shock_pct,underwriting_calculations.housing_expense_pitia|applications.current_housing_payment,v1.0.0,0.3333,RATIO,2026-08-12,POL-DTI-001,Not applicable where there is no prior housing payment.
APP-000054-CALC-21,APP-000054,loan_to_income,loans.base_loan_amount|underwriting_calculations.qualifying_annual_income,v1.0.0,2.79,MULTIPLE,2026-08-12,POL-DTI-001,"Supplemental analytical measure, not an eligibility rule."
APP-000054-CALC-22,APP-000054,representative_credit_score,credit_profiles.score_1|credit_profiles.score_2|credit_profiles.score_3,v1.0.0,742,SCORE,2026-08-12,POL-CRD-001,Middle of three per borrower; lowest across borrowers.
APP-000055-CALC-01,APP-000055,gross_monthly_income,income.annual_amount,v1.0.0,11516.67,USD_PER_MONTH,2026-06-25,POL-INC-001,"Gross eligible earnings before tax, before policy adjustment."
APP-000055-CALC-02,APP-000055,qualifying_monthly_income,income.qualifying_monthly_amount,v1.0.0,11516.67,USD_PER_MONTH,2026-06-25,POL-INC-001,The income figure the affordability rules are permitted to use.
APP-000055-CALC-03,APP-000055,housing_expense_pitia,loans.principal_and_interest|properties.annual_property_tax|properties.annual_hazard_premium|properties.monthly_hoa|loans.monthly_mortgage_insurance,v1.0.0,3570.75,USD_PER_MONTH,2026-06-25,POL-DTI-001,Full qualifying housing expense; the reserve denominator.
APP-000055-CALC-04,APP-000055,total_monthly_debt,underwriting_calculations.housing_expense_pitia|liabilities.monthly_payment,v1.0.0,5067.33,USD_PER_MONTH,2026-06-25,POL-LIA-001,DTI numerator.
APP-000055-CALC-05,APP-000055,front_end_dti,underwriting_calculations.housing_expense_pitia|underwriting_calculations.qualifying_monthly_income,v1.0.0,0.3101,RATIO,2026-06-25,POL-DTI-001,Housing ratio; advisory except on the USDA overlay.
APP-000055-CALC-06,APP-000055,back_end_dti,underwriting_calculations.total_monthly_debt|underwriting_calculations.qualifying_monthly_income,v1.0.0,0.4400,RATIO,2026-06-25,POL-DTI-001,Principal affordability measure (AC-02).
APP-000055-CALC-07,APP-000055,residual_income_monthly,underwriting_calculations.qualifying_monthly_income|underwriting_calculations.total_monthly_debt,v1.0.0,6449.34,USD_PER_MONTH,2026-06-25,POL-DTI-001,Disposable income (AC-02 alternative measure).
APP-000055-CALC-08,APP-000055,ltv,loans.base_loan_amount|properties.value_used_for_ltv,v1.0.0,0.9200,RATIO,2026-06-25,POL-CONV-001,Leverage against the value the rule uses.
APP-000055-CALC-09,APP-000055,cltv,loans.base_loan_amount|properties.value_used_for_ltv,v1.0.0,0.9200,RATIO,2026-06-25,POL-CONV-001,Leverage including every subordinate lien.
APP-000055-CALC-10,APP-000055,hcltv,loans.base_loan_amount|properties.value_used_for_ltv,v1.0.0,0.9200,RATIO,2026-06-25,POL-CONV-001,Leverage counting HELOC credit lines in full.
APP-000055-CALC-11,APP-000055,down_payment_amount,properties.purchase_price|loans.base_loan_amount,v1.0.0,34400.00,USD,2026-06-25,POL-AST-002,Borrower equity contribution at purchase.
APP-000055-CALC-12,APP-000055,down_payment_pct,underwriting_calculations.down_payment_amount|properties.purchase_price,v1.0.0,0.0800,RATIO,2026-06-25,POL-AST-002,Contribution as a share of price.
APP-000055-CALC-13,APP-000055,cash_to_close,underwriting_calculations.down_payment_amount|loans.closing_costs|loans.prepaids_and_escrow|loans.seller_credits|loans.earnest_money_paid,v1.0.0,40172.71,USD,2026-06-25,POL-AST-002,Borrower funds required at settlement.
APP-000055-CALC-14,APP-000055,funds_to_close_available,assets.eligible_close_amount,v1.0.0,48742.51,USD,2026-06-25,POL-AST-001,Eligible assets available at settlement.
APP-000055-CALC-15,APP-000055,funds_shortfall,underwriting_calculations.cash_to_close|underwriting_calculations.funds_to_close_available,v1.0.0,0.00,USD,2026-06-25,POL-AST-002,Positive value means the file cannot close as structured.
APP-000055-CALC-16,APP-000055,post_close_reserves,assets.eligible_reserve_amount|underwriting_calculations.cash_to_close,v1.0.0,10712.25,USD,2026-06-25,POL-AST-003,Reserve-eligible assets surviving the settlement draw.
APP-000055-CALC-17,APP-000055,months_reserves,underwriting_calculations.post_close_reserves|underwriting_calculations.housing_expense_pitia,v1.0.0,3.00,MONTHS,2026-06-25,POL-AST-003,Reserves expressed in months of housing expense.
APP-000055-CALC-18,APP-000055,credit_utilization,credit_accounts.balance|credit_accounts.credit_limit,v1.0.0,0.2800,RATIO,2026-06-25,POL-CRD-003,Risk context only; never a policy breach on its own.
APP-000055-CALC-19,APP-000055,employment_tenure_months,employment.verified_start_date|applications.application_date,v1.0.0,54,MONTHS,2026-06-25,POL-EMP-002,"Computed from the verified start date, not the declared one."
APP-000055-CALC-20,APP-000055,payment_shock_pct,underwriting_calculations.housing_expense_pitia|applications.current_housing_payment,v1.0.0,0.4925,RATIO,2026-06-25,POL-DTI-001,Not applicable where there is no prior housing payment.
APP-000055-CALC-21,APP-000055,loan_to_income,loans.base_loan_amount|underwriting_calculations.qualifying_annual_income,v1.0.0,2.86,MULTIPLE,2026-06-25,POL-DTI-001,"Supplemental analytical measure, not an eligibility rule."
APP-000055-CALC-22,APP-000055,representative_credit_score,credit_profiles.score_1|credit_profiles.score_2|credit_profiles.score_3,v1.0.0,698,SCORE,2026-06-25,POL-CRD-001,Middle of three per borrower; lowest across borrowers.
APP-000056-CALC-01,APP-000056,gross_monthly_income,income.annual_amount,v1.0.0,12591.67,USD_PER_MONTH,2026-07-08,POL-INC-001,"Gross eligible earnings before tax, before policy adjustment."
APP-000056-CALC-02,APP-000056,qualifying_monthly_income,income.qualifying_monthly_amount,v1.0.0,12591.67,USD_PER_MONTH,2026-07-08,POL-INC-001,The income figure the affordability rules are permitted to use.
APP-000056-CALC-03,APP-000056,housing_expense_pitia,loans.principal_and_interest|properties.annual_property_tax|properties.annual_hazard_premium|properties.monthly_hoa|loans.monthly_mortgage_insurance,v1.0.0,3902.92,USD_PER_MONTH,2026-07-08,POL-DTI-001,Full qualifying housing expense; the reserve denominator.
APP-000056-CALC-04,APP-000056,total_monthly_debt,underwriting_calculations.housing_expense_pitia|liabilities.monthly_payment,v1.0.0,5540.33,USD_PER_MONTH,2026-07-08,POL-LIA-001,DTI numerator.
APP-000056-CALC-05,APP-000056,front_end_dti,underwriting_calculations.housing_expense_pitia|underwriting_calculations.qualifying_monthly_income,v1.0.0,0.3100,RATIO,2026-07-08,POL-DTI-001,Housing ratio; advisory except on the USDA overlay.
APP-000056-CALC-06,APP-000056,back_end_dti,underwriting_calculations.total_monthly_debt|underwriting_calculations.qualifying_monthly_income,v1.0.0,0.4400,RATIO,2026-07-08,POL-DTI-001,Principal affordability measure (AC-02).
APP-000056-CALC-07,APP-000056,residual_income_monthly,underwriting_calculations.qualifying_monthly_income|underwriting_calculations.total_monthly_debt,v1.0.0,7051.34,USD_PER_MONTH,2026-07-08,POL-DTI-001,Disposable income (AC-02 alternative measure).
APP-000056-CALC-08,APP-000056,ltv,loans.base_loan_amount|properties.value_used_for_ltv,v1.0.0,0.9200,RATIO,2026-07-08,POL-CONV-001,Leverage against the value the rule uses.
APP-000056-CALC-09,APP-000056,cltv,loans.base_loan_amount|properties.value_used_for_ltv,v1.0.0,0.9200,RATIO,2026-07-08,POL-CONV-001,Leverage including every subordinate lien.
APP-000056-CALC-10,APP-000056,hcltv,loans.base_loan_amount|properties.value_used_for_ltv,v1.0.0,0.9200,RATIO,2026-07-08,POL-CONV-001,Leverage counting HELOC credit lines in full.
APP-000056-CALC-11,APP-000056,down_payment_amount,properties.purchase_price|loans.base_loan_amount,v1.0.0,37600.00,USD,2026-07-08,POL-AST-002,Borrower equity contribution at purchase.
APP-000056-CALC-12,APP-000056,down_payment_pct,underwriting_calculations.down_payment_amount|properties.purchase_price,v1.0.0,0.0800,RATIO,2026-07-08,POL-AST-002,Contribution as a share of price.
APP-000056-CALC-13,APP-000056,cash_to_close,underwriting_calculations.down_payment_amount|loans.closing_costs|loans.prepaids_and_escrow|loans.seller_credits|loans.earnest_money_paid,v1.0.0,43737.62,USD,2026-07-08,POL-AST-002,Borrower funds required at settlement.
APP-000056-CALC-14,APP-000056,funds_to_close_available,assets.eligible_close_amount,v1.0.0,53104.63,USD,2026-07-08,POL-AST-001,Eligible assets available at settlement.
APP-000056-CALC-15,APP-000056,funds_shortfall,underwriting_calculations.cash_to_close|underwriting_calculations.funds_to_close_available,v1.0.0,0.00,USD,2026-07-08,POL-AST-002,Positive value means the file cannot close as structured.
APP-000056-CALC-16,APP-000056,post_close_reserves,assets.eligible_reserve_amount|underwriting_calculations.cash_to_close,v1.0.0,11708.76,USD,2026-07-08,POL-AST-003,Reserve-eligible assets surviving the settlement draw.
APP-000056-CALC-17,APP-000056,months_reserves,underwriting_calculations.post_close_reserves|underwriting_calculations.housing_expense_pitia,v1.0.0,3.00,MONTHS,2026-07-08,POL-AST-003,Reserves expressed in months of housing expense.
APP-000056-CALC-18,APP-000056,credit_utilization,credit_accounts.balance|credit_accounts.credit_limit,v1.0.0,0.2800,RATIO,2026-07-08,POL-CRD-003,Risk context only; never a policy breach on its own.
APP-000056-CALC-19,APP-000056,employment_tenure_months,employment.verified_start_date|applications.application_date,v1.0.0,54,MONTHS,2026-07-08,POL-EMP-002,"Computed from the verified start date, not the declared one."
APP-000056-CALC-20,APP-000056,payment_shock_pct,underwriting_calculations.housing_expense_pitia|applications.current_housing_payment,v1.0.0,0.3333,RATIO,2026-07-08,POL-DTI-001,Not applicable where there is no prior housing payment.
APP-000056-CALC-21,APP-000056,loan_to_income,loans.base_loan_amount|underwriting_calculations.qualifying_annual_income,v1.0.0,2.86,MULTIPLE,2026-07-08,POL-DTI-001,"Supplemental analytical measure, not an eligibility rule."
APP-000056-CALC-22,APP-000056,representative_credit_score,credit_profiles.score_1|credit_profiles.score_2|credit_profiles.score_3,v1.0.0,698,SCORE,2026-07-08,POL-CRD-001,Middle of three per borrower; lowest across borrowers.
APP-000057-CALC-01,APP-000057,gross_monthly_income,income.annual_amount,v1.0.0,8858.33,USD_PER_MONTH,2026-07-08,POL-INC-001,"Gross eligible earnings before tax, before policy adjustment."
APP-000057-CALC-02,APP-000057,qualifying_monthly_income,income.qualifying_monthly_amount,v1.0.0,8858.33,USD_PER_MONTH,2026-07-08,POL-INC-001,The income figure the affordability rules are permitted to use.
APP-000057-CALC-03,APP-000057,housing_expense_pitia,loans.principal_and_interest|properties.annual_property_tax|properties.annual_hazard_premium|properties.monthly_hoa|loans.monthly_mortgage_insurance,v1.0.0,2746.63,USD_PER_MONTH,2026-07-08,POL-DTI-001,Full qualifying housing expense; the reserve denominator.
APP-000057-CALC-04,APP-000057,total_monthly_debt,underwriting_calculations.housing_expense_pitia|liabilities.monthly_payment,v1.0.0,3897.67,USD_PER_MONTH,2026-07-08,POL-LIA-001,DTI numerator.
APP-000057-CALC-05,APP-000057,front_end_dti,underwriting_calculations.housing_expense_pitia|underwriting_calculations.qualifying_monthly_income,v1.0.0,0.3101,RATIO,2026-07-08,POL-DTI-001,Housing ratio; advisory except on the USDA overlay.
APP-000057-CALC-06,APP-000057,back_end_dti,underwriting_calculations.total_monthly_debt|underwriting_calculations.qualifying_monthly_income,v1.0.0,0.4400,RATIO,2026-07-08,POL-DTI-001,Principal affordability measure (AC-02).
APP-000057-CALC-07,APP-000057,residual_income_monthly,underwriting_calculations.qualifying_monthly_income|underwriting_calculations.total_monthly_debt,v1.0.0,4960.66,USD_PER_MONTH,2026-07-08,POL-DTI-001,Disposable income (AC-02 alternative measure).
APP-000057-CALC-08,APP-000057,ltv,loans.base_loan_amount|properties.value_used_for_ltv,v1.0.0,0.7200,RATIO,2026-07-08,POL-CONV-001,Leverage against the value the rule uses.
APP-000057-CALC-09,APP-000057,cltv,loans.base_loan_amount|properties.value_used_for_ltv,v1.0.0,0.7200,RATIO,2026-07-08,POL-CONV-001,Leverage including every subordinate lien.
APP-000057-CALC-10,APP-000057,hcltv,loans.base_loan_amount|properties.value_used_for_ltv,v1.0.0,0.7200,RATIO,2026-07-08,POL-CONV-001,Leverage counting HELOC credit lines in full.
APP-000057-CALC-11,APP-000057,down_payment_amount,properties.purchase_price|loans.base_loan_amount,v1.0.0,134400.00,USD,2026-07-08,POL-AST-002,Borrower equity contribution at purchase.
APP-000057-CALC-12,APP-000057,down_payment_pct,underwriting_calculations.down_payment_amount|properties.purchase_price,v1.0.0,0.2800,RATIO,2026-07-08,POL-AST-002,Contribution as a share of price.
APP-000057-CALC-13,APP-000057,cash_to_close,underwriting_calculations.down_payment_amount|loans.closing_costs|loans.prepaids_and_escrow|loans.seller_credits|loans.earnest_money_paid,v1.0.0,138158.48,USD,2026-07-08,POL-AST-002,Borrower funds required at settlement.
APP-000057-CALC-14,APP-000057,funds_to_close_available,assets.eligible_close_amount,v1.0.0,157934.22,USD,2026-07-08,POL-AST-001,Eligible assets available at settlement.
APP-000057-CALC-15,APP-000057,funds_shortfall,underwriting_calculations.cash_to_close|underwriting_calculations.funds_to_close_available,v1.0.0,0.00,USD,2026-07-08,POL-AST-002,Positive value means the file cannot close as structured.
APP-000057-CALC-16,APP-000057,post_close_reserves,assets.eligible_reserve_amount|underwriting_calculations.cash_to_close,v1.0.0,24719.67,USD,2026-07-08,POL-AST-003,Reserve-eligible assets surviving the settlement draw.
APP-000057-CALC-17,APP-000057,months_reserves,underwriting_calculations.post_close_reserves|underwriting_calculations.housing_expense_pitia,v1.0.0,9.00,MONTHS,2026-07-08,POL-AST-003,Reserves expressed in months of housing expense.
APP-000057-CALC-18,APP-000057,credit_utilization,credit_accounts.balance|credit_accounts.credit_limit,v1.0.0,0.2800,RATIO,2026-07-08,POL-CRD-003,Risk context only; never a policy breach on its own.
APP-000057-CALC-19,APP-000057,employment_tenure_months,employment.verified_start_date|applications.application_date,v1.0.0,54,MONTHS,2026-07-08,POL-EMP-002,"Computed from the verified start date, not the declared one."
APP-000057-CALC-20,APP-000057,payment_shock_pct,underwriting_calculations.housing_expense_pitia|applications.current_housing_payment,v1.0.0,0.4706,RATIO,2026-07-08,POL-DTI-001,Not applicable where there is no prior housing payment.
APP-000057-CALC-21,APP-000057,loan_to_income,loans.base_loan_amount|underwriting_calculations.qualifying_annual_income,v1.0.0,3.25,MULTIPLE,2026-07-08,POL-DTI-001,"Supplemental analytical measure, not an eligibility rule."
APP-000057-CALC-22,APP-000057,representative_credit_score,credit_profiles.score_1|credit_profiles.score_2|credit_profiles.score_3,v1.0.0,744,SCORE,2026-07-08,POL-CRD-001,Middle of three per borrower; lowest across borrowers.
APP-000058-CALC-01,APP-000058,gross_monthly_income,income.annual_amount,v1.0.0,14208.33,USD_PER_MONTH,2026-09-04,POL-INC-001,"Gross eligible earnings before tax, before policy adjustment."
APP-000058-CALC-02,APP-000058,qualifying_monthly_income,income.qualifying_monthly_amount,v1.0.0,14208.33,USD_PER_MONTH,2026-09-04,POL-INC-001,The income figure the affordability rules are permitted to use.
APP-000058-CALC-03,APP-000058,housing_expense_pitia,loans.principal_and_interest|properties.annual_property_tax|properties.annual_hazard_premium|properties.monthly_hoa|loans.monthly_mortgage_insurance,v1.0.0,4120.48,USD_PER_MONTH,2026-09-04,POL-DTI-001,Full qualifying housing expense; the reserve denominator.
APP-000058-CALC-04,APP-000058,total_monthly_debt,underwriting_calculations.housing_expense_pitia|liabilities.monthly_payment,v1.0.0,5399.17,USD_PER_MONTH,2026-09-04,POL-LIA-001,DTI numerator.
APP-000058-CALC-05,APP-000058,front_end_dti,underwriting_calculations.housing_expense_pitia|underwriting_calculations.qualifying_monthly_income,v1.0.0,0.2900,RATIO,2026-09-04,POL-DTI-001,Housing ratio; advisory except on the USDA overlay.
APP-000058-CALC-06,APP-000058,back_end_dti,underwriting_calculations.total_monthly_debt|underwriting_calculations.qualifying_monthly_income,v1.0.0,0.3800,RATIO,2026-09-04,POL-DTI-001,Principal affordability measure (AC-02).
APP-000058-CALC-07,APP-000058,residual_income_monthly,underwriting_calculations.qualifying_monthly_income|underwriting_calculations.total_monthly_debt,v1.0.0,8809.16,USD_PER_MONTH,2026-09-04,POL-DTI-001,Disposable income (AC-02 alternative measure).
APP-000058-CALC-08,APP-000058,ltv,loans.base_loan_amount|properties.value_used_for_ltv,v1.0.0,0.9500,RATIO,2026-09-04,POL-CONV-001,Leverage against the value the rule uses.
APP-000058-CALC-09,APP-000058,cltv,loans.base_loan_amount|properties.value_used_for_ltv,v1.0.0,0.9500,RATIO,2026-09-04,POL-CONV-001,Leverage including every subordinate lien.
APP-000058-CALC-10,APP-000058,hcltv,loans.base_loan_amount|properties.value_used_for_ltv,v1.0.0,0.9500,RATIO,2026-09-04,POL-CONV-001,Leverage counting HELOC credit lines in full.
APP-000058-CALC-11,APP-000058,down_payment_amount,properties.purchase_price|loans.base_loan_amount,v1.0.0,26500.00,USD,2026-09-04,POL-AST-002,Borrower equity contribution at purchase.
APP-000058-CALC-12,APP-000058,down_payment_pct,underwriting_calculations.down_payment_amount|properties.purchase_price,v1.0.0,0.0500,RATIO,2026-09-04,POL-AST-002,Contribution as a share of price.
APP-000058-CALC-13,APP-000058,cash_to_close,underwriting_calculations.down_payment_amount|loans.closing_costs|loans.prepaids_and_escrow|loans.seller_credits|loans.earnest_money_paid,v1.0.0,32247.90,USD,2026-09-04,POL-AST-002,Borrower funds required at settlement.
APP-000058-CALC-14,APP-000058,funds_to_close_available,assets.eligible_close_amount,v1.0.0,48729.82,USD,2026-09-04,POL-AST-001,Eligible assets available at settlement.
APP-000058-CALC-15,APP-000058,funds_shortfall,underwriting_calculations.cash_to_close|underwriting_calculations.funds_to_close_available,v1.0.0,0.00,USD,2026-09-04,POL-AST-002,Positive value means the file cannot close as structured.
APP-000058-CALC-16,APP-000058,post_close_reserves,assets.eligible_reserve_amount|underwriting_calculations.cash_to_close,v1.0.0,20602.40,USD,2026-09-04,POL-AST-003,Reserve-eligible assets surviving the settlement draw.
APP-000058-CALC-17,APP-000058,months_reserves,underwriting_calculations.post_close_reserves|underwriting_calculations.housing_expense_pitia,v1.0.0,5.00,MONTHS,2026-09-04,POL-AST-003,Reserves expressed in months of housing expense.
APP-000058-CALC-18,APP-000058,credit_utilization,credit_accounts.balance|credit_accounts.credit_limit,v1.0.0,0.2800,RATIO,2026-09-04,POL-CRD-003,Risk context only; never a policy breach on its own.
APP-000058-CALC-19,APP-000058,employment_tenure_months,employment.verified_start_date|applications.application_date,v1.0.0,54,MONTHS,2026-09-04,POL-EMP-002,"Computed from the verified start date, not the declared one."
APP-000058-CALC-20,APP-000058,payment_shock_pct,underwriting_calculations.housing_expense_pitia|applications.current_housing_payment,v1.0.0,0.8519,RATIO,2026-09-04,POL-DTI-001,Not applicable where there is no prior housing payment.
APP-000058-CALC-21,APP-000058,loan_to_income,loans.base_loan_amount|underwriting_calculations.qualifying_annual_income,v1.0.0,2.95,MULTIPLE,2026-09-04,POL-DTI-001,"Supplemental analytical measure, not an eligibility rule."
APP-000058-CALC-22,APP-000058,representative_credit_score,credit_profiles.score_1|credit_profiles.score_2|credit_profiles.score_3,v1.0.0,640,SCORE,2026-09-04,POL-CRD-001,Middle of three per borrower; lowest across borrowers.
APP-000059-CALC-01,APP-000059,gross_monthly_income,income.annual_amount,v1.0.0,12416.67,USD_PER_MONTH,2026-09-04,POL-INC-001,"Gross eligible earnings before tax, before policy adjustment."
APP-000059-CALC-02,APP-000059,qualifying_monthly_income,income.qualifying_monthly_amount,v1.0.0,12416.67,USD_PER_MONTH,2026-09-04,POL-INC-001,The income figure the affordability rules are permitted to use.
APP-000059-CALC-03,APP-000059,housing_expense_pitia,loans.principal_and_interest|properties.annual_property_tax|properties.annual_hazard_premium|properties.monthly_hoa|loans.monthly_mortgage_insurance,v1.0.0,3600.44,USD_PER_MONTH,2026-09-04,POL-DTI-001,Full qualifying housing expense; the reserve denominator.
APP-000059-CALC-04,APP-000059,total_monthly_debt,underwriting_calculations.housing_expense_pitia|liabilities.monthly_payment,v1.0.0,4718.33,USD_PER_MONTH,2026-09-04,POL-LIA-001,DTI numerator.
APP-000059-CALC-05,APP-000059,front_end_dti,underwriting_calculations.housing_expense_pitia|underwriting_calculations.qualifying_monthly_income,v1.0.0,0.2900,RATIO,2026-09-04,POL-DTI-001,Housing ratio; advisory except on the USDA overlay.
APP-000059-CALC-06,APP-000059,back_end_dti,underwriting_calculations.total_monthly_debt|underwriting_calculations.qualifying_monthly_income,v1.0.0,0.3800,RATIO,2026-09-04,POL-DTI-001,Principal affordability measure (AC-02).
APP-000059-CALC-07,APP-000059,residual_income_monthly,underwriting_calculations.qualifying_monthly_income|underwriting_calculations.total_monthly_debt,v1.0.0,7698.34,USD_PER_MONTH,2026-09-04,POL-DTI-001,Disposable income (AC-02 alternative measure).
APP-000059-CALC-08,APP-000059,ltv,loans.base_loan_amount|properties.value_used_for_ltv,v1.0.0,0.9500,RATIO,2026-09-04,POL-CONV-001,Leverage against the value the rule uses.
APP-000059-CALC-09,APP-000059,cltv,loans.base_loan_amount|properties.value_used_for_ltv,v1.0.0,0.9500,RATIO,2026-09-04,POL-CONV-001,Leverage including every subordinate lien.
APP-000059-CALC-10,APP-000059,hcltv,loans.base_loan_amount|properties.value_used_for_ltv,v1.0.0,0.9500,RATIO,2026-09-04,POL-CONV-001,Leverage counting HELOC credit lines in full.
APP-000059-CALC-11,APP-000059,down_payment_amount,properties.purchase_price|loans.base_loan_amount,v1.0.0,22000.00,USD,2026-09-04,POL-AST-002,Borrower equity contribution at purchase.
APP-000059-CALC-12,APP-000059,down_payment_pct,underwriting_calculations.down_payment_amount|properties.purchase_price,v1.0.0,0.0500,RATIO,2026-09-04,POL-AST-002,Contribution as a share of price.
APP-000059-CALC-13,APP-000059,cash_to_close,underwriting_calculations.down_payment_amount|loans.closing_costs|loans.prepaids_and_escrow|loans.seller_credits|loans.earnest_money_paid,v1.0.0,27625.00,USD,2026-09-04,POL-AST-002,Borrower funds required at settlement.
APP-000059-CALC-14,APP-000059,funds_to_close_available,assets.eligible_close_amount,v1.0.0,42026.76,USD,2026-09-04,POL-AST-001,Eligible assets available at settlement.
APP-000059-CALC-15,APP-000059,funds_shortfall,underwriting_calculations.cash_to_close|underwriting_calculations.funds_to_close_available,v1.0.0,0.00,USD,2026-09-04,POL-AST-002,Positive value means the file cannot close as structured.
APP-000059-CALC-16,APP-000059,post_close_reserves,assets.eligible_reserve_amount|underwriting_calculations.cash_to_close,v1.0.0,18002.20,USD,2026-09-04,POL-AST-003,Reserve-eligible assets surviving the settlement draw.
APP-000059-CALC-17,APP-000059,months_reserves,underwriting_calculations.post_close_reserves|underwriting_calculations.housing_expense_pitia,v1.0.0,5.00,MONTHS,2026-09-04,POL-AST-003,Reserves expressed in months of housing expense.
APP-000059-CALC-18,APP-000059,credit_utilization,credit_accounts.balance|credit_accounts.credit_limit,v1.0.0,0.2800,RATIO,2026-09-04,POL-CRD-003,Risk context only; never a policy breach on its own.
APP-000059-CALC-19,APP-000059,employment_tenure_months,employment.verified_start_date|applications.application_date,v1.0.0,54,MONTHS,2026-09-04,POL-EMP-002,"Computed from the verified start date, not the declared one."
APP-000059-CALC-20,APP-000059,payment_shock_pct,underwriting_calculations.housing_expense_pitia|applications.current_housing_payment,v1.0.0,0.5873,RATIO,2026-09-04,POL-DTI-001,Not applicable where there is no prior housing payment.
APP-000059-CALC-21,APP-000059,loan_to_income,loans.base_loan_amount|underwriting_calculations.qualifying_annual_income,v1.0.0,2.81,MULTIPLE,2026-09-04,POL-DTI-001,"Supplemental analytical measure, not an eligibility rule."
APP-000059-CALC-22,APP-000059,representative_credit_score,credit_profiles.score_1|credit_profiles.score_2|credit_profiles.score_3,v1.0.0,639,SCORE,2026-09-04,POL-CRD-001,Middle of three per borrower; lowest across borrowers.
APP-000060-CALC-01,APP-000060,gross_monthly_income,income.annual_amount,v1.0.0,14916.67,USD_PER_MONTH,2026-08-12,POL-INC-001,"Gross eligible earnings before tax, before policy adjustment."
APP-000060-CALC-02,APP-000060,qualifying_monthly_income,income.qualifying_monthly_amount,v1.0.0,14916.67,USD_PER_MONTH,2026-08-12,POL-INC-001,The income figure the affordability rules are permitted to use.
APP-000060-CALC-03,APP-000060,housing_expense_pitia,loans.principal_and_interest|properties.annual_property_tax|properties.annual_hazard_premium|properties.monthly_hoa|loans.monthly_mortgage_insurance,v1.0.0,4325.71,USD_PER_MONTH,2026-08-12,POL-DTI-001,Full qualifying housing expense; the reserve denominator.
APP-000060-CALC-04,APP-000060,total_monthly_debt,underwriting_calculations.housing_expense_pitia|liabilities.monthly_payment,v1.0.0,5370.00,USD_PER_MONTH,2026-08-12,POL-LIA-001,DTI numerator.
APP-000060-CALC-05,APP-000060,front_end_dti,underwriting_calculations.housing_expense_pitia|underwriting_calculations.qualifying_monthly_income,v1.0.0,0.2900,RATIO,2026-08-12,POL-DTI-001,Housing ratio; advisory except on the USDA overlay.
APP-000060-CALC-06,APP-000060,back_end_dti,underwriting_calculations.total_monthly_debt|underwriting_calculations.qualifying_monthly_income,v1.0.0,0.3600,RATIO,2026-08-12,POL-DTI-001,Principal affordability measure (AC-02).
APP-000060-CALC-07,APP-000060,residual_income_monthly,underwriting_calculations.qualifying_monthly_income|underwriting_calculations.total_monthly_debt,v1.0.0,9546.67,USD_PER_MONTH,2026-08-12,POL-DTI-001,Disposable income (AC-02 alternative measure).
APP-000060-CALC-08,APP-000060,ltv,loans.base_loan_amount|properties.value_used_for_ltv,v1.0.0,0.9700,RATIO,2026-08-12,POL-CONV-001,Leverage against the value the rule uses.
APP-000060-CALC-09,APP-000060,cltv,loans.base_loan_amount|properties.value_used_for_ltv,v1.0.0,0.9700,RATIO,2026-08-12,POL-CONV-001,Leverage including every subordinate lien.
APP-000060-CALC-10,APP-000060,hcltv,loans.base_loan_amount|properties.value_used_for_ltv,v1.0.0,0.9700,RATIO,2026-08-12,POL-CONV-001,Leverage counting HELOC credit lines in full.
APP-000060-CALC-11,APP-000060,down_payment_amount,properties.purchase_price|loans.base_loan_amount,v1.0.0,14400.00,USD,2026-08-12,POL-AST-002,Borrower equity contribution at purchase.
APP-000060-CALC-12,APP-000060,down_payment_pct,underwriting_calculations.down_payment_amount|properties.purchase_price,v1.0.0,0.0300,RATIO,2026-08-12,POL-AST-002,Contribution as a share of price.
APP-000060-CALC-13,APP-000060,cash_to_close,underwriting_calculations.down_payment_amount|loans.closing_costs|loans.prepaids_and_escrow|loans.seller_credits|loans.earnest_money_paid,v1.0.0,21318.43,USD,2026-08-12,POL-AST-002,Borrower funds required at settlement.
APP-000060-CALC-14,APP-000060,funds_to_close_available,assets.eligible_close_amount,v1.0.0,35160.70,USD,2026-08-12,POL-AST-001,Eligible assets available at settlement.
APP-000060-CALC-15,APP-000060,funds_shortfall,underwriting_calculations.cash_to_close|underwriting_calculations.funds_to_close_available,v1.0.0,0.00,USD,2026-08-12,POL-AST-002,Positive value means the file cannot close as structured.
APP-000060-CALC-16,APP-000060,post_close_reserves,assets.eligible_reserve_amount|underwriting_calculations.cash_to_close,v1.0.0,17302.84,USD,2026-08-12,POL-AST-003,Reserve-eligible assets surviving the settlement draw.
APP-000060-CALC-17,APP-000060,months_reserves,underwriting_calculations.post_close_reserves|underwriting_calculations.housing_expense_pitia,v1.0.0,4.00,MONTHS,2026-08-12,POL-AST-003,Reserves expressed in months of housing expense.
APP-000060-CALC-18,APP-000060,credit_utilization,credit_accounts.balance|credit_accounts.credit_limit,v1.0.0,0.2800,RATIO,2026-08-12,POL-CRD-003,Risk context only; never a policy breach on its own.
APP-000060-CALC-19,APP-000060,employment_tenure_months,employment.verified_start_date|applications.application_date,v1.0.0,54,MONTHS,2026-08-12,POL-EMP-002,"Computed from the verified start date, not the declared one."
APP-000060-CALC-20,APP-000060,payment_shock_pct,underwriting_calculations.housing_expense_pitia|applications.current_housing_payment,v1.0.0,0.6393,RATIO,2026-08-12,POL-DTI-001,Not applicable where there is no prior housing payment.
APP-000060-CALC-21,APP-000060,loan_to_income,loans.base_loan_amount|underwriting_calculations.qualifying_annual_income,v1.0.0,2.60,MULTIPLE,2026-08-12,POL-DTI-001,"Supplemental analytical measure, not an eligibility rule."
APP-000060-CALC-22,APP-000060,representative_credit_score,credit_profiles.score_1|credit_profiles.score_2|credit_profiles.score_3,v1.0.0,724,SCORE,2026-08-12,POL-CRD-001,Middle of three per borrower; lowest across borrowers.
APP-000061-CALC-01,APP-000061,gross_monthly_income,income.annual_amount,v1.0.0,10900.00,USD_PER_MONTH,2026-08-12,POL-INC-001,"Gross eligible earnings before tax, before policy adjustment."
APP-000061-CALC-02,APP-000061,qualifying_monthly_income,income.qualifying_monthly_amount,v1.0.0,10900.00,USD_PER_MONTH,2026-08-12,POL-INC-001,The income figure the affordability rules are permitted to use.
APP-000061-CALC-03,APP-000061,housing_expense_pitia,loans.principal_and_interest|properties.annual_property_tax|properties.annual_hazard_premium|properties.monthly_hoa|loans.monthly_mortgage_insurance,v1.0.0,3160.24,USD_PER_MONTH,2026-08-12,POL-DTI-001,Full qualifying housing expense; the reserve denominator.
APP-000061-CALC-04,APP-000061,total_monthly_debt,underwriting_calculations.housing_expense_pitia|liabilities.monthly_payment,v1.0.0,3597.00,USD_PER_MONTH,2026-08-12,POL-LIA-001,DTI numerator.
APP-000061-CALC-05,APP-000061,front_end_dti,underwriting_calculations.housing_expense_pitia|underwriting_calculations.qualifying_monthly_income,v1.0.0,0.2899,RATIO,2026-08-12,POL-DTI-001,Housing ratio; advisory except on the USDA overlay.
APP-000061-CALC-06,APP-000061,back_end_dti,underwriting_calculations.total_monthly_debt|underwriting_calculations.qualifying_monthly_income,v1.0.0,0.3300,RATIO,2026-08-12,POL-DTI-001,Principal affordability measure (AC-02).
APP-000061-CALC-07,APP-000061,residual_income_monthly,underwriting_calculations.qualifying_monthly_income|underwriting_calculations.total_monthly_debt,v1.0.0,7303.00,USD_PER_MONTH,2026-08-12,POL-DTI-001,Disposable income (AC-02 alternative measure).
APP-000061-CALC-08,APP-000061,ltv,loans.base_loan_amount|properties.value_used_for_ltv,v1.0.0,0.8000,RATIO,2026-08-12,POL-CONV-001,Leverage against the value the rule uses.
APP-000061-CALC-09,APP-000061,cltv,loans.base_loan_amount|properties.value_used_for_ltv,v1.0.0,0.8000,RATIO,2026-08-12,POL-CONV-001,Leverage including every subordinate lien.
APP-000061-CALC-10,APP-000061,hcltv,loans.base_loan_amount|properties.value_used_for_ltv,v1.0.0,0.8000,RATIO,2026-08-12,POL-CONV-001,Leverage counting HELOC credit lines in full.
APP-000061-CALC-11,APP-000061,down_payment_amount,properties.purchase_price|loans.base_loan_amount,v1.0.0,104000.00,USD,2026-08-12,POL-AST-002,Borrower equity contribution at purchase.
APP-000061-CALC-12,APP-000061,down_payment_pct,underwriting_calculations.down_payment_amount|properties.purchase_price,v1.0.0,0.2000,RATIO,2026-08-12,POL-AST-002,Contribution as a share of price.
APP-000061-CALC-13,APP-000061,cash_to_close,underwriting_calculations.down_payment_amount|loans.closing_costs|loans.prepaids_and_escrow|loans.seller_credits|loans.earnest_money_paid,v1.0.0,97904.22,USD,2026-08-12,POL-AST-002,Borrower funds required at settlement.
APP-000061-CALC-14,APP-000061,funds_to_close_available,assets.eligible_close_amount,v1.0.0,120657.95,USD,2026-08-12,POL-AST-001,Eligible assets available at settlement.
APP-000061-CALC-15,APP-000061,funds_shortfall,underwriting_calculations.cash_to_close|underwriting_calculations.funds_to_close_available,v1.0.0,0.00,USD,2026-08-12,POL-AST-002,Positive value means the file cannot close as structured.
APP-000061-CALC-16,APP-000061,post_close_reserves,assets.eligible_reserve_amount|underwriting_calculations.cash_to_close,v1.0.0,28442.16,USD,2026-08-12,POL-AST-003,Reserve-eligible assets surviving the settlement draw.
APP-000061-CALC-17,APP-000061,months_reserves,underwriting_calculations.post_close_reserves|underwriting_calculations.housing_expense_pitia,v1.0.0,9.00,MONTHS,2026-08-12,POL-AST-003,Reserves expressed in months of housing expense.
APP-000061-CALC-18,APP-000061,credit_utilization,credit_accounts.balance|credit_accounts.credit_limit,v1.0.0,0.2800,RATIO,2026-08-12,POL-CRD-003,Risk context only; never a policy breach on its own.
APP-000061-CALC-19,APP-000061,employment_tenure_months,employment.verified_start_date|applications.application_date,v1.0.0,54,MONTHS,2026-08-12,POL-EMP-002,"Computed from the verified start date, not the declared one."
APP-000061-CALC-20,APP-000061,payment_shock_pct,underwriting_calculations.housing_expense_pitia|applications.current_housing_payment,v1.0.0,0.3513,RATIO,2026-08-12,POL-DTI-001,Not applicable where there is no prior housing payment.
APP-000061-CALC-21,APP-000061,loan_to_income,loans.base_loan_amount|underwriting_calculations.qualifying_annual_income,v1.0.0,3.18,MULTIPLE,2026-08-12,POL-DTI-001,"Supplemental analytical measure, not an eligibility rule."
APP-000061-CALC-22,APP-000061,representative_credit_score,credit_profiles.score_1|credit_profiles.score_2|credit_profiles.score_3,v1.0.0,728,SCORE,2026-08-12,POL-CRD-001,Middle of three per borrower; lowest across borrowers.
APP-000062-CALC-01,APP-000062,gross_monthly_income,income.annual_amount,v1.0.0,11083.33,USD_PER_MONTH,2026-08-12,POL-INC-001,"Gross eligible earnings before tax, before policy adjustment."
APP-000062-CALC-02,APP-000062,qualifying_monthly_income,income.qualifying_monthly_amount,v1.0.0,11083.33,USD_PER_MONTH,2026-08-12,POL-INC-001,The income figure the affordability rules are permitted to use.
APP-000062-CALC-03,APP-000062,housing_expense_pitia,loans.principal_and_interest|properties.annual_property_tax|properties.annual_hazard_premium|properties.monthly_hoa|loans.monthly_mortgage_insurance,v1.0.0,3214.29,USD_PER_MONTH,2026-08-12,POL-DTI-001,Full qualifying housing expense; the reserve denominator.
APP-000062-CALC-04,APP-000062,total_monthly_debt,underwriting_calculations.housing_expense_pitia|liabilities.monthly_payment,v1.0.0,3768.33,USD_PER_MONTH,2026-08-12,POL-LIA-001,DTI numerator.
APP-000062-CALC-05,APP-000062,front_end_dti,underwriting_calculations.housing_expense_pitia|underwriting_calculations.qualifying_monthly_income,v1.0.0,0.2900,RATIO,2026-08-12,POL-DTI-001,Housing ratio; advisory except on the USDA overlay.
APP-000062-CALC-06,APP-000062,back_end_dti,underwriting_calculations.total_monthly_debt|underwriting_calculations.qualifying_monthly_income,v1.0.0,0.3400,RATIO,2026-08-12,POL-DTI-001,Principal affordability measure (AC-02).
APP-000062-CALC-07,APP-000062,residual_income_monthly,underwriting_calculations.qualifying_monthly_income|underwriting_calculations.total_monthly_debt,v1.0.0,7315.00,USD_PER_MONTH,2026-08-12,POL-DTI-001,Disposable income (AC-02 alternative measure).
APP-000062-CALC-08,APP-000062,ltv,loans.base_loan_amount|properties.value_used_for_ltv,v1.0.0,0.8000,RATIO,2026-08-12,POL-CONV-001,Leverage against the value the rule uses.
APP-000062-CALC-09,APP-000062,cltv,loans.base_loan_amount|properties.value_used_for_ltv,v1.0.0,0.8000,RATIO,2026-08-12,POL-CONV-001,Leverage including every subordinate lien.
APP-000062-CALC-10,APP-000062,hcltv,loans.base_loan_amount|properties.value_used_for_ltv,v1.0.0,0.8000,RATIO,2026-08-12,POL-CONV-001,Leverage counting HELOC credit lines in full.
APP-000062-CALC-11,APP-000062,down_payment_amount,properties.purchase_price|loans.base_loan_amount,v1.0.0,108000.00,USD,2026-08-12,POL-AST-002,Borrower equity contribution at purchase.
APP-000062-CALC-12,APP-000062,down_payment_pct,underwriting_calculations.down_payment_amount|properties.purchase_price,v1.0.0,0.2000,RATIO,2026-08-12,POL-AST-002,Contribution as a share of price.
APP-000062-CALC-13,APP-000062,cash_to_close,underwriting_calculations.down_payment_amount|loans.closing_costs|loans.prepaids_and_escrow|loans.seller_credits|loans.earnest_money_paid,v1.0.0,101396.10,USD,2026-08-12,POL-AST-002,Borrower funds required at settlement.
APP-000062-CALC-14,APP-000062,funds_to_close_available,assets.eligible_close_amount,v1.0.0,121967.56,USD,2026-08-12,POL-AST-001,Eligible assets available at settlement.
APP-000062-CALC-15,APP-000062,funds_shortfall,underwriting_calculations.cash_to_close|underwriting_calculations.funds_to_close_available,v1.0.0,0.00,USD,2026-08-12,POL-AST-002,Positive value means the file cannot close as structured.
APP-000062-CALC-16,APP-000062,post_close_reserves,assets.eligible_reserve_amount|underwriting_calculations.cash_to_close,v1.0.0,25714.32,USD,2026-08-12,POL-AST-003,Reserve-eligible assets surviving the settlement draw.
APP-000062-CALC-17,APP-000062,months_reserves,underwriting_calculations.post_close_reserves|underwriting_calculations.housing_expense_pitia,v1.0.0,8.00,MONTHS,2026-08-12,POL-AST-003,Reserves expressed in months of housing expense.
APP-000062-CALC-18,APP-000062,credit_utilization,credit_accounts.balance|credit_accounts.credit_limit,v1.0.0,0.2800,RATIO,2026-08-12,POL-CRD-003,Risk context only; never a policy breach on its own.
APP-000062-CALC-19,APP-000062,employment_tenure_months,employment.verified_start_date|applications.application_date,v1.0.0,54,MONTHS,2026-08-12,POL-EMP-002,"Computed from the verified start date, not the declared one."
APP-000062-CALC-20,APP-000062,payment_shock_pct,underwriting_calculations.housing_expense_pitia|applications.current_housing_payment,v1.0.0,0.2500,RATIO,2026-08-12,POL-DTI-001,Not applicable where there is no prior housing payment.
APP-000062-CALC-21,APP-000062,loan_to_income,loans.base_loan_amount|underwriting_calculations.qualifying_annual_income,v1.0.0,3.25,MULTIPLE,2026-08-12,POL-DTI-001,"Supplemental analytical measure, not an eligibility rule."
APP-000062-CALC-22,APP-000062,representative_credit_score,credit_profiles.score_1|credit_profiles.score_2|credit_profiles.score_3,v1.0.0,604,SCORE,2026-08-12,POL-CRD-001,Middle of three per borrower; lowest across borrowers.
APP-000063-CALC-01,APP-000063,gross_monthly_income,income.annual_amount,v1.0.0,14983.33,USD_PER_MONTH,2026-09-04,POL-INC-001,"Gross eligible earnings before tax, before policy adjustment."
APP-000063-CALC-02,APP-000063,qualifying_monthly_income,income.qualifying_monthly_amount,v1.0.0,14983.33,USD_PER_MONTH,2026-09-04,POL-INC-001,The income figure the affordability rules are permitted to use.
APP-000063-CALC-03,APP-000063,housing_expense_pitia,loans.principal_and_interest|properties.annual_property_tax|properties.annual_hazard_premium|properties.monthly_hoa|loans.monthly_mortgage_insurance,v1.0.0,4345.02,USD_PER_MONTH,2026-09-04,POL-DTI-001,Full qualifying housing expense; the reserve denominator.
APP-000063-CALC-04,APP-000063,total_monthly_debt,underwriting_calculations.housing_expense_pitia|liabilities.monthly_payment,v1.0.0,5693.67,USD_PER_MONTH,2026-09-04,POL-LIA-001,DTI numerator.
APP-000063-CALC-05,APP-000063,front_end_dti,underwriting_calculations.housing_expense_pitia|underwriting_calculations.qualifying_monthly_income,v1.0.0,0.2900,RATIO,2026-09-04,POL-DTI-001,Housing ratio; advisory except on the USDA overlay.
APP-000063-CALC-06,APP-000063,back_end_dti,underwriting_calculations.total_monthly_debt|underwriting_calculations.qualifying_monthly_income,v1.0.0,0.3800,RATIO,2026-09-04,POL-DTI-001,Principal affordability measure (AC-02).
APP-000063-CALC-07,APP-000063,residual_income_monthly,underwriting_calculations.qualifying_monthly_income|underwriting_calculations.total_monthly_debt,v1.0.0,9289.66,USD_PER_MONTH,2026-09-04,POL-DTI-001,Disposable income (AC-02 alternative measure).
APP-000063-CALC-08,APP-000063,ltv,loans.base_loan_amount|properties.value_used_for_ltv,v1.0.0,0.8500,RATIO,2026-09-04,POL-CONV-001,Leverage against the value the rule uses.
APP-000063-CALC-09,APP-000063,cltv,loans.base_loan_amount|properties.value_used_for_ltv,v1.0.0,0.8500,RATIO,2026-09-04,POL-CONV-001,Leverage including every subordinate lien.
APP-000063-CALC-10,APP-000063,hcltv,loans.base_loan_amount|properties.value_used_for_ltv,v1.0.0,0.8500,RATIO,2026-09-04,POL-CONV-001,Leverage counting HELOC credit lines in full.
APP-000063-CALC-11,APP-000063,down_payment_amount,properties.purchase_price|loans.base_loan_amount,v1.0.0,99000.00,USD,2026-09-04,POL-AST-002,Borrower equity contribution at purchase.
APP-000063-CALC-12,APP-000063,down_payment_pct,underwriting_calculations.down_payment_amount|properties.purchase_price,v1.0.0,0.1500,RATIO,2026-09-04,POL-AST-002,Contribution as a share of price.
APP-000063-CALC-13,APP-000063,cash_to_close,underwriting_calculations.down_payment_amount|loans.closing_costs|loans.prepaids_and_escrow|loans.seller_credits|loans.earnest_money_paid,v1.0.0,104385.14,USD,2026-09-04,POL-AST-002,Borrower funds required at settlement.
APP-000063-CALC-14,APP-000063,funds_to_close_available,assets.eligible_close_amount,v1.0.0,125241.24,USD,2026-09-04,POL-AST-001,Eligible assets available at settlement.
APP-000063-CALC-15,APP-000063,funds_shortfall,underwriting_calculations.cash_to_close|underwriting_calculations.funds_to_close_available,v1.0.0,0.00,USD,2026-09-04,POL-AST-002,Positive value means the file cannot close as structured.
APP-000063-CALC-16,APP-000063,post_close_reserves,assets.eligible_reserve_amount|underwriting_calculations.cash_to_close,v1.0.0,26070.12,USD,2026-09-04,POL-AST-003,Reserve-eligible assets surviving the settlement draw.
APP-000063-CALC-17,APP-000063,months_reserves,underwriting_calculations.post_close_reserves|underwriting_calculations.housing_expense_pitia,v1.0.0,6.00,MONTHS,2026-09-04,POL-AST-003,Reserves expressed in months of housing expense.
APP-000063-CALC-18,APP-000063,credit_utilization,credit_accounts.balance|credit_accounts.credit_limit,v1.0.0,0.2800,RATIO,2026-09-04,POL-CRD-003,Risk context only; never a policy breach on its own.
APP-000063-CALC-19,APP-000063,employment_tenure_months,employment.verified_start_date|applications.application_date,v1.0.0,54,MONTHS,2026-09-04,POL-EMP-002,"Computed from the verified start date, not the declared one."
APP-000063-CALC-20,APP-000063,payment_shock_pct,underwriting_calculations.housing_expense_pitia|applications.current_housing_payment,v1.0.0,0.6667,RATIO,2026-09-04,POL-DTI-001,Not applicable where there is no prior housing payment.
APP-000063-CALC-21,APP-000063,loan_to_income,loans.base_loan_amount|underwriting_calculations.qualifying_annual_income,v1.0.0,3.12,MULTIPLE,2026-09-04,POL-DTI-001,"Supplemental analytical measure, not an eligibility rule."
APP-000063-CALC-22,APP-000063,representative_credit_score,credit_profiles.score_1|credit_profiles.score_2|credit_profiles.score_3,v1.0.0,742,SCORE,2026-09-04,POL-CRD-001,Middle of three per borrower; lowest across borrowers.
APP-000064-CALC-01,APP-000064,gross_monthly_income,income.annual_amount,v1.0.0,10341.67,USD_PER_MONTH,2026-09-04,POL-INC-001,"Gross eligible earnings before tax, before policy adjustment."
APP-000064-CALC-02,APP-000064,qualifying_monthly_income,income.qualifying_monthly_amount,v1.0.0,10341.67,USD_PER_MONTH,2026-09-04,POL-INC-001,The income figure the affordability rules are permitted to use.
APP-000064-CALC-03,APP-000064,housing_expense_pitia,loans.principal_and_interest|properties.annual_property_tax|properties.annual_hazard_premium|properties.monthly_hoa|loans.monthly_mortgage_insurance,v1.0.0,3103.12,USD_PER_MONTH,2026-09-04,POL-DTI-001,Full qualifying housing expense; the reserve denominator.
APP-000064-CALC-04,APP-000064,total_monthly_debt,underwriting_calculations.housing_expense_pitia|liabilities.monthly_payment,v1.0.0,4860.58,USD_PER_MONTH,2026-09-04,POL-LIA-001,DTI numerator.
APP-000064-CALC-05,APP-000064,front_end_dti,underwriting_calculations.housing_expense_pitia|underwriting_calculations.qualifying_monthly_income,v1.0.0,0.3001,RATIO,2026-09-04,POL-DTI-001,Housing ratio; advisory except on the USDA overlay.
APP-000064-CALC-06,APP-000064,back_end_dti,underwriting_calculations.total_monthly_debt|underwriting_calculations.qualifying_monthly_income,v1.0.0,0.4700,RATIO,2026-09-04,POL-DTI-001,Principal affordability measure (AC-02).
APP-000064-CALC-07,APP-000064,residual_income_monthly,underwriting_calculations.qualifying_monthly_income|underwriting_calculations.total_monthly_debt,v1.0.0,5481.09,USD_PER_MONTH,2026-09-04,POL-DTI-001,Disposable income (AC-02 alternative measure).
APP-000064-CALC-08,APP-000064,ltv,loans.base_loan_amount|properties.value_used_for_ltv,v1.0.0,0.8000,RATIO,2026-09-04,POL-CONV-001,Leverage against the value the rule uses.
APP-000064-CALC-09,APP-000064,cltv,loans.base_loan_amount|properties.value_used_for_ltv,v1.0.0,0.8000,RATIO,2026-09-04,POL-CONV-001,Leverage including every subordinate lien.
APP-000064-CALC-10,APP-000064,hcltv,loans.base_loan_amount|properties.value_used_for_ltv,v1.0.0,0.8000,RATIO,2026-09-04,POL-CONV-001,Leverage counting HELOC credit lines in full.
APP-000064-CALC-11,APP-000064,down_payment_amount,properties.purchase_price|loans.base_loan_amount,v1.0.0,94000.00,USD,2026-09-04,POL-AST-002,Borrower equity contribution at purchase.
APP-000064-CALC-12,APP-000064,down_payment_pct,underwriting_calculations.down_payment_amount|properties.purchase_price,v1.0.0,0.2000,RATIO,2026-09-04,POL-AST-002,Contribution as a share of price.
APP-000064-CALC-13,APP-000064,cash_to_close,underwriting_calculations.down_payment_amount|loans.closing_costs|loans.prepaids_and_escrow|loans.seller_credits|loans.earnest_money_paid,v1.0.0,98808.47,USD,2026-09-04,POL-AST-002,Borrower funds required at settlement.
APP-000064-CALC-14,APP-000064,funds_to_close_available,assets.eligible_close_amount,v1.0.0,103773.46,USD,2026-09-04,POL-AST-001,Eligible assets available at settlement.
APP-000064-CALC-15,APP-000064,funds_shortfall,underwriting_calculations.cash_to_close|underwriting_calculations.funds_to_close_available,v1.0.0,0.00,USD,2026-09-04,POL-AST-002,Positive value means the file cannot close as structured.
APP-000064-CALC-16,APP-000064,post_close_reserves,assets.eligible_reserve_amount|underwriting_calculations.cash_to_close,v1.0.0,6206.24,USD,2026-09-04,POL-AST-003,Reserve-eligible assets surviving the settlement draw.
APP-000064-CALC-17,APP-000064,months_reserves,underwriting_calculations.post_close_reserves|underwriting_calculations.housing_expense_pitia,v1.0.0,2.00,MONTHS,2026-09-04,POL-AST-003,Reserves expressed in months of housing expense.
APP-000064-CALC-18,APP-000064,credit_utilization,credit_accounts.balance|credit_accounts.credit_limit,v1.0.0,0.2800,RATIO,2026-09-04,POL-CRD-003,Risk context only; never a policy breach on its own.
APP-000064-CALC-19,APP-000064,employment_tenure_months,employment.verified_start_date|applications.application_date,v1.0.0,54,MONTHS,2026-09-04,POL-EMP-002,"Computed from the verified start date, not the declared one."
APP-000064-CALC-20,APP-000064,payment_shock_pct,underwriting_calculations.housing_expense_pitia|applications.current_housing_payment,v1.0.0,0.9231,RATIO,2026-09-04,POL-DTI-001,Not applicable where there is no prior housing payment.
APP-000064-CALC-21,APP-000064,loan_to_income,loans.base_loan_amount|underwriting_calculations.qualifying_annual_income,v1.0.0,3.03,MULTIPLE,2026-09-04,POL-DTI-001,"Supplemental analytical measure, not an eligibility rule."
APP-000064-CALC-22,APP-000064,representative_credit_score,credit_profiles.score_1|credit_profiles.score_2|credit_profiles.score_3,v1.0.0,668,SCORE,2026-09-04,POL-CRD-001,Middle of three per borrower; lowest across borrowers.
APP-000065-CALC-01,APP-000065,gross_monthly_income,income.annual_amount,v1.0.0,8783.33,USD_PER_MONTH,2026-08-12,POL-INC-001,"Gross eligible earnings before tax, before policy adjustment."
APP-000065-CALC-02,APP-000065,qualifying_monthly_income,income.qualifying_monthly_amount,v1.0.0,8783.33,USD_PER_MONTH,2026-08-12,POL-INC-001,The income figure the affordability rules are permitted to use.
APP-000065-CALC-03,APP-000065,housing_expense_pitia,loans.principal_and_interest|properties.annual_property_tax|properties.annual_hazard_premium|properties.monthly_hoa|loans.monthly_mortgage_insurance,v1.0.0,2635.57,USD_PER_MONTH,2026-08-12,POL-DTI-001,Full qualifying housing expense; the reserve denominator.
APP-000065-CALC-04,APP-000065,total_monthly_debt,underwriting_calculations.housing_expense_pitia|liabilities.monthly_payment,v1.0.0,4216.00,USD_PER_MONTH,2026-08-12,POL-LIA-001,DTI numerator.
APP-000065-CALC-05,APP-000065,front_end_dti,underwriting_calculations.housing_expense_pitia|underwriting_calculations.qualifying_monthly_income,v1.0.0,0.3001,RATIO,2026-08-12,POL-DTI-001,Housing ratio; advisory except on the USDA overlay.
APP-000065-CALC-06,APP-000065,back_end_dti,underwriting_calculations.total_monthly_debt|underwriting_calculations.qualifying_monthly_income,v1.0.0,0.4800,RATIO,2026-08-12,POL-DTI-001,Principal affordability measure (AC-02).
APP-000065-CALC-07,APP-000065,residual_income_monthly,underwriting_calculations.qualifying_monthly_income|underwriting_calculations.total_monthly_debt,v1.0.0,4567.33,USD_PER_MONTH,2026-08-12,POL-DTI-001,Disposable income (AC-02 alternative measure).
APP-000065-CALC-08,APP-000065,ltv,loans.base_loan_amount|properties.value_used_for_ltv,v1.0.0,0.8000,RATIO,2026-08-12,POL-CONV-001,Leverage against the value the rule uses.
APP-000065-CALC-09,APP-000065,cltv,loans.base_loan_amount|properties.value_used_for_ltv,v1.0.0,0.8000,RATIO,2026-08-12,POL-CONV-001,Leverage including every subordinate lien.
APP-000065-CALC-10,APP-000065,hcltv,loans.base_loan_amount|properties.value_used_for_ltv,v1.0.0,0.8000,RATIO,2026-08-12,POL-CONV-001,Leverage counting HELOC credit lines in full.
APP-000065-CALC-11,APP-000065,down_payment_amount,properties.purchase_price|loans.base_loan_amount,v1.0.0,76000.00,USD,2026-08-12,POL-AST-002,Borrower equity contribution at purchase.
APP-000065-CALC-12,APP-000065,down_payment_pct,underwriting_calculations.down_payment_amount|properties.purchase_price,v1.0.0,0.2000,RATIO,2026-08-12,POL-AST-002,Contribution as a share of price.
APP-000065-CALC-13,APP-000065,cash_to_close,underwriting_calculations.down_payment_amount|loans.closing_costs|loans.prepaids_and_escrow|loans.seller_credits|loans.earnest_money_paid,v1.0.0,80621.96,USD,2026-08-12,POL-AST-002,Borrower funds required at settlement.
APP-000065-CALC-14,APP-000065,funds_to_close_available,assets.eligible_close_amount,v1.0.0,86947.33,USD,2026-08-12,POL-AST-001,Eligible assets available at settlement.
APP-000065-CALC-15,APP-000065,funds_shortfall,underwriting_calculations.cash_to_close|underwriting_calculations.funds_to_close_available,v1.0.0,0.00,USD,2026-08-12,POL-AST-002,Positive value means the file cannot close as structured.
APP-000065-CALC-16,APP-000065,post_close_reserves,assets.eligible_reserve_amount|underwriting_calculations.cash_to_close,v1.0.0,7906.71,USD,2026-08-12,POL-AST-003,Reserve-eligible assets surviving the settlement draw.
APP-000065-CALC-17,APP-000065,months_reserves,underwriting_calculations.post_close_reserves|underwriting_calculations.housing_expense_pitia,v1.0.0,3.00,MONTHS,2026-08-12,POL-AST-003,Reserves expressed in months of housing expense.
APP-000065-CALC-18,APP-000065,credit_utilization,credit_accounts.balance|credit_accounts.credit_limit,v1.0.0,0.2800,RATIO,2026-08-12,POL-CRD-003,Risk context only; never a policy breach on its own.
APP-000065-CALC-19,APP-000065,employment_tenure_months,employment.verified_start_date|applications.application_date,v1.0.0,54,MONTHS,2026-08-12,POL-EMP-002,"Computed from the verified start date, not the declared one."
APP-000065-CALC-20,APP-000065,payment_shock_pct,underwriting_calculations.housing_expense_pitia|applications.current_housing_payment,v1.0.0,0.6393,RATIO,2026-08-12,POL-DTI-001,Not applicable where there is no prior housing payment.
APP-000065-CALC-21,APP-000065,loan_to_income,loans.base_loan_amount|underwriting_calculations.qualifying_annual_income,v1.0.0,2.88,MULTIPLE,2026-08-12,POL-DTI-001,"Supplemental analytical measure, not an eligibility rule."
APP-000065-CALC-22,APP-000065,representative_credit_score,credit_profiles.score_1|credit_profiles.score_2|credit_profiles.score_3,v1.0.0,688,SCORE,2026-08-12,POL-CRD-001,Middle of three per borrower; lowest across borrowers.
APP-000066-CALC-01,APP-000066,gross_monthly_income,income.annual_amount,v1.0.0,9333.33,USD_PER_MONTH,2026-08-12,POL-INC-001,"Gross eligible earnings before tax, before policy adjustment."
APP-000066-CALC-02,APP-000066,qualifying_monthly_income,income.qualifying_monthly_amount,v1.0.0,9333.33,USD_PER_MONTH,2026-08-12,POL-INC-001,The income figure the affordability rules are permitted to use.
APP-000066-CALC-03,APP-000066,housing_expense_pitia,loans.principal_and_interest|properties.annual_property_tax|properties.annual_hazard_premium|properties.monthly_hoa|loans.monthly_mortgage_insurance,v1.0.0,2707.43,USD_PER_MONTH,2026-08-12,POL-DTI-001,Full qualifying housing expense; the reserve denominator.
APP-000066-CALC-04,APP-000066,total_monthly_debt,underwriting_calculations.housing_expense_pitia|liabilities.monthly_payment,v1.0.0,3360.00,USD_PER_MONTH,2026-08-12,POL-LIA-001,DTI numerator.
APP-000066-CALC-05,APP-000066,front_end_dti,underwriting_calculations.housing_expense_pitia|underwriting_calculations.qualifying_monthly_income,v1.0.0,0.2901,RATIO,2026-08-12,POL-DTI-001,Housing ratio; advisory except on the USDA overlay.
APP-000066-CALC-06,APP-000066,back_end_dti,underwriting_calculations.total_monthly_debt|underwriting_calculations.qualifying_monthly_income,v1.0.0,0.3600,RATIO,2026-08-12,POL-DTI-001,Principal affordability measure (AC-02).
APP-000066-CALC-07,APP-000066,residual_income_monthly,underwriting_calculations.qualifying_monthly_income|underwriting_calculations.total_monthly_debt,v1.0.0,5973.33,USD_PER_MONTH,2026-08-12,POL-DTI-001,Disposable income (AC-02 alternative measure).
APP-000066-CALC-08,APP-000066,ltv,loans.base_loan_amount|properties.value_used_for_ltv,v1.0.0,0.8000,RATIO,2026-08-12,POL-CONV-001,Leverage against the value the rule uses.
APP-000066-CALC-09,APP-000066,cltv,loans.base_loan_amount|properties.value_used_for_ltv,v1.0.0,0.8000,RATIO,2026-08-12,POL-CONV-001,Leverage including every subordinate lien.
APP-000066-CALC-10,APP-000066,hcltv,loans.base_loan_amount|properties.value_used_for_ltv,v1.0.0,0.8000,RATIO,2026-08-12,POL-CONV-001,Leverage counting HELOC credit lines in full.
APP-000066-CALC-11,APP-000066,down_payment_amount,properties.purchase_price|loans.base_loan_amount,v1.0.0,92000.00,USD,2026-08-12,POL-AST-002,Borrower equity contribution at purchase.
APP-000066-CALC-12,APP-000066,down_payment_pct,underwriting_calculations.down_payment_amount|properties.purchase_price,v1.0.0,0.2000,RATIO,2026-08-12,POL-AST-002,Contribution as a share of price.
APP-000066-CALC-13,APP-000066,cash_to_close,underwriting_calculations.down_payment_amount|loans.closing_costs|loans.prepaids_and_escrow|loans.seller_credits|loans.earnest_money_paid,v1.0.0,95756.53,USD,2026-08-12,POL-AST-002,Borrower funds required at settlement.
APP-000066-CALC-14,APP-000066,funds_to_close_available,assets.eligible_close_amount,v1.0.0,104420.31,USD,2026-08-12,POL-AST-001,Eligible assets available at settlement.
APP-000066-CALC-15,APP-000066,funds_shortfall,underwriting_calculations.cash_to_close|underwriting_calculations.funds_to_close_available,v1.0.0,0.00,USD,2026-08-12,POL-AST-002,Positive value means the file cannot close as structured.
APP-000066-CALC-16,APP-000066,post_close_reserves,assets.eligible_reserve_amount|underwriting_calculations.cash_to_close,v1.0.0,10829.72,USD,2026-08-12,POL-AST-003,Reserve-eligible assets surviving the settlement draw.
APP-000066-CALC-17,APP-000066,months_reserves,underwriting_calculations.post_close_reserves|underwriting_calculations.housing_expense_pitia,v1.0.0,4.00,MONTHS,2026-08-12,POL-AST-003,Reserves expressed in months of housing expense.
APP-000066-CALC-18,APP-000066,credit_utilization,credit_accounts.balance|credit_accounts.credit_limit,v1.0.0,0.2800,RATIO,2026-08-12,POL-CRD-003,Risk context only; never a policy breach on its own.
APP-000066-CALC-19,APP-000066,employment_tenure_months,employment.verified_start_date|applications.application_date,v1.0.0,54,MONTHS,2026-08-12,POL-EMP-002,"Computed from the verified start date, not the declared one."
APP-000066-CALC-20,APP-000066,payment_shock_pct,underwriting_calculations.housing_expense_pitia|applications.current_housing_payment,v1.0.0,0.4084,RATIO,2026-08-12,POL-DTI-001,Not applicable where there is no prior housing payment.
APP-000066-CALC-21,APP-000066,loan_to_income,loans.base_loan_amount|underwriting_calculations.qualifying_annual_income,v1.0.0,3.29,MULTIPLE,2026-08-12,POL-DTI-001,"Supplemental analytical measure, not an eligibility rule."
APP-000066-CALC-22,APP-000066,representative_credit_score,credit_profiles.score_1|credit_profiles.score_2|credit_profiles.score_3,v1.0.0,602,SCORE,2026-08-12,POL-CRD-001,Middle of three per borrower; lowest across borrowers.
APP-000067-CALC-01,APP-000067,gross_monthly_income,income.annual_amount,v1.0.0,12916.67,USD_PER_MONTH,2026-08-12,POL-INC-001,"Gross eligible earnings before tax, before policy adjustment."
APP-000067-CALC-02,APP-000067,qualifying_monthly_income,income.qualifying_monthly_amount,v1.0.0,12916.67,USD_PER_MONTH,2026-08-12,POL-INC-001,The income figure the affordability rules are permitted to use.
APP-000067-CALC-03,APP-000067,housing_expense_pitia,loans.principal_and_interest|properties.annual_property_tax|properties.annual_hazard_premium|properties.monthly_hoa|loans.monthly_mortgage_insurance,v1.0.0,3745.29,USD_PER_MONTH,2026-08-12,POL-DTI-001,Full qualifying housing expense; the reserve denominator.
APP-000067-CALC-04,APP-000067,total_monthly_debt,underwriting_calculations.housing_expense_pitia|liabilities.monthly_payment,v1.0.0,4391.67,USD_PER_MONTH,2026-08-12,POL-LIA-001,DTI numerator.
APP-000067-CALC-05,APP-000067,front_end_dti,underwriting_calculations.housing_expense_pitia|underwriting_calculations.qualifying_monthly_income,v1.0.0,0.2900,RATIO,2026-08-12,POL-DTI-001,Housing ratio; advisory except on the USDA overlay.
APP-000067-CALC-06,APP-000067,back_end_dti,underwriting_calculations.total_monthly_debt|underwriting_calculations.qualifying_monthly_income,v1.0.0,0.3400,RATIO,2026-08-12,POL-DTI-001,Principal affordability measure (AC-02).
APP-000067-CALC-07,APP-000067,residual_income_monthly,underwriting_calculations.qualifying_monthly_income|underwriting_calculations.total_monthly_debt,v1.0.0,8525.00,USD_PER_MONTH,2026-08-12,POL-DTI-001,Disposable income (AC-02 alternative measure).
APP-000067-CALC-08,APP-000067,ltv,loans.base_loan_amount|properties.value_used_for_ltv,v1.0.0,0.8000,RATIO,2026-08-12,POL-CONV-001,Leverage against the value the rule uses.
APP-000067-CALC-09,APP-000067,cltv,loans.base_loan_amount|properties.value_used_for_ltv,v1.0.0,0.8000,RATIO,2026-08-12,POL-CONV-001,Leverage including every subordinate lien.
APP-000067-CALC-10,APP-000067,hcltv,loans.base_loan_amount|properties.value_used_for_ltv,v1.0.0,0.8000,RATIO,2026-08-12,POL-CONV-001,Leverage counting HELOC credit lines in full.
APP-000067-CALC-11,APP-000067,down_payment_amount,properties.purchase_price|loans.base_loan_amount,v1.0.0,108000.00,USD,2026-08-12,POL-AST-002,Borrower equity contribution at purchase.
APP-000067-CALC-12,APP-000067,down_payment_pct,underwriting_calculations.down_payment_amount|properties.purchase_price,v1.0.0,0.2000,RATIO,2026-08-12,POL-AST-002,Contribution as a share of price.
APP-000067-CALC-13,APP-000067,cash_to_close,underwriting_calculations.down_payment_amount|loans.closing_costs|loans.prepaids_and_escrow|loans.seller_credits|loans.earnest_money_paid,v1.0.0,113789.10,USD,2026-08-12,POL-AST-002,Borrower funds required at settlement.
APP-000067-CALC-14,APP-000067,funds_to_close_available,assets.eligible_close_amount,v1.0.0,134762.72,USD,2026-08-12,POL-AST-001,Eligible assets available at settlement.
APP-000067-CALC-15,APP-000067,funds_shortfall,underwriting_calculations.cash_to_close|underwriting_calculations.funds_to_close_available,v1.0.0,0.00,USD,2026-08-12,POL-AST-002,Positive value means the file cannot close as structured.
APP-000067-CALC-16,APP-000067,post_close_reserves,assets.eligible_reserve_amount|underwriting_calculations.cash_to_close,v1.0.0,26217.03,USD,2026-08-12,POL-AST-003,Reserve-eligible assets surviving the settlement draw.
APP-000067-CALC-17,APP-000067,months_reserves,underwriting_calculations.post_close_reserves|underwriting_calculations.housing_expense_pitia,v1.0.0,7.00,MONTHS,2026-08-12,POL-AST-003,Reserves expressed in months of housing expense.
APP-000067-CALC-18,APP-000067,credit_utilization,credit_accounts.balance|credit_accounts.credit_limit,v1.0.0,0.2800,RATIO,2026-08-12,POL-CRD-003,Risk context only; never a policy breach on its own.
APP-000067-CALC-19,APP-000067,employment_tenure_months,employment.verified_start_date|applications.application_date,v1.0.0,54,MONTHS,2026-08-12,POL-EMP-002,"Computed from the verified start date, not the declared one."
APP-000067-CALC-20,APP-000067,payment_shock_pct,underwriting_calculations.housing_expense_pitia|applications.current_housing_payment,v1.0.0,0.7241,RATIO,2026-08-12,POL-DTI-001,Not applicable where there is no prior housing payment.
APP-000067-CALC-21,APP-000067,loan_to_income,loans.base_loan_amount|underwriting_calculations.qualifying_annual_income,v1.0.0,2.79,MULTIPLE,2026-08-12,POL-DTI-001,"Supplemental analytical measure, not an eligibility rule."
APP-000067-CALC-22,APP-000067,representative_credit_score,credit_profiles.score_1|credit_profiles.score_2|credit_profiles.score_3,v1.0.0,742,SCORE,2026-08-12,POL-CRD-001,Middle of three per borrower; lowest across borrowers.
APP-000068-CALC-01,APP-000068,gross_monthly_income,income.annual_amount,v1.0.0,9233.33,USD_PER_MONTH,2026-08-12,POL-INC-001,"Gross eligible earnings before tax, before policy adjustment."
APP-000068-CALC-02,APP-000068,qualifying_monthly_income,income.qualifying_monthly_amount,v1.0.0,9233.33,USD_PER_MONTH,2026-08-12,POL-INC-001,The income figure the affordability rules are permitted to use.
APP-000068-CALC-03,APP-000068,housing_expense_pitia,loans.principal_and_interest|properties.annual_property_tax|properties.annual_hazard_premium|properties.monthly_hoa|loans.monthly_mortgage_insurance,v1.0.0,2678.57,USD_PER_MONTH,2026-08-12,POL-DTI-001,Full qualifying housing expense; the reserve denominator.
APP-000068-CALC-04,APP-000068,total_monthly_debt,underwriting_calculations.housing_expense_pitia|liabilities.monthly_payment,v1.0.0,3231.67,USD_PER_MONTH,2026-08-12,POL-LIA-001,DTI numerator.
APP-000068-CALC-05,APP-000068,front_end_dti,underwriting_calculations.housing_expense_pitia|underwriting_calculations.qualifying_monthly_income,v1.0.0,0.2901,RATIO,2026-08-12,POL-DTI-001,Housing ratio; advisory except on the USDA overlay.
APP-000068-CALC-06,APP-000068,back_end_dti,underwriting_calculations.total_monthly_debt|underwriting_calculations.qualifying_monthly_income,v1.0.0,0.3500,RATIO,2026-08-12,POL-DTI-001,Principal affordability measure (AC-02).
APP-000068-CALC-07,APP-000068,residual_income_monthly,underwriting_calculations.qualifying_monthly_income|underwriting_calculations.total_monthly_debt,v1.0.0,6001.66,USD_PER_MONTH,2026-08-12,POL-DTI-001,Disposable income (AC-02 alternative measure).
APP-000068-CALC-08,APP-000068,ltv,loans.base_loan_amount|properties.value_used_for_ltv,v1.0.0,0.8000,RATIO,2026-08-12,POL-CONV-001,Leverage against the value the rule uses.
APP-000068-CALC-09,APP-000068,cltv,loans.base_loan_amount|properties.value_used_for_ltv,v1.0.0,0.8000,RATIO,2026-08-12,POL-CONV-001,Leverage including every subordinate lien.
APP-000068-CALC-10,APP-000068,hcltv,loans.base_loan_amount|properties.value_used_for_ltv,v1.0.0,0.8000,RATIO,2026-08-12,POL-CONV-001,Leverage counting HELOC credit lines in full.
APP-000068-CALC-11,APP-000068,down_payment_amount,properties.purchase_price|loans.base_loan_amount,v1.0.0,90000.00,USD,2026-08-12,POL-AST-002,Borrower equity contribution at purchase.
APP-000068-CALC-12,APP-000068,down_payment_pct,underwriting_calculations.down_payment_amount|properties.purchase_price,v1.0.0,0.2000,RATIO,2026-08-12,POL-AST-002,Contribution as a share of price.
APP-000068-CALC-13,APP-000068,cash_to_close,underwriting_calculations.down_payment_amount|loans.closing_costs|loans.prepaids_and_escrow|loans.seller_credits|loans.earnest_money_paid,v1.0.0,93805.09,USD,2026-08-12,POL-AST-002,Borrower funds required at settlement.
APP-000068-CALC-14,APP-000068,funds_to_close_available,assets.eligible_close_amount,v1.0.0,106662.23,USD,2026-08-12,POL-AST-001,Eligible assets available at settlement.
APP-000068-CALC-15,APP-000068,funds_shortfall,underwriting_calculations.cash_to_close|underwriting_calculations.funds_to_close_available,v1.0.0,0.00,USD,2026-08-12,POL-AST-002,Positive value means the file cannot close as structured.
APP-000068-CALC-16,APP-000068,post_close_reserves,assets.eligible_reserve_amount|underwriting_calculations.cash_to_close,v1.0.0,16071.42,USD,2026-08-12,POL-AST-003,Reserve-eligible assets surviving the settlement draw.
APP-000068-CALC-17,APP-000068,months_reserves,underwriting_calculations.post_close_reserves|underwriting_calculations.housing_expense_pitia,v1.0.0,6.00,MONTHS,2026-08-12,POL-AST-003,Reserves expressed in months of housing expense.
APP-000068-CALC-18,APP-000068,credit_utilization,credit_accounts.balance|credit_accounts.credit_limit,v1.0.0,0.2800,RATIO,2026-08-12,POL-CRD-003,Risk context only; never a policy breach on its own.
APP-000068-CALC-19,APP-000068,employment_tenure_months,employment.verified_start_date|applications.application_date,v1.0.0,54,MONTHS,2026-08-12,POL-EMP-002,"Computed from the verified start date, not the declared one."
APP-000068-CALC-20,APP-000068,payment_shock_pct,underwriting_calculations.housing_expense_pitia|applications.current_housing_payment,v1.0.0,0.4286,RATIO,2026-08-12,POL-DTI-001,Not applicable where there is no prior housing payment.
APP-000068-CALC-21,APP-000068,loan_to_income,loans.base_loan_amount|underwriting_calculations.qualifying_annual_income,v1.0.0,3.25,MULTIPLE,2026-08-12,POL-DTI-001,"Supplemental analytical measure, not an eligibility rule."
APP-000068-CALC-22,APP-000068,representative_credit_score,credit_profiles.score_1|credit_profiles.score_2|credit_profiles.score_3,v1.0.0,742,SCORE,2026-08-12,POL-CRD-001,Middle of three per borrower; lowest across borrowers.
APP-000069-CALC-01,APP-000069,gross_monthly_income,income.annual_amount,v1.0.0,8008.33,USD_PER_MONTH,2026-08-12,POL-INC-001,"Gross eligible earnings before tax, before policy adjustment."
APP-000069-CALC-02,APP-000069,qualifying_monthly_income,income.qualifying_monthly_amount,v1.0.0,8008.33,USD_PER_MONTH,2026-08-12,POL-INC-001,The income figure the affordability rules are permitted to use.
APP-000069-CALC-03,APP-000069,housing_expense_pitia,loans.principal_and_interest|properties.annual_property_tax|properties.annual_hazard_premium|properties.monthly_hoa|loans.monthly_mortgage_insurance,v1.0.0,2321.43,USD_PER_MONTH,2026-08-12,POL-DTI-001,Full qualifying housing expense; the reserve denominator.
APP-000069-CALC-04,APP-000069,total_monthly_debt,underwriting_calculations.housing_expense_pitia|liabilities.monthly_payment,v1.0.0,2963.08,USD_PER_MONTH,2026-08-12,POL-LIA-001,DTI numerator.
APP-000069-CALC-05,APP-000069,front_end_dti,underwriting_calculations.housing_expense_pitia|underwriting_calculations.qualifying_monthly_income,v1.0.0,0.2899,RATIO,2026-08-12,POL-DTI-001,Housing ratio; advisory except on the USDA overlay.
APP-000069-CALC-06,APP-000069,back_end_dti,underwriting_calculations.total_monthly_debt|underwriting_calculations.qualifying_monthly_income,v1.0.0,0.3700,RATIO,2026-08-12,POL-DTI-001,Principal affordability measure (AC-02).
APP-000069-CALC-07,APP-000069,residual_income_monthly,underwriting_calculations.qualifying_monthly_income|underwriting_calculations.total_monthly_debt,v1.0.0,5045.25,USD_PER_MONTH,2026-08-12,POL-DTI-001,Disposable income (AC-02 alternative measure).
APP-000069-CALC-08,APP-000069,ltv,loans.base_loan_amount|properties.value_used_for_ltv,v1.0.0,0.8000,RATIO,2026-08-12,POL-CONV-001,Leverage against the value the rule uses.
APP-000069-CALC-09,APP-000069,cltv,loans.base_loan_amount|properties.value_used_for_ltv,v1.0.0,0.8000,RATIO,2026-08-12,POL-CONV-001,Leverage including every subordinate lien.
APP-000069-CALC-10,APP-000069,hcltv,loans.base_loan_amount|properties.value_used_for_ltv,v1.0.0,0.8000,RATIO,2026-08-12,POL-CONV-001,Leverage counting HELOC credit lines in full.
APP-000069-CALC-11,APP-000069,down_payment_amount,properties.purchase_price|loans.base_loan_amount,v1.0.0,78000.00,USD,2026-08-12,POL-AST-002,Borrower equity contribution at purchase.
APP-000069-CALC-12,APP-000069,down_payment_pct,underwriting_calculations.down_payment_amount|properties.purchase_price,v1.0.0,0.2000,RATIO,2026-08-12,POL-AST-002,Contribution as a share of price.
APP-000069-CALC-13,APP-000069,cash_to_close,underwriting_calculations.down_payment_amount|loans.closing_costs|loans.prepaids_and_escrow|loans.seller_credits|loans.earnest_money_paid,v1.0.0,73744.41,USD,2026-08-12,POL-AST-002,Borrower funds required at settlement.
APP-000069-CALC-14,APP-000069,funds_to_close_available,assets.eligible_close_amount,v1.0.0,83030.13,USD,2026-08-12,POL-AST-001,Eligible assets available at settlement.
APP-000069-CALC-15,APP-000069,funds_shortfall,underwriting_calculations.cash_to_close|underwriting_calculations.funds_to_close_available,v1.0.0,0.00,USD,2026-08-12,POL-AST-002,Positive value means the file cannot close as structured.
APP-000069-CALC-16,APP-000069,post_close_reserves,assets.eligible_reserve_amount|underwriting_calculations.cash_to_close,v1.0.0,11607.15,USD,2026-08-12,POL-AST-003,Reserve-eligible assets surviving the settlement draw.
APP-000069-CALC-17,APP-000069,months_reserves,underwriting_calculations.post_close_reserves|underwriting_calculations.housing_expense_pitia,v1.0.0,5.00,MONTHS,2026-08-12,POL-AST-003,Reserves expressed in months of housing expense.
APP-000069-CALC-18,APP-000069,credit_utilization,credit_accounts.balance|credit_accounts.credit_limit,v1.0.0,0.2800,RATIO,2026-08-12,POL-CRD-003,Risk context only; never a policy breach on its own.
APP-000069-CALC-19,APP-000069,employment_tenure_months,employment.verified_start_date|applications.application_date,v1.0.0,54,MONTHS,2026-08-12,POL-EMP-002,"Computed from the verified start date, not the declared one."
APP-000069-CALC-20,APP-000069,payment_shock_pct,underwriting_calculations.housing_expense_pitia|applications.current_housing_payment,v1.0.0,0.7857,RATIO,2026-08-12,POL-DTI-001,Not applicable where there is no prior housing payment.
APP-000069-CALC-21,APP-000069,loan_to_income,loans.base_loan_amount|underwriting_calculations.qualifying_annual_income,v1.0.0,3.25,MULTIPLE,2026-08-12,POL-DTI-001,"Supplemental analytical measure, not an eligibility rule."
APP-000069-CALC-22,APP-000069,representative_credit_score,credit_profiles.score_1|credit_profiles.score_2|credit_profiles.score_3,v1.0.0,742,SCORE,2026-08-12,POL-CRD-001,Middle of three per borrower; lowest across borrowers.
APP-000070-CALC-01,APP-000070,gross_monthly_income,income.annual_amount,v1.0.0,8175.00,USD_PER_MONTH,2026-08-12,POL-INC-001,"Gross eligible earnings before tax, before policy adjustment."
APP-000070-CALC-02,APP-000070,qualifying_monthly_income,income.qualifying_monthly_amount,v1.0.0,8175.00,USD_PER_MONTH,2026-08-12,POL-INC-001,The income figure the affordability rules are permitted to use.
APP-000070-CALC-03,APP-000070,housing_expense_pitia,loans.principal_and_interest|properties.annual_property_tax|properties.annual_hazard_premium|properties.monthly_hoa|loans.monthly_mortgage_insurance,v1.0.0,2370.18,USD_PER_MONTH,2026-08-12,POL-DTI-001,Full qualifying housing expense; the reserve denominator.
APP-000070-CALC-04,APP-000070,total_monthly_debt,underwriting_calculations.housing_expense_pitia|liabilities.monthly_payment,v1.0.0,2697.75,USD_PER_MONTH,2026-08-12,POL-LIA-001,DTI numerator.
APP-000070-CALC-05,APP-000070,front_end_dti,underwriting_calculations.housing_expense_pitia|underwriting_calculations.qualifying_monthly_income,v1.0.0,0.2899,RATIO,2026-08-12,POL-DTI-001,Housing ratio; advisory except on the USDA overlay.
APP-000070-CALC-06,APP-000070,back_end_dti,underwriting_calculations.total_monthly_debt|underwriting_calculations.qualifying_monthly_income,v1.0.0,0.3300,RATIO,2026-08-12,POL-DTI-001,Principal affordability measure (AC-02).
APP-000070-CALC-07,APP-000070,residual_income_monthly,underwriting_calculations.qualifying_monthly_income|underwriting_calculations.total_monthly_debt,v1.0.0,5477.25,USD_PER_MONTH,2026-08-12,POL-DTI-001,Disposable income (AC-02 alternative measure).
APP-000070-CALC-08,APP-000070,ltv,loans.base_loan_amount|properties.value_used_for_ltv,v1.0.0,0.8000,RATIO,2026-08-12,POL-CONV-001,Leverage against the value the rule uses.
APP-000070-CALC-09,APP-000070,cltv,loans.base_loan_amount|properties.value_used_for_ltv,v1.0.0,0.8000,RATIO,2026-08-12,POL-CONV-001,Leverage including every subordinate lien.
APP-000070-CALC-10,APP-000070,hcltv,loans.base_loan_amount|properties.value_used_for_ltv,v1.0.0,0.8000,RATIO,2026-08-12,POL-CONV-001,Leverage counting HELOC credit lines in full.
APP-000070-CALC-11,APP-000070,down_payment_amount,properties.purchase_price|loans.base_loan_amount,v1.0.0,78000.00,USD,2026-08-12,POL-AST-002,Borrower equity contribution at purchase.
APP-000070-CALC-12,APP-000070,down_payment_pct,underwriting_calculations.down_payment_amount|properties.purchase_price,v1.0.0,0.2000,RATIO,2026-08-12,POL-AST-002,Contribution as a share of price.
APP-000070-CALC-13,APP-000070,cash_to_close,underwriting_calculations.down_payment_amount|loans.closing_costs|loans.prepaids_and_escrow|loans.seller_credits|loans.earnest_money_paid,v1.0.0,73890.66,USD,2026-08-12,POL-AST-002,Borrower funds required at settlement.
APP-000070-CALC-14,APP-000070,funds_to_close_available,assets.eligible_close_amount,v1.0.0,89059.81,USD,2026-08-12,POL-AST-001,Eligible assets available at settlement.
APP-000070-CALC-15,APP-000070,funds_shortfall,underwriting_calculations.cash_to_close|underwriting_calculations.funds_to_close_available,v1.0.0,0.00,USD,2026-08-12,POL-AST-002,Positive value means the file cannot close as structured.
APP-000070-CALC-16,APP-000070,post_close_reserves,assets.eligible_reserve_amount|underwriting_calculations.cash_to_close,v1.0.0,18961.44,USD,2026-08-12,POL-AST-003,Reserve-eligible assets surviving the settlement draw.
APP-000070-CALC-17,APP-000070,months_reserves,underwriting_calculations.post_close_reserves|underwriting_calculations.housing_expense_pitia,v1.0.0,8.00,MONTHS,2026-08-12,POL-AST-003,Reserves expressed in months of housing expense.
APP-000070-CALC-18,APP-000070,credit_utilization,credit_accounts.balance|credit_accounts.credit_limit,v1.0.0,0.2800,RATIO,2026-08-12,POL-CRD-003,Risk context only; never a policy breach on its own.
APP-000070-CALC-19,APP-000070,employment_tenure_months,employment.verified_start_date|applications.application_date,v1.0.0,54,MONTHS,2026-08-12,POL-EMP-002,"Computed from the verified start date, not the declared one."
APP-000070-CALC-20,APP-000070,payment_shock_pct,underwriting_calculations.housing_expense_pitia|applications.current_housing_payment,v1.0.0,0.2658,RATIO,2026-08-12,POL-DTI-001,Not applicable where there is no prior housing payment.
APP-000070-CALC-21,APP-000070,loan_to_income,loans.base_loan_amount|underwriting_calculations.qualifying_annual_income,v1.0.0,3.18,MULTIPLE,2026-08-12,POL-DTI-001,"Supplemental analytical measure, not an eligibility rule."
APP-000070-CALC-22,APP-000070,representative_credit_score,credit_profiles.score_1|credit_profiles.score_2|credit_profiles.score_3,v1.0.0,742,SCORE,2026-08-12,POL-CRD-001,Middle of three per borrower; lowest across borrowers.
APP-000071-CALC-01,APP-000071,gross_monthly_income,income.annual_amount,v1.0.0,13350.00,USD_PER_MONTH,2026-08-12,POL-INC-001,"Gross eligible earnings before tax, before policy adjustment."
APP-000071-CALC-02,APP-000071,qualifying_monthly_income,income.qualifying_monthly_amount,v1.0.0,13350.00,USD_PER_MONTH,2026-08-12,POL-INC-001,The income figure the affordability rules are permitted to use.
APP-000071-CALC-03,APP-000071,housing_expense_pitia,loans.principal_and_interest|properties.annual_property_tax|properties.annual_hazard_premium|properties.monthly_hoa|loans.monthly_mortgage_insurance,v1.0.0,2803.06,USD_PER_MONTH,2026-08-12,POL-DTI-001,Full qualifying housing expense; the reserve denominator.
APP-000071-CALC-04,APP-000071,total_monthly_debt,underwriting_calculations.housing_expense_pitia|liabilities.monthly_payment,v1.0.0,3738.00,USD_PER_MONTH,2026-08-12,POL-LIA-001,DTI numerator.
APP-000071-CALC-05,APP-000071,front_end_dti,underwriting_calculations.housing_expense_pitia|underwriting_calculations.qualifying_monthly_income,v1.0.0,0.2100,RATIO,2026-08-12,POL-DTI-001,Housing ratio; advisory except on the USDA overlay.
APP-000071-CALC-06,APP-000071,back_end_dti,underwriting_calculations.total_monthly_debt|underwriting_calculations.qualifying_monthly_income,v1.0.0,0.2800,RATIO,2026-08-12,POL-DTI-001,Principal affordability measure (AC-02).
APP-000071-CALC-07,APP-000071,residual_income_monthly,underwriting_calculations.qualifying_monthly_income|underwriting_calculations.total_monthly_debt,v1.0.0,9612.00,USD_PER_MONTH,2026-08-12,POL-DTI-001,Disposable income (AC-02 alternative measure).
APP-000071-CALC-08,APP-000071,ltv,loans.base_loan_amount|properties.value_used_for_ltv,v1.0.0,0.7000,RATIO,2026-08-12,POL-CONV-001,Leverage against the value the rule uses.
APP-000071-CALC-09,APP-000071,cltv,loans.base_loan_amount|properties.value_used_for_ltv,v1.0.0,0.7000,RATIO,2026-08-12,POL-CONV-001,Leverage including every subordinate lien.
APP-000071-CALC-10,APP-000071,hcltv,loans.base_loan_amount|properties.value_used_for_ltv,v1.0.0,0.7000,RATIO,2026-08-12,POL-CONV-001,Leverage counting HELOC credit lines in full.
APP-000071-CALC-11,APP-000071,down_payment_amount,properties.purchase_price|loans.base_loan_amount,v1.0.0,129000.00,USD,2026-08-12,POL-AST-002,Borrower equity contribution at purchase.
APP-000071-CALC-12,APP-000071,down_payment_pct,underwriting_calculations.down_payment_amount|properties.purchase_price,v1.0.0,0.3000,RATIO,2026-08-12,POL-AST-002,Contribution as a share of price.
APP-000071-CALC-13,APP-000071,cash_to_close,underwriting_calculations.down_payment_amount|loans.closing_costs|loans.prepaids_and_escrow|loans.seller_credits|loans.earnest_money_paid,v1.0.0,125021.93,USD,2026-08-12,POL-AST-002,Borrower funds required at settlement.
APP-000071-CALC-14,APP-000071,funds_to_close_available,assets.eligible_close_amount,v1.0.0,160901.10,USD,2026-08-12,POL-AST-001,Eligible assets available at settlement.
APP-000071-CALC-15,APP-000071,funds_shortfall,underwriting_calculations.cash_to_close|underwriting_calculations.funds_to_close_available,v1.0.0,0.00,USD,2026-08-12,POL-AST-002,Positive value means the file cannot close as structured.
APP-000071-CALC-16,APP-000071,post_close_reserves,assets.eligible_reserve_amount|underwriting_calculations.cash_to_close,v1.0.0,44848.96,USD,2026-08-12,POL-AST-003,Reserve-eligible assets surviving the settlement draw.
APP-000071-CALC-17,APP-000071,months_reserves,underwriting_calculations.post_close_reserves|underwriting_calculations.housing_expense_pitia,v1.0.0,16.00,MONTHS,2026-08-12,POL-AST-003,Reserves expressed in months of housing expense.
APP-000071-CALC-18,APP-000071,credit_utilization,credit_accounts.balance|credit_accounts.credit_limit,v1.0.0,0.2800,RATIO,2026-08-12,POL-CRD-003,Risk context only; never a policy breach on its own.
APP-000071-CALC-19,APP-000071,employment_tenure_months,employment.verified_start_date|applications.application_date,v1.0.0,97,MONTHS,2026-08-12,POL-EMP-002,"Computed from the verified start date, not the declared one."
APP-000071-CALC-20,APP-000071,payment_shock_pct,underwriting_calculations.housing_expense_pitia|applications.current_housing_payment,v1.0.0,0.1364,RATIO,2026-08-12,POL-DTI-001,Not applicable where there is no prior housing payment.
APP-000071-CALC-21,APP-000071,loan_to_income,loans.base_loan_amount|underwriting_calculations.qualifying_annual_income,v1.0.0,1.88,MULTIPLE,2026-08-12,POL-DTI-001,"Supplemental analytical measure, not an eligibility rule."
APP-000071-CALC-22,APP-000071,representative_credit_score,credit_profiles.score_1|credit_profiles.score_2|credit_profiles.score_3,v1.0.0,776,SCORE,2026-08-12,POL-CRD-001,Middle of three per borrower; lowest across borrowers.
APP-000072-CALC-01,APP-000072,gross_monthly_income,income.annual_amount,v1.0.0,8858.33,USD_PER_MONTH,2026-08-12,POL-INC-001,"Gross eligible earnings before tax, before policy adjustment."
APP-000072-CALC-02,APP-000072,qualifying_monthly_income,income.qualifying_monthly_amount,v1.0.0,8858.33,USD_PER_MONTH,2026-08-12,POL-INC-001,The income figure the affordability rules are permitted to use.
APP-000072-CALC-03,APP-000072,housing_expense_pitia,loans.principal_and_interest|properties.annual_property_tax|properties.annual_hazard_premium|properties.monthly_hoa|loans.monthly_mortgage_insurance,v1.0.0,3011.00,USD_PER_MONTH,2026-08-12,POL-DTI-001,Full qualifying housing expense; the reserve denominator.
APP-000072-CALC-04,APP-000072,total_monthly_debt,underwriting_calculations.housing_expense_pitia|liabilities.monthly_payment,v1.0.0,3454.75,USD_PER_MONTH,2026-08-12,POL-LIA-001,DTI numerator.
APP-000072-CALC-05,APP-000072,front_end_dti,underwriting_calculations.housing_expense_pitia|underwriting_calculations.qualifying_monthly_income,v1.0.0,0.3399,RATIO,2026-08-12,POL-DTI-001,Housing ratio; advisory except on the USDA overlay.
APP-000072-CALC-06,APP-000072,back_end_dti,underwriting_calculations.total_monthly_debt|underwriting_calculations.qualifying_monthly_income,v1.0.0,0.3900,RATIO,2026-08-12,POL-DTI-001,Principal affordability measure (AC-02).
APP-000072-CALC-07,APP-000072,residual_income_monthly,underwriting_calculations.qualifying_monthly_income|underwriting_calculations.total_monthly_debt,v1.0.0,5403.58,USD_PER_MONTH,2026-08-12,POL-DTI-001,Disposable income (AC-02 alternative measure).
APP-000072-CALC-08,APP-000072,ltv,loans.base_loan_amount|properties.value_used_for_ltv,v1.0.0,0.8000,RATIO,2026-08-12,POL-CONV-001,Leverage against the value the rule uses.
APP-000072-CALC-09,APP-000072,cltv,loans.base_loan_amount|properties.value_used_for_ltv,v1.0.0,0.8000,RATIO,2026-08-12,POL-CONV-001,Leverage including every subordinate lien.
APP-000072-CALC-10,APP-000072,hcltv,loans.base_loan_amount|properties.value_used_for_ltv,v1.0.0,0.8000,RATIO,2026-08-12,POL-CONV-001,Leverage counting HELOC credit lines in full.
APP-000072-CALC-11,APP-000072,down_payment_amount,properties.purchase_price|loans.base_loan_amount,v1.0.0,84000.00,USD,2026-08-12,POL-AST-002,Borrower equity contribution at purchase.
APP-000072-CALC-12,APP-000072,down_payment_pct,underwriting_calculations.down_payment_amount|properties.purchase_price,v1.0.0,0.2000,RATIO,2026-08-12,POL-AST-002,Contribution as a share of price.
APP-000072-CALC-13,APP-000072,cash_to_close,underwriting_calculations.down_payment_amount|loans.closing_costs|loans.prepaids_and_escrow|loans.seller_credits|loans.earnest_money_paid,v1.0.0,89207.75,USD,2026-08-12,POL-AST-002,Borrower funds required at settlement.
APP-000072-CALC-14,APP-000072,funds_to_close_available,assets.eligible_close_amount,v1.0.0,98842.95,USD,2026-08-12,POL-AST-001,Eligible assets available at settlement.
APP-000072-CALC-15,APP-000072,funds_shortfall,underwriting_calculations.cash_to_close|underwriting_calculations.funds_to_close_available,v1.0.0,0.00,USD,2026-08-12,POL-AST-002,Positive value means the file cannot close as structured.
APP-000072-CALC-16,APP-000072,post_close_reserves,assets.eligible_reserve_amount|underwriting_calculations.cash_to_close,v1.0.0,12044.00,USD,2026-08-12,POL-AST-003,Reserve-eligible assets surviving the settlement draw.
APP-000072-CALC-17,APP-000072,months_reserves,underwriting_calculations.post_close_reserves|underwriting_calculations.housing_expense_pitia,v1.0.0,4.00,MONTHS,2026-08-12,POL-AST-003,Reserves expressed in months of housing expense.
APP-000072-CALC-18,APP-000072,credit_utilization,credit_accounts.balance|credit_accounts.credit_limit,v1.0.0,0.2800,RATIO,2026-08-12,POL-CRD-003,Risk context only; never a policy breach on its own.
APP-000072-CALC-19,APP-000072,employment_tenure_months,employment.verified_start_date|applications.application_date,v1.0.0,54,MONTHS,2026-08-12,POL-EMP-002,"Computed from the verified start date, not the declared one."
APP-000072-CALC-20,APP-000072,payment_shock_pct,underwriting_calculations.housing_expense_pitia|applications.current_housing_payment,v1.0.0,0.8182,RATIO,2026-08-12,POL-DTI-001,Not applicable where there is no prior housing payment.
APP-000072-CALC-21,APP-000072,loan_to_income,loans.base_loan_amount|underwriting_calculations.qualifying_annual_income,v1.0.0,3.16,MULTIPLE,2026-08-12,POL-DTI-001,"Supplemental analytical measure, not an eligibility rule."
APP-000072-CALC-22,APP-000072,representative_credit_score,credit_profiles.score_1|credit_profiles.score_2|credit_profiles.score_3,v1.0.0,710,SCORE,2026-08-12,POL-CRD-001,Middle of three per borrower; lowest across borrowers.
APP-000073-CALC-01,APP-000073,gross_monthly_income,income.annual_amount,v1.0.0,10850.00,USD_PER_MONTH,2026-08-12,POL-INC-001,"Gross eligible earnings before tax, before policy adjustment."
APP-000073-CALC-02,APP-000073,qualifying_monthly_income,income.qualifying_monthly_amount,v1.0.0,10850.00,USD_PER_MONTH,2026-08-12,POL-INC-001,The income figure the affordability rules are permitted to use.
APP-000073-CALC-03,APP-000073,housing_expense_pitia,loans.principal_and_interest|properties.annual_property_tax|properties.annual_hazard_premium|properties.monthly_hoa|loans.monthly_mortgage_insurance,v1.0.0,3146.01,USD_PER_MONTH,2026-08-12,POL-DTI-001,Full qualifying housing expense; the reserve denominator.
APP-000073-CALC-04,APP-000073,total_monthly_debt,underwriting_calculations.housing_expense_pitia|liabilities.monthly_payment,v1.0.0,4231.50,USD_PER_MONTH,2026-08-12,POL-LIA-001,DTI numerator.
APP-000073-CALC-05,APP-000073,front_end_dti,underwriting_calculations.housing_expense_pitia|underwriting_calculations.qualifying_monthly_income,v1.0.0,0.2900,RATIO,2026-08-12,POL-DTI-001,Housing ratio; advisory except on the USDA overlay.
APP-000073-CALC-06,APP-000073,back_end_dti,underwriting_calculations.total_monthly_debt|underwriting_calculations.qualifying_monthly_income,v1.0.0,0.3900,RATIO,2026-08-12,POL-DTI-001,Principal affordability measure (AC-02).
APP-000073-CALC-07,APP-000073,residual_income_monthly,underwriting_calculations.qualifying_monthly_income|underwriting_calculations.total_monthly_debt,v1.0.0,6618.50,USD_PER_MONTH,2026-08-12,POL-DTI-001,Disposable income (AC-02 alternative measure).
APP-000073-CALC-08,APP-000073,ltv,loans.base_loan_amount|properties.value_used_for_ltv,v1.0.0,0.8500,RATIO,2026-08-12,POL-CONV-001,Leverage against the value the rule uses.
APP-000073-CALC-09,APP-000073,cltv,loans.base_loan_amount|properties.value_used_for_ltv,v1.0.0,0.8500,RATIO,2026-08-12,POL-CONV-001,Leverage including every subordinate lien.
APP-000073-CALC-10,APP-000073,hcltv,loans.base_loan_amount|properties.value_used_for_ltv,v1.0.0,0.8500,RATIO,2026-08-12,POL-CONV-001,Leverage counting HELOC credit lines in full.
APP-000073-CALC-11,APP-000073,down_payment_amount,properties.purchase_price|loans.base_loan_amount,v1.0.0,66000.00,USD,2026-08-12,POL-AST-002,Borrower equity contribution at purchase.
APP-000073-CALC-12,APP-000073,down_payment_pct,underwriting_calculations.down_payment_amount|properties.purchase_price,v1.0.0,0.1500,RATIO,2026-08-12,POL-AST-002,Contribution as a share of price.
APP-000073-CALC-13,APP-000073,cash_to_close,underwriting_calculations.down_payment_amount|loans.closing_costs|loans.prepaids_and_escrow|loans.seller_credits|loans.earnest_money_paid,v1.0.0,70954.76,USD,2026-08-12,POL-AST-002,Borrower funds required at settlement.
APP-000073-CALC-14,APP-000073,funds_to_close_available,assets.eligible_close_amount,v1.0.0,86055.61,USD,2026-08-12,POL-AST-001,Eligible assets available at settlement.
APP-000073-CALC-15,APP-000073,funds_shortfall,underwriting_calculations.cash_to_close|underwriting_calculations.funds_to_close_available,v1.0.0,0.00,USD,2026-08-12,POL-AST-002,Positive value means the file cannot close as structured.
APP-000073-CALC-16,APP-000073,post_close_reserves,assets.eligible_reserve_amount|underwriting_calculations.cash_to_close,v1.0.0,18876.06,USD,2026-08-12,POL-AST-003,Reserve-eligible assets surviving the settlement draw.
APP-000073-CALC-17,APP-000073,months_reserves,underwriting_calculations.post_close_reserves|underwriting_calculations.housing_expense_pitia,v1.0.0,6.00,MONTHS,2026-08-12,POL-AST-003,Reserves expressed in months of housing expense.
APP-000073-CALC-18,APP-000073,credit_utilization,credit_accounts.balance|credit_accounts.credit_limit,v1.0.0,0.2800,RATIO,2026-08-12,POL-CRD-003,Risk context only; never a policy breach on its own.
APP-000073-CALC-19,APP-000073,employment_tenure_months,employment.verified_start_date|applications.application_date,v1.0.0,54,MONTHS,2026-08-12,POL-EMP-002,"Computed from the verified start date, not the declared one."
APP-000073-CALC-20,APP-000073,payment_shock_pct,underwriting_calculations.housing_expense_pitia|applications.current_housing_payment,v1.0.0,0.0989,RATIO,2026-08-12,POL-DTI-001,Not applicable where there is no prior housing payment.
APP-000073-CALC-21,APP-000073,loan_to_income,loans.base_loan_amount|underwriting_calculations.qualifying_annual_income,v1.0.0,2.87,MULTIPLE,2026-08-12,POL-DTI-001,"Supplemental analytical measure, not an eligibility rule."
APP-000073-CALC-22,APP-000073,representative_credit_score,credit_profiles.score_1|credit_profiles.score_2|credit_profiles.score_3,v1.0.0,728,SCORE,2026-08-12,POL-CRD-001,Middle of three per borrower; lowest across borrowers.
APP-000074-CALC-01,APP-000074,gross_monthly_income,income.annual_amount,v1.0.0,11475.00,USD_PER_MONTH,2026-08-12,POL-INC-001,"Gross eligible earnings before tax, before policy adjustment."
APP-000074-CALC-02,APP-000074,qualifying_monthly_income,income.qualifying_monthly_amount,v1.0.0,11475.00,USD_PER_MONTH,2026-08-12,POL-INC-001,The income figure the affordability rules are permitted to use.
APP-000074-CALC-03,APP-000074,housing_expense_pitia,loans.principal_and_interest|properties.annual_property_tax|properties.annual_hazard_premium|properties.monthly_hoa|loans.monthly_mortgage_insurance,v1.0.0,3328.78,USD_PER_MONTH,2026-08-12,POL-DTI-001,Full qualifying housing expense; the reserve denominator.
APP-000074-CALC-04,APP-000074,total_monthly_debt,underwriting_calculations.housing_expense_pitia|liabilities.monthly_payment,v1.0.0,4245.75,USD_PER_MONTH,2026-08-12,POL-LIA-001,DTI numerator.
APP-000074-CALC-05,APP-000074,front_end_dti,underwriting_calculations.housing_expense_pitia|underwriting_calculations.qualifying_monthly_income,v1.0.0,0.2901,RATIO,2026-08-12,POL-DTI-001,Housing ratio; advisory except on the USDA overlay.
APP-000074-CALC-06,APP-000074,back_end_dti,underwriting_calculations.total_monthly_debt|underwriting_calculations.qualifying_monthly_income,v1.0.0,0.3700,RATIO,2026-08-12,POL-DTI-001,Principal affordability measure (AC-02).
APP-000074-CALC-07,APP-000074,residual_income_monthly,underwriting_calculations.qualifying_monthly_income|underwriting_calculations.total_monthly_debt,v1.0.0,7229.25,USD_PER_MONTH,2026-08-12,POL-DTI-001,Disposable income (AC-02 alternative measure).
APP-000074-CALC-08,APP-000074,ltv,loans.base_loan_amount|properties.value_used_for_ltv,v1.0.0,0.9000,RATIO,2026-08-12,POL-CONV-001,Leverage against the value the rule uses.
APP-000074-CALC-09,APP-000074,cltv,loans.base_loan_amount|properties.value_used_for_ltv,v1.0.0,0.9000,RATIO,2026-08-12,POL-CONV-001,Leverage including every subordinate lien.
APP-000074-CALC-10,APP-000074,hcltv,loans.base_loan_amount|properties.value_used_for_ltv,v1.0.0,0.9000,RATIO,2026-08-12,POL-CONV-001,Leverage counting HELOC credit lines in full.
APP-000074-CALC-11,APP-000074,down_payment_amount,properties.purchase_price|loans.base_loan_amount,v1.0.0,44000.00,USD,2026-08-12,POL-AST-002,Borrower equity contribution at purchase.
APP-000074-CALC-12,APP-000074,down_payment_pct,underwriting_calculations.down_payment_amount|properties.purchase_price,v1.0.0,0.1000,RATIO,2026-08-12,POL-AST-002,Contribution as a share of price.
APP-000074-CALC-13,APP-000074,cash_to_close,underwriting_calculations.down_payment_amount|loans.closing_costs|loans.prepaids_and_escrow|loans.seller_credits|loans.earnest_money_paid,v1.0.0,48343.89,USD,2026-08-12,POL-AST-002,Borrower funds required at settlement.
APP-000074-CALC-14,APP-000074,funds_to_close_available,assets.eligible_close_amount,v1.0.0,61659.01,USD,2026-08-12,POL-AST-001,Eligible assets available at settlement.
APP-000074-CALC-15,APP-000074,funds_shortfall,underwriting_calculations.cash_to_close|underwriting_calculations.funds_to_close_available,v1.0.0,0.00,USD,2026-08-12,POL-AST-002,Positive value means the file cannot close as structured.
APP-000074-CALC-16,APP-000074,post_close_reserves,assets.eligible_reserve_amount|underwriting_calculations.cash_to_close,v1.0.0,16643.90,USD,2026-08-12,POL-AST-003,Reserve-eligible assets surviving the settlement draw.
APP-000074-CALC-17,APP-000074,months_reserves,underwriting_calculations.post_close_reserves|underwriting_calculations.housing_expense_pitia,v1.0.0,5.00,MONTHS,2026-08-12,POL-AST-003,Reserves expressed in months of housing expense.
APP-000074-CALC-18,APP-000074,credit_utilization,credit_accounts.balance|credit_accounts.credit_limit,v1.0.0,0.2800,RATIO,2026-08-12,POL-CRD-003,Risk context only; never a policy breach on its own.
APP-000074-CALC-19,APP-000074,employment_tenure_months,employment.verified_start_date|applications.application_date,v1.0.0,54,MONTHS,2026-08-12,POL-EMP-002,"Computed from the verified start date, not the declared one."
APP-000074-CALC-20,APP-000074,payment_shock_pct,underwriting_calculations.housing_expense_pitia|applications.current_housing_payment,v1.0.0,0.6393,RATIO,2026-08-12,POL-DTI-001,Not applicable where there is no prior housing payment.
APP-000074-CALC-21,APP-000074,loan_to_income,loans.base_loan_amount|underwriting_calculations.qualifying_annual_income,v1.0.0,2.88,MULTIPLE,2026-08-12,POL-DTI-001,"Supplemental analytical measure, not an eligibility rule."
APP-000074-CALC-22,APP-000074,representative_credit_score,credit_profiles.score_1|credit_profiles.score_2|credit_profiles.score_3,v1.0.0,734,SCORE,2026-08-12,POL-CRD-001,Middle of three per borrower; lowest across borrowers.
APP-000075-CALC-01,APP-000075,gross_monthly_income,income.annual_amount,v1.0.0,4875.00,USD_PER_MONTH,2026-08-12,POL-INC-001,"Gross eligible earnings before tax, before policy adjustment."
APP-000075-CALC-02,APP-000075,qualifying_monthly_income,income.qualifying_monthly_amount,v1.0.0,4875.00,USD_PER_MONTH,2026-08-12,POL-INC-001,The income figure the affordability rules are permitted to use.
APP-000075-CALC-03,APP-000075,housing_expense_pitia,loans.principal_and_interest|properties.annual_property_tax|properties.annual_hazard_premium|properties.monthly_hoa|loans.monthly_mortgage_insurance,v1.0.0,1412.95,USD_PER_MONTH,2026-08-12,POL-DTI-001,Full qualifying housing expense; the reserve denominator.
APP-000075-CALC-04,APP-000075,total_monthly_debt,underwriting_calculations.housing_expense_pitia|liabilities.monthly_payment,v1.0.0,1657.50,USD_PER_MONTH,2026-08-12,POL-LIA-001,DTI numerator.
APP-000075-CALC-05,APP-000075,front_end_dti,underwriting_calculations.housing_expense_pitia|underwriting_calculations.qualifying_monthly_income,v1.0.0,0.2898,RATIO,2026-08-12,POL-DTI-001,Housing ratio; advisory except on the USDA overlay.
APP-000075-CALC-06,APP-000075,back_end_dti,underwriting_calculations.total_monthly_debt|underwriting_calculations.qualifying_monthly_income,v1.0.0,0.3400,RATIO,2026-08-12,POL-DTI-001,Principal affordability measure (AC-02).
APP-000075-CALC-07,APP-000075,residual_income_monthly,underwriting_calculations.qualifying_monthly_income|underwriting_calculations.total_monthly_debt,v1.0.0,3217.50,USD_PER_MONTH,2026-08-12,POL-DTI-001,Disposable income (AC-02 alternative measure).
APP-000075-CALC-08,APP-000075,ltv,loans.base_loan_amount|properties.value_used_for_ltv,v1.0.0,0.6000,RATIO,2026-08-12,POL-CONV-001,Leverage against the value the rule uses.
APP-000075-CALC-09,APP-000075,cltv,loans.base_loan_amount|properties.value_used_for_ltv,v1.0.0,0.6000,RATIO,2026-08-12,POL-CONV-001,Leverage including every subordinate lien.
APP-000075-CALC-10,APP-000075,hcltv,loans.base_loan_amount|properties.value_used_for_ltv,v1.0.0,0.6000,RATIO,2026-08-12,POL-CONV-001,Leverage counting HELOC credit lines in full.
APP-000075-CALC-11,APP-000075,down_payment_amount,properties.purchase_price|loans.base_loan_amount,v1.0.0,100000.00,USD,2026-08-12,POL-AST-002,Borrower equity contribution at purchase.
APP-000075-CALC-12,APP-000075,down_payment_pct,underwriting_calculations.down_payment_amount|properties.purchase_price,v1.0.0,0.4000,RATIO,2026-08-12,POL-AST-002,Contribution as a share of price.
APP-000075-CALC-13,APP-000075,cash_to_close,underwriting_calculations.down_payment_amount|loans.closing_costs|loans.prepaids_and_escrow|loans.seller_credits|loans.earnest_money_paid,v1.0.0,97912.01,USD,2026-08-12,POL-AST-002,Borrower funds required at settlement.
APP-000075-CALC-14,APP-000075,funds_to_close_available,assets.eligible_close_amount,v1.0.0,118258.49,USD,2026-08-12,POL-AST-001,Eligible assets available at settlement.
APP-000075-CALC-15,APP-000075,funds_shortfall,underwriting_calculations.cash_to_close|underwriting_calculations.funds_to_close_available,v1.0.0,0.00,USD,2026-08-12,POL-AST-002,Positive value means the file cannot close as structured.
APP-000075-CALC-16,APP-000075,post_close_reserves,assets.eligible_reserve_amount|underwriting_calculations.cash_to_close,v1.0.0,25433.10,USD,2026-08-12,POL-AST-003,Reserve-eligible assets surviving the settlement draw.
APP-000075-CALC-17,APP-000075,months_reserves,underwriting_calculations.post_close_reserves|underwriting_calculations.housing_expense_pitia,v1.0.0,18.00,MONTHS,2026-08-12,POL-AST-003,Reserves expressed in months of housing expense.
APP-000075-CALC-18,APP-000075,credit_utilization,credit_accounts.balance|credit_accounts.credit_limit,v1.0.0,0.2800,RATIO,2026-08-12,POL-CRD-003,Risk context only; never a policy breach on its own.
APP-000075-CALC-19,APP-000075,employment_tenure_months,employment.verified_start_date|applications.application_date,v1.0.0,0,MONTHS,2026-08-12,POL-EMP-002,"Computed from the verified start date, not the declared one."
APP-000075-CALC-20,APP-000075,payment_shock_pct,underwriting_calculations.housing_expense_pitia|applications.current_housing_payment,v1.0.0,0.5873,RATIO,2026-08-12,POL-DTI-001,Not applicable where there is no prior housing payment.
APP-000075-CALC-21,APP-000075,loan_to_income,loans.base_loan_amount|underwriting_calculations.qualifying_annual_income,v1.0.0,2.56,MULTIPLE,2026-08-12,POL-DTI-001,"Supplemental analytical measure, not an eligibility rule."
APP-000075-CALC-22,APP-000075,representative_credit_score,credit_profiles.score_1|credit_profiles.score_2|credit_profiles.score_3,v1.0.0,752,SCORE,2026-08-12,POL-CRD-001,Middle of three per borrower; lowest across borrowers.
